Days_Since_Refill,Opening_Stock,Prev_Closing,HSD1_Sold,Total_Sold,Target
0,12000,12000.0,1881.0,5346.0,0
0,6654,6654.0,2174.0,5834.0,1
1,12000,820.0,1625.0,4075.0,0
2,7925,7925.0,1430.0,3778.0,0
0,4147,4147.0,1528.0,3935.0,1
1,12000,212.0,1562.0,4315.0,0
2,7685,7685.0,2071.0,5280.0,0
0,2405,2405.0,1834.0,4976.0,1
1,12000,0.0,2180.0,5460.0,0
0,6540,6540.0,1711.0,4805.0,1
1,12000,1735.0,1610.0,4407.0,0
2,7593,7593.0,1586.0,4288.0,0
0,3305,3305.0,1755.0,4430.0,1
1,12000,0.0,1935.0,5007.0,0
0,6993,6993.0,2079.0,5738.0,1
1,12000,1255.0,2103.0,5270.0,0
2,6730,6730.0,1733.0,4411.0,0
0,2319,2319.0,1731.0,4498.0,1
1,12000,0.0,1561.0,4176.0,0
2,7824,7824.0,1704.0,4252.0,0
0,3572,3572.0,1944.0,4943.0,1
1,12000,0.0,1836.0,4700.0,0
2,7300,7300.0,1877.0,5032.0,0
0,2268,2268.0,1433.0,3775.0,1
1,12000,0.0,1458.0,3898.0,0
2,8102,8102.0,1502.0,3784.0,0
0,4318,4318.0,1490.0,4180.0,1
1,12000,138.0,1677.0,4747.0,0
0,7253,7253.0,2207.0,5748.0,1
1,12000,1505.0,2028.0,5373.0,0
2,6627,6627.0,1333.0,3569.0,0
0,3058,3058.0,1601.0,4075.0,1
1,12000,0.0,1484.0,3930.0,0
2,8070,8070.0,1782.0,4550.0,0
0,3520,3520.0,1930.0,4963.0,1
1,12000,0.0,2274.0,5942.0,0
0,6058,6058.0,2023.0,5355.0,1
1,12000,703.0,1389.0,3480.52,0
2,8533,8533.0,1502.0,3793.0,0
0,4740,4740.0,1473.0,4140.0,1
1,12000,600.0,1664.0,4435.0,0
2,7565,7565.0,1628.0,4475.0,0
0,3090,3090.0,2026.0,5263.0,1
1,12000,0.0,1866.0,4910.0,0
2,7090,7090.0,1445.0,3812.0,0
0,3278,3278.0,1662.0,4069.0,1
1,12000,0.0,1685.0,4472.0,0
2,7528,7528.0,1367.0,3569.0,0
0,3959,3959.0,1786.0,4841.0,1
1,12000,0.0,2197.0,5634.0,0
0,6366,6366.0,1797.0,4893.0,1
1,12000,1473.0,1553.0,3999.0,0
2,8001,8001.0,1463.0,3647.0,0
0,4354,4354.0,1355.0,3741.0,1
1,12000,613.0,1700.0,4436.0,0
2,7564,7564.0,1801.0,4598.0,0
0,2966,2966.0,2098.0,5706.0,1
1,12000,0.0,1749.0,4914.0,0
2,7086,7086.0,1443.0,3965.0,0
0,3121,3121.0,1758.0,4886.0,1
1,12000,0.0,1592.0,4283.0,0
2,7717,7717.0,1889.0,4922.0,0
0,2795,2795.0,1919.0,5383.0,1
1,12000,0.0,2599.0,6607.0,0
0,5393,5393.0,1903.0,5202.0,1
1,12000,191.0,1778.0,4778.0,0
2,7222,7222.0,1644.0,4648.0,0
0,2574,2574.0,1844.0,4649.0,1
1,12000,0.0,1990.0,4856.0,0
2,7144,7144.0,2082.0,5088.0,0
0,2056,2056.0,2081.0,5571.0,1
1,12000,0.0,2066.0,5063.0,0
2,6937,6937.0,1570.0,4122.0,0
0,2815,2815.0,1640.0,4123.0,1
1,12000,0.0,1733.0,4519.0,0
2,7481,7481.0,1721.0,4787.0,0
0,2694,2694.0,2218.0,6038.0,1
1,12000,0.0,2137.0,5617.0,0
0,6383,6383.0,2213.0,5732.0,1
1,12000,651.0,1753.0,4876.0,0
2,7124,7124.0,1683.0,4266.0,0
0,2858,2858.0,1688.0,4198.0,1
1,12000,0.0,1747.0,4495.0,0
2,7505,7505.0,1987.0,5002.0,0
0,2503,2503.0,2340.0,5899.0,1
1,12000,0.0,2006.0,5656.0,0
2,6344,6344.0,1494.0,3732.0,0
0,2612,2612.0,1727.0,4334.0,1
1,12000,0.0,1869.0,4762.0,0
2,7238,7238.0,1489.0,4226.0,0
0,3012,3012.0,2078.0,5210.0,1
1,12000,0.0,2376.0,6132.0,0
0,5868,5868.0,2355.0,6153.0,1
1,12000,0.0,1597.0,4404.0,0
2,7596,7596.0,1663.0,4750.0,0
0,2846,2846.0,1607.0,4324.0,1
1,12000,0.0,1887.0,4831.0,0
0,7169,7169.0,2134.0,5428.0,1
1,12000,1741.0,2192.0,5507.0,0
0,6493,6493.0,2063.0,5836.0,1
1,12000,657.0,1379.0,3708.0,0
2,8292,8292.0,1846.0,4593.0,0
0,3699,3699.0,1984.0,5367.0,1
1,12000,0.0,1916.0,4788.0,0
2,7212,7212.0,1839.0,4904.0,0
0,2308,2308.0,2285.0,5659.0,1
1,12000,0.0,2219.0,5464.0,0
0,6536,6536.0,2009.0,5374.0,1
1,12000,1162.0,1577.0,4330.0,0
2,7670,7670.0,1746.0,4662.0,0
0,3008,3008.0,1676.0,4549.0,1
1,12000,0.0,1775.0,4860.0,0
0,7140,7140.0,2236.0,5618.0,1
1,12000,1522.0,1830.0,4704.0,0
2,7296,7296.0,1683.0,4703.0,0
0,2593,2593.0,1636.0,4539.0,1
1,12000,0.0,1819.0,4517.0,0
2,7483,7483.0,1677.0,4259.0,0
0,3224,3224.0,1894.0,5256.0,1
1,12000,0.0,2338.0,6066.0,0
0,5934,5934.0,2166.0,5630.0,1
1,12000,304.0,1793.0,4895.0,0
0,7105,7105.0,2135.0,5272.0,1
1,12000,1833.0,1822.0,4839.0,0
2,7161,7161.0,1747.0,4773.0,0
0,2388,2388.0,1763.0,4911.0,1
1,12000,0.0,2547.0,6378.0,0
0,5622,5622.0,1791.0,4583.0,1
1,12000,1039.0,1741.0,4419.0,0
2,7581,7581.0,1656.0,4466.0,0
0,3115,3115.0,1582.0,3990.0,1
1,12000,0.0,1691.0,4683.0,0
2,7317,7317.0,1945.0,4934.0,0
0,2383,2383.0,2168.0,5607.0,1
1,12000,0.0,2097.0,5238.0,0
2,6762,6762.0,1464.0,4155.0,0
0,2607,2607.0,1905.0,5186.0,1
1,12000,0.0,1571.0,4435.0,0
2,7565,7565.0,2002.0,5062.0,0
0,2503,2503.0,1790.0,5017.0,1
1,12000,0.0,2014.0,4914.0,0
0,7086,7086.0,2258.0,6028.0,1
1,12000,1058.0,1704.0,4434.0,0
2,7566,7566.0,1810.0,4597.0,0
0,2969,2969.0,1671.0,4465.0,1
1,12000,0.0,1467.0,4178.0,0
2,7822,7822.0,2316.0,5765.0,0
0,2057,2057.0,2212.0,6175.0,1
1,12000,0.0,1970.0,5520.0,0
2,6480,6480.0,1533.0,4263.0,0
0,2217,2217.0,1776.0,4671.0,1
1,12000,0.0,1581.0,3880.0,0
2,8120,8120.0,1312.76,3480.52,0
0,4643,4643.0,1824.0,4466.0,1
1,12000,177.0,1731.0,4591.0,0
2,7409,7409.0,1730.0,4413.0,0
0,2996,2996.0,1361.0,3854.0,1
1,12000,0.0,1540.0,4060.0,0
2,7940,7940.0,1435.0,3910.0,0
0,4030,4030.0,1350.0,3612.0,1
1,12000,418.0,1383.0,3480.52,0
2,8622,8622.0,1850.0,5196.0,0
0,3426,3426.0,1779.0,4685.0,1
1,12000,0.0,1312.76,3480.52,0
2,8572,8572.0,1312.76,3480.52,0
0,5103,5103.0,1312.76,3480.52,1
1,12000,1970.0,1380.0,3642.0,0
2,8358,8358.0,1654.0,4243.0,0
0,4115,4115.0,1865.0,4998.0,1
1,12000,0.0,1661.0,4591.0,0
2,7409,7409.0,1590.0,3889.0,0
0,3520,3520.0,1443.0,3925.0,1
1,12000,0.0,1312.76,3480.52,0
2,8591,8591.0,1387.0,3795.0,0
0,4796,4796.0,1474.0,3989.0,1
1,12000,807.0,1701.0,4605.0,0
2,7395,7395.0,1705.0,4662.0,0
0,2733,2733.0,1312.76,3480.52,1
1,12000,0.0,1312.76,3480.52,0
2,8758,8758.0,1408.0,3958.0,0
0,4800,4800.0,1486.0,3803.0,1
1,12000,997.0,1777.0,4441.0,0
2,7559,7559.0,1732.0,4690.0,0
0,2869,2869.0,1917.0,5092.0,1
1,12000,0.0,1419.0,3892.0,0
2,8108,8108.0,1466.0,3847.0,0
0,4261,4261.0,1312.76,3480.52,1
1,12000,1266.0,1504.0,3957.0,0
2,8043,8043.0,1443.0,3616.0,0
0,4427,4427.0,1735.0,4270.0,1
1,12000,157.0,1443.0,3832.0,0
2,8168,8168.0,1384.0,3485.0,0
0,4683,4683.0,1628.0,4007.0,1
1,12000,676.0,1449.0,3600.0,0
2,8400,8400.0,1358.0,3499.0,0
0,4901,4901.0,1699.0,4349.0,1
1,12000,552.0,1877.0,5117.0,0
2,6883,6883.0,1663.0,4497.0,0
0,2386,2386.0,1392.0,3480.52,1
1,12000,0.0,1325.0,3480.52,0
2,8685,8685.0,1332.0,3480.52,0
0,5256,5256.0,1439.0,4003.0,1
1,12000,1253.0,1552.0,4215.0,0
2,7785,7785.0,1964.0,5264.0,0
0,2521,2521.0,1732.0,4244.0,1
1,12000,0.0,1471.0,3600.0,0
2,8400,8400.0,1490.0,4026.0,0
0,4374,4374.0,1532.0,3998.0,1
1,12000,376.0,1312.76,3598.0,0
2,8402,8402.0,1683.0,4454.0,0
0,3948,3948.0,1712.0,4269.0,1
1,12000,0.0,1715.0,4210.0,0
2,7790,7790.0,1312.76,3480.52,0
0,4519,4519.0,1530.0,3858.0,1
1,12000,661.0,1312.76,3480.52,0
2,8822,8822.0,1312.76,3480.52,0
0,5522,5522.0,1577.0,4330.0,1
1,12000,1192.0,1785.0,4865.0,0
2,7135,7135.0,1743.0,4637.0,0
0,2498,2498.0,1312.76,3480.52,1
1,12000,0.0,1312.76,3480.52,0
2,8645,8645.0,1424.0,3776.0,0
0,4869,4869.0,1605.0,4047.0,1
1,12000,822.0,1312.76,3496.0,0
2,8504,8504.0,1714.0,4632.0,0
0,3872,3872.0,1787.0,4462.0,1
1,12000,0.0,1472.0,4020.0,0
2,7980,7980.0,1481.0,4023.0,0
0,3957,3957.0,1312.76,3480.52,1
1,12000,568.0,1464.0,4147.0,0
2,7853,7853.0,1370.0,3828.0,0
0,4025,4025.0,1662.0,4457.0,1
1,12000,0.0,1976.0,4880.0,0
2,7120,7120.0,1313.0,3690.0,0
0,3430,3430.0,1641.0,4214.0,1
1,12000,0.0,1445.0,3686.0,0
2,8314,8314.0,1312.76,3480.52,0
0,5131,5131.0,1352.0,3682.0,1
1,12000,1449.0,1630.0,4653.0,0
2,7347,7347.0,1820.0,4836.0,0
0,2511,2511.0,1312.76,3480.52,1
1,12000,0.0,1447.0,3898.0,0
2,8102,8102.0,1512.0,3814.0,0
0,4288,4288.0,1575.0,4057.0,1
1,12000,231.0,1849.0,5237.0,0
0,6763,6763.0,1987.0,5232.0,1
1,12000,1531.0,2160.0,5324.0,0
2,6676,6676.0,1646.0,4038.0,0
0,2638,2638.0,1695.0,4258.0,1
1,12000,0.0,1378.0,3780.0,0
2,8220,8220.0,1581.0,3989.0,0
0,4231,4231.0,1659.0,4376.0,1
1,12000,0.0,1981.0,5572.0,0
0,6428,6428.0,2432.0,5980.0,1
1,12000,448.0,1540.0,4229.0,0
2,7771,7771.0,1545.0,4218.0,0
0,3553,3553.0,1671.0,4126.0,1
1,12000,0.0,1689.0,4147.0,0
2,7853,7853.0,2000.0,4927.0,0
0,2926,2926.0,2123.0,5376.0,1
1,12000,0.0,1837.0,4767.0,0
2,7233,7233.0,1673.0,4119.0,0
0,3114,3114.0,1749.0,4601.0,1
1,12000,0.0,1650.0,4343.0,0
2,7657,7657.0,1569.0,3999.0,0
0,3658,3658.0,2032.0,5393.0,1
1,12000,0.0,1959.0,5295.0,0
0,6705,6705.0,1852.0,5090.0,1
1,12000,1615.0,1430.0,3966.0,0
2,8034,8034.0,1809.0,4972.0,0
0,3062,3062.0,1672.0,4182.0,1
1,12000,0.0,1587.0,4194.0,0
2,7806,7806.0,1697.0,4809.0,0
0,2997,2997.0,2101.0,5722.0,1
1,12000,0.0,2068.0,5333.0,0
0,6667,6667.0,1825.0,4752.0,1
1,12000,1915.0,1938.0,5009.0,0
0,6991,6991.0,1806.0,5046.0,1
1,12000,1945.0,1738.0,4727.0,0
2,7273,7273.0,2085.0,5232.0,0
0,2041,2041.0,2293.0,6095.0,1
1,12000,0.0,1891.0,4866.0,0
2,7134,7134.0,1706.0,4572.0,0
0,2562,2562.0,1924.0,5006.0,1
1,12000,0.0,1772.0,4845.0,0
2,7155,7155.0,1958.0,4886.0,0
0,2269,2269.0,1996.0,5679.0,1
1,12000,0.0,2336.0,5823.0,0
0,6177,6177.0,2148.0,6025.0,1
1,12000,152.0,1896.0,5011.0,0
2,6989,6989.0,1784.0,4586.0,0
0,2403,2403.0,1728.0,4397.0,1
1,12000,0.0,1791.0,4833.0,0
0,7167,7167.0,1944.0,5497.0,1
1,12000,1670.0,2119.0,5699.0,0
0,6301,6301.0,2567.0,6320.0,1
1,12000,0.0,1643.0,4158.0,0
2,7842,7842.0,1894.0,5186.0,0
0,2656,2656.0,1839.0,4800.0,1
1,12000,0.0,2061.0,5385.0,0
0,6615,6615.0,1979.0,5656.0,1
1,12000,959.0,2620.0,6431.0,0
0,5569,5569.0,2476.0,6192.0,1
1,12000,0.0,1784.0,4905.0,0
2,7095,7095.0,1880.0,4952.0,0
0,2143,2143.0,1711.0,4652.0,1
1,12000,0.0,1683.0,4741.0,0
0,7259,7259.0,2014.0,5452.0,1
1,12000,1807.0,2452.0,6723.0,0
0,5277,5277.0,2061.0,5712.0,1
1,12000,0.0,1844.0,4561.0,0
2,7439,7439.0,2075.0,5232.0,0
0,2207,2207.0,1737.0,4881.0,1
1,12000,0.0,1859.0,4665.0,0
2,7335,7335.0,1920.0,5090.0,0
0,2245,2245.0,2108.0,6017.0,1
1,12000,0.0,2276.0,5603.0,0
2,6397,6397.0,1706.0,4279.0,0
0,2118,2118.0,2073.0,5294.0,1
1,12000,0.0,1784.0,4729.0,0
0,7271,7271.0,2083.0,5431.0,1
1,12000,1840.0,2160.0,5519.0,0
0,6481,6481.0,2363.0,6069.0,1
1,12000,412.0,2247.0,5874.0,0
0,6126,6126.0,1897.0,4777.0,1
1,12000,1349.0,1882.0,4594.0,0
2,7406,7406.0,2037.0,5254.0,0
0,2152,2152.0,2136.0,5382.0,1
1,12000,0.0,1909.0,5198.0,0
0,6802,6802.0,2653.0,6878.0,1
1,12000,0.0,2367.0,5985.0,0
0,6015,6015.0,1656.0,4377.0,1
1,12000,1638.0,1871.0,4770.0,0
2,7230,7230.0,1903.0,4802.0,0
0,2428,2428.0,1530.0,4290.0,1
1,12000,0.0,1748.0,4708.0,0
2,7292,7292.0,1949.0,5212.0,0
0,2080,2080.0,2302.0,5621.0,1
1,12000,0.0,1492.0,3919.0,0
2,8081,8081.0,1652.0,4537.0,0
0,3544,3544.0,1638.0,4113.0,1
1,12000,0.0,1776.0,4455.0,0
2,7545,7545.0,1687.0,4249.0,0
0,3296,3296.0,2127.0,5844.0,1
1,12000,0.0,1769.0,4840.0,0
2,7160,7160.0,1522.0,3895.0,0
0,3265,3265.0,1429.0,4078.0,1
1,12000,0.0,1989.0,4898.0,0
2,7102,7102.0,1520.0,3850.0,0
0,3252,3252.0,1712.0,4866.0,1
1,12000,0.0,2002.0,5146.0,0
0,6854,6854.0,1940.0,4861.0,1
1,12000,1993.0,1368.0,3878.0,0
2,8122,8122.0,1580.0,3981.0,0
0,4141,4141.0,1439.0,3937.0,1
1,12000,204.0,1409.0,3480.52,0
2,8559,8559.0,1975.0,5029.0,0
0,3530,3530.0,1929.0,5455.0,1
1,12000,0.0,2013.0,5076.0,0
2,6924,6924.0,1520.0,3877.0,0
0,3047,3047.0,1574.0,3859.0,1
1,12000,0.0,1456.0,4031.0,0
2,7969,7969.0,1562.0,3896.0,0
0,4073,4073.0,1818.0,4975.0,1
1,12000,0.0,2254.0,5542.0,0
0,6458,6458.0,2017.0,5155.0,1
1,12000,1303.0,1357.0,3631.0,0
2,8369,8369.0,1569.0,4257.0,0
0,4112,4112.0,1422.0,3986.0,1
1,12000,126.0,1666.0,4610.0,0
2,7390,7390.0,2003.0,5309.0,0
0,2081,2081.0,1805.0,4967.0,1
1,12000,0.0,2041.0,5487.0,0
2,6513,6513.0,1498.0,4123.0,0
0,2390,2390.0,1608.0,4086.0,1
1,12000,0.0,1710.0,4604.0,0
2,7396,7396.0,1849.0,4975.0,0
0,2421,2421.0,1947.0,4979.0,1
1,12000,0.0,1739.0,4861.0,0
0,7139,7139.0,1977.0,5515.0,1
1,12000,1624.0,1752.0,4473.0,0
2,7527,7527.0,1653.0,4374.0,0
0,3153,3153.0,1481.0,4117.0,1
1,12000,0.0,1549.0,4297.0,0
2,7703,7703.0,1806.0,5152.0,0
0,2551,2551.0,2166.0,5786.0,1
1,12000,0.0,2194.0,5805.0,0
0,6195,6195.0,1552.0,4217.0,1
1,12000,1978.0,1459.0,4137.0,0
2,7863,7863.0,1474.0,3873.0,0
0,3990,3990.0,1901.0,4726.0,1
1,12000,0.0,1895.0,4834.0,0
2,7166,7166.0,1785.0,4870.0,0
0,2296,2296.0,1831.0,4736.0,1
1,12000,0.0,1802.0,4400.0,0
2,7600,7600.0,1554.0,4102.0,0
0,3498,3498.0,1354.0,3813.0,1
1,12000,0.0,1820.0,4881.0,0
2,7119,7119.0,1612.0,4129.0,0
0,2990,2990.0,1968.0,4942.0,1
1,12000,0.0,2036.0,5797.0,0
2,6203,6203.0,1578.0,4074.0,0
0,2129,2129.0,1654.0,4268.0,1
1,12000,0.0,1456.0,3785.0,0
2,8215,8215.0,1397.0,3988.0,0
0,4227,4227.0,1624.0,4362.0,1
1,12000,0.0,1892.0,5110.0,0
0,6890,6890.0,2061.0,5277.0,1
1,12000,1613.0,1488.0,3784.0,0
2,8216,8216.0,1780.0,4456.0,0
0,3760,3760.0,1685.0,4298.0,1
1,12000,0.0,1882.0,4652.0,0
2,7348,7348.0,1734.0,4488.0,0
0,2860,2860.0,2141.0,5474.0,1
1,12000,0.0,2007.0,5428.0,0
2,6572,6572.0,1561.0,3928.0,0
0,2644,2644.0,1637.0,4057.0,1
1,12000,0.0,1634.0,4314.0,0
2,7686,7686.0,1694.0,4468.0,0
0,3218,3218.0,1791.0,4472.0,1
1,12000,0.0,2018.0,5597.0,0
0,6403,6403.0,2327.0,5953.0,1
1,12000,450.0,1402.0,3687.0,0
2,8313,8313.0,1516.0,3900.0,0
0,4413,4413.0,1637.0,4430.0,1
1,12000,0.0,1930.0,4820.0,0
2,7180,7180.0,1942.0,4996.0,0
0,2184,2184.0,2237.0,5698.0,1
1,12000,0.0,2494.0,6583.0,0
0,5417,5417.0,1572.0,4432.0,1
1,12000,985.0,1545.0,4277.0,0
2,7723,7723.0,1555.0,4179.0,0
0,3544,3544.0,1920.0,4951.0,1
1,12000,0.0,1987.0,4879.0,0
0,7121,7121.0,2238.0,5699.0,1
1,12000,1422.0,2349.0,6159.0,0
0,5841,5841.0,1521.0,4216.0,1
1,12000,1625.0,1535.0,4182.0,0
2,7818,7818.0,1821.0,4609.0,0
0,3209,3209.0,1697.0,4764.0,1
1,12000,0.0,1997.0,5385.0,0
0,6615,6615.0,1946.0,5473.0,1
1,12000,1142.0,2131.0,6028.0,0
0,5972,5972.0,1612.0,4183.0,1
1,12000,1789.0,1864.0,4883.0,0
2,7117,7117.0,1690.0,4609.0,0
0,2508,2508.0,1786.0,4491.0,1
1,12000,0.0,1896.0,4879.0,0
0,7121,7121.0,2017.0,5747.0,1
1,12000,1374.0,2155.0,5528.0,0
0,6472,6472.0,1584.0,4522.0,1
1,12000,1950.0,1831.0,4866.0,0
2,7134,7134.0,1849.0,4573.0,0
0,2561,2561.0,1750.0,4271.0,1
1,12000,0.0,1946.0,4891.0,0
0,7109,7109.0,2417.0,6459.0,1
1,12000,650.0,2038.0,5553.0,0
2,6447,6447.0,1495.0,4077.0,0
0,2370,2370.0,1613.0,4338.0,1
1,12000,0.0,1468.0,4161.0,0
2,7839,7839.0,1849.0,4716.0,0
0,3123,3123.0,2117.0,5945.0,1
1,12000,0.0,2270.0,5706.0,0
0,6294,6294.0,2035.0,5023.0,1
1,12000,1271.0,1720.0,4832.0,0
2,7168,7168.0,1739.0,4518.0,0
0,2650,2650.0,1702.0,4771.0,1
1,12000,0.0,1888.0,4658.0,0
0,7342,7342.0,2220.0,5428.0,1
1,12000,1914.0,2009.0,5709.0,0
0,6291,6291.0,2089.0,5265.0,1
1,12000,1026.0,1702.0,4695.0,0
2,7305,7305.0,1667.0,4671.0,0
0,2634,2634.0,1581.0,4490.0,1
1,12000,0.0,1686.0,4240.0,0
2,7760,7760.0,1918.0,5388.0,0
0,2372,2372.0,2273.0,6220.0,1
1,12000,0.0,2050.0,5397.0,0
2,6603,6603.0,1753.0,4285.0,0
0,2318,2318.0,1817.0,4859.0,1
1,12000,0.0,1957.0,4957.0,0
2,7043,7043.0,1888.0,4871.0,0
0,2172,2172.0,2176.0,5402.0,1
1,12000,0.0,2336.0,5985.0,0
0,6015,6015.0,2522.0,6313.0,1
1,12000,0.0,1580.0,4099.0,0
2,7901,7901.0,1836.0,5094.0,0
0,2807,2807.0,1689.0,4695.0,1
1,12000,0.0,1735.0,4933.0,0
0,7067,7067.0,2174.0,5568.0,1
1,12000,1499.0,2161.0,5912.0,0
0,6088,6088.0,2196.0,5800.0,1
1,12000,288.0,1488.0,3712.0,0
2,8288,8288.0,1979.0,4965.0,0
0,3323,3323.0,1821.0,4687.0,1
1,12000,0.0,1821.0,4569.0,0
2,7431,7431.0,1891.0,5074.0,0
0,2357,2357.0,2251.0,5902.0,1
1,12000,0.0,2390.0,6121.0,0
0,5879,5879.0,1701.0,4257.0,1
1,12000,1622.0,1811.0,4967.0,0
2,7033,7033.0,1671.0,4631.0,0
0,2402,2402.0,1578.0,4178.0,1
1,12000,0.0,2309.0,5808.0,0
0,6192,6192.0,2415.0,5955.0,1
1,12000,237.0,2331.0,5708.0,0
0,6292,6292.0,1683.0,4403.0,1
1,12000,1889.0,1600.0,4392.0,0
2,7608,7608.0,1637.0,4660.0,0
0,2948,2948.0,1661.0,4572.0,1
1,12000,0.0,2063.0,5646.0,0
0,6354,6354.0,2148.0,6077.0,1
1,12000,277.0,2086.0,5369.0,0
2,6631,6631.0,1571.0,3860.0,0
0,2771,2771.0,1598.0,4293.0,1
1,12000,0.0,1648.0,4414.0,0
2,7586,7586.0,1871.0,4900.0,0
0,2686,2686.0,1714.0,4233.0,1
1,12000,0.0,1826.0,4459.0,0
2,7541,7541.0,1589.0,4520.0,0
0,3021,3021.0,1400.0,3795.0,1
1,12000,0.0,1333.0,3750.0,0
2,8250,8250.0,1583.0,3903.0,0
0,4347,4347.0,1365.0,3847.0,1
1,12000,500.0,1566.0,4327.0,0
2,7673,7673.0,1585.0,4366.0,0
0,3307,3307.0,1570.0,4485.0,1
1,12000,0.0,1423.0,3874.0,0
2,8126,8126.0,1399.0,3620.0,0
0,4506,4506.0,1456.0,3741.0,1
1,12000,765.0,1485.0,3945.0,0
2,8055,8055.0,1723.0,4661.0,0
0,3394,3394.0,2017.0,4931.0,1
1,12000,0.0,1673.0,4368.0,0
2,7632,7632.0,1312.76,3480.52,0
0,4473,4473.0,1312.76,3480.52,1
1,12000,1192.0,1312.76,3480.52,0
2,8700,8700.0,1558.0,4201.0,0
0,4499,4499.0,1518.0,3921.0,1
1,12000,578.0,1938.0,5433.0,0
0,6567,6567.0,1979.0,5142.0,1
1,12000,1425.0,1312.76,3480.52,0
2,8829,8829.0,1434.0,3869.0,0
0,4960,4960.0,1541.0,3975.0,1
1,12000,985.0,1442.0,3976.0,0
2,8024,8024.0,1466.0,4058.0,0
0,3966,3966.0,1828.0,4706.0,1
1,12000,0.0,1736.0,4374.0,0
2,7626,7626.0,1501.0,4185.0,0
0,3441,3441.0,1478.0,4134.0,1
1,12000,0.0,1376.0,3531.0,0
2,8469,8469.0,1546.0,4120.0,0
0,4349,4349.0,1800.0,4829.0,1
1,12000,0.0,1833.0,4929.0,0
2,7071,7071.0,1459.0,3907.0,0
0,3164,3164.0,1312.76,3480.52,1
1,12000,277.0,1378.0,3693.0,0
2,8307,8307.0,1400.0,3485.0,0
0,4822,4822.0,1514.0,3890.0,1
1,12000,932.0,1562.0,3846.0,0
2,8154,8154.0,1986.0,5378.0,0
0,2776,2776.0,1828.0,4837.0,1
1,12000,0.0,1312.76,3480.52,0
2,8574,8574.0,1605.0,4143.0,0
0,4431,4431.0,1359.0,3788.0,1
1,12000,643.0,1414.0,3574.0,0
2,8426,8426.0,1746.0,4312.0,0
0,4114,4114.0,1964.0,4917.0,1
1,12000,0.0,1648.0,4114.0,0
2,7886,7886.0,1312.76,3533.0,0
0,4353,4353.0,1430.0,3881.0,1
1,12000,472.0,1399.0,3873.0,0
2,8127,8127.0,1617.0,3988.0,0
0,4139,4139.0,1774.0,4487.0,1
1,12000,0.0,1943.0,5266.0,0
0,6734,6734.0,1895.0,5228.0,1
1,12000,1506.0,1635.0,4341.0,0
2,7659,7659.0,1507.0,3695.0,0
0,3964,3964.0,1346.0,3717.0,1
1,12000,247.0,1323.0,3480.52,0
2,8630,8630.0,1699.0,4217.0,0
0,4413,4413.0,1668.0,4656.0,1
1,12000,0.0,1962.0,4927.0,0
2,7073,7073.0,1471.0,4178.0,0
0,2895,2895.0,1418.0,4012.0,1
1,12000,0.0,1488.0,3659.0,0
2,8341,8341.0,1312.76,3480.52,0
0,5044,5044.0,1736.0,4313.0,1
1,12000,731.0,2153.0,5259.0,0
2,6741,6741.0,1596.0,3928.0,0
0,2813,2813.0,1434.0,3769.0,1
1,12000,0.0,1383.0,3934.0,0
2,8066,8066.0,1312.76,3557.0,0
0,4509,4509.0,1767.0,4477.0,1
1,12000,32.0,1523.0,4308.0,0
2,7692,7692.0,2037.0,5418.0,0
0,2274,2274.0,1507.0,4239.0,1
1,12000,0.0,1312.76,3480.52,0
2,8618,8618.0,1598.0,3969.0,0
0,4649,4649.0,1494.0,3758.0,1
1,12000,891.0,1312.76,3480.52,0
2,8873,8873.0,1868.0,4762.0,0
0,4111,4111.0,1734.0,4286.0,1
1,12000,0.0,1600.0,4148.0,0
2,7852,7852.0,1388.0,3772.0,0
0,4080,4080.0,1373.0,3919.0,1
1,12000,161.0,1312.76,3480.52,0
2,8638,8638.0,1412.0,3835.0,0
0,4803,4803.0,1650.0,4673.0,1
1,12000,130.0,1928.0,5279.0,0
0,6721,6721.0,2001.0,5106.0,1
1,12000,1615.0,1588.0,4321.0,0
2,7679,7679.0,1745.0,4270.0,0
0,3409,3409.0,1633.0,4217.0,1
1,12000,0.0,1685.0,4222.0,0
2,7778,7778.0,1794.0,4589.0,0
0,3189,3189.0,2047.0,5363.0,1
1,12000,0.0,2012.0,5396.0,0
2,6604,6604.0,1618.0,4544.0,0
0,2060,2060.0,1616.0,4358.0,1
1,12000,0.0,1616.0,4336.0,0
2,7664,7664.0,1544.0,4266.0,0
0,3398,3398.0,1850.0,4622.0,1
1,12000,0.0,2102.0,5567.0,0
0,6433,6433.0,1976.0,4912.0,1
1,12000,1521.0,1682.0,4298.0,0
2,7702,7702.0,1966.0,4824.0,0
0,2878,2878.0,1632.0,4634.0,1
1,12000,0.0,1780.0,4585.0,0
2,7415,7415.0,1761.0,4343.0,0
0,3072,3072.0,2121.0,5606.0,1
1,12000,0.0,1947.0,4823.0,0
2,7177,7177.0,1567.0,3865.0,0
0,3312,3312.0,1470.0,3874.0,1
1,12000,0.0,1609.0,4286.0,0
2,7714,7714.0,1614.0,4123.0,0
0,3591,3591.0,1688.0,4221.0,1
1,12000,0.0,1618.0,4598.0,0
2,7402,7402.0,2081.0,5289.0,0
0,2113,2113.0,1561.0,4117.0,1
1,12000,0.0,1992.0,5236.0,0
2,6764,6764.0,1799.0,4682.0,0
0,2082,2082.0,2017.0,5224.0,1
1,12000,0.0,2187.0,5581.0,0
0,6419,6419.0,2319.0,6448.0,1
1,12000,0.0,2720.0,6835.0,0
0,5165,5165.0,1696.0,4782.0,1
1,12000,383.0,2038.0,5161.0,0
2,6839,6839.0,1815.0,4620.0,0
0,2219,2219.0,2047.0,5306.0,1
1,12000,0.0,2030.0,5708.0,0
0,6292,6292.0,2438.0,6185.0,1
1,12000,107.0,2574.0,6644.0,0
0,5356,5356.0,1867.0,4779.0,1
1,12000,577.0,1678.0,4607.0,0
2,7393,7393.0,1586.0,4178.0,0
0,3215,3215.0,1891.0,5285.0,1
1,12000,0.0,2302.0,6306.0,0
0,5694,5694.0,2631.0,7052.0,1
1,12000,0.0,2191.0,5591.0,0
0,6409,6409.0,1834.0,4633.0,1
1,12000,1776.0,1840.0,4575.0,0
2,7425,7425.0,1664.0,4742.0,0
0,2683,2683.0,2123.0,5204.0,1
1,12000,0.0,2054.0,5236.0,0
0,6764,6764.0,2373.0,6023.0,1
1,12000,741.0,2283.0,5953.0,0
0,6047,6047.0,1764.0,4648.0,1
1,12000,1399.0,1943.0,4771.0,0
2,7229,7229.0,1726.0,4842.0,0
0,2387,2387.0,1948.0,4829.0,1
1,12000,0.0,2458.0,6088.0,0
0,5912,5912.0,2445.0,6147.0,1
1,12000,0.0,2348.0,5813.0,0
0,6187,6187.0,1772.0,4658.0,1
1,12000,1529.0,2070.0,5417.0,0
2,6583,6583.0,1631.0,4545.0,0
0,2038,2038.0,1991.0,5362.0,1
1,12000,0.0,1922.0,5421.0,0
0,6579,6579.0,2334.0,5959.0,1
1,12000,620.0,2343.0,6162.0,0
0,5838,5838.0,1740.0,4340.0,1
1,12000,1498.0,1698.0,4734.0,0
2,7266,7266.0,2000.0,5091.0,0
0,2175,2175.0,1968.0,5026.0,1
1,12000,0.0,2113.0,5742.0,0
0,6258,6258.0,2217.0,5956.0,1
1,12000,302.0,2269.0,6188.0,0
0,5812,5812.0,1603.0,4450.0,1
1,12000,1362.0,1761.0,4552.0,0
2,7448,7448.0,1907.0,5394.0,0
0,2054,2054.0,2094.0,5593.0,1
1,12000,0.0,2109.0,5168.0,0
0,6832,6832.0,2095.0,5622.0,1
1,12000,1210.0,2081.0,5918.0,0
0,6082,6082.0,2013.0,5022.0,1
1,12000,1060.0,1653.0,4268.0,0
2,7732,7732.0,1722.0,4667.0,0
0,3065,3065.0,1690.0,4829.0,1
1,12000,0.0,2078.0,5675.0,0
0,6325,6325.0,1999.0,5670.0,1
1,12000,655.0,1856.0,5197.0,0
2,6803,6803.0,1688.0,4285.0,0
0,2518,2518.0,1602.0,4463.0,1
1,12000,0.0,1312.76,3542.0,0
2,8458,8458.0,1798.0,4441.0,0
0,4017,4017.0,1897.0,4678.0,1
1,12000,0.0,1713.0,4611.0,0
2,7389,7389.0,1814.0,5005.0,0
0,2384,2384.0,1573.0,4247.0,1
1,12000,0.0,2002.0,5045.0,0
2,6955,6955.0,1614.0,4255.0,0
0,2700,2700.0,1560.0,4309.0,1
1,12000,0.0,1977.0,5195.0,0
0,6805,6805.0,2129.0,5514.0,1
1,12000,1291.0,2018.0,5032.0,0
2,6968,6968.0,1572.0,4132.0,0
0,2836,2836.0,1741.0,4600.0,1
1,12000,0.0,1547.0,4054.0,0
2,7946,7946.0,1839.0,4761.0,0
0,3185,3185.0,1611.0,4558.0,1
1,12000,0.0,2177.0,5622.0,0
0,6378,6378.0,2017.0,5704.0,1
1,12000,674.0,1650.0,4135.0,0
2,7865,7865.0,1639.0,4059.0,0
0,3806,3806.0,1953.0,4776.0,1
1,12000,0.0,1510.0,4122.0,0
2,7878,7878.0,1972.0,4847.0,0
0,3031,3031.0,2119.0,5170.0,1
1,12000,0.0,2254.0,5516.0,0
2,6484,6484.0,1474.0,4113.0,0
0,2371,2371.0,1951.0,4890.0,1
1,12000,0.0,1988.0,4899.0,0
2,7101,7101.0,1625.0,4326.0,0
0,2775,2775.0,1807.0,5000.0,1
1,12000,0.0,2257.0,5579.0,0
0,6421,6421.0,1996.0,4970.0,1
1,12000,1451.0,1574.0,4259.0,0
2,7741,7741.0,1591.0,4071.0,0
0,3670,3670.0,1566.0,4361.0,1
1,12000,0.0,1778.0,4635.0,0
2,7365,7365.0,1702.0,4524.0,0
0,2841,2841.0,2010.0,5634.0,1
1,12000,0.0,1949.0,5061.0,0
2,6939,6939.0,1473.0,4090.0,0
0,2849,2849.0,1770.0,5049.0,1
1,12000,0.0,1650.0,4226.0,0
2,7774,7774.0,1791.0,4447.0,0
0,3327,3327.0,1985.0,4978.0,1
1,12000,0.0,1978.0,5103.0,0
0,6897,6897.0,1744.0,4916.0,1
1,12000,1981.0,1365.0,3621.0,0
2,8379,8379.0,1720.0,4387.0,0
0,3992,3992.0,1607.0,4118.0,1
1,12000,0.0,1682.0,4725.0,0
2,7275,7275.0,1915.0,4983.0,0
0,2292,2292.0,2175.0,6030.0,1
1,12000,0.0,2129.0,5475.0,0
2,6525,6525.0,1523.0,4269.0,0
0,2256,2256.0,1532.0,3969.0,1
1,12000,0.0,1584.0,4240.0,0
2,7760,7760.0,1555.0,4164.0,0
0,3596,3596.0,1824.0,4661.0,1
1,12000,0.0,2105.0,5828.0,0
0,6172,6172.0,1977.0,5175.0,1
1,12000,997.0,1624.0,4172.0,0
2,7828,7828.0,1378.0,3816.0,0
0,4012,4012.0,1527.0,4249.0,1
1,12000,0.0,1734.0,4490.0,0
2,7510,7510.0,1711.0,4742.0,0
0,2768,2768.0,2075.0,5537.0,1
1,12000,0.0,2433.0,6233.0,0
0,5767,5767.0,1633.0,4141.0,1
1,12000,1626.0,1654.0,4123.0,0
2,7877,7877.0,1465.0,4073.0,0
0,3804,3804.0,1875.0,4599.0,1
1,12000,0.0,1944.0,5005.0,0
0,6995,6995.0,2000.0,5496.0,1
1,12000,1499.0,2064.0,5136.0,0
2,6864,6864.0,1545.0,4164.0,0
0,2700,2700.0,1736.0,4382.0,1
1,12000,0.0,1627.0,4208.0,0
2,7792,7792.0,1787.0,4440.0,0
0,3352,3352.0,1796.0,4878.0,1
1,12000,0.0,2212.0,5855.0,0
0,6145,6145.0,1825.0,4841.0,1
1,12000,1304.0,1363.0,3676.0,0
2,8324,8324.0,1795.0,4689.0,0
0,3635,3635.0,1834.0,4538.0,1
1,12000,0.0,1830.0,4778.0,0
0,7222,7222.0,2352.0,5750.0,1
1,12000,1472.0,2259.0,5540.0,0
0,6460,6460.0,2053.0,5570.0,1
1,12000,890.0,1593.0,4444.0,0
2,7556,7556.0,1516.0,4091.0,0
0,3465,3465.0,1509.0,3900.0,1
1,12000,0.0,2091.0,5105.0,0
0,6895,6895.0,1993.0,5337.0,1
1,12000,1558.0,2271.0,5964.0,0
0,6036,6036.0,2325.0,5718.0,1
1,12000,318.0,1693.0,4538.0,0
2,7462,7462.0,1755.0,4918.0,0
0,2544,2544.0,1791.0,4606.0,1
1,12000,0.0,1822.0,4938.0,0
2,7062,7062.0,1922.0,4933.0,0
0,2129,2129.0,2218.0,5758.0,1
1,12000,0.0,2236.0,6127.0,0
0,5873,5873.0,1581.0,4209.0,1
1,12000,1664.0,2000.0,5292.0,0
2,6708,6708.0,1846.0,4685.0,0
0,2023,2023.0,2010.0,4978.0,1
1,12000,0.0,1876.0,5303.0,0
0,6697,6697.0,2285.0,6349.0,1
1,12000,348.0,1981.0,5557.0,0
2,6443,6443.0,1659.0,4240.0,0
0,2203,2203.0,1892.0,4950.0,1
1,12000,0.0,2013.0,5059.0,0
0,6941,6941.0,1913.0,5313.0,1
1,12000,1628.0,2082.0,5529.0,0
0,6471,6471.0,2341.0,5988.0,1
1,12000,483.0,2318.0,5907.0,0
0,6093,6093.0,1658.0,4722.0,1
1,12000,1371.0,1693.0,4645.0,0
2,7355,7355.0,1720.0,4421.0,0
0,2934,2934.0,1791.0,4847.0,1
1,12000,0.0,2049.0,5717.0,0
0,6283,6283.0,2221.0,6141.0,1
1,12000,142.0,2244.0,5641.0,0
0,6359,6359.0,1759.0,4395.0,1
1,12000,1964.0,1934.0,4893.0,0
2,7107,7107.0,1773.0,4847.0,0
0,2260,2260.0,1880.0,4898.0,1
1,12000,0.0,1804.0,5115.0,0
0,6885,6885.0,2204.0,6134.0,1
1,12000,751.0,2366.0,5776.0,0
0,6224,6224.0,1835.0,4751.0,1
1,12000,1473.0,1929.0,5124.0,0
2,6876,6876.0,1676.0,4580.0,0
0,2296,2296.0,1573.0,4444.0,1
1,12000,0.0,2119.0,5180.0,0
0,6820,6820.0,2395.0,5885.0,1
1,12000,935.0,2056.0,5756.0,0
0,6244,6244.0,1650.0,4428.0,1
1,12000,1816.0,1727.0,4758.0,0
2,7242,7242.0,1901.0,4730.0,0
0,2512,2512.0,1825.0,4953.0,1
1,12000,0.0,2047.0,5285.0,0
0,6715,6715.0,2302.0,5987.0,1
1,12000,728.0,2226.0,5446.0,0
0,6554,6554.0,1839.0,4917.0,1
1,12000,1637.0,1856.0,4671.0,0
2,7329,7329.0,1619.0,4245.0,0
0,3084,3084.0,1851.0,4569.0,1
1,12000,0.0,2104.0,5503.0,0
0,6497,6497.0,2065.0,5470.0,1
1,12000,1027.0,2130.0,5357.0,0
2,6643,6643.0,1724.0,4602.0,0
0,2041,2041.0,1531.0,4305.0,1
1,12000,0.0,1645.0,4564.0,0
2,7436,7436.0,1946.0,5066.0,0
0,2370,2370.0,1847.0,5274.0,1
1,12000,0.0,2453.0,6043.0,0
0,5957,5957.0,2148.0,5810.0,1
1,12000,147.0,1799.0,4664.0,0
2,7336,7336.0,1928.0,5064.0,0
0,2272,2272.0,1749.0,4743.0,1
1,12000,0.0,1907.0,4764.0,0
2,7236,7236.0,1748.0,4966.0,0
0,2270,2270.0,2373.0,6136.0,1
1,12000,0.0,2107.0,5861.0,0
0,6139,6139.0,1584.0,4498.0,1
1,12000,1641.0,1631.0,4008.0,0
2,7992,7992.0,1663.0,4473.0,0
0,3519,3519.0,1765.0,4437.0,1
1,12000,0.0,2017.0,5527.0,0
0,6473,6473.0,2122.0,6023.0,1
1,12000,450.0,2336.0,5813.0,0
0,6187,6187.0,1737.0,4393.0,1
1,12000,1794.0,1669.0,4766.0,0
2,7234,7234.0,1536.0,4198.0,0
0,3036,3036.0,1850.0,4526.0,1
1,12000,0.0,2217.0,5454.0,0
0,6546,6546.0,1891.0,4804.0,1
1,12000,1742.0,1620.0,4429.0,0
2,7571,7571.0,1383.0,3480.52,0
0,4114,4114.0,1345.0,3639.0,1
1,12000,475.0,1347.0,3665.0,0
2,8335,8335.0,1312.76,3480.52,0
0,5230,5230.0,1840.0,4779.0,1
1,12000,451.0,2026.0,5009.0,0
2,6991,6991.0,1683.0,4371.0,0
0,2620,2620.0,1430.0,3879.0,1
1,12000,0.0,1546.0,4191.0,0
2,7809,7809.0,1517.0,3714.0,0
0,4095,4095.0,1369.0,3779.0,1
1,12000,316.0,1482.0,4049.0,0
2,7951,7951.0,1573.0,4402.0,0
0,3549,3549.0,1733.0,4645.0,1
1,12000,0.0,1468.0,3583.0,0
2,8417,8417.0,1389.0,3766.0,0
0,4651,4651.0,1399.0,3639.0,1
1,12000,1012.0,1579.0,4249.0,0
2,7751,7751.0,1737.0,4543.0,0
0,3208,3208.0,1987.0,5009.0,1
1,12000,0.0,1829.0,4698.0,0
2,7302,7302.0,1312.76,3506.0,0
0,3796,3796.0,1519.0,4125.0,1
1,12000,0.0,1384.0,3480.52,0
2,8526,8526.0,1559.0,4177.0,0
0,4349,4349.0,1717.0,4304.0,1
1,12000,45.0,1873.0,5078.0,0
2,6922,6922.0,1509.0,4251.0,0
0,2671,2671.0,1312.76,3512.0,1
1,12000,0.0,1494.0,3661.0,0
2,8339,8339.0,1487.0,3641.0,0
0,4698,4698.0,1440.0,3761.0,1
1,12000,937.0,1681.0,4160.0,0
2,7840,7840.0,2112.0,5345.0,0
0,2495,2495.0,1675.0,4662.0,1
1,12000,0.0,1437.0,3799.0,0
2,8201,8201.0,1401.0,3968.0,0
0,4233,4233.0,1452.0,3786.0,1
1,12000,447.0,1480.0,3832.0,0
2,8168,8168.0,1976.0,4886.0,0
0,3282,3282.0,1519.0,4287.0,1
1,12000,0.0,1788.0,4962.0,0
2,7038,7038.0,1536.0,3816.0,0
0,3222,3222.0,1377.0,3480.52,1
1,12000,0.0,1458.0,3996.0,0
2,8004,8004.0,1403.0,3665.0,0
0,4339,4339.0,1887.0,4704.0,1
1,12000,0.0,1736.0,4351.0,0
2,7649,7649.0,1806.0,4828.0,0
0,2821,2821.0,1316.0,3712.0,1
1,12000,0.0,1528.0,3889.0,0
2,8111,8111.0,1405.0,3831.0,0
0,4280,4280.0,1366.0,3840.0,1
1,12000,440.0,1520.0,3747.0,0
2,8253,8253.0,2073.0,5468.0,0
0,2785,2785.0,1809.0,4702.0,1
1,12000,0.0,1411.0,3684.0,0
2,8316,8316.0,1312.76,3480.52,0
0,4839,4839.0,1389.0,3638.0,1
1,12000,1201.0,1452.0,4128.0,0
2,7872,7872.0,1928.0,4760.0,0
0,3112,3112.0,1707.0,4618.0,1
1,12000,0.0,1854.0,5021.0,0
2,6979,6979.0,1312.76,3480.52,0
0,3620,3620.0,1377.0,3859.0,1
1,12000,0.0,1384.0,3923.0,0
2,8077,8077.0,1312.76,3480.52,0
0,4629,4629.0,1594.0,4197.0,1
1,12000,432.0,1879.0,5175.0,0
2,6825,6825.0,1715.0,4434.0,0
0,2391,2391.0,1525.0,3728.0,1
1,12000,0.0,1464.0,3872.0,0
2,8128,8128.0,1379.0,3589.0,0
0,4539,4539.0,1367.0,3819.0,1
1,12000,720.0,1803.0,4618.0,0
2,7382,7382.0,2019.0,4953.0,0
0,2429,2429.0,1871.0,4926.0,1
1,12000,0.0,1323.0,3480.52,0
2,8585,8585.0,1338.0,3806.0,0
0,4779,4779.0,1312.76,3480.52,1
1,12000,1720.0,1381.0,3939.0,0
2,8061,8061.0,1676.0,4482.0,0
0,3579,3579.0,1942.0,5279.0,1
1,12000,0.0,1882.0,4740.0,0
2,7260,7260.0,1484.0,4185.0,0
0,3075,3075.0,1393.0,3966.0,1
1,12000,0.0,1355.0,3504.0,0
2,8496,8496.0,1386.0,3618.0,0
0,4878,4878.0,1465.0,4102.0,1
1,12000,776.0,1777.0,4868.0,0
2,7132,7132.0,1927.0,5117.0,0
0,2015,2015.0,1511.0,3797.0,1
1,12000,0.0,1532.0,3849.0,0
2,8151,8151.0,1663.0,4398.0,0
0,3753,3753.0,1495.0,4120.0,1
1,12000,0.0,1837.0,4746.0,0
0,7254,7254.0,2083.0,5671.0,1
1,12000,1583.0,1848.0,5013.0,0
0,6987,6987.0,1931.0,5057.0,1
1,12000,1930.0,1788.0,4429.0,0
2,7571,7571.0,1522.0,4242.0,0
0,3329,3329.0,1778.0,4409.0,1
1,12000,0.0,1720.0,4567.0,0
0,7433,7433.0,2215.0,5491.0,1
1,12000,1942.0,2394.0,5897.0,0
0,6103,6103.0,1549.0,4361.0,1
1,12000,1742.0,1713.0,4661.0,0
2,7339,7339.0,1652.0,4174.0,0
0,3165,3165.0,1754.0,4683.0,1
1,12000,0.0,1794.0,4619.0,0
0,7381,7381.0,2215.0,5622.0,1
1,12000,1759.0,2492.0,6154.0,0
0,5846,5846.0,1587.0,4416.0,1
1,12000,1430.0,1759.0,4666.0,0
2,7334,7334.0,1666.0,4252.0,0
0,3082,3082.0,1713.0,4411.0,1
1,12000,0.0,1816.0,4879.0,0
2,7121,7121.0,1740.0,4588.0,0
0,2533,2533.0,2013.0,5534.0,1
1,12000,0.0,1855.0,4754.0,0
2,7246,7246.0,1868.0,5071.0,0
0,2175,2175.0,1957.0,5033.0,1
1,12000,0.0,1993.0,5065.0,0
0,6935,6935.0,2184.0,5361.0,1
1,12000,1574.0,2368.0,6529.0,0
0,5471,5471.0,2202.0,5521.0,1
1,12000,0.0,1560.0,4459.0,0
2,7541,7541.0,1707.0,4770.0,0
0,2771,2771.0,2020.0,5006.0,1
1,12000,0.0,1905.0,4971.0,0
0,7029,7029.0,2118.0,5663.0,1
1,12000,1366.0,2404.0,6229.0,0
0,5771,5771.0,2441.0,6539.0,1
1,12000,0.0,1548.0,4179.0,0
2,7821,7821.0,1923.0,5138.0,0
0,2683,2683.0,1874.0,5164.0,1
1,12000,0.0,1709.0,4766.0,0
0,7234,7234.0,2030.0,5712.0,1
1,12000,1522.0,2700.0,6718.0,0
0,5282,5282.0,2406.0,6326.0,1
1,12000,0.0,1996.0,4998.0,0
0,7002,7002.0,2117.0,5194.0,1
1,12000,1808.0,1868.0,5136.0,0
0,6864,6864.0,1972.0,4867.0,1
1,12000,1997.0,2345.0,5930.0,0
0,6070,6070.0,2608.0,6756.0,1
1,12000,0.0,1955.0,5310.0,0
0,6690,6690.0,1985.0,4912.0,1
1,12000,1778.0,1907.0,4732.0,0
2,7268,7268.0,1978.0,4899.0,0
0,2369,2369.0,1664.0,4721.0,1
1,12000,0.0,2290.0,5610.0,0
0,6390,6390.0,2482.0,6092.0,1
1,12000,298.0,2207.0,5933.0,0
0,6067,6067.0,1961.0,4892.0,1
1,12000,1175.0,1823.0,4503.0,0
2,7497,7497.0,2072.0,5116.0,0
0,2381,2381.0,2070.0,5483.0,1
1,12000,0.0,2189.0,5362.0,0
0,6638,6638.0,2321.0,6295.0,1
1,12000,343.0,2390.0,6017.0,0
0,5983,5983.0,1815.0,4622.0,1
1,12000,1361.0,1764.0,4928.0,0
2,7072,7072.0,1719.0,4878.0,0
0,2194,2194.0,1798.0,4725.0,1
1,12000,0.0,2223.0,5806.0,0
0,6194,6194.0,2560.0,6969.0,1
1,12000,0.0,2471.0,6285.0,0
0,5715,5715.0,1807.0,4798.0,1
1,12000,917.0,2108.0,5563.0,0
0,6437,6437.0,1633.0,4638.0,1
1,12000,1799.0,1980.0,5126.0,0
0,6874,6874.0,2207.0,5553.0,1
1,12000,1321.0,2505.0,6508.0,0
0,5492,5492.0,1992.0,5541.0,1
1,12000,0.0,1926.0,5003.0,0
0,6997,6997.0,1944.0,5042.0,1
1,12000,1955.0,1941.0,5250.0,0
0,6750,6750.0,1986.0,5341.0,1
1,12000,1409.0,2242.0,5816.0,0
0,6184,6184.0,2414.0,6259.0,1
1,12000,0.0,1965.0,4908.0,0
2,7092,7092.0,1597.0,4267.0,0
0,2825,2825.0,1528.0,4178.0,1
1,12000,0.0,1512.0,4039.0,0
2,7961,7961.0,1842.0,4543.0,0
0,3418,3418.0,1833.0,4844.0,1
1,12000,0.0,2284.0,5927.0,0
0,6073,6073.0,2199.0,5557.0,1
1,12000,516.0,1708.0,4241.0,0
2,7759,7759.0,1566.0,4193.0,0
0,3566,3566.0,1664.0,4580.0,1
1,12000,0.0,1873.0,4611.0,0
2,7389,7389.0,1761.0,4719.0,0
0,2670,2670.0,2193.0,5550.0,1
1,12000,0.0,1659.0,4402.0,0
2,7598,7598.0,1677.0,4226.0,0
0,3372,3372.0,1559.0,4444.0,1
1,12000,0.0,1369.0,3690.0,0
2,8310,8310.0,1768.0,4553.0,0
0,3757,3757.0,1870.0,4948.0,1
1,12000,0.0,1935.0,5256.0,0
0,6744,6744.0,2163.0,5412.0,1
1,12000,1332.0,1512.0,4225.0,0
2,7775,7775.0,1738.0,4635.0,0
0,3140,3140.0,1637.0,4504.0,1
1,12000,0.0,1559.0,4350.0,0
2,7650,7650.0,1956.0,5094.0,0
0,2556,2556.0,2154.0,5413.0,1
1,12000,0.0,1951.0,5093.0,0
2,6907,6907.0,1498.0,3801.0,0
0,3106,3106.0,1603.0,4358.0,1
1,12000,0.0,1593.0,4245.0,0
2,7755,7755.0,1678.0,4501.0,0
0,3254,3254.0,1957.0,5051.0,1
1,12000,0.0,2233.0,6210.0,0
0,5790,5790.0,2212.0,5498.0,1
1,12000,292.0,1647.0,4260.0,0
2,7740,7740.0,1855.0,4946.0,0
0,2794,2794.0,1490.0,4248.0,1
1,12000,0.0,1775.0,4675.0,0
2,7325,7325.0,1875.0,5191.0,0
0,2134,2134.0,2482.0,6533.0,1
1,12000,0.0,1956.0,5011.0,0
2,6989,6989.0,1585.0,4266.0,0
0,2723,2723.0,1698.0,4452.0,1
1,12000,0.0,1709.0,4391.0,0
2,7609,7609.0,1769.0,4795.0,0
0,2814,2814.0,2122.0,5230.0,1
1,12000,0.0,2628.0,6413.0,0
0,5587,5587.0,1804.0,5049.0,1
1,12000,538.0,1367.0,3771.0,0
2,8229,8229.0,1949.0,5015.0,0
0,3214,3214.0,1459.0,4109.0,1
1,12000,0.0,1757.0,4410.0,0
2,7590,7590.0,1965.0,5030.0,0
0,2560,2560.0,2126.0,5550.0,1
1,12000,0.0,1964.0,4841.0,0
2,7159,7159.0,1775.0,4431.0,0
0,2728,2728.0,1596.0,4403.0,1
1,12000,0.0,1717.0,4873.0,0
2,7127,7127.0,1729.0,4665.0,0
0,2462,2462.0,2149.0,5651.0,1
1,12000,0.0,2130.0,5349.0,0
0,6651,6651.0,2186.0,5688.0,1
1,12000,963.0,1685.0,4326.0,0
2,7674,7674.0,1694.0,4637.0,0
0,3037,3037.0,1582.0,4159.0,1
1,12000,0.0,1916.0,4692.0,0
0,7308,7308.0,2057.0,5630.0,1
1,12000,1678.0,2017.0,5078.0,0
0,6922,6922.0,1978.0,5297.0,1
1,12000,1625.0,1616.0,4048.0,0
2,7952,7952.0,1586.0,4372.0,0
0,3580,3580.0,1517.0,4223.0,1
1,12000,0.0,1835.0,5230.0,0
0,6770,6770.0,1929.0,5219.0,1
1,12000,1551.0,2146.0,5757.0,0
0,6243,6243.0,2134.0,5948.0,1
1,12000,295.0,1638.0,4351.0,0
2,7649,7649.0,1860.0,4807.0,0
0,2842,2842.0,2060.0,5350.0,1
1,12000,0.0,1749.0,4540.0,0
2,7460,7460.0,1946.0,4954.0,0
0,2506,2506.0,2460.0,6182.0,1
1,12000,0.0,2023.0,5174.0,0
2,6826,6826.0,1642.0,4452.0,0
0,2374,2374.0,1848.0,4797.0,1
1,12000,0.0,1496.0,3952.0,0
2,8048,8048.0,1913.0,4986.0,0
0,3062,3062.0,1848.0,4884.0,1
1,12000,0.0,2433.0,6260.0,0
0,5740,5740.0,2307.0,6426.0,1
1,12000,0.0,1748.0,4461.0,0
2,7539,7539.0,1725.0,4625.0,0
0,2914,2914.0,1745.0,4578.0,1
1,12000,0.0,2010.0,5085.0,0
0,6915,6915.0,2104.0,5321.0,1
1,12000,1594.0,2196.0,6032.0,0
0,5968,5968.0,2238.0,5901.0,1
1,12000,67.0,1572.0,4401.0,0
2,7599,7599.0,1556.0,4176.0,0
0,3423,3423.0,1864.0,5006.0,1
1,12000,0.0,1934.0,4927.0,0
0,7073,7073.0,2018.0,5450.0,1
1,12000,1623.0,2303.0,6574.0,0
0,5426,5426.0,2083.0,5369.0,1
1,12000,57.0,1637.0,4391.0,0
2,7609,7609.0,1973.0,5076.0,0
0,2533,2533.0,1782.0,4642.0,1
1,12000,0.0,1918.0,5100.0,0
0,6900,6900.0,2123.0,5516.0,1
1,12000,1384.0,2622.0,6601.0,0
0,5399,5399.0,2214.0,5763.0,1
1,12000,0.0,1766.0,4964.0,0
2,7036,7036.0,1716.0,4367.0,0
0,2669,2669.0,1728.0,4707.0,1
1,12000,0.0,2322.0,5683.0,0
0,6317,6317.0,2137.0,5466.0,1
1,12000,851.0,2066.0,5694.0,0
0,6306,6306.0,2568.0,6427.0,1
1,12000,0.0,1929.0,4899.0,0
2,7101,7101.0,1951.0,4974.0,0
0,2127,2127.0,1812.0,5051.0,1
1,12000,0.0,2036.0,5591.0,0
0,6409,6409.0,1813.0,5109.0,1
1,12000,1300.0,2363.0,6273.0,0
0,5727,5727.0,2175.0,5948.0,1
1,12000,0.0,1726.0,4270.0,0
2,7730,7730.0,1782.0,4504.0,0
0,3226,3226.0,2065.0,5113.0,1
1,12000,0.0,2319.0,5862.0,0
0,6138,6138.0,2278.0,5721.0,1
1,12000,417.0,2228.0,5985.0,0
0,6015,6015.0,2113.0,5953.0,1
1,12000,62.0,1608.0,4524.0,0
2,7476,7476.0,1757.0,4989.0,0
0,2487,2487.0,1943.0,4784.0,1
1,12000,0.0,1955.0,4779.0,0
0,7221,7221.0,2181.0,5468.0,1
1,12000,1753.0,2203.0,6275.0,0
0,5725,5725.0,1852.0,5277.0,1
1,12000,448.0,1957.0,5122.0,0
2,6878,6878.0,1830.0,4497.0,0
0,2381,2381.0,1893.0,4745.0,1
1,12000,0.0,2179.0,5360.0,0
0,6640,6640.0,2226.0,5481.0,1
1,12000,1159.0,2176.0,5852.0,0
0,6148,6148.0,2081.0,5689.0,1
1,12000,459.0,1726.0,4824.0,0
2,7176,7176.0,2017.0,4935.0,0
0,2241,2241.0,1850.0,4741.0,1
1,12000,0.0,1843.0,4891.0,0
2,7109,7109.0,2026.0,5008.0,0
0,2101,2101.0,2041.0,5010.0,1
1,12000,0.0,2226.0,5448.0,0
2,6552,6552.0,1572.0,4325.0,0
0,2227,2227.0,1700.0,4395.0,1
1,12000,0.0,1713.0,4725.0,0
0,7275,7275.0,1969.0,5338.0,1
1,12000,1937.0,2008.0,5641.0,0
0,6359,6359.0,2628.0,6414.0,1
1,12000,0.0,2076.0,5541.0,0
0,6459,6459.0,1730.0,4583.0,1
1,12000,1876.0,1557.0,4285.0,0
2,7715,7715.0,1750.0,4627.0,0
0,3088,3088.0,1704.0,4366.0,1
1,12000,0.0,1978.0,5496.0,0
0,6504,6504.0,2403.0,6232.0,1
1,12000,272.0,2390.0,6319.0,0
0,5681,5681.0,1761.0,4677.0,1
1,12000,1004.0,2012.0,4937.0,0
2,7063,7063.0,1863.0,4748.0,0
0,2315,2315.0,1644.0,4536.0,1
1,12000,0.0,2212.0,5648.0,0
0,6352,6352.0,2469.0,6570.0,1
1,12000,0.0,2424.0,6399.0,0
0,5601,5601.0,1795.0,4586.0,1
1,12000,1015.0,1685.0,4524.0,0
2,7476,7476.0,1835.0,4643.0,0
0,2833,2833.0,2014.0,5224.0,1
1,12000,0.0,1876.0,5297.0,0
0,6703,6703.0,2300.0,6495.0,1
1,12000,208.0,1786.0,4900.0,0
2,7100,7100.0,1557.0,4149.0,0
0,2951,2951.0,1595.0,3998.0,1
1,12000,0.0,1374.0,3795.0,0
2,8205,8205.0,1441.0,3731.0,0
0,4474,4474.0,1682.0,4469.0,1
1,12000,5.0,1627.0,4281.0,0
2,7719,7719.0,1471.0,4195.0,0
0,3524,3524.0,1673.0,4578.0,1
1,12000,0.0,1715.0,4280.0,0
2,7720,7720.0,1482.0,3795.0,0
0,3925,3925.0,1312.76,3525.0,1
1,12000,400.0,1453.0,3930.0,0
2,8070,8070.0,1913.0,4900.0,0
0,3170,3170.0,1879.0,5206.0,1
1,12000,0.0,1568.0,4222.0,0
2,7778,7778.0,1519.0,4130.0,0
0,3648,3648.0,1408.0,3841.0,1
1,12000,0.0,1763.0,4351.0,0
2,7649,7649.0,1801.0,4505.0,0
0,3144,3144.0,1934.0,5014.0,1
1,12000,0.0,1647.0,4294.0,0
2,7706,7706.0,1372.0,3493.0,0
0,4213,4213.0,1450.0,3811.0,1
1,12000,402.0,1536.0,3749.0,0
2,8251,8251.0,1520.0,3709.0,0
0,4542,4542.0,1760.0,4690.0,1
1,12000,0.0,1657.0,4735.0,0
2,7265,7265.0,1829.0,4539.0,0
0,2726,2726.0,1312.76,3480.52,1
1,12000,0.0,1516.0,3805.0,0
2,8195,8195.0,1400.0,3854.0,0
0,4341,4341.0,1332.0,3715.0,1
1,12000,626.0,1790.0,5016.0,0
2,6984,6984.0,1709.0,4810.0,0
0,2174,2174.0,1809.0,4669.0,1
1,12000,0.0,1312.76,3662.0,0
2,8338,8338.0,1654.0,4279.0,0
0,4059,4059.0,1555.0,3848.0,1
1,12000,211.0,1523.0,3879.0,0
2,8121,8121.0,1577.0,4401.0,0
0,3720,3720.0,1756.0,4524.0,1
1,12000,0.0,1834.0,4715.0,0
2,7285,7285.0,1433.0,4028.0,0
0,3257,3257.0,1497.0,3787.0,1
1,12000,0.0,1515.0,4197.0,0
2,7803,7803.0,1764.0,4337.0,0
0,3466,3466.0,1662.0,4421.0,1
1,12000,0.0,1734.0,4676.0,0
2,7324,7324.0,1909.0,4838.0,0
0,2486,2486.0,1466.0,3857.0,1
1,12000,0.0,1699.0,4187.0,0
2,7813,7813.0,1435.0,4064.0,0
0,3749,3749.0,1428.0,3756.0,1
1,12000,0.0,1567.0,4347.0,0
2,7653,7653.0,1736.0,4752.0,0
0,2901,2901.0,1741.0,4462.0,1
1,12000,0.0,1583.0,3933.0,0
2,8067,8067.0,1455.0,3904.0,0
0,4163,4163.0,1335.0,3480.52,1
1,12000,847.0,1456.0,3743.0,0
2,8257,8257.0,1521.0,4273.0,0
0,3984,3984.0,1794.0,5006.0,1
1,12000,0.0,1836.0,5238.0,0
2,6762,6762.0,1312.76,3481.0,0
0,3281,3281.0,1455.0,3693.0,1
1,12000,0.0,1312.76,3480.52,0
2,8652,8652.0,1471.0,4034.0,0
0,4618,4618.0,2165.0,5331.0,1
1,12000,0.0,1932.0,5265.0,0
2,6735,6735.0,1664.0,4535.0,0
0,2200,2200.0,1469.0,3859.0,1
1,12000,0.0,1312.76,3480.52,0
2,8819,8819.0,1672.0,4123.0,0
0,4696,4696.0,1410.0,3936.0,1
1,12000,760.0,1626.0,4375.0,0
2,7625,7625.0,2083.0,5361.0,0
0,2264,2264.0,2027.0,5496.0,1
1,12000,0.0,1322.0,3613.0,0
2,8387,8387.0,1887.0,4782.0,0
0,3605,3605.0,1314.0,3555.0,1
1,12000,50.0,1691.0,4372.0,0
2,7628,7628.0,1757.0,4551.0,0
0,3077,3077.0,1805.0,5073.0,1
1,12000,0.0,1696.0,4702.0,0
2,7298,7298.0,1502.0,3751.0,0
0,3547,3547.0,1463.0,3996.0,1
1,12000,0.0,1409.0,3874.0,0
2,8126,8126.0,1667.0,4254.0,0
0,3872,3872.0,1639.0,4238.0,1
1,12000,0.0,2302.0,6051.0,0
0,5949,5949.0,1865.0,4668.0,1
1,12000,1281.0,1714.0,4796.0,0
2,7204,7204.0,1492.0,4247.0,0
0,2957,2957.0,1427.0,3816.0,1
1,12000,0.0,1798.0,4872.0,0
2,7128,7128.0,1769.0,4808.0,0
0,2320,2320.0,1903.0,4940.0,1
1,12000,0.0,1970.0,5250.0,0
2,6750,6750.0,1675.0,4334.0,0
0,2416,2416.0,1773.0,4543.0,1
1,12000,0.0,1730.0,4231.0,0
2,7769,7769.0,1908.0,4870.0,0
0,2899,2899.0,2030.0,5330.0,1
1,12000,0.0,1950.0,5111.0,0
0,6889,6889.0,1883.0,5226.0,1
1,12000,1663.0,1535.0,4253.0,0
2,7747,7747.0,1767.0,4349.0,0
0,3398,3398.0,1866.0,4907.0,1
1,12000,0.0,1708.0,4734.0,0
2,7266,7266.0,1732.0,4885.0,0
0,2381,2381.0,2133.0,5525.0,1
1,12000,0.0,2079.0,5136.0,0
2,6864,6864.0,1643.0,4334.0,0
0,2530,2530.0,1555.0,4077.0,1
1,12000,0.0,1575.0,4288.0,0
2,7712,7712.0,1528.0,4160.0,0
0,3552,3552.0,1851.0,5058.0,1
1,12000,0.0,2309.0,5995.0,0
0,6005,6005.0,2255.0,6048.0,1
1,12000,0.0,1591.0,4467.0,0
2,7533,7533.0,1508.0,4281.0,0
0,3252,3252.0,1878.0,4616.0,1
1,12000,0.0,1930.0,5509.0,0
0,6491,6491.0,2138.0,5959.0,1
1,12000,532.0,2310.0,6371.0,0
0,5629,5629.0,2438.0,6215.0,1
1,12000,0.0,1997.0,5052.0,0
2,6948,6948.0,1678.0,4443.0,0
0,2505,2505.0,1756.0,4878.0,1
1,12000,0.0,1882.0,5203.0,0
0,6797,6797.0,2361.0,5761.0,1
1,12000,1036.0,2651.0,6776.0,0
0,5224,5224.0,2137.0,5593.0,1
1,12000,0.0,1827.0,5180.0,0
0,6820,6820.0,2118.0,5459.0,1
1,12000,1361.0,1825.0,5167.0,0
0,6833,6833.0,2063.0,5351.0,1
1,12000,1482.0,2093.0,5292.0,0
0,6708,6708.0,2503.0,6376.0,1
1,12000,332.0,2350.0,6177.0,0
0,5823,5823.0,1824.0,4982.0,1
1,12000,841.0,1887.0,5132.0,0
0,6868,6868.0,2058.0,5197.0,1
1,12000,1671.0,1860.0,5302.0,0
0,6698,6698.0,2292.0,5904.0,1
1,12000,794.0,2714.0,6632.0,0
0,5368,5368.0,2228.0,6176.0,1
1,12000,0.0,1915.0,5032.0,0
2,6968,6968.0,1680.0,4480.0,0
0,2488,2488.0,1919.0,4983.0,1
1,12000,0.0,2089.0,5365.0,0
0,6635,6635.0,2036.0,5795.0,1
1,12000,840.0,2043.0,5829.0,0
0,6171,6171.0,2404.0,6269.0,1
1,12000,0.0,2015.0,5100.0,0
2,6900,6900.0,1804.0,4637.0,0
0,2263,2263.0,1979.0,5331.0,1
1,12000,0.0,1804.0,4740.0,0
0,7260,7260.0,2102.0,5780.0,1
1,12000,1480.0,2726.0,6769.0,0
0,5231,5231.0,2328.0,6232.0,1
1,12000,0.0,1737.0,4932.0,0
0,7068,7068.0,1915.0,5212.0,1
1,12000,1856.0,1699.0,4349.0,0
2,7651,7651.0,2078.0,5378.0,0
0,2273,2273.0,2339.0,5867.0,1
1,12000,0.0,2749.0,7062.0,0
0,4938,4938.0,2317.0,6019.0,1
1,12000,0.0,2027.0,5004.0,0
0,6996,6996.0,2059.0,5133.0,1
1,12000,1863.0,1840.0,4872.0,0
2,7128,7128.0,2017.0,5082.0,0
0,2046,2046.0,2191.0,5795.0,1
1,12000,0.0,2181.0,6164.0,0
0,5836,5836.0,2391.0,6157.0,1
1,12000,0.0,1784.0,4401.0,0
2,7599,7599.0,1830.0,4829.0,0
0,2770,2770.0,2102.0,5302.0,1
1,12000,0.0,1933.0,4946.0,0
0,7054,7054.0,1982.0,5548.0,1
1,12000,1506.0,2284.0,6394.0,0
0,5606,5606.0,2631.0,6581.0,1
1,12000,0.0,1691.0,4615.0,0
2,7385,7385.0,1728.0,4402.0,0
0,2983,2983.0,1774.0,4448.0,1
1,12000,0.0,1658.0,4101.0,0
2,7899,7899.0,1803.0,4431.0,0
0,3468,3468.0,2104.0,5418.0,1
1,12000,0.0,1926.0,5051.0,0
2,6949,6949.0,1706.0,4251.0,0
0,2698,2698.0,1637.0,4500.0,1
1,12000,0.0,1967.0,4838.0,0
2,7162,7162.0,1856.0,4667.0,0
0,2495,2495.0,1914.0,4969.0,1
1,12000,0.0,2265.0,5566.0,0
0,6434,6434.0,1753.0,5002.0,1
1,12000,1432.0,1649.0,4192.0,0
2,7808,7808.0,1633.0,4425.0,0
0,3383,3383.0,1721.0,4463.0,1
1,12000,0.0,1501.0,4098.0,0
2,7902,7902.0,1849.0,4816.0,0
0,3086,3086.0,2307.0,6042.0,1
1,12000,0.0,2167.0,5459.0,0
2,6541,6541.0,1497.0,3963.0,0
0,2578,2578.0,1796.0,4828.0,1
1,12000,0.0,1640.0,4220.0,0
2,7780,7780.0,1664.0,4419.0,0
0,3361,3361.0,2087.0,5098.0,1
1,12000,0.0,2403.0,6061.0,0
0,5939,5939.0,1898.0,5314.0,1
1,12000,625.0,1390.0,3703.0,0
2,8297,8297.0,1929.0,4842.0,0
0,3455,3455.0,1535.0,4329.0,1
1,12000,0.0,1944.0,5062.0,0
2,6938,6938.0,1639.0,4491.0,0
0,2447,2447.0,2299.0,5835.0,1
1,12000,0.0,2233.0,5788.0,0
0,6212,6212.0,1970.0,4903.0,1
1,12000,1309.0,1969.0,4833.0,0
2,7167,7167.0,1619.0,4559.0,0
0,2608,2608.0,1672.0,4585.0,1
1,12000,0.0,2155.0,5409.0,0
0,6591,6591.0,2328.0,6217.0,1
1,12000,374.0,2212.0,5505.0,0
0,6495,6495.0,1679.0,4637.0,1
1,12000,1858.0,1712.0,4732.0,0
2,7268,7268.0,1767.0,4629.0,0
0,2639,2639.0,1623.0,4628.0,1
1,12000,0.0,1957.0,4888.0,0
0,7112,7112.0,2337.0,6068.0,1
1,12000,1044.0,2188.0,5613.0,0
0,6387,6387.0,1753.0,4595.0,1
1,12000,1792.0,1961.0,4847.0,0
2,7153,7153.0,1757.0,4300.0,0
0,2853,2853.0,2046.0,5165.0,1
1,12000,0.0,1793.0,5045.0,0
0,6955,6955.0,2416.0,6004.0,1
1,12000,951.0,1961.0,5454.0,0
2,6546,6546.0,1750.0,4493.0,0
0,2053,2053.0,1703.0,4477.0,1
1,12000,0.0,1724.0,4389.0,0
2,7611,7611.0,1985.0,4969.0,0
0,2642,2642.0,1718.0,4712.0,1
1,12000,0.0,2095.0,5921.0,0
0,6079,6079.0,1911.0,5059.0,1
1,12000,1020.0,1761.0,4869.0,0
2,7131,7131.0,1854.0,4537.0,0
0,2594,2594.0,1574.0,4188.0,1
1,12000,0.0,2057.0,5166.0,0
0,6834,6834.0,1904.0,5366.0,1
1,12000,1468.0,2070.0,5155.0,0
0,6845,6845.0,2350.0,6265.0,1
1,12000,580.0,1687.0,4345.0,0
2,7655,7655.0,1626.0,4335.0,0
0,3320,3320.0,1481.0,3655.0,1
1,12000,0.0,1858.0,4598.0,0
2,7402,7402.0,2043.0,5027.0,0
0,2375,2375.0,2467.0,6156.0,1
1,12000,0.0,2237.0,5634.0,0
2,6366,6366.0,1674.0,4179.0,0
0,2187,2187.0,1593.0,4300.0,1
1,12000,0.0,1604.0,4124.0,0
2,7876,7876.0,1851.0,5096.0,0
0,2780,2780.0,1799.0,4897.0,1
1,12000,0.0,2136.0,5272.0,0
0,6728,6728.0,1892.0,5207.0,1
1,12000,1521.0,1538.0,4241.0,0
2,7759,7759.0,1620.0,4290.0,0
0,3469,3469.0,1503.0,4069.0,1
1,12000,0.0,1649.0,4465.0,0
2,7535,7535.0,1696.0,4691.0,0
0,2844,2844.0,2007.0,5674.0,1
1,12000,0.0,2554.0,6233.0,0
0,5767,5767.0,2042.0,5094.0,1
1,12000,673.0,1925.0,4903.0,0
2,7097,7097.0,1850.0,5045.0,0
0,2052,2052.0,2030.0,5250.0,1
1,12000,0.0,2424.0,6057.0,0
0,5943,5943.0,2377.0,6694.0,1
1,12000,0.0,2306.0,5930.0,0
0,6070,6070.0,1720.0,4716.0,1
1,12000,1354.0,1884.0,5172.0,0
2,6828,6828.0,1685.0,4592.0,0
0,2236,2236.0,1757.0,4817.0,1
1,12000,0.0,2322.0,5799.0,0
0,6201,6201.0,2143.0,5838.0,1
1,12000,363.0,2403.0,6123.0,0
0,5877,5877.0,1661.0,4513.0,1
1,12000,1364.0,1772.0,4727.0,0
2,7273,7273.0,1684.0,4670.0,0
0,2603,2603.0,1967.0,5408.0,1
1,12000,0.0,2287.0,6056.0,0
0,5944,5944.0,2525.0,6559.0,1
1,12000,0.0,2238.0,6126.0,0
0,5874,5874.0,1992.0,5101.0,1
1,12000,773.0,1829.0,5145.0,0
2,6855,6855.0,1876.0,4645.0,0
0,2210,2210.0,2026.0,5658.0,1
1,12000,0.0,2124.0,5724.0,0
0,6276,6276.0,2499.0,6173.0,1
1,12000,103.0,2270.0,5782.0,0
0,6218,6218.0,2002.0,5060.0,1
1,12000,1158.0,1869.0,4964.0,0
2,7036,7036.0,1841.0,4520.0,0
0,2516,2516.0,1861.0,5047.0,1
1,12000,0.0,1931.0,5395.0,0
0,6605,6605.0,2203.0,5987.0,1
1,12000,618.0,2344.0,5946.0,0
0,6054,6054.0,1676.0,4487.0,1
1,12000,1567.0,1769.0,4702.0,0
2,7298,7298.0,1752.0,4584.0,0
0,2714,2714.0,1804.0,4598.0,1
1,12000,0.0,2049.0,5107.0,0
0,6893,6893.0,2155.0,6135.0,1
1,12000,758.0,2024.0,5733.0,0
0,6267,6267.0,1553.0,4369.0,1
1,12000,1898.0,1891.0,5171.0,0
2,6829,6829.0,1905.0,4759.0,0
0,2070,2070.0,1974.0,5476.0,1
1,12000,0.0,2088.0,5504.0,0
0,6496,6496.0,2357.0,6733.0,1
1,12000,0.0,2362.0,6287.0,0
0,5713,5713.0,1746.0,4712.0,1
1,12000,1001.0,1805.0,4818.0,0
2,7182,7182.0,1678.0,4523.0,0
0,2659,2659.0,1693.0,4489.0,1
1,12000,0.0,2173.0,5500.0,0
0,6500,6500.0,2320.0,6538.0,1
1,12000,0.0,2153.0,5978.0,0
0,6022,6022.0,1659.0,4498.0,1
1,12000,1524.0,1957.0,4879.0,0
0,7121,7121.0,1973.0,5324.0,1
1,12000,1797.0,1607.0,4567.0,0
2,7433,7433.0,2063.0,5404.0,0
0,2029,2029.0,2381.0,6038.0,1
1,12000,0.0,2320.0,5905.0,0
0,6095,6095.0,1676.0,4664.0,1
1,12000,1431.0,2004.0,5090.0,0
2,6910,6910.0,1659.0,4702.0,0
0,2208,2208.0,2008.0,5249.0,1
1,12000,0.0,2381.0,5876.0,0
0,6124,6124.0,2484.0,6782.0,1
1,12000,0.0,2498.0,6309.0,0
0,5691,5691.0,1687.0,4286.0,1
1,12000,1405.0,2064.0,5285.0,0
0,6715,6715.0,1974.0,5582.0,1
1,12000,1133.0,1905.0,4941.0,0
0,7059,7059.0,2031.0,5148.0,1
1,12000,1911.0,2261.0,6327.0,0
0,5673,5673.0,2640.0,6485.0,1
1,12000,0.0,1737.0,4429.0,0
2,7571,7571.0,1669.0,4638.0,0
0,2933,2933.0,1700.0,4663.0,1
1,12000,0.0,1508.0,3972.0,0
2,8028,8028.0,2029.0,5023.0,0
0,3005,3005.0,2553.0,6344.0,1
1,12000,0.0,2503.0,6159.0,0
0,5841,5841.0,1675.0,4725.0,1
1,12000,1116.0,1632.0,4240.0,0
2,7760,7760.0,1887.0,4709.0,0
0,3051,3051.0,1963.0,4851.0,1
1,12000,0.0,2089.0,5317.0,0
0,6683,6683.0,2512.0,6641.0,1
1,12000,42.0,2174.0,5993.0,0
2,6007,6007.0,1312.76,3512.0,0
0,2495,2495.0,1480.0,3663.0,1
1,12000,0.0,1632.0,4283.0,0
2,7717,7717.0,1429.0,4074.0,0
0,3643,3643.0,1676.0,4655.0,1
1,12000,0.0,1977.0,5618.0,0
0,6382,6382.0,1990.0,5076.0,1
1,12000,1306.0,1604.0,4062.0,0
2,7938,7938.0,1362.0,3818.0,0
0,4120,4120.0,1442.0,3630.0,1
1,12000,490.0,1539.0,4286.0,0
2,7714,7714.0,1502.0,3990.0,0
0,3724,3724.0,2211.0,5499.0,1
1,12000,0.0,1849.0,4891.0,0
2,7109,7109.0,1325.0,3784.0,0
0,3325,3325.0,1476.0,3988.0,1
1,12000,0.0,1419.0,4034.0,0
2,7966,7966.0,1524.0,3886.0,0
0,4080,4080.0,1767.0,4510.0,1
1,12000,0.0,1914.0,5090.0,0
2,6910,6910.0,1815.0,4452.0,0
0,2458,2458.0,1443.0,3980.0,1
1,12000,0.0,1569.0,4326.0,0
2,7674,7674.0,1312.76,3480.52,0
0,4316,4316.0,1380.0,3751.0,1
1,12000,565.0,1434.0,4021.0,0
2,7979,7979.0,1816.0,5078.0,0
0,2901,2901.0,1985.0,4965.0,1
1,12000,0.0,1694.0,4139.0,0
2,7861,7861.0,1319.0,3714.0,0
0,4147,4147.0,1449.0,3887.0,1
1,12000,260.0,1457.0,3912.0,0
2,8088,8088.0,1574.0,4187.0,0
0,3901,3901.0,1998.0,4959.0,1
1,12000,0.0,1965.0,5010.0,0
2,6990,6990.0,1512.0,3941.0,0
0,3049,3049.0,1335.0,3752.0,1
1,12000,0.0,1458.0,3622.0,0
2,8378,8378.0,1590.0,4074.0,0
0,4304,4304.0,1489.0,4068.0,1
1,12000,236.0,1963.0,5256.0,0
0,6744,6744.0,1950.0,4995.0,1
1,12000,1749.0,1388.0,3931.0,0
2,8069,8069.0,1639.0,4180.0,0
0,3889,3889.0,1509.0,4082.0,1
1,12000,0.0,1557.0,4126.0,0
2,7874,7874.0,1782.0,4938.0,0
0,2936,2936.0,2024.0,5034.0,1
1,12000,0.0,1896.0,4824.0,0
2,7176,7176.0,1479.0,4133.0,0
0,3043,3043.0,1423.0,4028.0,1
1,12000,0.0,1732.0,4499.0,0
2,7501,7501.0,1659.0,4160.0,0
0,3341,3341.0,2089.0,5117.0,1
1,12000,0.0,1916.0,5342.0,0
0,6658,6658.0,2108.0,5300.0,1
1,12000,1358.0,1345.0,3766.0,0
2,8234,8234.0,1624.0,4505.0,0
0,3729,3729.0,1349.0,3759.0,1
1,12000,0.0,1591.0,4372.0,0
2,7628,7628.0,1594.0,4207.0,0
0,3421,3421.0,2083.0,5442.0,1
1,12000,0.0,1950.0,5123.0,0
2,6877,6877.0,1389.0,3609.0,0
0,3268,3268.0,1437.0,4091.0,1
1,12000,0.0,1439.0,4029.0,0
2,7971,7971.0,1466.0,4151.0,0
0,3820,3820.0,1577.0,4405.0,1
1,12000,0.0,1876.0,4959.0,0
2,7041,7041.0,1716.0,4756.0,0
0,2285,2285.0,1496.0,3768.0,1
1,12000,0.0,1506.0,4063.0,0
2,7937,7937.0,1463.0,3835.0,0
0,4102,4102.0,1508.0,4051.0,1
1,12000,51.0,1777.0,4608.0,0
2,7392,7392.0,1963.0,4827.0,0
0,2565,2565.0,2126.0,5594.0,1
1,12000,0.0,1586.0,4195.0,0
2,7805,7805.0,1538.0,3819.0,0
0,3986,3986.0,1360.0,3713.0,1
1,12000,273.0,1483.0,4071.0,0
2,7929,7929.0,1576.0,4184.0,0
0,3745,3745.0,1842.0,5035.0,1
1,12000,0.0,1740.0,4429.0,0
2,7571,7571.0,1670.0,4191.0,0
0,3380,3380.0,1623.0,3962.0,1
1,12000,0.0,1480.0,4079.0,0
2,7921,7921.0,1712.0,4312.0,0
0,3609,3609.0,1862.0,5108.0,1
1,12000,0.0,2261.0,5521.0,0
0,6479,6479.0,1923.0,4747.0,1
1,12000,1732.0,1558.0,4057.0,0
2,7943,7943.0,1907.0,4903.0,0
0,3040,3040.0,1714.0,4199.0,1
1,12000,0.0,1579.0,4351.0,0
2,7649,7649.0,1997.0,4872.0,0
0,2777,2777.0,2193.0,5849.0,1
1,12000,0.0,2004.0,5407.0,0
2,6593,6593.0,1643.0,4526.0,0
0,2067,2067.0,1508.0,4278.0,1
1,12000,0.0,1565.0,4073.0,0
2,7927,7927.0,1457.0,4132.0,0
0,3795,3795.0,1739.0,4602.0,1
1,12000,0.0,2131.0,5544.0,0
0,6456,6456.0,1853.0,5280.0,1
1,12000,1176.0,1780.0,4498.0,0
2,7502,7502.0,1704.0,4337.0,0
0,3165,3165.0,1657.0,4399.0,1
1,12000,0.0,1920.0,4754.0,0
2,7246,7246.0,1730.0,4792.0,0
0,2454,2454.0,2224.0,5834.0,1
1,12000,0.0,1744.0,4771.0,0
2,7229,7229.0,1949.0,4793.0,0
0,2436,2436.0,1528.0,4307.0,1
1,12000,0.0,1592.0,4416.0,0
2,7584,7584.0,1649.0,4439.0,0
0,3145,3145.0,1704.0,4576.0,1
1,12000,0.0,2046.0,5776.0,0
0,6224,6224.0,2219.0,5471.0,1
1,12000,753.0,1591.0,3947.0,0
2,8053,8053.0,1959.0,4790.0,0
0,3263,3263.0,1530.0,4195.0,1
1,12000,0.0,1954.0,5542.0,0
0,6458,6458.0,1918.0,5389.0,1
1,12000,1069.0,2382.0,6770.0,0
0,5230,5230.0,2348.0,6205.0,1
1,12000,0.0,1853.0,5206.0,0
0,6794,6794.0,1905.0,5288.0,1
1,12000,1506.0,1953.0,5199.0,0
0,6801,6801.0,1973.0,5159.0,1
1,12000,1642.0,1999.0,5509.0,0
0,6491,6491.0,2377.0,6370.0,1
1,12000,121.0,2469.0,6942.0,0
0,5058,5058.0,2111.0,5169.0,1
1,12000,0.0,1664.0,4699.0,0
2,7301,7301.0,1853.0,5277.0,0
0,2024,2024.0,2264.0,5631.0,1
1,12000,0.0,2323.0,5687.0,0
0,6313,6313.0,2509.0,6454.0,1
1,12000,0.0,2257.0,6371.0,0
0,5629,5629.0,1936.0,5300.0,1
1,12000,329.0,2213.0,5411.0,0
0,6589,6589.0,2111.0,5635.0,1
1,12000,954.0,1784.0,5070.0,0
0,6930,6930.0,2169.0,6099.0,1
1,12000,831.0,2690.0,7120.0,0
0,4880,4880.0,2012.0,5350.0,1
1,12000,0.0,1769.0,4968.0,0
2,7032,7032.0,1835.0,4807.0,0
0,2225,2225.0,1966.0,4824.0,1
1,12000,0.0,2065.0,5352.0,0
0,6648,6648.0,2154.0,5577.0,1
1,12000,1071.0,2583.0,6707.0,0
0,5293,5293.0,2116.0,5954.0,1
1,12000,0.0,1727.0,4701.0,0
0,7299,7299.0,2059.0,5347.0,1
1,12000,1952.0,1785.0,4798.0,0
0,7202,7202.0,2216.0,5888.0,1
1,12000,1314.0,2180.0,5501.0,0
0,6499,6499.0,2411.0,6492.0,1
1,12000,7.0,2236.0,6373.0,0
0,5627,5627.0,1815.0,4919.0,1
1,12000,708.0,1892.0,4822.0,0
2,7178,7178.0,2028.0,5077.0,0
0,2101,2101.0,2142.0,5348.0,1
1,12000,0.0,2062.0,5844.0,0
0,6156,6156.0,2601.0,6461.0,1
1,12000,0.0,2357.0,6681.0,0
0,5319,5319.0,1737.0,4484.0,1
1,12000,835.0,1813.0,5100.0,0
0,6900,6900.0,2150.0,5459.0,1
1,12000,1441.0,1825.0,5143.0,0
0,6857,6857.0,2305.0,5691.0,1
1,12000,1166.0,2394.0,6778.0,0
0,5222,5222.0,2193.0,5494.0,1
1,12000,0.0,1816.0,5022.0,0
0,6978,6978.0,1930.0,5198.0,1
1,12000,1780.0,1866.0,5033.0,0
2,6967,6967.0,1842.0,4878.0,0
0,2089,2089.0,2094.0,5937.0,1
1,12000,0.0,2398.0,6631.0,0
0,5369,5369.0,2356.0,6596.0,1
1,12000,0.0,2093.0,5304.0,0
2,6696,6696.0,1764.0,4321.0,0
0,2375,2375.0,1607.0,4507.0,1
1,12000,0.0,1711.0,4623.0,0
2,7377,7377.0,1977.0,5185.0,0
0,2192,2192.0,2260.0,5840.0,1
1,12000,0.0,2025.0,5075.0,0
2,6925,6925.0,1811.0,4597.0,0
0,2328,2328.0,1756.0,4663.0,1
1,12000,0.0,1497.0,4032.0,0
2,7968,7968.0,1504.0,4206.0,0
0,3762,3762.0,2007.0,5131.0,1
1,12000,0.0,2232.0,6167.0,0
0,5833,5833.0,2085.0,5748.0,1
1,12000,85.0,1645.0,4097.0,0
2,7903,7903.0,1564.0,4435.0,0
0,3468,3468.0,1847.0,4572.0,1
1,12000,0.0,1781.0,4471.0,0
2,7529,7529.0,1732.0,4539.0,0
0,2990,2990.0,2272.0,5576.0,1
1,12000,0.0,1929.0,5010.0,0
2,6990,6990.0,1688.0,4229.0,0
0,2761,2761.0,1701.0,4585.0,1
1,12000,0.0,1707.0,4588.0,0
2,7412,7412.0,1721.0,4414.0,0
0,2998,2998.0,1976.0,4867.0,1
1,12000,0.0,2058.0,5605.0,0
0,6395,6395.0,2163.0,5297.0,1
1,12000,1098.0,1661.0,4090.0,0
2,7910,7910.0,1683.0,4332.0,0
0,3578,3578.0,1732.0,4262.0,1
1,12000,0.0,1783.0,4694.0,0
2,7306,7306.0,1857.0,5029.0,0
0,2277,2277.0,2304.0,6040.0,1
1,12000,0.0,2355.0,6300.0,0
0,5700,5700.0,1560.0,4425.0,1
1,12000,1275.0,1631.0,4473.0,0
2,7527,7527.0,1959.0,4798.0,0
0,2729,2729.0,1945.0,4848.0,1
1,12000,0.0,1755.0,4817.0,0
0,7183,7183.0,2153.0,5783.0,1
1,12000,1400.0,1826.0,5180.0,0
2,6820,6820.0,1726.0,4286.0,0
0,2534,2534.0,1849.0,4832.0,1
1,12000,0.0,1584.0,4521.0,0
2,7479,7479.0,1700.0,4744.0,0
0,2735,2735.0,2018.0,5472.0,1
1,12000,0.0,2617.0,6555.0,0
0,5445,5445.0,2289.0,6052.0,1
1,12000,0.0,1976.0,5209.0,0
2,6791,6791.0,1741.0,4464.0,0
0,2327,2327.0,1608.0,4106.0,1
1,12000,0.0,1905.0,4862.0,0
2,7138,7138.0,1831.0,4719.0,0
0,2419,2419.0,2102.0,5219.0,1
1,12000,0.0,2183.0,5862.0,0
0,6138,6138.0,1760.0,4573.0,1
1,12000,1565.0,1959.0,5233.0,0
2,6767,6767.0,1708.0,4546.0,0
0,2221,2221.0,1720.0,4629.0,1
1,12000,0.0,1781.0,4808.0,0
0,7192,7192.0,2255.0,6210.0,1
1,12000,982.0,1820.0,4840.0,0
2,7160,7160.0,1685.0,4421.0,0
0,2739,2739.0,1714.0,4607.0,1
1,12000,0.0,1355.0,3844.0,0
2,8156,8156.0,1861.0,5015.0,0
0,3141,3141.0,1985.0,5075.0,1
1,12000,0.0,2473.0,6104.0,0
0,5896,5896.0,2008.0,5567.0,1
1,12000,329.0,1710.0,4711.0,0
2,7289,7289.0,1654.0,4484.0,0
0,2805,2805.0,1672.0,4470.0,1
1,12000,0.0,1831.0,4553.0,0
2,7447,7447.0,1872.0,5166.0,0
0,2281,2281.0,1962.0,5379.0,1
1,12000,0.0,2213.0,5593.0,0
2,6407,6407.0,1708.0,4228.0,0
0,2179,2179.0,1789.0,4899.0,1
1,12000,0.0,1551.0,4229.0,0
2,7771,7771.0,1787.0,5093.0,0
0,2678,2678.0,2188.0,5428.0,1
1,12000,0.0,2520.0,6394.0,0
0,5606,5606.0,2035.0,5317.0,1
1,12000,289.0,1714.0,4761.0,0
2,7239,7239.0,1730.0,4409.0,0
0,2830,2830.0,1430.0,3945.0,1
1,12000,0.0,1757.0,4603.0,0
2,7397,7397.0,1768.0,4374.0,0
0,3023,3023.0,2110.0,6025.0,1
1,12000,0.0,2155.0,5802.0,0
0,6198,6198.0,1646.0,4358.0,1
1,12000,1840.0,1647.0,4705.0,0
2,7295,7295.0,1763.0,4565.0,0
0,2730,2730.0,2168.0,5448.0,1
1,12000,0.0,2125.0,5563.0,0
0,6437,6437.0,2425.0,6084.0,1
1,12000,353.0,2420.0,6119.0,0
0,5881,5881.0,1451.0,4121.0,1
1,12000,1760.0,2036.0,5194.0,0
0,6806,6806.0,1952.0,5206.0,1
1,12000,1600.0,1967.0,4856.0,0
0,7144,7144.0,2342.0,5942.0,1
1,12000,1202.0,2087.0,5679.0,0
0,6321,6321.0,2326.0,5675.0,1
1,12000,646.0,2041.0,5194.0,0
2,6806,6806.0,1931.0,4723.0,0
0,2083,2083.0,2141.0,5449.0,1
1,12000,0.0,1936.0,5131.0,0
0,6869,6869.0,2012.0,5266.0,1
1,12000,1603.0,2441.0,6867.0,0
0,5133,5133.0,2082.0,5868.0,1
1,12000,0.0,1746.0,4692.0,0
2,7308,7308.0,1702.0,4857.0,0
0,2451,2451.0,2151.0,5302.0,1
1,12000,0.0,1728.0,4881.0,0
0,7119,7119.0,2005.0,5526.0,1
1,12000,1593.0,2279.0,6257.0,0
0,5743,5743.0,2084.0,5695.0,1
1,12000,48.0,1830.0,4816.0,0
2,7184,7184.0,1942.0,5108.0,0
0,2076,2076.0,1802.0,4901.0,1
1,12000,0.0,1788.0,4571.0,0
0,7429,7429.0,2128.0,5787.0,1
1,12000,1642.0,2407.0,6814.0,0
0,5186,5186.0,2534.0,6478.0,1
1,12000,0.0,1761.0,4411.0,0
2,7589,7589.0,2040.0,5434.0,0
0,2155,2155.0,1837.0,4553.0,1
1,12000,0.0,1916.0,4978.0,0
0,7022,7022.0,2264.0,5582.0,1
1,12000,1440.0,2430.0,6175.0,0
0,5825,5825.0,2212.0,6029.0,1
1,12000,0.0,1964.0,4941.0,0
2,7059,7059.0,1732.0,4946.0,0
0,2113,2113.0,1784.0,4664.0,1
1,12000,0.0,1949.0,5500.0,0
0,6500,6500.0,2093.0,5773.0,1
1,12000,727.0,2287.0,5629.0,0
0,6371,6371.0,2062.0,5708.0,1
1,12000,663.0,1826.0,4661.0,0
2,7339,7339.0,1862.0,5222.0,0
0,2117,2117.0,2038.0,5037.0,1
1,12000,0.0,1797.0,4988.0,0
0,7012,7012.0,1998.0,5605.0,1
1,12000,1407.0,2419.0,6812.0,0
0,5188,5188.0,2173.0,5610.0,1
1,12000,0.0,1619.0,4342.0,0
2,7658,7658.0,1955.0,5236.0,0
0,2422,2422.0,1990.0,5377.0,1
1,12000,0.0,1893.0,5151.0,0
0,6849,6849.0,2006.0,5476.0,1
1,12000,1373.0,2668.0,6657.0,0
0,5343,5343.0,2502.0,6324.0,1
1,12000,0.0,1834.0,4798.0,0
2,7202,7202.0,1780.0,4763.0,0
0,2439,2439.0,1757.0,4710.0,1
1,12000,0.0,1818.0,4582.0,0
2,7418,7418.0,1870.0,5326.0,0
0,2092,2092.0,2163.0,6170.0,1
1,12000,0.0,2308.0,6135.0,0
0,5865,5865.0,1793.0,5095.0,1
1,12000,770.0,2007.0,5114.0,0
2,6886,6886.0,1800.0,4409.0,0
0,2477,2477.0,1796.0,5118.0,1
1,12000,0.0,2243.0,5772.0,0
0,6228,6228.0,2230.0,5763.0,1
1,12000,465.0,2330.0,6271.0,0
0,5729,5729.0,1681.0,4705.0,1
1,12000,1024.0,1965.0,5009.0,0
2,6991,6991.0,1816.0,4591.0,0
0,2400,2400.0,2009.0,5081.0,1
1,12000,0.0,1952.0,5071.0,0
0,6929,6929.0,2595.0,6862.0,1
1,12000,67.0,2196.0,5965.0,0
0,6035,6035.0,1818.0,4659.0,1
1,12000,1376.0,1987.0,5212.0,0
0,6788,6788.0,2012.0,5193.0,1
1,12000,1595.0,1799.0,5007.0,0
2,6993,6993.0,1747.0,4847.0,0
0,2146,2146.0,2449.0,6682.0,1
1,12000,0.0,2074.0,5619.0,0
0,6381,6381.0,1650.0,4460.0,1
1,12000,1921.0,1695.0,4792.0,0
2,7208,7208.0,1433.0,3526.0,0
0,3682,3682.0,1463.0,3789.0,1
1,12000,0.0,1616.0,4414.0,0
2,7586,7586.0,1864.0,4698.0,0
0,2888,2888.0,1866.0,5068.0,1
1,12000,0.0,1467.0,3960.0,0
2,8040,8040.0,1400.0,3978.0,0
0,4062,4062.0,1504.0,3834.0,1
1,12000,228.0,1644.0,4436.0,0
2,7564,7564.0,1689.0,4307.0,0
0,3257,3257.0,1817.0,5091.0,1
1,12000,0.0,1771.0,4648.0,0
2,7352,7352.0,1583.0,4053.0,0
0,3299,3299.0,1516.0,3771.0,1
1,12000,0.0,1312.76,3489.0,0
2,8511,8511.0,1484.0,4062.0,0
0,4449,4449.0,1916.0,5050.0,1
1,12000,0.0,1575.0,4502.0,0
2,7498,7498.0,1567.0,4342.0,0
0,3156,3156.0,1312.76,3552.0,1
1,12000,0.0,1419.0,3902.0,0
2,8098,8098.0,1408.0,3943.0,0
0,4155,4155.0,1495.0,4168.0,1
1,12000,0.0,1778.0,4474.0,0
2,7526,7526.0,2126.0,5195.0,0
0,2331,2331.0,1799.0,4420.0,1
1,12000,0.0,1394.0,3480.52,0
2,8526,8526.0,1703.0,4294.0,0
0,4232,4232.0,1693.0,4242.0,1
1,12000,0.0,1793.0,4444.0,0
2,7556,7556.0,1810.0,4691.0,0
0,2865,2865.0,2200.0,5785.0,1
1,12000,0.0,1847.0,4772.0,0
2,7228,7228.0,1620.0,3986.0,0
0,3242,3242.0,1523.0,4314.0,1
1,12000,0.0,1808.0,4411.0,0
2,7589,7589.0,1657.0,4062.0,0
0,3527,3527.0,1782.0,4772.0,1
1,12000,0.0,2224.0,5781.0,0
0,6219,6219.0,2102.0,5526.0,1
1,12000,693.0,1423.0,3588.0,0
2,8412,8412.0,1473.0,4079.0,0
0,4333,4333.0,1528.0,4175.0,1
1,12000,158.0,1420.0,4045.0,0
2,7955,7955.0,1571.0,4487.0,0
0,3468,3468.0,1875.0,4982.0,1
1,12000,0.0,1864.0,5010.0,0
2,6990,6990.0,1638.0,4270.0,0
0,2720,2720.0,1402.0,3801.0,1
1,12000,0.0,1663.0,4223.0,0
2,7777,7777.0,1315.0,3752.0,0
0,4025,4025.0,1964.0,4888.0,1
1,12000,0.0,2055.0,5125.0,0
0,6875,6875.0,1793.0,4968.0,1
1,12000,1907.0,1312.76,3480.52,0
2,8604,8604.0,1529.0,4279.0,0
0,4325,4325.0,1328.0,3653.0,1
1,12000,672.0,1330.0,3775.0,0
2,8225,8225.0,1572.0,4258.0,0
0,3967,3967.0,2043.0,5188.0,1
1,12000,0.0,2110.0,5372.0,0
2,6628,6628.0,1692.0,4140.0,0
0,2488,2488.0,1552.0,4213.0,1
1,12000,0.0,1587.0,4309.0,0
2,7691,7691.0,1414.0,3999.0,0
0,3692,3692.0,1621.0,4096.0,1
1,12000,0.0,1658.0,4187.0,0
0,7813,7813.0,2191.0,5928.0,1
1,12000,1885.0,1359.0,3480.52,0
2,8529,8529.0,1330.0,3480.52,0
0,5094,5094.0,1507.0,3834.0,1
1,12000,1260.0,1680.0,4322.0,0
2,7678,7678.0,1544.0,4088.0,0
0,3590,3590.0,1825.0,4724.0,1
1,12000,0.0,1962.0,4829.0,0
2,7171,7171.0,1451.0,4013.0,0
0,3158,3158.0,1711.0,4219.0,1
1,12000,0.0,1526.0,3956.0,0
2,8044,8044.0,1887.0,4926.0,0
0,3118,3118.0,1510.0,3959.0,1
1,12000,0.0,1903.0,5080.0,0
2,6920,6920.0,1754.0,4895.0,0
0,2025,2025.0,1488.0,3730.0,1
1,12000,0.0,1788.0,4386.0,0
2,7614,7614.0,1447.0,4107.0,0
0,3507,3507.0,1789.0,4657.0,1
1,12000,0.0,1493.0,3942.0,0
2,8058,8058.0,1863.0,4853.0,0
0,3205,3205.0,1970.0,4926.0,1
1,12000,0.0,1534.0,3959.0,0
2,8041,8041.0,1587.0,3922.0,0
0,4119,4119.0,1432.0,3660.0,1
1,12000,459.0,1832.0,4651.0,0
2,7349,7349.0,2025.0,5223.0,0
0,2126,2126.0,2117.0,5920.0,1
1,12000,0.0,1881.0,5294.0,0
2,6706,6706.0,1695.0,4496.0,0
0,2210,2210.0,1782.0,4482.0,1
1,12000,0.0,1804.0,4460.0,0
2,7540,7540.0,1786.0,4656.0,0
0,2884,2884.0,1933.0,5190.0,1
1,12000,0.0,2388.0,6820.0,0
0,5180,5180.0,2253.0,5892.0,1
1,12000,0.0,1836.0,4637.0,0
2,7363,7363.0,1707.0,4504.0,0
0,2859,2859.0,1722.0,4328.0,1
1,12000,0.0,1640.0,4395.0,0
0,7605,7605.0,2161.0,5644.0,1
1,12000,1961.0,2358.0,5955.0,0
0,6045,6045.0,2244.0,5633.0,1
1,12000,412.0,1717.0,4850.0,0
2,7150,7150.0,1677.0,4396.0,0
0,2754,2754.0,1928.0,4804.0,1
1,12000,0.0,1668.0,4723.0,0
2,7277,7277.0,1920.0,5121.0,0
0,2156,2156.0,2239.0,6173.0,1
1,12000,0.0,1991.0,5487.0,0
2,6513,6513.0,1571.0,4322.0,0
0,2191,2191.0,1788.0,4538.0,1
1,12000,0.0,1709.0,4274.0,0
2,7726,7726.0,1744.0,4439.0,0
0,3287,3287.0,1804.0,4953.0,1
1,12000,0.0,2475.0,6350.0,0
0,5650,5650.0,2591.0,6550.0,1
1,12000,0.0,1771.0,4822.0,0
0,7178,7178.0,2077.0,5323.0,1
1,12000,1855.0,2005.0,5310.0,0
0,6690,6690.0,1969.0,5604.0,1
1,12000,1086.0,2366.0,5776.0,0
0,6224,6224.0,2329.0,6235.0,1
1,12000,0.0,2343.0,6392.0,0
0,5608,5608.0,1691.0,4710.0,1
1,12000,898.0,1955.0,4960.0,0
0,7040,7040.0,2173.0,5527.0,1
1,12000,1513.0,2010.0,5232.0,0
0,6768,6768.0,2258.0,5523.0,1
1,12000,1245.0,2620.0,6595.0,0
0,5405,5405.0,2447.0,6306.0,1
1,12000,0.0,1992.0,4868.0,0
2,7132,7132.0,1791.0,4570.0,0
0,2562,2562.0,2095.0,5309.0,1
1,12000,0.0,2203.0,5425.0,0
0,6575,6575.0,2411.0,6597.0,1
1,12000,0.0,2446.0,6153.0,0
0,5847,5847.0,2616.0,6458.0,1
1,12000,0.0,2126.0,5762.0,0
0,6238,6238.0,1865.0,5303.0,1
1,12000,935.0,1809.0,4932.0,0
0,7068,7068.0,2143.0,5633.0,1
1,12000,1435.0,2021.0,5738.0,0
0,6262,6262.0,2410.0,6487.0,1
1,12000,0.0,2416.0,6642.0,0
0,5358,5358.0,2061.0,5736.0,1
1,12000,0.0,1747.0,4808.0,0
2,7192,7192.0,1684.0,4662.0,0
0,2530,2530.0,2085.0,5626.0,1
1,12000,0.0,2347.0,6173.0,0
0,5827,5827.0,2625.0,6843.0,1
1,12000,0.0,2369.0,5975.0,0
0,6025,6025.0,1808.0,4782.0,1
1,12000,1243.0,2072.0,5245.0,0
0,6755,6755.0,2033.0,5558.0,1
1,12000,1197.0,2154.0,5513.0,0
0,6487,6487.0,2225.0,5998.0,1
1,12000,489.0,2547.0,6911.0,0
0,5089,5089.0,2605.0,6642.0,1
1,12000,0.0,1997.0,5256.0,0
0,6744,6744.0,1905.0,5097.0,1
1,12000,1647.0,1926.0,5349.0,0
0,6651,6651.0,1934.0,5159.0,1
1,12000,1492.0,2305.0,6490.0,0
0,5510,5510.0,2591.0,6411.0,1
1,12000,0.0,2508.0,6396.0,0
0,5604,5604.0,1942.0,5391.0,1
1,12000,213.0,2089.0,5122.0,0
0,6878,6878.0,1911.0,4916.0,1
1,12000,1962.0,2110.0,5805.0,0
0,6195,6195.0,2089.0,5181.0,1
1,12000,1014.0,2527.0,7196.0,0
0,4804,4804.0,2288.0,6361.0,1
1,12000,0.0,2183.0,5500.0,0
0,6500,6500.0,2237.0,5611.0,1
1,12000,889.0,2053.0,5106.0,0
0,6894,6894.0,1961.0,4927.0,1
1,12000,1967.0,1791.0,4667.0,0
0,7333,7333.0,2245.0,5878.0,1
1,12000,1455.0,2148.0,5270.0,0
2,6730,6730.0,1495.0,3799.0,0
0,2931,2931.0,1845.0,4888.0,1
1,12000,0.0,1755.0,4708.0,0
2,7292,7292.0,1811.0,4459.0,0
0,2833,2833.0,1900.0,5016.0,1
1,12000,0.0,2368.0,6649.0,0
0,5351,5351.0,1921.0,5264.0,1
1,12000,87.0,1537.0,4318.0,0
2,7682,7682.0,1854.0,4850.0,0
0,2832,2832.0,1739.0,4433.0,1
1,12000,0.0,1840.0,5119.0,0
0,6881,6881.0,2017.0,4938.0,1
1,12000,1943.0,2227.0,6054.0,0
0,5946,5946.0,2228.0,5826.0,1
1,12000,120.0,1687.0,4313.0,0
2,7687,7687.0,1933.0,5129.0,0
0,2558,2558.0,1699.0,4392.0,1
1,12000,0.0,1767.0,4456.0,0
2,7544,7544.0,1811.0,5163.0,0
0,2381,2381.0,2534.0,6465.0,1
1,12000,0.0,2391.0,5968.0,0
2,6032,6032.0,1630.0,4032.0,0
0,2000,2000.0,1947.0,4851.0,1
1,12000,0.0,1543.0,4148.0,0
2,7852,7852.0,1912.0,5200.0,0
0,2652,2652.0,2217.0,5440.0,1
1,12000,0.0,2187.0,6088.0,0
0,5912,5912.0,2218.0,5809.0,1
1,12000,103.0,1569.0,4067.0,0
2,7933,7933.0,2022.0,4938.0,0
0,2995,2995.0,1726.0,4366.0,1
1,12000,0.0,1964.0,5511.0,0
0,6489,6489.0,1951.0,5167.0,1
1,12000,1322.0,2569.0,6390.0,0
0,5610,5610.0,1882.0,5294.0,1
1,12000,316.0,1698.0,4633.0,0
2,7367,7367.0,1653.0,4445.0,0
0,2922,2922.0,1855.0,4814.0,1
1,12000,0.0,1609.0,4582.0,0
2,7418,7418.0,2002.0,5181.0,0
0,2237,2237.0,2102.0,5913.0,1
1,12000,0.0,2448.0,6243.0,0
0,5757,5757.0,1771.0,4824.0,1
1,12000,933.0,1787.0,4749.0,0
2,7251,7251.0,1885.0,5085.0,0
0,2166,2166.0,2035.0,5344.0,1
1,12000,0.0,2094.0,5246.0,0
0,6754,6754.0,1910.0,5427.0,1
1,12000,1327.0,2253.0,5624.0,0
0,6376,6376.0,1914.0,4752.0,1
1,12000,1624.0,1744.0,4578.0,0
2,7422,7422.0,1676.0,4596.0,0
0,2826,2826.0,2018.0,5104.0,1
1,12000,0.0,2088.0,5337.0,0
0,6663,6663.0,2179.0,6193.0,1
1,12000,470.0,2638.0,6446.0,0
0,5554,5554.0,1733.0,4501.0,1
1,12000,1053.0,1892.0,4635.0,0
2,7365,7365.0,1955.0,5033.0,0
0,2332,2332.0,1880.0,4750.0,1
1,12000,0.0,2056.0,5168.0,0
0,6832,6832.0,2424.0,6063.0,1
1,12000,769.0,2362.0,5937.0,0
0,6063,6063.0,1817.0,4685.0,1
1,12000,1378.0,2031.0,5147.0,0
2,6853,6853.0,1869.0,4639.0,0
0,2214,2214.0,1859.0,4577.0,1
1,12000,0.0,2089.0,5208.0,0
0,6792,6792.0,2648.0,6516.0,1
1,12000,276.0,2092.0,5491.0,0
2,6509,6509.0,1611.0,4339.0,0
0,2170,2170.0,1726.0,4310.0,1
1,12000,0.0,1677.0,4340.0,0
2,7660,7660.0,2033.0,5097.0,0
0,2563,2563.0,2125.0,5442.0,1
1,12000,0.0,2412.0,6328.0,0
0,5672,5672.0,2133.0,5927.0,1
1,12000,0.0,1547.0,4414.0,0
2,7586,7586.0,1693.0,4823.0,0
0,2763,2763.0,1562.0,4396.0,1
1,12000,0.0,1857.0,4618.0,0
0,7382,7382.0,2055.0,5484.0,1
1,12000,1898.0,2250.0,6126.0,0
0,5874,5874.0,2031.0,5502.0,1
1,12000,372.0,1956.0,5003.0,0
2,6997,6997.0,1901.0,4763.0,0
0,2234,2234.0,1874.0,4884.0,1
1,12000,0.0,2046.0,5627.0,0
0,6373,6373.0,2016.0,5557.0,1
1,12000,816.0,2346.0,6225.0,0
0,5775,5775.0,2162.0,5723.0,1
1,12000,52.0,2111.0,5220.0,0
0,6780,6780.0,2042.0,5248.0,1
1,12000,1532.0,1959.0,4916.0,0
2,7084,7084.0,1857.0,4979.0,0
0,2105,2105.0,2124.0,5887.0,1
1,12000,0.0,2387.0,6454.0,0
0,5546,5546.0,2274.0,5551.0,1
1,12000,0.0,1955.0,4812.0,0
2,7188,7188.0,1796.0,5004.0,0
0,2184,2184.0,1881.0,5118.0,1
1,12000,0.0,1856.0,4878.0,0
0,7122,7122.0,2237.0,5845.0,1
1,12000,1277.0,2429.0,6592.0,0
0,5408,5408.0,2226.0,6013.0,1
1,12000,0.0,1877.0,5231.0,0
0,6769,6769.0,1825.0,4893.0,1
1,12000,1876.0,1749.0,4664.0,0
2,7336,7336.0,1744.0,4803.0,0
0,2533,2533.0,2029.0,5711.0,1
1,12000,0.0,2792.0,6964.0,0
0,5036,5036.0,2346.0,6385.0,1
1,12000,0.0,1858.0,5303.0,0
0,6697,6697.0,2008.0,5010.0,1
1,12000,1687.0,1855.0,4976.0,0
0,7024,7024.0,2346.0,5732.0,1
1,12000,1292.0,2463.0,6321.0,0
0,5679,5679.0,2092.0,5871.0,1
1,12000,0.0,2712.0,6641.0,0
0,5359,5359.0,1812.0,4823.0,1
1,12000,536.0,2071.0,5106.0,0
0,6894,6894.0,1918.0,5150.0,1
1,12000,1744.0,1821.0,5010.0,0
0,6990,6990.0,2483.0,6251.0,1
1,12000,739.0,2612.0,7255.0,0
0,4745,4745.0,2546.0,6331.0,1
1,12000,0.0,1888.0,4719.0,0
0,7281,7281.0,2218.0,5527.0,1
1,12000,1754.0,2279.0,5576.0,0
0,6424,6424.0,2028.0,5589.0,1
1,12000,835.0,1850.0,5119.0,0
0,6881,6881.0,2438.0,6819.0,1
1,12000,62.0,2510.0,6160.0,0
0,5840,5840.0,1770.0,4839.0,1
1,12000,1001.0,1835.0,5230.0,0
0,6770,6770.0,1988.0,5085.0,1
1,12000,1685.0,2063.0,5144.0,0
0,6856,6856.0,2143.0,5447.0,1
1,12000,1409.0,2494.0,6733.0,0
0,5267,5267.0,2360.0,5964.0,1
1,12000,0.0,1742.0,4270.0,0
2,7730,7730.0,2243.0,5597.0,0
0,2133,2133.0,2063.0,5207.0,1
1,12000,0.0,1995.0,5345.0,0
0,6655,6655.0,2096.0,5455.0,1
1,12000,1200.0,2536.0,6207.0,0
0,5793,5793.0,2281.0,6152.0,1
1,12000,0.0,1610.0,4349.0,0
2,7651,7651.0,2021.0,4946.0,0
0,2705,2705.0,1848.0,4657.0,1
1,12000,0.0,1856.0,5237.0,0
0,6763,6763.0,2101.0,5959.0,1
1,12000,804.0,2565.0,6879.0,0
0,5121,5121.0,2038.0,5778.0,1
1,12000,0.0,1894.0,5167.0,0
0,6833,6833.0,2024.0,5419.0,1
1,12000,1414.0,1806.0,4671.0,0
2,7329,7329.0,1785.0,4874.0,0
0,2455,2455.0,2025.0,5296.0,1
1,12000,0.0,2394.0,5861.0,0
0,6139,6139.0,2365.0,6141.0,1
1,12000,0.0,1946.0,5049.0,0
0,6951,6951.0,2170.0,5540.0,1
1,12000,1411.0,1867.0,5250.0,0
0,6750,6750.0,1975.0,5366.0,1
1,12000,1384.0,2144.0,5474.0,0
0,6526,6526.0,2736.0,7216.0,1
1,12000,0.0,2438.0,6085.0,0
0,5915,5915.0,1741.0,4560.0,1
1,12000,1355.0,1633.0,4560.0,0
2,7440,7440.0,2014.0,5225.0,0
0,2215,2215.0,2386.0,5865.0,1
1,12000,0.0,2198.0,5490.0,0
0,6510,6510.0,2207.0,6028.0,1
1,12000,482.0,2418.0,6581.0,0
0,5419,5419.0,1838.0,4773.0,1
1,12000,646.0,1755.0,4590.0,0
2,7410,7410.0,1653.0,4669.0,0
0,2741,2741.0,1672.0,4508.0,1
1,12000,0.0,1616.0,4435.0,0
2,7565,7565.0,1783.0,4991.0,0
0,2574,2574.0,1874.0,4766.0,1
1,12000,0.0,1466.0,4169.0,0
2,7831,7831.0,1588.0,3957.0,0
0,3874,3874.0,1420.0,3788.0,1
1,12000,86.0,1715.0,4247.0,0
2,7753,7753.0,1647.0,4412.0,0
0,3341,3341.0,2072.0,5058.0,1
1,12000,0.0,1926.0,4766.0,0
2,7234,7234.0,1657.0,4447.0,0
0,2787,2787.0,1555.0,4038.0,1
1,12000,0.0,1511.0,3848.0,0
2,8152,8152.0,1563.0,4222.0,0
0,3930,3930.0,1752.0,4511.0,1
1,12000,0.0,1941.0,4755.0,0
2,7245,7245.0,1851.0,5006.0,0
0,2239,2239.0,1644.0,4085.0,1
1,12000,0.0,1655.0,4219.0,0
2,7781,7781.0,1555.0,4012.0,0
0,3769,3769.0,1949.0,4787.0,1
1,12000,0.0,1961.0,4799.0,0
2,7201,7201.0,1683.0,4430.0,0
0,2771,2771.0,2011.0,5188.0,1
1,12000,0.0,1370.0,3855.0,0
2,8145,8145.0,1770.0,4804.0,0
0,3341,3341.0,1584.0,4235.0,1
1,12000,0.0,1662.0,4095.0,0
2,7905,7905.0,1810.0,4746.0,0
0,3159,3159.0,1918.0,5267.0,1
1,12000,0.0,1896.0,4909.0,0
2,7091,7091.0,1551.0,3983.0,0
0,3108,3108.0,1531.0,4211.0,1
1,12000,0.0,1636.0,4070.0,0
2,7930,7930.0,1614.0,4352.0,0
0,3578,3578.0,1743.0,4339.0,1
1,12000,0.0,2117.0,5742.0,0
0,6258,6258.0,2010.0,5011.0,1
1,12000,1247.0,1424.0,3872.0,0
2,8128,8128.0,1578.0,4100.0,0
0,4028,4028.0,1687.0,4643.0,1
1,12000,0.0,1545.0,4294.0,0
2,7706,7706.0,1739.0,4700.0,0
0,3006,3006.0,1970.0,5439.0,1
1,12000,0.0,1706.0,4747.0,0
2,7253,7253.0,1517.0,3767.0,0
0,3486,3486.0,1797.0,4402.0,1
1,12000,0.0,1438.0,3972.0,0
2,8028,8028.0,1592.0,4209.0,0
0,3819,3819.0,1535.0,4051.0,1
1,12000,0.0,1751.0,4790.0,0
2,7210,7210.0,1773.0,4842.0,0
0,2368,2368.0,1522.0,3776.0,1
1,12000,0.0,1570.0,3831.0,0
2,8169,8169.0,1587.0,4264.0,0
0,3905,3905.0,1488.0,3997.0,1
1,12000,0.0,1856.0,4625.0,0
2,7375,7375.0,1963.0,5088.0,0
0,2287,2287.0,1771.0,4604.0,1
1,12000,0.0,1357.0,3678.0,0
2,8322,8322.0,1606.0,4299.0,0
0,4023,4023.0,1551.0,3838.0,1
1,12000,185.0,1843.0,4647.0,0
2,7353,7353.0,1584.0,3963.0,0
0,3390,3390.0,2109.0,5599.0,1
1,12000,0.0,2054.0,5774.0,0
2,6226,6226.0,1619.0,4213.0,0
0,2013,2013.0,1540.0,4210.0,1
1,12000,0.0,1608.0,4208.0,0
2,7792,7792.0,1385.0,3697.0,0
0,4095,4095.0,1642.0,4044.0,1
1,12000,51.0,1980.0,5541.0,0
0,6459,6459.0,1627.0,4510.0,1
1,12000,1949.0,1573.0,4013.0,0
2,7987,7987.0,1574.0,4414.0,0
0,3573,3573.0,1600.0,4261.0,1
1,12000,0.0,1583.0,4192.0,0
2,7808,7808.0,1724.0,4572.0,0
0,3236,3236.0,2118.0,5337.0,1
1,12000,0.0,2181.0,5727.0,0
2,6273,6273.0,1493.0,4098.0,0
0,2175,2175.0,1548.0,4179.0,1
1,12000,0.0,1346.0,3554.0,0
2,8446,8446.0,1851.0,4571.0,0
0,3875,3875.0,1766.0,4361.0,1
1,12000,0.0,2293.0,5855.0,0
0,6145,6145.0,1962.0,4975.0,1
1,12000,1170.0,1533.0,3992.0,0
2,8008,8008.0,1440.0,3594.0,0
0,4414,4414.0,1506.0,3866.0,1
1,12000,548.0,1861.0,4631.0,0
2,7369,7369.0,2180.0,5355.0,0
0,2014,2014.0,2559.0,6364.0,1
1,12000,0.0,1937.0,5417.0,0
0,6583,6583.0,1829.0,4767.0,1
1,12000,1816.0,1700.0,4169.0,0
2,7831,7831.0,1754.0,4740.0,0
0,3091,3091.0,1791.0,4910.0,1
1,12000,0.0,1992.0,5503.0,0
0,6497,6497.0,2200.0,6268.0,1
1,12000,229.0,2237.0,5987.0,0
0,6013,6013.0,1584.0,4019.0,1
1,12000,1994.0,1923.0,4924.0,0
2,7076,7076.0,1871.0,4932.0,0
0,2144,2144.0,1649.0,4359.0,1
1,12000,0.0,2079.0,5222.0,0
0,6778,6778.0,2312.0,5973.0,1
1,12000,805.0,2380.0,5853.0,0
0,6147,6147.0,1910.0,4840.0,1
1,12000,1307.0,1926.0,5005.0,0
2,6995,6995.0,1584.0,4237.0,0
0,2758,2758.0,2136.0,5516.0,1
1,12000,0.0,2101.0,5133.0,0
0,6867,6867.0,1966.0,5519.0,1
1,12000,1348.0,1960.0,4923.0,0
2,7077,7077.0,1488.0,4205.0,0
0,2872,2872.0,1836.0,4574.0,1
1,12000,0.0,1671.0,4643.0,0
2,7357,7357.0,1725.0,4792.0,0
0,2565,2565.0,1764.0,4909.0,1
1,12000,0.0,2406.0,6140.0,0
0,5860,5860.0,2772.0,7034.0,1
1,12000,0.0,1880.0,5082.0,0
0,6918,6918.0,1949.0,5113.0,1
1,12000,1805.0,2164.0,5398.0,0
0,6602,6602.0,2318.0,5830.0,1
1,12000,772.0,2284.0,6280.0,0
0,5720,5720.0,2551.0,6973.0,1
1,12000,0.0,2386.0,6694.0,0
0,5306,5306.0,2155.0,5422.0,1
1,12000,0.0,1941.0,5525.0,0
0,6475,6475.0,1763.0,4569.0,1
1,12000,1906.0,1954.0,5573.0,0
0,6427,6427.0,2322.0,6035.0,1
1,12000,392.0,2533.0,7194.0,0
0,4806,4806.0,2725.0,7190.0,1
1,12000,0.0,1992.0,5320.0,0
0,6680,6680.0,1914.0,4997.0,1
1,12000,1683.0,2316.0,5721.0,0
0,6279,6279.0,2014.0,5096.0,1
1,12000,1183.0,2128.0,6039.0,0
0,5961,5961.0,2531.0,7048.0,1
1,12000,0.0,2656.0,6882.0,0
0,5118,5118.0,2221.0,5748.0,1
1,12000,0.0,1923.0,5321.0,0
0,6679,6679.0,2146.0,5255.0,1
1,12000,1424.0,2065.0,5740.0,0
0,6260,6260.0,2419.0,6332.0,1
1,12000,0.0,2308.0,6276.0,0
0,5724,5724.0,2484.0,6496.0,1
1,12000,0.0,1822.0,4824.0,0
0,7176,7176.0,2109.0,5662.0,1
1,12000,1514.0,2153.0,5277.0,0
0,6723,6723.0,2019.0,5711.0,1
1,12000,1012.0,2034.0,5702.0,0
0,6298,6298.0,2369.0,6584.0,1
1,12000,0.0,2302.0,6009.0,0
0,5991,5991.0,2069.0,5257.0,1
1,12000,734.0,2109.0,5472.0,0
0,6528,6528.0,2055.0,5256.0,1
1,12000,1272.0,2004.0,5676.0,0
0,6324,6324.0,2258.0,5884.0,1
1,12000,440.0,2438.0,6527.0,0
0,5473,5473.0,2391.0,6213.0,1
1,12000,0.0,2051.0,5357.0,0
0,6643,6643.0,1970.0,5181.0,1
1,12000,1462.0,1769.0,4921.0,0
0,7079,7079.0,2133.0,5826.0,1
1,12000,1253.0,2433.0,6031.0,0
0,5969,5969.0,2344.0,6578.0,1
1,12000,0.0,2365.0,6621.0,0
0,5379,5379.0,1940.0,5362.0,1
1,12000,17.0,2061.0,5489.0,0
0,6511,6511.0,1897.0,4758.0,1
1,12000,1753.0,2251.0,5667.0,0
0,6333,6333.0,2205.0,5788.0,1
1,12000,545.0,2487.0,7004.0,0
0,4996,4996.0,2540.0,6618.0,1
1,12000,0.0,1975.0,5213.0,0
0,6787,6787.0,1993.0,5506.0,1
1,12000,1281.0,2109.0,5259.0,0
0,6741,6741.0,1853.0,5153.0,1
1,12000,1588.0,2006.0,5233.0,0
0,6767,6767.0,2560.0,6406.0,1
1,12000,361.0,1888.0,5296.0,0
2,6704,6704.0,1592.0,4263.0,0
0,2441,2441.0,2052.0,5140.0,1
1,12000,0.0,1867.0,4936.0,0
2,7064,7064.0,1871.0,4869.0,0
0,2195,2195.0,2083.0,5370.0,1
1,12000,0.0,2567.0,6542.0,0
0,5458,5458.0,1940.0,5333.0,1
1,12000,125.0,1556.0,4321.0,0
2,7679,7679.0,1852.0,4902.0,0
0,2777,2777.0,1566.0,4389.0,1
1,12000,0.0,1995.0,4950.0,0
0,7050,7050.0,2026.0,5716.0,1
1,12000,1334.0,2079.0,5844.0,0
0,6156,6156.0,2164.0,5563.0,1
1,12000,593.0,1764.0,4697.0,0
2,7303,7303.0,1970.0,4926.0,0
0,2377,2377.0,1674.0,4618.0,1
1,12000,0.0,1750.0,4537.0,0
0,7463,7463.0,2115.0,5762.0,1
1,12000,1701.0,2103.0,5577.0,0
0,6423,6423.0,2066.0,5668.0,1
1,12000,755.0,1653.0,4359.0,0
2,7641,7641.0,1763.0,4325.0,0
0,3316,3316.0,1593.0,4390.0,1
1,12000,0.0,2000.0,5364.0,0
0,6636,6636.0,1934.0,5408.0,1
1,12000,1228.0,2251.0,5946.0,0
0,6054,6054.0,2231.0,5965.0,1
1,12000,89.0,1749.0,4387.0,0
2,7613,7613.0,1892.0,4831.0,0
0,2782,2782.0,1857.0,4755.0,1
1,12000,0.0,1955.0,4811.0,0
0,7189,7189.0,1988.0,5264.0,1
1,12000,1925.0,2316.0,6174.0,0
0,5826,5826.0,2130.0,5865.0,1
1,12000,0.0,1668.0,4702.0,0
2,7298,7298.0,1749.0,4698.0,0
0,2600,2600.0,1679.0,4778.0,1
1,12000,0.0,2003.0,5210.0,0
0,6790,6790.0,1912.0,5263.0,1
1,12000,1527.0,2435.0,6389.0,0
0,5611,5611.0,2212.0,5708.0,1
1,12000,0.0,1592.0,4541.0,0
2,7459,7459.0,1943.0,5062.0,0
0,2397,2397.0,1830.0,4996.0,1
1,12000,0.0,1942.0,5187.0,0
0,6813,6813.0,1923.0,5306.0,1
1,12000,1507.0,2249.0,5961.0,0
0,6039,6039.0,2111.0,5791.0,1
1,12000,248.0,1726.0,4423.0,0
2,7577,7577.0,1759.0,4925.0,0
0,2652,2652.0,1660.0,4630.0,1
1,12000,0.0,1678.0,4735.0,0
2,7265,7265.0,1761.0,4816.0,0
0,2449,2449.0,2104.0,5808.0,1
1,12000,0.0,1916.0,5375.0,0
0,6625,6625.0,1938.0,4795.0,1
1,12000,1830.0,2053.0,5070.0,0
0,6930,6930.0,1872.0,5002.0,1
1,12000,1928.0,1844.0,4861.0,0
0,7139,7139.0,2345.0,5740.0,1
1,12000,1399.0,2608.0,6370.0,0
0,5630,5630.0,2355.0,5798.0,1
1,12000,0.0,1838.0,4777.0,0
2,7223,7223.0,1852.0,4863.0,0
0,2360,2360.0,1659.0,4733.0,1
1,12000,0.0,1687.0,4394.0,0
2,7606,7606.0,1936.0,5302.0,0
0,2304,2304.0,2274.0,6147.0,1
1,12000,0.0,2343.0,5840.0,0
0,6160,6160.0,1554.0,4409.0,1
1,12000,1751.0,2070.0,5381.0,0
0,6619,6619.0,1761.0,4695.0,1
1,12000,1924.0,2005.0,5095.0,0
0,6905,6905.0,1973.0,4955.0,1
1,12000,1950.0,2557.0,6264.0,0
0,5736,5736.0,2067.0,5610.0,1
1,12000,126.0,1496.0,3686.0,0
2,8314,8314.0,1886.0,4620.0,0
0,3694,3694.0,1745.0,4747.0,1
1,12000,0.0,2051.0,5402.0,0
0,6598,6598.0,2241.0,5753.0,1
1,12000,845.0,2217.0,5799.0,0
0,6201,6201.0,2358.0,6028.0,1
1,12000,173.0,1764.0,4582.0,0
2,7418,7418.0,1710.0,4629.0,0
0,2789,2789.0,1781.0,4991.0,1
1,12000,0.0,2086.0,5498.0,0
0,6502,6502.0,2070.0,5459.0,1
1,12000,1043.0,2342.0,6571.0,0
0,5429,5429.0,2375.0,6613.0,1
1,12000,0.0,2069.0,5207.0,0
0,6793,6793.0,2137.0,5322.0,1
1,12000,1471.0,2194.0,5374.0,0
0,6626,6626.0,2158.0,5434.0,1
1,12000,1192.0,2237.0,5733.0,0
0,6267,6267.0,2380.0,6355.0,1
1,12000,0.0,2431.0,6571.0,0
0,5429,5429.0,1605.0,4253.0,1
1,12000,1176.0,1873.0,5027.0,0
2,6973,6973.0,1827.0,4643.0,0
0,2330,2330.0,2211.0,5643.0,1
1,12000,0.0,2329.0,6112.0,0
0,5888,5888.0,2860.12,7276.0,1
1,12000,0.0,2447.0,6323.0,0
0,5677,5677.0,1897.0,5229.0,1
1,12000,448.0,1721.0,4856.0,0
2,7144,7144.0,1638.0,4561.0,0
0,2583,2583.0,2099.0,5652.0,1
1,12000,0.0,2405.0,5878.0,0
0,6122,6122.0,2626.0,6535.0,1
1,12000,0.0,2677.0,6845.0,0
0,5155,5155.0,1792.0,4456.0,1
1,12000,699.0,2005.0,5027.0,0
2,6973,6973.0,1786.0,4760.0,0
0,2213,2213.0,1895.0,5303.0,1
1,12000,0.0,2221.0,5698.0,0
0,6302,6302.0,2397.0,6766.0,1
1,12000,0.0,2477.0,6682.0,0
0,5318,5318.0,2007.0,4985.0,1
1,12000,333.0,1990.0,5217.0,0
0,6783,6783.0,1902.0,5325.0,1
1,12000,1458.0,2375.0,5832.0,0
0,6168,6168.0,1980.0,5547.0,1
1,12000,621.0,2444.0,6606.0,0
0,5394,5394.0,2117.0,5419.0,1
1,12000,0.0,1914.0,4732.0,0
2,7268,7268.0,1783.0,4830.0,0
0,2438,2438.0,1726.0,4695.0,1
1,12000,0.0,2206.0,5443.0,0
0,6557,6557.0,2252.0,5850.0,1
1,12000,707.0,2494.0,6950.0,0
0,5050,5050.0,2518.0,6338.0,1
1,12000,0.0,1697.0,4240.0,0
2,7760,7760.0,2071.0,5341.0,0
0,2419,2419.0,1952.0,5392.0,1
1,12000,0.0,2063.0,5250.0,0
0,6750,6750.0,2358.0,5766.0,1
1,12000,984.0,2544.0,7182.0,0
0,4818,4818.0,2356.0,6650.0,1
1,12000,0.0,1927.0,5186.0,0
0,6814,6814.0,1949.0,5261.0,1
1,12000,1553.0,2027.0,5333.0,0
0,6667,6667.0,1825.0,5154.0,1
1,12000,1513.0,2342.0,5796.0,0
0,6204,6204.0,2550.0,6695.0,1
1,12000,0.0,2000.0,5466.0,0
0,6534,6534.0,1919.0,4749.0,1
1,12000,1785.0,1913.0,5297.0,0
0,6703,6703.0,1797.0,4762.0,1
1,12000,1941.0,2008.0,5310.0,0
0,6690,6690.0,2216.0,5617.0,1
1,12000,1073.0,2503.0,6656.0,0
0,5344,5344.0,2074.0,5778.0,1
1,12000,0.0,1942.0,5108.0,0
0,6892,6892.0,2073.0,5842.0,1
1,12000,1050.0,1968.0,5310.0,0
0,6690,6690.0,2059.0,5198.0,1
1,12000,1492.0,2411.0,5981.0,0
0,6019,6019.0,2817.0,7094.0,1
1,12000,0.0,2352.0,5939.0,0
0,6061,6061.0,2402.0,5915.0,1
1,12000,146.0,1848.0,5027.0,0
0,6973,6973.0,2021.0,5558.0,1
1,12000,1415.0,2180.0,5599.0,0
0,6401,6401.0,2571.0,6672.0,1
1,12000,0.0,2325.0,6490.0,0
0,5510,5510.0,2121.0,5997.0,1
1,12000,0.0,1858.0,5255.0,0
0,6745,6745.0,2088.0,5435.0,1
1,12000,1310.0,2056.0,5297.0,0
0,6703,6703.0,2099.0,5347.0,1
1,12000,1356.0,2040.0,5809.0,0
0,6191,6191.0,2724.0,6734.0,1
1,12000,0.0,2444.0,6408.0,0
0,5592,5592.0,1971.0,5236.0,1
1,12000,356.0,1941.0,4854.0,0
0,7146,7146.0,2062.0,5466.0,1
1,12000,1680.0,2093.0,5126.0,0
2,6874,6874.0,1810.0,4426.0,0
0,2448,2448.0,2212.0,5677.0,1
1,12000,0.0,1962.0,4919.0,0
2,7081,7081.0,1467.0,3958.0,0
0,3123,3123.0,1682.0,4201.0,1
1,12000,0.0,1724.0,4493.0,0
2,7507,7507.0,1500.0,3929.0,0
0,3578,3578.0,1749.0,4613.0,1
1,12000,0.0,2318.0,5799.0,0
0,6201,6201.0,2007.0,5171.0,1
1,12000,1030.0,1578.0,3979.0,0
2,8021,8021.0,1765.0,4482.0,0
0,3539,3539.0,1571.0,4077.0,1
1,12000,0.0,1746.0,4661.0,0
2,7339,7339.0,1755.0,4493.0,0
0,2846,2846.0,2113.0,5233.0,1
1,12000,0.0,1871.0,5224.0,0
2,6776,6776.0,1544.0,3874.0,0
0,2902,2902.0,1353.0,3739.0,1
1,12000,0.0,1602.0,4274.0,0
2,7726,7726.0,1665.0,4152.0,0
0,3574,3574.0,1871.0,5337.0,1
1,12000,0.0,2098.0,5488.0,0
0,6512,6512.0,1915.0,5149.0,1
1,12000,1363.0,1798.0,4543.0,0
2,7457,7457.0,1720.0,4306.0,0
0,3151,3151.0,1617.0,4492.0,1
1,12000,0.0,1743.0,4599.0,0
2,7401,7401.0,1838.0,4804.0,0
0,2597,2597.0,2106.0,5329.0,1
1,12000,0.0,1977.0,5299.0,0
2,6701,6701.0,1312.76,3597.0,0
0,3104,3104.0,1745.0,4535.0,1
1,12000,0.0,1548.0,3899.0,0
2,8101,8101.0,1681.0,4563.0,0
0,3538,3538.0,1633.0,4477.0,1
1,12000,0.0,1824.0,4856.0,0
2,7144,7144.0,1939.0,5140.0,0
0,2004,2004.0,1554.0,4015.0,1
1,12000,0.0,1514.0,4022.0,0
2,7978,7978.0,1830.0,4502.0,0
0,3476,3476.0,1714.0,4346.0,1
1,12000,0.0,1916.0,4733.0,0
0,7267,7267.0,2280.0,5570.0,1
1,12000,1697.0,1767.0,4313.0,0
2,7687,7687.0,1420.0,3716.0,0
0,3971,3971.0,1671.0,4108.0,1
1,12000,0.0,1480.0,3871.0,0
2,8129,8129.0,1745.0,4922.0,0
0,3207,3207.0,1972.0,4899.0,1
1,12000,0.0,2267.0,5957.0,0
0,6043,6043.0,2106.0,5435.0,1
1,12000,608.0,1531.0,4240.0,0
2,7760,7760.0,1495.0,4169.0,0
0,3591,3591.0,1457.0,3728.0,1
1,12000,0.0,1641.0,4663.0,0
2,7337,7337.0,1980.0,5147.0,0
0,2190,2190.0,2192.0,5361.0,1
1,12000,0.0,1794.0,5115.0,0
2,6885,6885.0,1544.0,4160.0,0
0,2725,2725.0,1371.0,3822.0,1
1,12000,0.0,1329.0,3752.0,0
2,8248,8248.0,1792.0,4396.0,0
0,3852,3852.0,2042.0,5342.0,1
1,12000,0.0,2319.0,5795.0,0
0,6205,6205.0,1710.0,4764.0,1
1,12000,1441.0,1465.0,4119.0,0
2,7881,7881.0,1463.0,4168.0,0
0,3713,3713.0,1472.0,4159.0,1
1,12000,0.0,1755.0,4555.0,0
2,7445,7445.0,1493.0,3914.0,0
0,3531,3531.0,2149.0,5720.0,1
1,12000,0.0,2201.0,5399.0,0
2,6601,6601.0,1571.0,4005.0,0
0,2596,2596.0,1581.0,4345.0,1
1,12000,0.0,1377.0,3831.0,0
2,8169,8169.0,1620.0,4364.0,0
0,3805,3805.0,1909.0,4915.0,1
1,12000,0.0,1944.0,5037.0,0
0,6963,6963.0,2026.0,5371.0,1
1,12000,1592.0,1312.76,3684.0,0
2,8316,8316.0,1412.0,3841.0,0
0,4475,4475.0,1512.0,3786.0,1
1,12000,689.0,1486.0,3998.0,0
2,8002,8002.0,1922.0,4951.0,0
0,3051,3051.0,1852.0,5152.0,1
1,12000,0.0,1971.0,5101.0,0
2,6899,6899.0,1524.0,4187.0,0
0,2712,2712.0,1480.0,3678.0,1
1,12000,0.0,1887.0,5142.0,0
2,6858,6858.0,1692.0,4404.0,0
0,2454,2454.0,1745.0,4284.0,1
1,12000,0.0,2407.0,6523.0,0
0,5477,5477.0,2276.0,5861.0,1
1,12000,0.0,1696.0,4785.0,0
2,7215,7215.0,1551.0,4297.0,0
0,2918,2918.0,1616.0,4522.0,1
1,12000,0.0,2247.0,5666.0,0
0,6334,6334.0,2125.0,5728.0,1
1,12000,606.0,2148.0,6112.0,0
0,5888,5888.0,2184.0,5644.0,1
1,12000,244.0,1705.0,4674.0,0
2,7326,7326.0,1948.0,4905.0,0
0,2421,2421.0,1720.0,4395.0,1
1,12000,0.0,2035.0,5189.0,0
0,6811,6811.0,2281.0,5811.0,1
1,12000,1000.0,2306.0,6063.0,0
0,5937,5937.0,2169.0,5547.0,1
1,12000,390.0,1743.0,4263.0,0
2,7737,7737.0,1753.0,4908.0,0
0,2829,2829.0,1762.0,4549.0,1
1,12000,0.0,2136.0,5303.0,0
0,6697,6697.0,1929.0,5462.0,1
1,12000,1235.0,2536.0,6505.0,0
0,5495,5495.0,2288.0,5601.0,1
1,12000,0.0,1667.0,4519.0,0
2,7481,7481.0,1508.0,4308.0,0
0,3173,3173.0,1769.0,4860.0,1
1,12000,0.0,1857.0,4830.0,0
0,7170,7170.0,2087.0,5223.0,1
1,12000,1947.0,2550.0,6486.0,0
0,5514,5514.0,2239.0,5792.0,1
1,12000,0.0,1894.0,5405.0,0
0,6595,6595.0,2137.0,5301.0,1
1,12000,1294.0,2132.0,5272.0,0
0,6728,6728.0,2077.0,5595.0,1
1,12000,1133.0,1861.0,5316.0,0
0,6684,6684.0,2730.0,6947.0,1
1,12000,0.0,2689.0,6846.0,0
0,5154,5154.0,1992.0,5082.0,1
1,12000,72.0,2182.0,5737.0,0
0,6263,6263.0,2180.0,5503.0,1
1,12000,760.0,2338.0,6115.0,0
0,5885,5885.0,2722.0,6677.0,1
1,12000,0.0,2805.0,6927.0,0
0,5073,5073.0,2484.0,6236.0,1
1,12000,0.0,1867.0,5117.0,0
0,6883,6883.0,2094.0,5484.0,1
1,12000,1399.0,2155.0,5355.0,0
0,6645,6645.0,2184.0,5413.0,1
1,12000,1232.0,2196.0,5962.0,0
0,6038,6038.0,2774.0,7471.0,1
1,12000,0.0,2777.0,6892.0,0
0,5108,5108.0,2280.0,6110.0,1
1,12000,0.0,2060.0,5495.0,0
0,6505,6505.0,2158.0,5469.0,1
1,12000,1036.0,2045.0,5434.0,0
0,6566,6566.0,2519.0,6579.0,1
1,12000,0.0,2448.0,6601.0,0
0,5399,5399.0,2647.0,6723.0,1
1,12000,0.0,2053.0,5321.0,0
0,6679,6679.0,2157.0,5526.0,1
1,12000,1153.0,2272.0,5820.0,0
0,6180,6180.0,1896.0,5340.0,1
1,12000,840.0,2309.0,6256.0,0
0,5744,5744.0,2627.0,6739.0,1
1,12000,0.0,2347.0,6319.0,0
0,5681,5681.0,2066.0,5358.0,1
1,12000,323.0,1812.0,5105.0,0
0,6895,6895.0,2151.0,6090.0,1
1,12000,805.0,1965.0,5478.0,0
0,6522,6522.0,2219.0,5738.0,1
1,12000,784.0,2667.0,7098.0,0
0,4902,4902.0,2692.0,7040.0,1
1,12000,0.0,2092.0,5288.0,0
0,6712,6712.0,2024.0,5004.0,1
1,12000,1708.0,1874.0,4881.0,0
0,7119,7119.0,2156.0,5824.0,1
1,12000,1295.0,2555.0,6509.0,0
0,5491,5491.0,2789.0,6908.0,1
1,12000,0.0,2288.0,6038.0,0
0,5962,5962.0,1913.0,5325.0,1
1,12000,637.0,2007.0,5262.0,0
0,6738,6738.0,2049.0,5135.0,1
1,12000,1603.0,2146.0,5429.0,0
0,6571,6571.0,2255.0,6195.0,1
1,12000,376.0,2521.0,6903.0,0
0,5097,5097.0,2737.0,6784.0,1
1,12000,0.0,1827.0,5072.0,0
0,6928,6928.0,2376.0,5837.0,1
1,12000,1091.0,1882.0,5141.0,0
0,6859,6859.0,1959.0,5023.0,1
1,12000,1836.0,2305.0,6346.0,0
0,5654,5654.0,2347.0,6041.0,1
1,12000,0.0,2157.0,6088.0,0
0,5912,5912.0,1801.0,4911.0,1
1,12000,1001.0,1867.0,4602.0,0
2,7398,7398.0,1869.0,5061.0,0
0,2337,2337.0,1846.0,5049.0,1
1,12000,0.0,2423.0,6024.0,0
0,5976,5976.0,2142.0,6059.0,1
1,12000,0.0,2554.0,6308.0,0
0,5692,5692.0,1765.0,5035.0,1
1,12000,657.0,1635.0,4546.0,0
2,7454,7454.0,1708.0,4652.0,0
0,2802,2802.0,1858.0,4908.0,1
1,12000,0.0,2323.0,5801.0,0
0,6199,6199.0,1868.0,5286.0,1
1,12000,913.0,2166.0,5652.0,0
0,6348,6348.0,1779.0,4617.0,1
1,12000,1731.0,1991.0,4954.0,0
2,7046,7046.0,1821.0,4444.0,0
0,2602,2602.0,1989.0,5404.0,1
1,12000,0.0,1913.0,4998.0,0
0,7002,7002.0,2357.0,6060.0,1
1,12000,942.0,1970.0,5343.0,0
0,6657,6657.0,1992.0,4967.0,1
1,12000,1690.0,1628.0,4587.0,0
2,7413,7413.0,1783.0,4735.0,0
0,2678,2678.0,1935.0,4762.0,1
1,12000,0.0,2028.0,5226.0,0
0,6774,6774.0,2169.0,5693.0,1
1,12000,1081.0,2378.0,6411.0,0
0,5589,5589.0,1696.0,4218.0,1
1,12000,1371.0,1717.0,4422.0,0
2,7578,7578.0,1666.0,4760.0,0
0,2818,2818.0,1892.0,4757.0,1
1,12000,0.0,2035.0,5593.0,0
0,6407,6407.0,2228.0,6216.0,1
1,12000,191.0,1995.0,5196.0,0
0,6804,6804.0,1940.0,4833.0,1
1,12000,1971.0,1801.0,4941.0,0
2,7059,7059.0,1823.0,4605.0,0
0,2454,2454.0,2163.0,5280.0,1
1,12000,0.0,2166.0,5653.0,0
0,6347,6347.0,1985.0,5560.0,1
1,12000,787.0,2331.0,5740.0,0
0,6260,6260.0,1696.0,4701.0,1
1,12000,1559.0,2000.0,5056.0,0
2,6944,6944.0,1810.0,4418.0,0
0,2526,2526.0,1834.0,4780.0,1
1,12000,0.0,2251.0,5500.0,0
0,6500,6500.0,2240.0,6169.0,1
1,12000,331.0,2368.0,6379.0,0
0,5621,5621.0,1692.0,4404.0,1
1,12000,1217.0,2078.0,5110.0,0
0,6890,6890.0,2070.0,5051.0,1
1,12000,1839.0,1778.0,4741.0,0
0,7259,7259.0,2101.0,5426.0,1
1,12000,1833.0,2799.0,6965.0,0
0,5035,5035.0,2172.0,6035.0,1
1,12000,0.0,1512.0,4301.0,0
2,7699,7699.0,1900.0,5034.0,0
0,2665,2665.0,1515.0,4161.0,1
1,12000,0.0,1936.0,4725.0,0
0,7275,7275.0,2159.0,5448.0,1
1,12000,1827.0,2187.0,6003.0,0
0,5997,5997.0,2277.0,5956.0,1
1,12000,41.0,1885.0,4768.0,0
2,7232,7232.0,1817.0,4791.0,0
0,2441,2441.0,1860.0,4658.0,1
1,12000,0.0,1870.0,4750.0,0
2,7250,7250.0,1894.0,5145.0,0
0,2105,2105.0,2423.0,6072.0,1
1,12000,0.0,2253.0,5736.0,0
2,6264,6264.0,1674.0,4173.0,0
0,2091,2091.0,1769.0,4711.0,1
1,12000,0.0,1612.0,4509.0,0
2,7491,7491.0,1936.0,4819.0,0
0,2672,2672.0,2091.0,5602.0,1
1,12000,0.0,2220.0,5792.0,0
0,6208,6208.0,2277.0,5556.0,1
1,12000,652.0,1734.0,4732.0,0
2,7268,7268.0,1753.0,4476.0,0
0,2792,2792.0,1758.0,5016.0,1
1,12000,0.0,1743.0,4628.0,0
2,7372,7372.0,1965.0,5307.0,0
0,2065,2065.0,2034.0,5507.0,1
1,12000,0.0,2250.0,5903.0,0
0,6097,6097.0,1778.0,4743.0,1
1,12000,1354.0,1918.0,4910.0,0
2,7090,7090.0,1813.0,4711.0,0
0,2379,2379.0,1835.0,4932.0,1
1,12000,0.0,2097.0,5911.0,0
0,6089,6089.0,2495.0,6155.0,1
1,12000,0.0,2515.0,6593.0,0
0,5407,5407.0,1786.0,4730.0,1
1,12000,677.0,1792.0,5034.0,0
0,6966,6966.0,2281.0,5590.0,1
1,12000,1376.0,2255.0,5863.0,0
0,6137,6137.0,2271.0,6051.0,1
1,12000,86.0,2494.0,6371.0,0
0,5629,5629.0,2408.0,6527.0,1
1,12000,0.0,2110.0,5190.0,0
0,6810,6810.0,2134.0,5813.0,1
1,12000,997.0,2165.0,5528.0,0
0,6472,6472.0,2057.0,5290.0,1
1,12000,1182.0,2148.0,5583.0,0
0,6417,6417.0,2713.0,6661.0,1
1,12000,0.0,2618.0,6422.0,0
0,5578,5578.0,2213.0,5662.0,1
1,12000,0.0,2262.0,5545.0,0
0,6455,6455.0,2069.0,5053.0,1
1,12000,1402.0,1976.0,5415.0,0
0,6585,6585.0,2165.0,5951.0,1
1,12000,634.0,2500.0,6859.0,0
0,5141,5141.0,2256.0,6058.0,1
1,12000,0.0,2138.0,5482.0,0
0,6518,6518.0,1835.0,5096.0,1
1,12000,1422.0,1984.0,5364.0,0
0,6636,6636.0,2211.0,5865.0,1
1,12000,771.0,2457.0,6186.0,0
0,5814,5814.0,2619.0,7137.0,1
1,12000,0.0,2547.0,6568.0,0
0,5432,5432.0,1794.0,4951.0,1
1,12000,481.0,1824.0,5063.0,0
0,6937,6937.0,2126.0,5771.0,1
1,12000,1166.0,2030.0,5139.0,0
0,6861,6861.0,2101.0,5220.0,1
1,12000,1641.0,2465.0,6457.0,0
0,5543,5543.0,2432.0,6229.0,1
1,12000,0.0,2027.0,5109.0,0
0,6891,6891.0,1923.0,4946.0,1
1,12000,1945.0,1967.0,4903.0,0
0,7097,7097.0,2081.0,5154.0,1
1,12000,1943.0,2493.0,6194.0,0
0,5806,5806.0,2412.0,6797.0,1
1,12000,0.0,2437.0,6754.0,0
0,5246,5246.0,2148.0,5385.0,1
1,12000,0.0,2112.0,5182.0,0
0,6818,6818.0,2062.0,5226.0,1
1,12000,1592.0,1938.0,5206.0,0
0,6794,6794.0,2188.0,5835.0,1
1,12000,959.0,2537.0,6875.0,0
0,5125,5125.0,2560.0,6482.0,1
1,12000,0.0,1962.0,5153.0,0
0,6847,6847.0,2000.0,5575.0,1
1,12000,1272.0,2066.0,5163.0,0
0,6837,6837.0,2031.0,5030.0,1
1,12000,1807.0,2410.0,5967.0,0
0,6033,6033.0,2654.0,7012.0,1
1,12000,0.0,2406.0,6469.0,0
0,5531,5531.0,1664.0,4753.0,1
1,12000,778.0,1838.0,4846.0,0
0,7154,7154.0,2089.0,5159.0,1
1,12000,1995.0,1846.0,4942.0,0
0,7058,7058.0,2218.0,6245.0,1
1,12000,813.0,2691.0,6807.0,0
0,5193,5193.0,2612.0,6584.0,1
1,12000,0.0,1674.0,4394.0,0
2,7606,7606.0,1946.0,5152.0,0
0,2454,2454.0,1929.0,5152.0,1
1,12000,0.0,2027.0,5246.0,0
0,6754,6754.0,2205.0,6178.0,1
1,12000,576.0,2617.0,7046.0,0
0,4954,4954.0,2361.0,6453.0,1
1,12000,0.0,2024.0,5428.0,0
0,6572,6572.0,2085.0,5518.0,1
1,12000,1054.0,2220.0,5625.0,0
0,6375,6375.0,2211.0,5556.0,1
1,12000,819.0,2073.0,5471.0,0
0,6529,6529.0,2663.0,6936.0,1
1,12000,0.0,2364.0,6010.0,0
0,5990,5990.0,1921.0,5101.0,1
1,12000,889.0,1802.0,5080.0,0
0,6920,6920.0,2085.0,5450.0,1
1,12000,1470.0,2320.0,5772.0,0
0,6228,6228.0,2130.0,5652.0,1
1,12000,576.0,2768.0,6996.0,0
0,5004,5004.0,2278.0,6504.0,1
1,12000,0.0,1994.0,5012.0,0
2,6988,6988.0,1965.0,4855.0,0
0,2133,2133.0,1662.0,4587.0,1
1,12000,0.0,2046.0,5259.0,0
0,6741,6741.0,2302.0,6001.0,1
1,12000,740.0,2106.0,5564.0,0
0,6436,6436.0,1982.0,5317.0,1
1,12000,1119.0,1610.0,4018.0,0
2,7982,7982.0,1436.0,3551.0,0
0,4431,4431.0,1712.0,4186.0,1
1,12000,245.0,1688.0,4418.0,0
2,7582,7582.0,2012.0,5136.0,0
0,2446,2446.0,2365.0,5799.0,1
1,12000,0.0,1663.0,4582.0,0
2,7418,7418.0,1425.0,3880.0,0
0,3538,3538.0,1467.0,3968.0,1
1,12000,0.0,1914.0,4689.0,0
2,7311,7311.0,1768.0,4532.0,0
0,2779,2779.0,2051.0,5314.0,1
1,12000,0.0,2152.0,5372.0,0
0,6628,6628.0,1906.0,5418.0,1
1,12000,1210.0,1678.0,4104.0,0
2,7896,7896.0,1547.0,4164.0,0
0,3732,3732.0,1684.0,4136.0,1
1,12000,0.0,1837.0,4553.0,0
2,7447,7447.0,1730.0,4941.0,0
0,2506,2506.0,2418.0,6031.0,1
1,12000,0.0,1861.0,5220.0,0
2,6780,6780.0,1522.0,4119.0,0
0,2661,2661.0,1776.0,4431.0,1
1,12000,0.0,1859.0,4561.0,0
2,7439,7439.0,1351.0,3816.0,0
0,3623,3623.0,1927.0,5037.0,1
1,12000,0.0,1972.0,5157.0,0
0,6843,6843.0,1745.0,4894.0,1
1,12000,1949.0,1535.0,3892.0,0
2,8108,8108.0,1563.0,4175.0,0
0,3933,3933.0,1700.0,4346.0,1
1,12000,0.0,1672.0,4669.0,0
2,7331,7331.0,1889.0,4929.0,0
0,2402,2402.0,2193.0,5644.0,1
1,12000,0.0,1975.0,5396.0,0
2,6604,6604.0,1754.0,4403.0,0
0,2201,2201.0,1538.0,4292.0,1
1,12000,0.0,1772.0,4478.0,0
2,7522,7522.0,1534.0,4326.0,0
0,3196,3196.0,1700.0,4670.0,1
1,12000,0.0,2184.0,5394.0,0
0,6606,6606.0,1648.0,4705.0,1
1,12000,1901.0,1694.0,4340.0,0
2,7660,7660.0,1674.0,4483.0,0
0,3177,3177.0,1616.0,3983.0,1
1,12000,0.0,1545.0,4229.0,0
2,7771,7771.0,2016.0,4967.0,0
0,2804,2804.0,2171.0,5398.0,1
1,12000,0.0,1886.0,4846.0,0
2,7154,7154.0,1513.0,3858.0,0
0,3296,3296.0,1586.0,3914.0,1
1,12000,0.0,1743.0,4558.0,0
2,7442,7442.0,1644.0,4203.0,0
0,3239,3239.0,1951.0,4869.0,1
1,12000,0.0,2012.0,5194.0,0
2,6806,6806.0,1737.0,4754.0,0
0,2052,2052.0,1503.0,3870.0,1
1,12000,0.0,1590.0,4527.0,0
2,7473,7473.0,1519.0,4205.0,0
0,3268,3268.0,1729.0,4295.0,1
1,12000,0.0,1935.0,4946.0,0
2,7054,7054.0,1780.0,4651.0,0
0,2403,2403.0,1754.0,4831.0,1
1,12000,0.0,1558.0,4149.0,0
2,7851,7851.0,1696.0,4771.0,0
0,3080,3080.0,1510.0,4128.0,1
1,12000,0.0,1888.0,4909.0,0
2,7091,7091.0,1986.0,4873.0,0
0,2218,2218.0,2075.0,5780.0,1
1,12000,0.0,2172.0,5331.0,0
2,6669,6669.0,1530.0,4174.0,0
0,2495,2495.0,1452.0,3671.0,1
1,12000,0.0,1451.0,3625.0,0
2,8375,8375.0,1609.0,4167.0,0
0,4208,4208.0,1758.0,4608.0,1
1,12000,0.0,2150.0,5925.0,0
0,6075,6075.0,1905.0,4890.0,1
1,12000,1185.0,1401.0,3639.0,0
2,8361,8361.0,1525.0,3971.0,0
0,4390,4390.0,1828.0,4616.0,1
1,12000,0.0,1746.0,4334.0,0
2,7666,7666.0,1853.0,4971.0,0
0,2695,2695.0,2568.0,6292.0,1
1,12000,0.0,2106.0,5164.0,0
2,6836,6836.0,1480.0,3933.0,0
0,2903,2903.0,1620.0,4165.0,1
1,12000,0.0,1791.0,4473.0,0
2,7527,7527.0,1686.0,4405.0,0
0,3122,3122.0,1866.0,4678.0,1
1,12000,0.0,2419.0,6268.0,0
0,5732,5732.0,1837.0,5077.0,1
1,12000,655.0,1558.0,4442.0,0
2,7558,7558.0,1925.0,4896.0,0
0,2662,2662.0,1736.0,4809.0,1
1,12000,0.0,2031.0,5267.0,0
0,6733,6733.0,2136.0,5227.0,1
1,12000,1506.0,2354.0,5992.0,0
0,6008,6008.0,2145.0,5518.0,1
1,12000,490.0,1595.0,4285.0,0
2,7715,7715.0,2032.0,5052.0,0
0,2663,2663.0,1929.0,4913.0,1
1,12000,0.0,1928.0,4799.0,0
0,7201,7201.0,2246.0,5625.0,1
1,12000,1576.0,2364.0,6525.0,0
0,5475,5475.0,2261.0,5960.0,1
1,12000,0.0,1680.0,4520.0,0
2,7480,7480.0,1710.0,4536.0,0
0,2944,2944.0,1683.0,4650.0,1
1,12000,0.0,1946.0,5064.0,0
0,6936,6936.0,2182.0,5536.0,1
1,12000,1400.0,2090.0,5902.0,0
0,6098,6098.0,2265.0,5685.0,1
1,12000,413.0,1664.0,4243.0,0
2,7757,7757.0,1879.0,5064.0,0
0,2693,2693.0,1758.0,4556.0,1
1,12000,0.0,1730.0,4758.0,0
2,7242,7242.0,1931.0,5139.0,0
0,2103,2103.0,2473.0,6378.0,1
1,12000,0.0,2299.0,6250.0,0
0,5750,5750.0,1884.0,4854.0,1
1,12000,896.0,2273.0,5950.0,0
0,6050,6050.0,1939.0,5284.0,1
1,12000,766.0,1988.0,5661.0,0
0,6339,6339.0,2263.0,5652.0,1
1,12000,687.0,2633.0,7240.0,0
0,4760,4760.0,2824.0,7206.0,1
1,12000,0.0,2092.0,5205.0,0
0,6795,6795.0,2370.0,5849.0,1
1,12000,946.0,1931.0,5512.0,0
0,6488,6488.0,2262.0,5958.0,1
1,12000,530.0,2352.0,6219.0,0
0,5781,5781.0,2789.0,7014.0,1
1,12000,0.0,2697.0,6756.0,0
0,5244,5244.0,1945.0,5070.0,1
1,12000,174.0,2059.0,5359.0,0
0,6641,6641.0,1988.0,4883.0,1
1,12000,1758.0,2386.0,5980.0,0
0,6020,6020.0,2324.0,6355.0,1
1,12000,0.0,2634.0,6466.0,0
0,5534,5534.0,2736.0,6729.0,1
1,12000,0.0,1946.0,5313.0,0
0,6687,6687.0,2198.0,5489.0,1
1,12000,1198.0,2068.0,5753.0,0
0,6247,6247.0,2056.0,5833.0,1
1,12000,414.0,2681.0,7035.0,0
0,4965,4965.0,2860.12,7500.0,1
1,12000,0.0,2745.0,6930.0,0
0,5070,5070.0,2308.0,5782.0,1
1,12000,0.0,2180.0,5826.0,0
0,6174,6174.0,1844.0,5089.0,1
1,12000,1085.0,2229.0,5532.0,0
0,6468,6468.0,2371.0,6746.0,1
1,12000,0.0,2814.0,6875.0,0
0,5125,5125.0,2411.0,6049.0,1
1,12000,0.0,2021.0,5115.0,0
0,6885,6885.0,1993.0,5078.0,1
1,12000,1807.0,1881.0,4963.0,0
0,7037,7037.0,2083.0,5939.0,1
1,12000,1098.0,2152.0,5872.0,0
0,6128,6128.0,2642.0,7196.0,1
1,12000,0.0,2763.0,6846.0,0
0,5154,5154.0,1971.0,5296.0,1
1,12000,0.0,2156.0,5847.0,0
0,6153,6153.0,2119.0,5628.0,1
1,12000,525.0,1996.0,5175.0,0
0,6825,6825.0,2396.0,6380.0,1
1,12000,445.0,2679.0,6874.0,0
0,5126,5126.0,2436.0,6660.0,1
1,12000,0.0,2035.0,5610.0,0
0,6390,6390.0,1951.0,5504.0,1
1,12000,886.0,2250.0,5921.0,0
0,6079,6079.0,2108.0,5728.0,1
1,12000,351.0,2539.0,6499.0,0
0,5501,5501.0,2831.0,6953.0,1
1,12000,0.0,2496.0,6863.0,0
0,5137,5137.0,1896.0,5089.0,1
1,12000,48.0,1869.0,5240.0,0
0,6760,6760.0,2130.0,5860.0,1
1,12000,900.0,2373.0,6133.0,0
0,5867,5867.0,2579.0,6487.0,1
1,12000,0.0,2754.0,7188.0,0
0,4812,4812.0,1938.0,5286.0,1
1,12000,0.0,1875.0,4624.0,0
2,7376,7376.0,1829.0,4686.0,0
0,2690,2690.0,2088.0,5238.0,1
1,12000,0.0,1791.0,5108.0,0
0,6892,6892.0,2272.0,5659.0,1
1,12000,1233.0,2512.0,6537.0,0
0,5463,5463.0,2357.0,5787.0,1
1,12000,0.0,1801.0,4777.0,0
2,7223,7223.0,1782.0,4871.0,0
0,2352,2352.0,1769.0,4734.0,1
1,12000,0.0,1906.0,5377.0,0
0,6623,6623.0,2184.0,5479.0,1
1,12000,1144.0,2517.0,6728.0,0
0,5272,5272.0,1962.0,5353.0,1
1,12000,0.0,1578.0,4318.0,0
2,7682,7682.0,1988.0,4894.0,0
0,2788,2788.0,1801.0,4604.0,1
1,12000,0.0,1780.0,5057.0,0
0,6943,6943.0,2074.0,5342.0,1
1,12000,1601.0,2221.0,6273.0,0
0,5727,5727.0,2132.0,5479.0,1
1,12000,248.0,1819.0,4714.0,0
2,7286,7286.0,1671.0,4758.0,0
0,2528,2528.0,1837.0,4802.0,1
1,12000,0.0,1738.0,4929.0,0
0,7071,7071.0,2181.0,5585.0,1
1,12000,1486.0,2412.0,6076.0,0
0,5924,5924.0,2274.0,6158.0,1
1,12000,0.0,1547.0,4139.0,0
2,7861,7861.0,1882.0,4953.0,0
0,2908,2908.0,1863.0,5094.0,1
1,12000,0.0,1909.0,5090.0,0
0,6910,6910.0,2166.0,6125.0,1
1,12000,785.0,2487.0,6351.0,0
0,5649,5649.0,2522.0,6381.0,1
1,12000,0.0,1755.0,4984.0,0
0,7016,7016.0,2027.0,5107.0,1
1,12000,1909.0,1736.0,4830.0,0
2,7170,7170.0,1936.0,5006.0,0
0,2164,2164.0,1885.0,5279.0,1
1,12000,0.0,2296.0,6241.0,0
0,5759,5759.0,2275.0,5775.0,1
1,12000,0.0,1986.0,4983.0,0
0,7017,7017.0,2086.0,5292.0,1
1,12000,1725.0,1652.0,4541.0,0
2,7459,7459.0,2018.0,5072.0,0
0,2387,2387.0,2100.0,5573.0,1
1,12000,0.0,2515.0,6340.0,0
0,5660,5660.0,2286.0,6102.0,1
1,12000,0.0,1727.0,4803.0,0
2,7197,7197.0,1762.0,4846.0,0
0,2351,2351.0,1894.0,5128.0,1
1,12000,0.0,1682.0,4624.0,0
2,7376,7376.0,2008.0,5202.0,0
0,2174,2174.0,2500.0,6234.0,1
1,12000,0.0,2316.0,5859.0,0
0,6141,6141.0,1584.0,4507.0,1
1,12000,1634.0,2257.0,5586.0,0
0,6414,6414.0,1957.0,5047.0,1
1,12000,1367.0,1964.0,5087.0,0
0,6913,6913.0,2396.0,6393.0,1
1,12000,520.0,2282.0,6237.0,0
0,5763,5763.0,2264.0,6234.0,1
1,12000,0.0,1786.0,4563.0,0
2,7437,7437.0,1849.0,5040.0,0
0,2397,2397.0,2033.0,5221.0,1
1,12000,0.0,1864.0,4714.0,0
2,7286,7286.0,1979.0,5286.0,0
0,2000,2000.0,2463.0,6505.0,1
1,12000,0.0,2537.0,6484.0,0
0,5516,5516.0,1485.0,4186.0,1
1,12000,1330.0,1677.0,4725.0,0
2,7275,7275.0,1760.0,4701.0,0
0,2574,2574.0,1962.0,4902.0,1
1,12000,0.0,2246.0,5691.0,0
0,6309,6309.0,2435.0,6784.0,1
1,12000,0.0,2147.0,6065.0,0
0,5935,5935.0,1932.0,4781.0,1
1,12000,1154.0,1722.0,4913.0,0
2,7087,7087.0,1785.0,4603.0,0
0,2484,2484.0,1943.0,5136.0,1
1,12000,0.0,2490.0,6227.0,0
0,5773,5773.0,2613.0,6484.0,1
1,12000,0.0,2280.0,5952.0,0
0,6048,6048.0,2019.0,5021.0,1
1,12000,1027.0,1978.0,4910.0,0
2,7090,7090.0,2032.0,5038.0,0
0,2052,2052.0,2045.0,5218.0,1
1,12000,0.0,1955.0,5334.0,0
0,6666,6666.0,2114.0,5268.0,1
1,12000,1398.0,2806.0,6947.0,0
0,5053,5053.0,1782.0,5059.0,1
1,12000,0.0,1962.0,5108.0,0
0,6892,6892.0,2002.0,5362.0,1
1,12000,1530.0,2247.0,5915.0,0
0,6085,6085.0,2459.0,6244.0,1
1,12000,0.0,2860.12,7500.0,0
0,4500,4500.0,2530.0,6824.0,1
1,12000,0.0,1933.0,5517.0,0
0,6483,6483.0,2191.0,5505.0,1
1,12000,978.0,1928.0,5260.0,0
0,6740,6740.0,2201.0,5799.0,1
1,12000,941.0,2349.0,6263.0,0
0,5737,5737.0,2860.12,7323.0,1
1,12000,0.0,2767.0,6819.0,0
0,5181,5181.0,2100.0,5597.0,1
1,12000,0.0,1952.0,5242.0,0
0,6758,6758.0,1758.0,4890.0,1
1,12000,1868.0,2003.0,5368.0,0
0,6632,6632.0,2180.0,6066.0,1
1,12000,566.0,2538.0,7102.0,0
0,4898,4898.0,2761.0,6784.0,1
1,12000,0.0,2174.0,5461.0,0
0,6539,6539.0,1991.0,5580.0,1
1,12000,959.0,1639.0,4652.0,0
0,7348,7348.0,2194.0,5975.0,1
1,12000,1373.0,2379.0,6081.0,0
0,5919,5919.0,2359.0,6334.0,1
1,12000,0.0,2352.0,6191.0,0
0,5809,5809.0,1977.0,4941.0,1
1,12000,868.0,2067.0,5076.0,0
2,6924,6924.0,1730.0,4804.0,0
0,2120,2120.0,1877.0,5153.0,1
1,12000,0.0,2277.0,6367.0,0
0,5633,5633.0,2513.0,6692.0,1
1,12000,0.0,2094.0,5858.0,0
0,6142,6142.0,1834.0,4728.0,1
1,12000,1414.0,2083.0,5129.0,0
0,6871,6871.0,1914.0,5011.0,1
1,12000,1860.0,1987.0,5293.0,0
0,6707,6707.0,2143.0,5783.0,1
1,12000,924.0,2608.0,7213.0,0
0,4787,4787.0,2329.0,6501.0,1
1,12000,0.0,1849.0,4565.0,0
0,7435,7435.0,1940.0,5482.0,1
1,12000,1953.0,1973.0,5373.0,0
0,6627,6627.0,1977.0,4879.0,1
1,12000,1748.0,2500.0,6330.0,0
0,5670,5670.0,2278.0,6451.0,1
1,12000,0.0,2822.0,6906.0,0
0,5094,5094.0,2081.0,5296.0,1
1,12000,0.0,1961.0,5592.0,0
0,6408,6408.0,2075.0,5385.0,1
1,12000,1023.0,1858.0,5073.0,0
0,6927,6927.0,1990.0,5349.0,1
1,12000,1578.0,2812.0,6980.0,0
0,5020,5020.0,2171.0,6116.0,1
1,12000,0.0,1928.0,4986.0,0
0,7014,7014.0,1999.0,5116.0,1
1,12000,1898.0,1968.0,5467.0,0
0,6533,6533.0,1855.0,5026.0,1
1,12000,1507.0,2188.0,5370.0,0
0,6630,6630.0,2652.0,6581.0,1
1,12000,49.0,2495.0,6479.0,0
0,5521,5521.0,1924.0,5130.0,1
1,12000,391.0,1842.0,4921.0,0
0,7079,7079.0,2156.0,5725.0,1
1,12000,1354.0,2034.0,5422.0,0
0,6578,6578.0,2206.0,5709.0,1
1,12000,869.0,2407.0,6555.0,0
0,5445,5445.0,2431.0,6207.0,1
1,12000,0.0,1928.0,4976.0,0
0,7024,7024.0,2100.0,5299.0,1
1,12000,1725.0,1970.0,4993.0,0
0,7007,7007.0,1974.0,5528.0,1
1,12000,1479.0,2116.0,6039.0,0
0,5961,5961.0,2448.0,6866.0,1
1,12000,0.0,2639.0,6915.0,0
0,5085,5085.0,1990.0,5057.0,1
1,12000,28.0,2053.0,5495.0,0
0,6505,6505.0,2174.0,5427.0,1
1,12000,1078.0,1980.0,5182.0,0
0,6818,6818.0,2192.0,6099.0,1
1,12000,719.0,2494.0,6772.0,0
0,5228,5228.0,2431.0,6607.0,1
1,12000,0.0,1876.0,5331.0,0
0,6669,6669.0,1931.0,4729.0,1
1,12000,1940.0,2120.0,5230.0,0
0,6770,6770.0,2212.0,6308.0,1
1,12000,462.0,2191.0,6115.0,0
0,5885,5885.0,2702.0,6970.0,1
1,12000,0.0,2220.0,6244.0,0
0,5756,5756.0,1660.0,4123.0,1
1,12000,1633.0,1450.0,3864.0,0
2,8136,8136.0,1618.0,4233.0,0
0,3903,3903.0,1587.0,4507.0,1
1,12000,0.0,2058.0,5058.0,0
0,6942,6942.0,2091.0,5679.0,1
1,12000,1263.0,2227.0,6178.0,0
0,5822,5822.0,1665.0,4203.0,1
1,12000,1619.0,1813.0,4446.0,0
2,7554,7554.0,1669.0,4160.0,0
0,3394,3394.0,1882.0,4625.0,1
1,12000,0.0,1827.0,4677.0,0
2,7323,7323.0,1894.0,5244.0,0
0,2079,2079.0,1818.0,5155.0,1
1,12000,0.0,1542.0,3926.0,0
2,8074,8074.0,1647.0,4463.0,0
0,3611,3611.0,1577.0,4070.0,1
1,12000,0.0,1621.0,4500.0,0
2,7500,7500.0,2026.0,5086.0,0
0,2414,2414.0,2059.0,5601.0,1
1,12000,0.0,2035.0,5464.0,0
2,6536,6536.0,1553.0,4392.0,0
0,2144,2144.0,1643.0,4301.0,1
1,12000,0.0,1629.0,4616.0,0
2,7384,7384.0,1628.0,4597.0,0
0,2787,2787.0,1874.0,4804.0,1
1,12000,0.0,1867.0,5139.0,0
0,6861,6861.0,2205.0,5648.0,1
1,12000,1213.0,1564.0,4357.0,0
2,7643,7643.0,1565.0,4335.0,0
0,3308,3308.0,1541.0,4363.0,1
1,12000,0.0,1738.0,4853.0,0
2,7147,7147.0,1940.0,5100.0,0
0,2047,2047.0,2082.0,5658.0,1
1,12000,0.0,2078.0,5096.0,0
2,6904,6904.0,1639.0,4143.0,0
0,2761,2761.0,1577.0,3928.0,1
1,12000,0.0,1643.0,4318.0,0
2,7682,7682.0,1730.0,4493.0,0
0,3189,3189.0,1941.0,5007.0,1
1,12000,0.0,2097.0,5126.0,0
0,6874,6874.0,2110.0,5374.0,1
1,12000,1500.0,1579.0,4058.0,0
2,7942,7942.0,1755.0,4759.0,0
0,3183,3183.0,1701.0,4173.0,1
1,12000,0.0,1825.0,4618.0,0
2,7382,7382.0,1769.0,5015.0,0
0,2367,2367.0,2595.0,6677.0,1
1,12000,0.0,2098.0,5751.0,0
2,6249,6249.0,1312.76,3480.52,0
0,2867,2867.0,1465.0,4031.0,1
1,12000,0.0,1607.0,4215.0,0
2,7785,7785.0,1556.0,4261.0,0
0,3524,3524.0,1659.0,4558.0,1
1,12000,0.0,1791.0,5111.0,0
0,6889,6889.0,1922.0,5328.0,1
1,12000,1561.0,1475.0,3700.0,0
2,8300,8300.0,1623.0,4348.0,0
0,3952,3952.0,1705.0,4190.0,1
1,12000,0.0,1557.0,4051.0,0
2,7949,7949.0,2011.0,5325.0,0
0,2624,2624.0,2114.0,5768.0,1
1,12000,0.0,2040.0,5024.0,0
2,6976,6976.0,1613.0,4328.0,0
0,2648,2648.0,1516.0,4279.0,1
1,12000,0.0,1708.0,4294.0,0
2,7706,7706.0,1608.0,4376.0,0
0,3330,3330.0,1779.0,5041.0,1
1,12000,0.0,2040.0,5591.0,0
0,6409,6409.0,1845.0,5058.0,1
1,12000,1351.0,1425.0,3715.0,0
2,8285,8285.0,1724.0,4259.0,0
0,4026,4026.0,1816.0,4723.0,1
1,12000,0.0,1825.0,4775.0,0
2,7225,7225.0,1874.0,4893.0,0
0,2332,2332.0,1999.0,4986.0,1
1,12000,0.0,2009.0,4922.0,0
2,7078,7078.0,1543.0,3782.0,0
0,3296,3296.0,1508.0,3754.0,1
1,12000,0.0,1453.0,3806.0,0
2,8194,8194.0,1537.0,4342.0,0
0,3852,3852.0,1835.0,4963.0,1
1,12000,0.0,2180.0,5781.0,0
0,6219,6219.0,2003.0,5219.0,1
1,12000,1000.0,1629.0,4139.0,0
2,7861,7861.0,1855.0,4774.0,0
0,3087,3087.0,1588.0,4143.0,1
1,12000,0.0,1636.0,4396.0,0
2,7604,7604.0,1701.0,4743.0,0
0,2861,2861.0,2344.0,5972.0,1
1,12000,0.0,2444.0,6369.0,0
0,5631,5631.0,1683.0,4188.0,1
1,12000,1443.0,2006.0,5195.0,0
2,6805,6805.0,1728.0,4244.0,0
0,2561,2561.0,2071.0,5219.0,1
1,12000,0.0,2220.0,5896.0,0
0,6104,6104.0,2257.0,6450.0,1
1,12000,0.0,2377.0,5885.0,0
0,6115,6115.0,1700.0,4504.0,1
1,12000,1611.0,1997.0,4912.0,0
2,7088,7088.0,1879.0,4925.0,0
0,2163,2163.0,1814.0,4774.0,1
1,12000,0.0,1892.0,5233.0,0
0,6767,6767.0,2348.0,5881.0,1
1,12000,886.0,2744.0,6932.0,0
0,5068,5068.0,1743.0,4694.0,1
1,12000,374.0,1943.0,4987.0,0
2,7013,7013.0,1927.0,4995.0,0
0,2018,2018.0,1964.0,5373.0,1
1,12000,0.0,2192.0,5762.0,0
0,6238,6238.0,2637.0,6516.0,1
1,12000,0.0,2400.0,6541.0,0
0,5459,5459.0,1680.0,4676.0,1
1,12000,783.0,1922.0,4813.0,0
2,7187,7187.0,1817.0,5021.0,0
0,2166,2166.0,1803.0,4971.0,1
1,12000,0.0,2202.0,5830.0,0
0,6170,6170.0,2648.0,6962.0,1
1,12000,0.0,2036.0,5697.0,0
0,6303,6303.0,1758.0,4516.0,1
1,12000,1787.0,1947.0,4920.0,0
2,7080,7080.0,1770.0,4831.0,0
0,2249,2249.0,1984.0,5628.0,1
1,12000,0.0,2211.0,6308.0,0
0,5692,5692.0,2700.0,7500.0,1
1,12000,0.0,2860.12,7135.0,0
0,4865,4865.0,2016.0,5154.0,1
1,12000,0.0,2007.0,5176.0,0
0,6824,6824.0,2019.0,5446.0,1
1,12000,1378.0,2212.0,6260.0,0
0,5740,5740.0,2311.0,5878.0,1
1,12000,0.0,2860.12,7446.0,0
0,4554,4554.0,2445.0,6953.0,1
1,12000,0.0,2192.0,5603.0,0
0,6397,6397.0,2272.0,5561.0,1
1,12000,836.0,2164.0,5976.0,0
0,6024,6024.0,2082.0,5701.0,1
1,12000,323.0,2573.0,6544.0,0
0,5456,5456.0,2860.12,7500.0,1
1,12000,0.0,2633.0,6752.0,0
0,5248,5248.0,2118.0,5740.0,1
1,12000,0.0,2363.0,6010.0,0
0,5990,5990.0,2149.0,5481.0,1
1,12000,509.0,2179.0,6190.0,0
0,5810,5810.0,2386.0,6174.0,1
1,12000,0.0,2819.0,7500.0,0
0,4500,4500.0,2602.0,6644.0,1
1,12000,0.0,2042.0,5427.0,0
0,6573,6573.0,2157.0,5755.0,1
1,12000,818.0,1873.0,5199.0,0
0,6801,6801.0,2460.0,6088.0,1
1,12000,713.0,2383.0,5850.0,0
0,6150,6150.0,2860.12,7500.0,1
1,12000,0.0,2584.0,6539.0,0
0,5461,5461.0,2087.0,5570.0,1
1,12000,0.0,2237.0,5703.0,0
0,6297,6297.0,1917.0,4952.0,1
1,12000,1345.0,2411.0,6170.0,0
0,5830,5830.0,2336.0,6411.0,1
1,12000,0.0,2794.0,7149.0,0
0,4851,4851.0,2804.0,6945.0,1
1,12000,0.0,2023.0,5293.0,0
0,6707,6707.0,2103.0,5820.0,1
1,12000,887.0,2324.0,5699.0,0
0,6301,6301.0,2297.0,6064.0,1
1,12000,237.0,2411.0,6754.0,0
0,5246,5246.0,2549.0,6592.0,1
1,12000,0.0,2551.0,6692.0,0
0,5308,5308.0,2022.0,5322.0,1
1,12000,0.0,2392.0,5940.0,0
0,6060,6060.0,2351.0,5788.0,1
1,12000,272.0,2186.0,6155.0,0
0,5845,5845.0,2245.0,6125.0,1
1,12000,0.0,2860.12,7500.0,0
0,4500,4500.0,2839.0,7277.0,1
1,12000,0.0,2356.0,5969.0,0
0,6031,6031.0,2200.0,5763.0,1
1,12000,268.0,2012.0,5649.0,0
0,6351,6351.0,2082.0,5927.0,1
1,12000,424.0,2279.0,6131.0,0
0,5869,5869.0,2703.0,7437.0,1
1,12000,0.0,2467.0,6696.0,0
0,5304,5304.0,2225.0,5447.0,1
1,12000,0.0,1827.0,4823.0,0
2,7177,7177.0,1989.0,5175.0,0
0,2002,2002.0,1933.0,5259.0,1
1,12000,0.0,1986.0,5593.0,0
0,6407,6407.0,2309.0,6594.0,1
1,12000,0.0,2476.0,6047.0,0
0,5953,5953.0,1873.0,4720.0,1
1,12000,1233.0,1912.0,5036.0,0
2,6964,6964.0,1706.0,4788.0,0
0,2176,2176.0,1725.0,4552.0,1
1,12000,0.0,1854.0,5153.0,0
0,6847,6847.0,2682.0,6734.0,1
1,12000,113.0,2465.0,6269.0,0
0,5731,5731.0,1997.0,5011.0,1
1,12000,720.0,2151.0,5299.0,0
0,6701,6701.0,1873.0,4768.0,1
1,12000,1933.0,1993.0,5142.0,0
0,6858,6858.0,2124.0,5776.0,1
1,12000,1082.0,2555.0,6386.0,0
0,5614,5614.0,2158.0,5760.0,1
1,12000,0.0,1641.0,4381.0,0
2,7619,7619.0,1965.0,4874.0,0
0,2745,2745.0,1771.0,4777.0,1
1,12000,0.0,1925.0,5342.0,0
0,6658,6658.0,1970.0,5612.0,1
1,12000,1046.0,2563.0,6882.0,0
0,5118,5118.0,2374.0,6593.0,1
1,12000,0.0,1524.0,4213.0,0
2,7787,7787.0,1848.0,5138.0,0
0,2649,2649.0,1695.0,4685.0,1
1,12000,0.0,2280.0,5639.0,0
0,6361,6361.0,2313.0,6113.0,1
1,12000,248.0,2393.0,6082.0,0
0,5918,5918.0,2198.0,5718.0,1
1,12000,200.0,1845.0,5134.0,0
2,6866,6866.0,1730.0,4811.0,0
0,2055,2055.0,1983.0,4863.0,1
1,12000,0.0,1953.0,5552.0,0
0,6448,6448.0,2235.0,5887.0,1
1,12000,561.0,2417.0,6101.0,0
0,5899,5899.0,2349.0,6127.0,1
1,12000,0.0,1785.0,4994.0,0
0,7006,7006.0,1991.0,5023.0,1
1,12000,1983.0,1713.0,4747.0,0
0,7253,7253.0,2112.0,5486.0,1
1,12000,1767.0,2048.0,5387.0,0
0,6613,6613.0,2549.0,6988.0,1
1,12000,0.0,2619.0,6434.0,0
0,5566,5566.0,1868.0,4983.0,1
1,12000,583.0,1958.0,4977.0,0
2,7023,7023.0,1734.0,4504.0,0
0,2519,2519.0,1913.0,5347.0,1
1,12000,0.0,2279.0,6166.0,0
0,5834,5834.0,2510.0,6729.0,1
1,12000,0.0,2290.0,5957.0,0
0,6043,6043.0,1931.0,5006.0,1
1,12000,1037.0,1917.0,5064.0,0
2,6936,6936.0,1955.0,4836.0,0
0,2100,2100.0,1851.0,4920.0,1
1,12000,0.0,2411.0,6029.0,0
0,5971,5971.0,2828.0,6986.0,1
1,12000,0.0,2568.0,6689.0,0
0,5311,5311.0,1799.0,4660.0,1
1,12000,651.0,1848.0,5097.0,0
2,6903,6903.0,1597.0,4465.0,0
0,2438,2438.0,2006.0,4972.0,1
1,12000,0.0,2247.0,6243.0,0
0,5757,5757.0,2439.0,6666.0,1
1,12000,0.0,2422.0,6462.0,0
0,5538,5538.0,1890.0,4799.0,1
1,12000,739.0,1851.0,5092.0,0
0,6908,6908.0,2078.0,5254.0,1
1,12000,1654.0,1764.0,4799.0,0
0,7201,7201.0,2287.0,5803.0,1
1,12000,1398.0,2860.12,7138.0,0
0,4862,4862.0,2114.0,5771.0,1
1,12000,0.0,1843.0,4762.0,0
2,7238,7238.0,2112.0,5194.0,0
0,2044,2044.0,1944.0,4872.0,1
1,12000,0.0,1895.0,4727.0,0
2,7273,7273.0,1880.0,5119.0,0
0,2154,2154.0,2323.0,6222.0,1
1,12000,0.0,2207.0,5755.0,0
0,6245,6245.0,1909.0,4825.0,1
1,12000,1420.0,1932.0,4916.0,0
0,7084,7084.0,1953.0,5311.0,1
1,12000,1773.0,2122.0,5197.0,0
0,6803,6803.0,2155.0,5554.0,1
1,12000,1249.0,2270.0,6079.0,0
0,5921,5921.0,2393.0,6126.0,1
1,12000,0.0,2007.0,5716.0,0
0,6284,6284.0,1898.0,5143.0,1
1,12000,1141.0,1844.0,4773.0,0
0,7227,7227.0,2196.0,5481.0,1
1,12000,1746.0,2353.0,5855.0,0
0,6145,6145.0,2589.0,6960.0,1
1,12000,0.0,2485.0,6552.0,0
0,5448,5448.0,2008.0,5397.0,1
1,12000,51.0,2007.0,5491.0,0
0,6509,6509.0,2094.0,5185.0,1
1,12000,1324.0,2356.0,6022.0,0
0,5978,5978.0,2276.0,6150.0,1
1,12000,0.0,2860.12,7500.0,0
0,4500,4500.0,2670.0,7113.0,1
1,12000,0.0,1934.0,5255.0,0
0,6745,6745.0,2332.0,5735.0,1
1,12000,1010.0,1751.0,4909.0,0
0,7091,7091.0,2044.0,5207.0,1
1,12000,1884.0,2170.0,6070.0,0
0,5930,5930.0,2547.0,6956.0,1
1,12000,0.0,2442.0,6671.0,0
0,5329,5329.0,2039.0,5366.0,1
1,12000,0.0,2091.0,5772.0,0
0,6228,6228.0,2026.0,4951.0,1
1,12000,1277.0,2306.0,5669.0,0
0,6331,6331.0,2119.0,6014.0,1
1,12000,317.0,2440.0,6656.0,0
0,5344,5344.0,2477.0,6978.0,1
1,12000,0.0,1955.0,5120.0,0
0,6880,6880.0,2061.0,5143.0,1
1,12000,1737.0,2190.0,5563.0,0
0,6437,6437.0,2176.0,5401.0,1
1,12000,1036.0,2493.0,6210.0,0
0,5790,5790.0,2846.0,7414.0,1
1,12000,0.0,2524.0,6832.0,0
0,5168,5168.0,1766.0,4791.0,1
1,12000,377.0,2038.0,5403.0,0
0,6597,6597.0,1848.0,5042.0,1
1,12000,1555.0,2218.0,5721.0,0
0,6279,6279.0,2332.0,5920.0,1
1,12000,359.0,2532.0,7170.0,0
0,4830,4830.0,2403.0,5884.0,1
1,12000,0.0,1872.0,5316.0,0
0,6684,6684.0,1892.0,5102.0,1
1,12000,1582.0,1918.0,5134.0,0
0,6866,6866.0,2044.0,5141.0,1
1,12000,1725.0,2180.0,6048.0,0
0,5952,5952.0,2860.12,7366.0,1
1,12000,0.0,2199.0,6210.0,0
0,5790,5790.0,1839.0,5117.0,1
1,12000,673.0,1887.0,5281.0,0
0,6719,6719.0,2050.0,5393.0,1
1,12000,1326.0,1999.0,5646.0,0
0,6354,6354.0,2373.0,6224.0,1
1,12000,130.0,2613.0,6925.0,0
0,5075,5075.0,2638.0,6578.0,1
1,12000,0.0,1966.0,5058.0,0
0,6942,6942.0,2423.0,6042.0,1
1,12000,900.0,2045.0,5067.0,0
0,6933,6933.0,1959.0,5181.0,1
1,12000,1752.0,2363.0,6287.0,0
0,5713,5713.0,2688.0,7053.0,1
1,12000,0.0,2750.0,6968.0,0
0,5032,5032.0,1883.0,5034.0,1
1,12000,0.0,2015.0,5667.0,0
0,6333,6333.0,2071.0,5504.0,1
1,12000,829.0,2275.0,5776.0,0
0,6224,6224.0,2391.0,6478.0,1
1,12000,0.0,2371.0,6626.0,0
0,5374,5374.0,2660.0,6839.0,1
1,12000,0.0,2068.0,5051.0,0
0,6949,6949.0,1985.0,5302.0,1
1,12000,1647.0,1918.0,5256.0,0
0,6744,6744.0,2032.0,5589.0,1
1,12000,1155.0,2387.0,5930.0,0
0,6070,6070.0,2566.0,7160.0,1
1,12000,0.0,2013.0,5707.0,0
0,6293,6293.0,2111.0,5352.0,1
1,12000,941.0,1956.0,5235.0,0
0,6765,6765.0,1941.0,5177.0,1
1,12000,1588.0,2217.0,5775.0,0
0,6225,6225.0,2380.0,6103.0,1
1,12000,122.0,2383.0,6584.0,0
0,5416,5416.0,2352.0,6559.0,1
1,12000,0.0,2064.0,5121.0,0
0,6879,6879.0,2104.0,5141.0,1
1,12000,1738.0,2039.0,5000.0,0
0,7000,7000.0,2297.0,6274.0,1
1,12000,726.0,2203.0,5806.0,0
0,6194,6194.0,2477.0,6980.0,1
1,12000,0.0,2054.0,5800.0,0
0,6200,6200.0,1704.0,4594.0,1
1,12000,1606.0,1514.0,4173.0,0
2,7827,7827.0,1609.0,3980.0,0
0,3847,3847.0,2031.0,5389.0,1
1,12000,0.0,2096.0,5182.0,0
0,6818,6818.0,1983.0,4980.0,1
1,12000,1838.0,1808.0,5128.0,0
2,6872,6872.0,1472.0,4017.0,0
0,2855,2855.0,1706.0,4600.0,1
1,12000,0.0,1688.0,4546.0,0
2,7454,7454.0,1752.0,4863.0,0
0,2591,2591.0,2101.0,5245.0,1
1,12000,0.0,2070.0,5468.0,0
0,6532,6532.0,2370.0,5851.0,1
1,12000,681.0,1737.0,4427.0,0
2,7573,7573.0,1510.0,3964.0,0
0,3609,3609.0,1549.0,4235.0,1
1,12000,0.0,1829.0,4923.0,0
2,7077,7077.0,1979.0,5060.0,0
0,2017,2017.0,2351.0,5923.0,1
1,12000,0.0,2114.0,5839.0,0
0,6161,6161.0,1495.0,4190.0,1
1,12000,1971.0,1643.0,4632.0,0
2,7368,7368.0,1566.0,4236.0,0
0,3132,3132.0,1561.0,3947.0,1
1,12000,0.0,1571.0,4397.0,0
0,7603,7603.0,2080.0,5932.0,1
1,12000,1671.0,2149.0,5662.0,0
2,6338,6338.0,1637.0,4138.0,0
0,2200,2200.0,1560.0,4069.0,1
1,12000,0.0,1526.0,4053.0,0
2,7947,7947.0,1951.0,4809.0,0
0,3138,3138.0,1842.0,5201.0,1
1,12000,0.0,1753.0,4907.0,0
0,7093,7093.0,2140.0,5577.0,1
1,12000,1516.0,1496.0,4266.0,0
2,7734,7734.0,1506.0,4227.0,0
0,3507,3507.0,1723.0,4414.0,1
1,12000,0.0,1509.0,4293.0,0
2,7707,7707.0,1797.0,4688.0,0
0,3019,3019.0,2371.0,5931.0,1
1,12000,0.0,2017.0,5263.0,0
2,6737,6737.0,1587.0,4083.0,0
0,2654,2654.0,1462.0,4135.0,1
1,12000,0.0,1569.0,4283.0,0
2,7717,7717.0,1507.0,4218.0,0
0,3499,3499.0,1958.0,5072.0,1
1,12000,0.0,2202.0,5777.0,0
0,6223,6223.0,2069.0,5191.0,1
1,12000,1032.0,1410.0,3743.0,0
2,8257,8257.0,1783.0,4403.0,0
0,3854,3854.0,1747.0,4490.0,1
1,12000,0.0,1927.0,4753.0,0
0,7247,7247.0,2112.0,5616.0,1
1,12000,1631.0,1813.0,4946.0,0
2,7054,7054.0,1877.0,4993.0,0
0,2061,2061.0,1776.0,4704.0,1
1,12000,0.0,1623.0,4236.0,0
2,7764,7764.0,1624.0,4485.0,0
0,3279,3279.0,1957.0,4815.0,1
1,12000,0.0,1775.0,5003.0,0
0,6997,6997.0,2593.0,6410.0,1
1,12000,587.0,1893.0,5371.0,0
2,6629,6629.0,1774.0,4366.0,0
0,2263,2263.0,1576.0,4419.0,1
1,12000,0.0,1522.0,3817.0,0
2,8183,8183.0,1751.0,4622.0,0
0,3561,3561.0,1887.0,5025.0,1
1,12000,0.0,1984.0,5544.0,0
0,6456,6456.0,2155.0,5609.0,1
1,12000,847.0,1521.0,3921.0,0
2,8079,8079.0,1652.0,4408.0,0
0,3671,3671.0,1472.0,4201.0,1
1,12000,0.0,1790.0,5079.0,0
0,6921,6921.0,1943.0,5138.0,1
1,12000,1783.0,2353.0,6038.0,0
0,5962,5962.0,2140.0,5388.0,1
1,12000,574.0,1463.0,4075.0,0
2,7925,7925.0,1734.0,4697.0,0
0,3228,3228.0,1526.0,4073.0,1
1,12000,0.0,1825.0,4547.0,0
2,7453,7453.0,1920.0,5336.0,0
0,2117,2117.0,2327.0,5982.0,1
1,12000,0.0,2023.0,5447.0,0
2,6553,6553.0,1446.0,3677.0,0
0,2876,2876.0,1849.0,4556.0,1
1,12000,0.0,1693.0,4221.0,0
2,7779,7779.0,1717.0,4624.0,0
0,3155,3155.0,2065.0,5146.0,1
1,12000,0.0,2513.0,6329.0,0
0,5671,5671.0,1918.0,5377.0,1
1,12000,294.0,1564.0,3920.0,0
2,8080,8080.0,1733.0,4890.0,0
0,3190,3190.0,1841.0,4929.0,1
1,12000,0.0,1990.0,5300.0,0
0,6700,6700.0,2054.0,5044.0,1
1,12000,1656.0,2413.0,6343.0,0
0,5657,5657.0,2341.0,5764.0,1
1,12000,0.0,1840.0,4771.0,0
2,7229,7229.0,1945.0,5001.0,0
0,2228,2228.0,1947.0,5012.0,1
1,12000,0.0,2010.0,5575.0,0
0,6425,6425.0,1996.0,5700.0,1
1,12000,725.0,2573.0,6285.0,0
0,5715,5715.0,2249.0,6295.0,1
1,12000,0.0,1784.0,4635.0,0
2,7365,7365.0,1943.0,5260.0,0
0,2105,2105.0,1962.0,5117.0,1
1,12000,0.0,1982.0,5246.0,0
0,6754,6754.0,1912.0,5390.0,1
1,12000,1364.0,2547.0,6439.0,0
0,5561,5561.0,2375.0,6511.0,1
1,12000,0.0,1829.0,4896.0,0
2,7104,7104.0,1804.0,4676.0,0
0,2428,2428.0,1852.0,4891.0,1
1,12000,0.0,2029.0,5531.0,0
0,6469,6469.0,2135.0,5632.0,1
1,12000,837.0,2568.0,6540.0,0
0,5460,5460.0,2549.0,6440.0,1
1,12000,0.0,1899.0,4801.0,0
0,7199,7199.0,2007.0,5276.0,1
1,12000,1923.0,1993.0,4914.0,0
0,7086,7086.0,1959.0,5163.0,1
1,12000,1923.0,2440.0,6151.0,0
0,5849,5849.0,2860.12,7500.0,1
1,12000,0.0,2623.0,7135.0,0
0,4865,4865.0,2193.0,5373.0,1
1,12000,0.0,2252.0,5950.0,0
0,6050,6050.0,2311.0,5647.0,1
1,12000,403.0,2022.0,5534.0,0
0,6466,6466.0,2682.0,6857.0,1
1,12000,0.0,2463.0,6845.0,0
0,5155,5155.0,2633.0,7314.0,1
1,12000,0.0,2175.0,5826.0,0
0,6174,6174.0,2070.0,5832.0,1
1,12000,342.0,1997.0,5678.0,0
0,6322,6322.0,2031.0,5745.0,1
1,12000,577.0,2217.0,6282.0,0
0,5718,5718.0,2860.12,7500.0,1
1,12000,0.0,2503.0,6668.0,0
0,5332,5332.0,2192.0,5509.0,1
1,12000,0.0,2203.0,5518.0,0
0,6482,6482.0,2034.0,5577.0,1
1,12000,905.0,2429.0,5933.0,0
0,6067,6067.0,2331.0,6645.0,1
1,12000,0.0,2860.12,7500.0,0
0,4500,4500.0,2501.0,6625.0,1
1,12000,0.0,2156.0,5693.0,0
0,6307,6307.0,2093.0,5497.0,1
1,12000,810.0,2224.0,6077.0,0
0,5923,5923.0,2166.0,5453.0,1
1,12000,470.0,2562.0,6825.0,0
0,5175,5175.0,2627.0,7366.0,1
1,12000,0.0,2660.0,6641.0,0
0,5359,5359.0,1963.0,5497.0,1
1,12000,0.0,2216.0,5575.0,0
0,6425,6425.0,2200.0,5826.0,1
1,12000,599.0,2030.0,5250.0,0
0,6750,6750.0,2531.0,6441.0,1
1,12000,309.0,2860.12,7500.0,0
0,4500,4500.0,2860.12,7428.0,1
1,12000,0.0,2137.0,5469.0,0
0,6531,6531.0,2032.0,5509.0,1
1,12000,1022.0,1976.0,5640.0,0
0,6360,6360.0,2081.0,5896.0,1
1,12000,464.0,2644.0,7013.0,0
0,4987,4987.0,2860.12,7500.0,1
1,12000,0.0,2649.0,7078.0,0
0,4922,4922.0,1961.0,5522.0,1
1,12000,0.0,2110.0,5627.0,0
0,6373,6373.0,2121.0,5677.0,1
1,12000,696.0,2061.0,5837.0,0
0,6163,6163.0,2402.0,6617.0,1
1,12000,0.0,2714.0,7167.0,0
0,4833,4833.0,2641.0,7153.0,1
1,12000,0.0,2078.0,5233.0,0
0,6767,6767.0,2219.0,6046.0,1
1,12000,721.0,2230.0,5619.0,0
0,6381,6381.0,2309.0,5636.0,1
1,12000,745.0,2538.0,6463.0,0
0,5537,5537.0,2860.12,7428.0,1
1,12000,0.0,2825.0,7148.0,0
0,4852,4852.0,1955.0,4971.0,1
1,12000,0.0,1797.0,4802.0,0
2,7198,7198.0,1955.0,5017.0,0
0,2181,2181.0,1806.0,4980.0,1
1,12000,0.0,2001.0,5576.0,0
0,6424,6424.0,2579.0,6480.0,1
1,12000,0.0,2199.0,5812.0,0
0,6188,6188.0,1900.0,5015.0,1
1,12000,1173.0,2218.0,5682.0,0
0,6318,6318.0,2157.0,5337.0,1
1,12000,981.0,1992.0,4978.0,0
0,7022,7022.0,2300.0,5913.0,1
1,12000,1109.0,2387.0,6353.0,0
0,5647,5647.0,2133.0,5857.0,1
1,12000,0.0,2077.0,5308.0,0
0,6692,6692.0,1903.0,4727.0,1
1,12000,1965.0,1890.0,5306.0,0
2,6694,6694.0,1702.0,4541.0,0
0,2153,2153.0,2333.0,5948.0,1
1,12000,0.0,2527.0,6551.0,0
0,5449,5449.0,2236.0,5873.0,1
1,12000,0.0,1616.0,4359.0,0
2,7641,7641.0,1955.0,4789.0,0
0,2852,2852.0,2099.0,5372.0,1
1,12000,0.0,1727.0,4826.0,0
0,7174,7174.0,2242.0,5539.0,1
1,12000,1635.0,2592.0,6868.0,0
0,5132,5132.0,2244.0,6110.0,1
1,12000,0.0,1885.0,5177.0,0
2,6823,6823.0,1676.0,4733.0,0
0,2090,2090.0,1860.0,4696.0,1
1,12000,0.0,1814.0,4819.0,0
0,7181,7181.0,2044.0,5657.0,1
1,12000,1524.0,2561.0,7078.0,0
0,4922,4922.0,2029.0,5730.0,1
1,12000,0.0,1742.0,4654.0,0
0,7346,7346.0,2072.0,5369.0,1
1,12000,1977.0,1655.0,4481.0,0
2,7519,7519.0,1951.0,5100.0,0
0,2419,2419.0,2078.0,5388.0,1
1,12000,0.0,2751.0,6847.0,0
0,5153,5153.0,2106.0,5935.0,1
1,12000,0.0,1848.0,4539.0,0
2,7461,7461.0,1895.0,4907.0,0
0,2554,2554.0,1836.0,5010.0,1
1,12000,0.0,2019.0,5368.0,0
0,6632,6632.0,2111.0,5644.0,1
1,12000,988.0,2569.0,6726.0,0
0,5274,5274.0,2296.0,5982.0,1
1,12000,0.0,1840.0,4783.0,0
0,7217,7217.0,1877.0,5313.0,1
1,12000,1904.0,1726.0,4731.0,0
2,7269,7269.0,1897.0,5118.0,0
0,2151,2151.0,2299.0,5637.0,1
1,12000,0.0,2466.0,6694.0,0
0,5306,5306.0,2063.0,5547.0,1
1,12000,0.0,1943.0,4895.0,0
2,7105,7105.0,1877.0,4663.0,0
0,2442,2442.0,1899.0,4758.0,1
1,12000,0.0,1882.0,5024.0,0
0,6976,6976.0,2046.0,5148.0,1
1,12000,1828.0,2180.0,6144.0,0
0,5856,5856.0,2468.0,6483.0,1
1,12000,0.0,1712.0,4837.0,0
2,7163,7163.0,1862.0,5155.0,0
0,2008,2008.0,1798.0,4583.0,1
1,12000,0.0,1968.0,5315.0,0
0,6685,6685.0,2261.0,5705.0,1
1,12000,980.0,2393.0,6448.0,0
0,5552,5552.0,2296.0,6039.0,1
1,12000,0.0,1801.0,4920.0,0
0,7080,7080.0,2053.0,5678.0,1
1,12000,1402.0,1903.0,4897.0,0
0,7103,7103.0,1941.0,5343.0,1
1,12000,1760.0,2253.0,5986.0,0
0,6014,6014.0,2240.0,6278.0,1
1,12000,0.0,2370.0,6395.0,0
0,5605,5605.0,1739.0,4550.0,1
1,12000,1055.0,1953.0,4887.0,0
0,7113,7113.0,2102.0,5366.0,1
1,12000,1747.0,2201.0,5407.0,0
0,6593,6593.0,1967.0,5377.0,1
1,12000,1216.0,2743.0,7478.0,0
0,4522,4522.0,2631.0,6521.0,1
1,12000,0.0,1690.0,4208.0,0
2,7792,7792.0,2062.0,5488.0,0
0,2304,2304.0,1957.0,5065.0,1
1,12000,0.0,2178.0,5478.0,0
0,6522,6522.0,2270.0,5755.0,1
1,12000,767.0,2354.0,6271.0,0
0,5729,5729.0,2253.0,5984.0,1
1,12000,0.0,1656.0,4707.0,0
0,7293,7293.0,2179.0,5832.0,1
1,12000,1461.0,2120.0,5245.0,0
0,6755,6755.0,2215.0,5455.0,1
1,12000,1300.0,2330.0,6507.0,0
0,5493,5493.0,2823.0,7318.0,1
1,12000,0.0,2435.0,6545.0,0
0,5455,5455.0,2074.0,5202.0,1
1,12000,253.0,2032.0,5471.0,0
0,6529,6529.0,2055.0,5519.0,1
1,12000,1010.0,2100.0,5532.0,0
0,6468,6468.0,2271.0,6292.0,1
1,12000,176.0,2849.0,7500.0,0
0,4500,4500.0,2237.0,6268.0,1
1,12000,0.0,2013.0,5535.0,0
0,6465,6465.0,2214.0,5515.0,1
1,12000,950.0,1929.0,5195.0,0
0,6805,6805.0,1937.0,5119.0,1
1,12000,1686.0,2463.0,6200.0,0
0,5800,5800.0,2614.0,6647.0,1
1,12000,0.0,2603.0,6351.0,0
0,5649,5649.0,1902.0,5044.0,1
1,12000,605.0,2099.0,5736.0,0
0,6264,6264.0,1842.0,4631.0,1
1,12000,1633.0,2353.0,5822.0,0
0,6178,6178.0,2390.0,6055.0,1
1,12000,123.0,2710.0,6657.0,0
0,5343,5343.0,2272.0,6365.0,1
1,12000,0.0,2079.0,5200.0,0
0,6800,6800.0,1950.0,5382.0,1
1,12000,1418.0,2038.0,5547.0,0
0,6453,6453.0,2110.0,5989.0,1
1,12000,464.0,2117.0,5832.0,0
0,6168,6168.0,2480.0,6942.0,1
1,12000,0.0,2534.0,6729.0,0
0,5271,5271.0,2084.0,5366.0,1
1,12000,0.0,2068.0,5622.0,0
0,6378,6378.0,2128.0,5593.0,1
1,12000,785.0,2177.0,5612.0,0
0,6388,6388.0,2713.0,6654.0,1
1,12000,0.0,2662.0,6806.0,0
0,5194,5194.0,2742.0,7165.0,1
1,12000,0.0,1908.0,5184.0,0
0,6816,6816.0,2071.0,5379.0,1
1,12000,1437.0,2221.0,5570.0,0
0,6430,6430.0,2071.0,5249.0,1
1,12000,1181.0,2390.0,6345.0,0
0,5655,5655.0,2503.0,6821.0,1
1,12000,0.0,2760.0,6828.0,0
0,5172,5172.0,1988.0,5254.0,1
1,12000,0.0,2470.0,6240.0,0
0,5760,5760.0,1873.0,5140.0,1
1,12000,620.0,2524.0,6223.0,0
0,5777,5777.0,2473.0,6490.0,1
1,12000,0.0,2619.0,7239.0,0
0,4761,4761.0,2287.0,6355.0,1
1,12000,0.0,1792.0,4841.0,0
0,7159,7159.0,2026.0,5436.0,1
1,12000,1723.0,2023.0,5527.0,0
0,6473,6473.0,2073.0,5849.0,1
1,12000,624.0,2272.0,5680.0,0
0,6320,6320.0,2569.0,7227.0,1
1,12000,0.0,2614.0,6651.0,0
0,5349,5349.0,2247.0,5608.0,1
1,12000,0.0,2100.0,5216.0,0
0,6784,6784.0,1976.0,5047.0,1
1,12000,1737.0,2270.0,5807.0,0
0,6193,6193.0,2142.0,6058.0,1
1,12000,135.0,2808.0,7500.0,0
0,4500,4500.0,2757.0,6905.0,1
1,12000,0.0,2142.0,5307.0,0
0,6693,6693.0,2037.0,5529.0,1
1,12000,1164.0,2216.0,5739.0,0
0,6261,6261.0,2173.0,5744.0,1
1,12000,517.0,2127.0,5869.0,0
0,6131,6131.0,2548.0,6955.0,1
1,12000,0.0,2669.0,6752.0,0
0,5248,5248.0,1663.0,4735.0,1
1,12000,513.0,1949.0,5360.0,0
0,6640,6640.0,2254.0,5592.0,1
1,12000,1048.0,1995.0,5662.0,0
0,6338,6338.0,2653.0,6659.0,1
1,12000,0.0,2676.0,6910.0,0
0,5090,5090.0,2603.0,6928.0,1
1,12000,0.0,1662.0,4462.0,0
2,7538,7538.0,1931.0,5001.0,0
0,2537,2537.0,2255.0,5532.0,1
1,12000,0.0,2237.0,5951.0,0
0,6049,6049.0,2172.0,6089.0,1
1,12000,0.0,2860.12,7500.0,0
0,4500,4500.0,2602.0,7382.0,1
1,12000,0.0,1891.0,5049.0,0
0,6951,6951.0,2234.0,5573.0,1
1,12000,1378.0,1723.0,4289.0,0
2,7711,7711.0,1924.0,4767.0,0
0,2944,2944.0,1769.0,4482.0,1
1,12000,0.0,2063.0,5170.0,0
0,6830,6830.0,2209.0,6196.0,1
1,12000,634.0,1612.0,4459.0,0
2,7541,7541.0,1955.0,4823.0,0
0,2718,2718.0,1662.0,4380.0,1
1,12000,0.0,1745.0,4579.0,0
0,7421,7421.0,2117.0,5435.0,1
1,12000,1986.0,1962.0,5543.0,0
0,6457,6457.0,1911.0,5324.0,1
1,12000,1133.0,1706.0,4292.0,0
2,7708,7708.0,1708.0,4242.0,0
0,3466,3466.0,1497.0,4093.0,1
1,12000,0.0,1961.0,4963.0,0
2,7037,7037.0,1992.0,4958.0,0
0,2079,2079.0,2144.0,5750.0,1
1,12000,0.0,2184.0,5942.0,0
0,6058,6058.0,1736.0,4515.0,1
1,12000,1543.0,1589.0,4337.0,0
2,7663,7663.0,1805.0,4526.0,0
0,3137,3137.0,1708.0,4694.0,1
1,12000,0.0,1845.0,4945.0,0
0,7055,7055.0,2237.0,6136.0,1
1,12000,919.0,2195.0,5733.0,0
0,6267,6267.0,1634.0,4401.0,1
1,12000,1866.0,1630.0,4389.0,0
2,7611,7611.0,1647.0,4615.0,0
0,2996,2996.0,1639.0,4649.0,1
1,12000,0.0,1813.0,4747.0,0
0,7253,7253.0,2245.0,5617.0,1
1,12000,1636.0,2339.0,5763.0,0
0,6237,6237.0,1552.0,4269.0,1
1,12000,1968.0,1781.0,4674.0,0
2,7326,7326.0,1618.0,4277.0,0
0,3049,3049.0,1671.0,4495.0,1
1,12000,0.0,2114.0,5637.0,0
0,6363,6363.0,2488.0,6486.0,1
1,12000,0.0,1964.0,4841.0,0
2,7159,7159.0,1509.0,3909.0,0
0,3250,3250.0,1714.0,4827.0,1
1,12000,0.0,1622.0,4295.0,0
2,7705,7705.0,1694.0,4210.0,0
0,3495,3495.0,2122.0,5311.0,1
1,12000,0.0,2433.0,6095.0,0
0,5905,5905.0,2200.0,6140.0,1
1,12000,0.0,1819.0,4452.0,0
2,7548,7548.0,1568.0,4216.0,0
0,3332,3332.0,1685.0,4627.0,1
1,12000,0.0,1676.0,4436.0,0
2,7564,7564.0,1685.0,4694.0,0
0,2870,2870.0,2131.0,5867.0,1
1,12000,0.0,2226.0,5726.0,0
0,6274,6274.0,1729.0,4285.0,1
1,12000,1989.0,1479.0,3954.0,0
2,8046,8046.0,1698.0,4609.0,0
0,3437,3437.0,1726.0,4465.0,1
1,12000,0.0,2145.0,5405.0,0
0,6595,6595.0,2188.0,5594.0,1
1,12000,1001.0,2024.0,5649.0,0
0,6351,6351.0,1601.0,4400.0,1
1,12000,1951.0,1781.0,4683.0,0
2,7317,7317.0,1481.0,4046.0,0
0,3271,3271.0,1747.0,4494.0,1
1,12000,0.0,1901.0,4759.0,0
0,7241,7241.0,2393.0,6134.0,1
1,12000,1107.0,2172.0,5666.0,0
0,6334,6334.0,1703.0,4585.0,1
1,12000,1749.0,1526.0,4221.0,0
2,7779,7779.0,1666.0,4724.0,0
0,3055,3055.0,1632.0,4519.0,1
1,12000,0.0,1864.0,4818.0,0
0,7182,7182.0,2371.0,5914.0,1
1,12000,1268.0,2102.0,5840.0,0
0,6160,6160.0,1617.0,4437.0,1
1,12000,1723.0,1997.0,5020.0,0
2,6980,6980.0,1784.0,4665.0,0
0,2315,2315.0,1707.0,4463.0,1
1,12000,0.0,1932.0,5332.0,0
0,6668,6668.0,2191.0,6105.0,1
1,12000,563.0,1989.0,5370.0,0
2,6630,6630.0,1642.0,4341.0,0
0,2289,2289.0,1458.0,4000.0,1
1,12000,0.0,1606.0,4586.0,0
2,7414,7414.0,1576.0,4408.0,0
0,3006,3006.0,1934.0,5476.0,1
1,12000,0.0,2187.0,5468.0,0
0,6532,6532.0,2112.0,5675.0,1
1,12000,857.0,1555.0,3844.0,0
2,8156,8156.0,1672.0,4272.0,0
0,3884,3884.0,1887.0,4627.0,1
1,12000,0.0,1818.0,4684.0,0
0,7316,7316.0,2268.0,5653.0,1
1,12000,1663.0,2756.0,7091.0,0
0,4909,4909.0,2278.0,6198.0,1
1,12000,0.0,1712.0,4805.0,0
0,7195,7195.0,2013.0,5253.0,1
1,12000,1942.0,1992.0,5519.0,0
0,6481,6481.0,1869.0,5095.0,1
1,12000,1386.0,2004.0,5578.0,0
0,6422,6422.0,2720.0,6701.0,1
1,12000,0.0,2531.0,6527.0,0
0,5473,5473.0,1793.0,5008.0,1
1,12000,465.0,1873.0,4934.0,0
2,7066,7066.0,1702.0,4493.0,0
0,2573,2573.0,1976.0,5230.0,1
1,12000,0.0,2164.0,5611.0,0
0,6389,6389.0,2448.0,6320.0,1
1,12000,69.0,2363.0,6498.0,0
0,5502,5502.0,2173.0,5489.0,1
1,12000,13.0,1731.0,4927.0,0
0,7073,7073.0,2042.0,5098.0,1
1,12000,1975.0,2072.0,5523.0,0
0,6477,6477.0,2288.0,5703.0,1
1,12000,774.0,2320.0,5798.0,0
0,6202,6202.0,2501.0,6274.0,1
1,12000,0.0,1770.0,4951.0,0
0,7049,7049.0,1949.0,5123.0,1
1,12000,1926.0,1953.0,4892.0,0
2,7108,7108.0,1885.0,5045.0,0
0,2063,2063.0,2167.0,5625.0,1
1,12000,0.0,2644.0,7500.0,0
0,4500,4500.0,2650.0,6773.0,1
1,12000,0.0,2235.0,5911.0,0
0,6089,6089.0,2433.0,6462.0,1
1,12000,0.0,1971.0,5612.0,0
0,6388,6388.0,2102.0,5897.0,1
1,12000,491.0,2478.0,6307.0,0
0,5693,5693.0,2860.12,7500.0,1
1,12000,0.0,2543.0,7116.0,0
0,4884,4884.0,1996.0,5098.0,1
1,12000,0.0,2136.0,5461.0,0
0,6539,6539.0,2323.0,5777.0,1
1,12000,762.0,2294.0,6424.0,0
0,5576,5576.0,2695.0,6746.0,1
1,12000,0.0,2722.0,7500.0,0
0,4500,4500.0,2556.0,6547.0,1
1,12000,0.0,2134.0,5597.0,0
0,6403,6403.0,2232.0,6051.0,1
1,12000,352.0,2289.0,5951.0,0
0,6049,6049.0,2385.0,6241.0,1
1,12000,0.0,2546.0,6215.0,0
0,5785,5785.0,2860.12,7500.0,1
1,12000,0.0,2759.0,7182.0,0
0,4818,4818.0,1876.0,5281.0,1
1,12000,0.0,2522.0,6400.0,0
0,5600,5600.0,2152.0,6125.0,1
1,12000,0.0,2292.0,5870.0,0
0,6130,6130.0,2570.0,6620.0,1
1,12000,0.0,2844.0,7500.0,0
0,4500,4500.0,2860.12,7400.0,1
1,12000,0.0,2173.0,5690.0,0
0,6310,6310.0,2168.0,5722.0,1
1,12000,588.0,2244.0,6080.0,0
0,5920,5920.0,1972.0,5610.0,1
1,12000,310.0,2539.0,6643.0,0
0,5357,5357.0,2601.0,7285.0,1
1,12000,0.0,2860.12,7500.0,0
0,4500,4500.0,1960.0,5426.0,1
1,12000,0.0,2395.0,5976.0,0
0,6024,6024.0,2021.0,5517.0,1
1,12000,507.0,2569.0,6443.0,0
0,5557,5557.0,2349.0,6507.0,1
1,12000,0.0,2628.0,7341.0,0
0,4659,4659.0,2825.0,6963.0,1
1,12000,0.0,2304.0,5730.0,0
0,6270,6270.0,2070.0,5830.0,1
1,12000,440.0,2227.0,5935.0,0
0,6065,6065.0,2545.0,6409.0,1
1,12000,0.0,2738.0,6967.0,0
0,5033,5033.0,2860.12,7500.0,1
1,12000,0.0,2674.0,7166.0,0
0,4834,4834.0,2213.0,6026.0,1
1,12000,0.0,2248.0,6204.0,0
0,5796,5796.0,2034.0,5777.0,1
1,12000,19.0,2141.0,6045.0,0
0,5955,5955.0,2315.0,6290.0,1
1,12000,0.0,2860.12,7500.0,0
0,4500,4500.0,2793.0,7500.0,1
1,12000,0.0,1957.0,5479.0,0
0,6521,6521.0,2571.0,6283.0,1
1,12000,238.0,2153.0,5748.0,0
0,6252,6252.0,2246.0,5713.0,1
1,12000,539.0,2281.0,5792.0,0
0,6208,6208.0,2002.0,5610.0,1
1,12000,598.0,2298.0,6134.0,0
0,5866,5866.0,1729.0,4545.0,1
1,12000,1321.0,2023.0,4987.0,0
2,7013,7013.0,1959.0,4967.0,0
0,2046,2046.0,2344.0,5916.0,1
1,12000,0.0,2380.0,6079.0,0
0,5921,5921.0,2436.0,6029.0,1
1,12000,0.0,2260.0,5835.0,0
0,6165,6165.0,1705.0,4838.0,1
1,12000,1327.0,1904.0,5081.0,0
2,6919,6919.0,1672.0,4588.0,0
0,2331,2331.0,1939.0,5150.0,1
1,12000,0.0,2175.0,5562.0,0
0,6438,6438.0,2610.0,6671.0,1
1,12000,0.0,2351.0,5932.0,0
0,6068,6068.0,1811.0,4975.0,1
1,12000,1093.0,1992.0,5251.0,0
2,6749,6749.0,1634.0,4399.0,0
0,2350,2350.0,1825.0,5204.0,1
1,12000,0.0,2191.0,5746.0,0
0,6254,6254.0,2461.0,6454.0,1
1,12000,0.0,2118.0,5811.0,0
0,6189,6189.0,1902.0,5234.0,1
1,12000,955.0,1974.0,5029.0,0
0,6971,6971.0,1894.0,5032.0,1
1,12000,1939.0,1999.0,5345.0,0
0,6655,6655.0,2572.0,6500.0,1
1,12000,155.0,2656.0,6575.0,0
0,5425,5425.0,2467.0,6636.0,1
1,12000,0.0,1776.0,4562.0,0
2,7438,7438.0,1890.0,4869.0,0
0,2569,2569.0,1863.0,5267.0,1
1,12000,0.0,1903.0,5120.0,0
0,6880,6880.0,2100.0,5196.0,1
1,12000,1684.0,2318.0,6239.0,0
0,5761,5761.0,2235.0,6080.0,1
1,12000,0.0,1769.0,4470.0,0
2,7530,7530.0,2067.0,5196.0,0
0,2334,2334.0,1785.0,5002.0,1
1,12000,0.0,2246.0,5679.0,0
0,6321,6321.0,2075.0,5677.0,1
1,12000,644.0,2700.0,6657.0,0
0,5343,5343.0,2399.0,6143.0,1
1,12000,0.0,1964.0,5031.0,0
0,6969,6969.0,1985.0,5466.0,1
1,12000,1503.0,1894.0,4631.0,0
2,7369,7369.0,1913.0,5174.0,0
0,2195,2195.0,2177.0,5498.0,1
1,12000,0.0,2461.0,6702.0,0
0,5298,5298.0,2542.0,6256.0,1
1,12000,0.0,1917.0,4985.0,0
0,7015,7015.0,2062.0,5501.0,1
1,12000,1514.0,1940.0,5114.0,0
0,6886,6886.0,2048.0,5084.0,1
1,12000,1802.0,2263.0,6162.0,0
0,5838,5838.0,2219.0,6340.0,1
1,12000,0.0,2421.0,6126.0,0
0,5874,5874.0,1986.0,4850.0,1
1,12000,1024.0,1985.0,5025.0,0
0,6975,6975.0,2153.0,5360.0,1
1,12000,1615.0,2026.0,5394.0,0
0,6606,6606.0,2440.0,6230.0,1
1,12000,376.0,2793.0,7414.0,0
0,4586,4586.0,2576.0,6602.0,1
1,12000,0.0,1898.0,4714.0,0
0,7286,7286.0,2241.0,5671.0,1
1,12000,1615.0,2067.0,5156.0,0
0,6844,6844.0,1922.0,4872.0,1
1,12000,1972.0,2324.0,6303.0,0
0,5697,5697.0,2751.0,6967.0,1
1,12000,0.0,2434.0,6339.0,0
0,5661,5661.0,2046.0,5049.0,1
1,12000,612.0,2066.0,5423.0,0
0,6577,6577.0,1949.0,5364.0,1
1,12000,1213.0,2242.0,5666.0,0
0,6334,6334.0,2637.0,6597.0,1
1,12000,0.0,2619.0,6867.0,0
0,5133,5133.0,2310.0,6416.0,1
1,12000,0.0,1986.0,5156.0,0
0,6844,6844.0,2170.0,5370.0,1
1,12000,1474.0,2079.0,5307.0,0
0,6693,6693.0,2122.0,5279.0,1
1,12000,1414.0,2149.0,5741.0,0
0,6259,6259.0,2370.0,6352.0,1
1,12000,0.0,2376.0,6371.0,0
0,5629,5629.0,1866.0,5044.0,1
1,12000,585.0,2241.0,6001.0,0
0,5999,5999.0,1964.0,5004.0,1
1,12000,995.0,2245.0,5640.0,0
0,6360,6360.0,2539.0,6428.0,1
1,12000,0.0,2860.12,7500.0,0
0,4500,4500.0,2314.0,6575.0,1
1,12000,0.0,2093.0,5256.0,0
0,6744,6744.0,2290.0,5695.0,1
1,12000,1049.0,1899.0,5409.0,0
0,6591,6591.0,2399.0,5954.0,1
1,12000,637.0,2311.0,6402.0,0
0,5598,5598.0,2860.12,7326.0,1
1,12000,0.0,2495.0,7099.0,0
0,4901,4901.0,2067.0,5173.0,1
1,12000,0.0,2316.0,6221.0,0
0,5779,5779.0,2007.0,5253.0,1
1,12000,526.0,2346.0,5767.0,0
0,6233,6233.0,2527.0,6486.0,1
1,12000,0.0,2860.12,7315.0,0
0,4685,4685.0,2534.0,6366.0,1
1,12000,0.0,2166.0,5896.0,0
0,6104,6104.0,2038.0,5355.0,1
1,12000,749.0,2276.0,5833.0,0
0,6167,6167.0,2137.0,5948.0,1
1,12000,219.0,2569.0,6850.0,0
0,5150,5150.0,2830.0,7117.0,1
1,12000,0.0,2840.0,6990.0,0
0,5010,5010.0,2025.0,5585.0,1
1,12000,0.0,2055.0,5409.0,0
0,6591,6591.0,2099.0,5574.0,1
1,12000,1017.0,2089.0,5730.0,0
0,6270,6270.0,2671.0,6831.0,1
1,12000,0.0,2860.12,7474.0,0
0,4526,4526.0,2523.0,6896.0,1
1,12000,0.0,2323.0,5718.0,0
0,6282,6282.0,2003.0,5568.0,1
1,12000,714.0,2168.0,5654.0,0
0,6346,6346.0,2019.0,5604.0,1
1,12000,742.0,2596.0,6538.0,0
0,5462,5462.0,2720.0,7167.0,1
1,12000,0.0,2447.0,6759.0,0
0,5241,5241.0,1726.0,4770.0,1
1,12000,471.0,1966.0,5508.0,0
0,6492,6492.0,1958.0,5474.0,1
1,12000,1018.0,2212.0,6315.0,0
0,5685,5685.0,2465.0,6204.0,1
1,12000,0.0,2856.0,7500.0,0
0,4500,4500.0,2836.0,7376.0,1
1,12000,0.0,1886.0,5307.0,0
0,6693,6693.0,1960.0,5434.0,1
1,12000,1259.0,2055.0,5509.0,0
0,6491,6491.0,2299.0,5768.0,1
1,12000,723.0,2582.0,6426.0,0
0,5574,5574.0,2860.12,7359.0,1
1,12000,0.0,2739.0,7025.0,0
0,4975,4975.0,2297.0,5664.0,1
1,12000,0.0,2029.0,5711.0,0
0,6289,6289.0,2174.0,5741.0,1
1,12000,548.0,2256.0,5834.0,0
0,6166,6166.0,2333.0,6481.0,1
1,12000,0.0,2687.0,7451.0,0
0,4549,4549.0,2501.0,6546.0,1
1,12000,0.0,1998.0,5089.0,0
0,6911,6911.0,2128.0,5546.0,1
1,12000,1365.0,1953.0,5102.0,0
0,6898,6898.0,1927.0,5204.0,1
1,12000,1694.0,2172.0,5730.0,0
0,6270,6270.0,2860.12,7500.0,1
1,12000,0.0,2385.0,6513.0,0
0,5487,5487.0,1990.0,5324.0,1
1,12000,163.0,2084.0,5482.0,0
0,6518,6518.0,2037.0,5155.0,1
1,12000,1363.0,2205.0,5663.0,0
0,6337,6337.0,2637.0,6608.0,1
1,12000,0.0,2807.0,7215.0,0
0,4785,4785.0,2815.0,7012.0,1
1,12000,0.0,2111.0,5606.0,0
0,6394,6394.0,2134.0,5727.0,1
1,12000,667.0,1904.0,5348.0,0
0,6652,6652.0,2241.0,6071.0,1
1,12000,581.0,2468.0,6601.0,0
0,5399,5399.0,2790.0,6876.0,1
1,12000,0.0,2466.0,7000.0,0
0,5000,5000.0,1834.0,5228.0,1
1,12000,0.0,2135.0,5401.0,0
0,6599,6599.0,2141.0,5646.0,1
1,12000,953.0,2174.0,5330.0,0
0,6670,6670.0,2533.0,6297.0,1
1,12000,373.0,2485.0,6985.0,0
0,5015,5015.0,2737.0,6785.0,1
1,12000,0.0,1879.0,5267.0,0
0,6733,6733.0,2361.0,5990.0,1
1,12000,743.0,2119.0,5571.0,0
0,6429,6429.0,1938.0,4740.0,1
1,12000,1689.0,1836.0,4697.0,0
0,7303,7303.0,2309.0,5884.0,1
1,12000,1419.0,1954.0,5273.0,0
2,6727,6727.0,1494.0,4246.0,0
0,2481,2481.0,1488.0,4196.0,1
1,12000,0.0,1722.0,4788.0,0
2,7212,7212.0,1912.0,4836.0,0
0,2376,2376.0,1742.0,4773.0,1
1,12000,0.0,2192.0,5452.0,0
0,6548,6548.0,2116.0,5839.0,1
1,12000,709.0,1727.0,4720.0,0
2,7280,7280.0,1706.0,4787.0,0
0,2493,2493.0,1573.0,4026.0,1
1,12000,0.0,1946.0,4765.0,0
2,7235,7235.0,1813.0,4942.0,0
0,2293,2293.0,2164.0,6173.0,1
1,12000,0.0,2214.0,5657.0,0
0,6343,6343.0,1799.0,4521.0,1
1,12000,1822.0,1590.0,4419.0,0
2,7581,7581.0,1766.0,4476.0,0
0,3105,3105.0,1643.0,4677.0,1
1,12000,0.0,1877.0,4928.0,0
0,7072,7072.0,2357.0,6050.0,1
1,12000,1022.0,2159.0,5359.0,0
2,6641,6641.0,1843.0,4587.0,0
0,2054,2054.0,1740.0,4689.0,1
1,12000,0.0,1714.0,4422.0,0
2,7578,7578.0,1827.0,5119.0,0
0,2459,2459.0,2078.0,5114.0,1
1,12000,0.0,2199.0,5852.0,0
0,6148,6148.0,2134.0,5395.0,1
1,12000,753.0,1927.0,5026.0,0
2,6974,6974.0,1654.0,4369.0,0
0,2605,2605.0,1581.0,4062.0,1
1,12000,0.0,1712.0,4852.0,0
0,7148,7148.0,2086.0,5308.0,1
1,12000,1840.0,2379.0,6407.0,0
0,5593,5593.0,2222.0,5593.0,1
1,12000,0.0,1684.0,4423.0,0
2,7577,7577.0,1380.0,3808.0,0
0,3769,3769.0,1811.0,4433.0,1
1,12000,0.0,1873.0,4708.0,0
2,7292,7292.0,1792.0,4752.0,0
0,2540,2540.0,2282.0,6069.0,1
1,12000,0.0,2154.0,6034.0,0
0,5966,5966.0,1860.0,4815.0,1
1,12000,1151.0,1751.0,4652.0,0
2,7348,7348.0,1628.0,4095.0,0
0,3253,3253.0,1854.0,4917.0,1
1,12000,0.0,1851.0,4854.0,0
0,7146,7146.0,2085.0,5780.0,1
1,12000,1366.0,1936.0,4980.0,0
2,7020,7020.0,1592.0,3973.0,0
0,3047,3047.0,1647.0,4201.0,1
1,12000,0.0,1740.0,4412.0,0
2,7588,7588.0,1896.0,5153.0,0
0,2435,2435.0,1839.0,5189.0,1
1,12000,0.0,2068.0,5569.0,0
0,6431,6431.0,1936.0,5532.0,1
1,12000,899.0,1515.0,4281.0,0
2,7719,7719.0,1552.0,4409.0,0
0,3310,3310.0,1836.0,4675.0,1
1,12000,0.0,1949.0,4797.0,0
2,7203,7203.0,1857.0,4884.0,0
0,2319,2319.0,2027.0,5775.0,1
1,12000,0.0,2305.0,6013.0,0
0,5987,5987.0,1640.0,4094.0,1
1,12000,1893.0,1717.0,4271.0,0
2,7729,7729.0,1944.0,5132.0,0
0,2597,2597.0,1875.0,4643.0,1
1,12000,0.0,1739.0,4877.0,0
2,7123,7123.0,1864.0,4894.0,0
0,2229,2229.0,2360.0,5847.0,1
1,12000,0.0,1634.0,4379.0,0
2,7621,7621.0,1673.0,4118.0,0
0,3503,3503.0,1884.0,4796.0,1
1,12000,0.0,1620.0,4335.0,0
2,7665,7665.0,1943.0,4773.0,0
0,2892,2892.0,2346.0,6231.0,1
1,12000,0.0,2047.0,5680.0,0
2,6320,6320.0,1669.0,4205.0,0
0,2115,2115.0,1612.0,3945.0,1
1,12000,0.0,1852.0,4571.0,0
2,7429,7429.0,1627.0,4440.0,0
0,2989,2989.0,2077.0,5449.0,1
1,12000,0.0,2087.0,5802.0,0
0,6198,6198.0,2132.0,5351.0,1
1,12000,847.0,1508.0,3870.0,0
2,8130,8130.0,1616.0,4273.0,0
0,3857,3857.0,1737.0,4617.0,1
1,12000,0.0,1809.0,4576.0,0
2,7424,7424.0,2081.0,5165.0,0
0,2259,2259.0,2426.0,6363.0,1
1,12000,0.0,2313.0,6099.0,0
0,5901,5901.0,1777.0,4844.0,1
1,12000,1057.0,1771.0,5027.0,0
0,6973,6973.0,2062.0,5109.0,1
1,12000,1864.0,2125.0,5575.0,0
0,6425,6425.0,2266.0,5909.0,1
1,12000,516.0,2514.0,6594.0,0
0,5406,5406.0,2611.0,7058.0,1
1,12000,0.0,1617.0,4439.0,0
2,7561,7561.0,1867.0,5033.0,0
0,2528,2528.0,1824.0,4982.0,1
1,12000,0.0,1907.0,5229.0,0
0,6771,6771.0,2162.0,5425.0,1
1,12000,1346.0,2548.0,6950.0,0
0,5050,5050.0,2454.0,6097.0,1
1,12000,0.0,1810.0,5026.0,0
0,6974,6974.0,1967.0,5173.0,1
1,12000,1801.0,1869.0,4966.0,0
0,7034,7034.0,1822.0,5115.0,1
1,12000,1919.0,2448.0,5980.0,0
0,6020,6020.0,2317.0,6443.0,1
1,12000,0.0,2316.0,6395.0,0
0,5605,5605.0,1966.0,4834.0,1
1,12000,771.0,2005.0,5345.0,0
0,6655,6655.0,1810.0,4970.0,1
1,12000,1685.0,1871.0,5134.0,0
0,6866,6866.0,1964.0,5488.0,1
1,12000,1378.0,2030.0,5647.0,0
0,6353,6353.0,2519.0,7042.0,1
1,12000,0.0,2428.0,6090.0,0
0,5910,5910.0,2315.0,6213.0,1
1,12000,0.0,2188.0,5542.0,0
0,6458,6458.0,2027.0,5503.0,1
1,12000,955.0,2279.0,6459.0,0
0,5541,5541.0,2683.0,7500.0,1
1,12000,0.0,2691.0,7133.0,0
0,4867,4867.0,2085.0,5508.0,1
1,12000,0.0,2352.0,6470.0,0
0,5530,5530.0,2213.0,5646.0,1
1,12000,0.0,2345.0,5953.0,0
0,6047,6047.0,2669.0,6834.0,1
1,12000,0.0,2644.0,7500.0,0
0,4500,4500.0,2825.0,7408.0,1
1,12000,0.0,2157.0,5705.0,0
0,6295,6295.0,2470.0,6044.0,1
1,12000,251.0,2262.0,6048.0,0
0,5952,5952.0,2170.0,5756.0,1
1,12000,196.0,2854.0,7148.0,0
0,4852,4852.0,2860.12,7500.0,1
1,12000,0.0,2860.12,7244.0,0
0,4756,4756.0,2116.0,5914.0,1
1,12000,0.0,2128.0,5495.0,0
0,6505,6505.0,2205.0,5711.0,1
1,12000,794.0,2266.0,6206.0,0
0,5794,5794.0,2315.0,6567.0,1
1,12000,0.0,2765.0,7500.0,0
0,4500,4500.0,2795.0,7500.0,1
1,12000,0.0,2131.0,5784.0,0
0,6216,6216.0,2193.0,6016.0,1
1,12000,200.0,2134.0,5656.0,0
0,6344,6344.0,2454.0,5999.0,1
1,12000,345.0,2295.0,6418.0,0
0,5582,5582.0,2649.0,7500.0,1
1,12000,0.0,2630.0,6508.0,0
0,5492,5492.0,2203.0,5914.0,1
1,12000,0.0,2201.0,6098.0,0
0,5902,5902.0,2195.0,6107.0,1
1,12000,0.0,2283.0,5995.0,0
0,6005,6005.0,2401.0,6760.0,1
1,12000,0.0,2860.12,7500.0,0
0,4500,4500.0,2860.12,7500.0,1
1,12000,0.0,1949.0,5553.0,0
0,6447,6447.0,2226.0,5459.0,1
1,12000,988.0,2263.0,5726.0,0
0,6274,6274.0,2297.0,5809.0,1
1,12000,465.0,2174.0,6073.0,0
0,5927,5927.0,2860.12,7500.0,1
1,12000,0.0,2816.0,7167.0,0
0,4833,4833.0,2102.0,5335.0,1
1,12000,0.0,2269.0,6180.0,0
0,5820,5820.0,2022.0,5729.0,1
1,12000,91.0,2418.0,6299.0,0
0,5701,5701.0,2613.0,6706.0,1
1,12000,0.0,2749.0,7180.0,0
0,4820,4820.0,2860.12,7378.0,1
1,12000,0.0,2079.0,5836.0,0
0,6164,6164.0,2185.0,5815.0,1
1,12000,349.0,2234.0,5624.0,0
0,6376,6376.0,2217.0,5890.0,1
1,12000,486.0,2268.0,5630.0,0
0,6370,6370.0,2347.0,6477.0,1
1,12000,0.0,2238.0,6357.0,0
0,5643,5643.0,1915.0,4749.0,1
1,12000,894.0,2099.0,5347.0,0
0,6653,6653.0,1856.0,4887.0,1
1,12000,1766.0,1958.0,5305.0,0
0,6695,6695.0,2196.0,6014.0,1
1,12000,681.0,2474.0,6075.0,0
0,5925,5925.0,2360.0,6267.0,1
1,12000,0.0,1793.0,4979.0,0
2,7021,7021.0,1639.0,4563.0,0
0,2458,2458.0,2155.0,5287.0,1
1,12000,0.0,2265.0,5593.0,0
0,6407,6407.0,2249.0,6279.0,1
1,12000,128.0,2470.0,6400.0,0
0,5600,5600.0,2674.0,7050.0,1
1,12000,0.0,1751.0,4695.0,0
0,7305,7305.0,1934.0,5378.0,1
1,12000,1927.0,2104.0,5389.0,0
0,6611,6611.0,1953.0,5050.0,1
1,12000,1561.0,2223.0,6090.0,0
0,5910,5910.0,2533.0,7011.0,1
1,12000,0.0,2282.0,6171.0,0
0,5829,5829.0,1804.0,4866.0,1
1,12000,963.0,1991.0,5056.0,0
0,6944,6944.0,1824.0,5169.0,1
1,12000,1775.0,2034.0,5171.0,0
0,6829,6829.0,2510.0,6373.0,1
1,12000,456.0,2609.0,7062.0,0
0,4938,4938.0,2220.0,5915.0,1
1,12000,0.0,1918.0,5182.0,0
0,6818,6818.0,1982.0,5503.0,1
1,12000,1315.0,1748.0,4635.0,0
0,7365,7365.0,2131.0,5373.0,1
1,12000,1992.0,2367.0,5995.0,0
0,6005,6005.0,2784.0,7130.0,1
1,12000,0.0,2399.0,6623.0,0
0,5377,5377.0,1898.0,4957.0,1
1,12000,420.0,2035.0,5700.0,0
0,6300,6300.0,1976.0,4905.0,1
1,12000,1395.0,1907.0,5287.0,0
0,6713,6713.0,2050.0,5688.0,1
1,12000,1025.0,2542.0,6507.0,0
0,5493,5493.0,2257.0,6364.0,1
1,12000,0.0,1913.0,4761.0,0
0,7239,7239.0,2179.0,5391.0,1
1,12000,1848.0,1778.0,4852.0,0
0,7148,7148.0,1977.0,5217.0,1
1,12000,1931.0,2141.0,5744.0,0
0,6256,6256.0,2548.0,6700.0,1
1,12000,0.0,2317.0,6254.0,0
0,5746,5746.0,1937.0,4838.0,1
1,12000,908.0,1962.0,5428.0,0
2,6572,6572.0,1777.0,4462.0,0
0,2110,2110.0,2024.0,5231.0,1
1,12000,0.0,2110.0,5554.0,0
0,6446,6446.0,2491.0,6487.0,1
1,12000,0.0,2371.0,6195.0,0
0,5805,5805.0,1919.0,5207.0,1
1,12000,598.0,1981.0,5036.0,0
0,6964,6964.0,2027.0,5596.0,1
1,12000,1368.0,2074.0,5613.0,0
0,6387,6387.0,2340.0,5928.0,1
1,12000,459.0,2387.0,6019.0,0
0,5981,5981.0,2369.0,6560.0,1
1,12000,0.0,1932.0,5006.0,0
2,6994,6994.0,1827.0,4970.0,0
0,2024,2024.0,1889.0,4764.0,1
1,12000,0.0,2296.0,5704.0,0
0,6296,6296.0,2361.0,6050.0,1
1,12000,246.0,2747.0,6901.0,0
0,5099,5099.0,2450.0,6443.0,1
1,12000,0.0,1702.0,4807.0,0
0,7193,7193.0,1988.0,5400.0,1
1,12000,1793.0,1995.0,5200.0,0
0,6800,6800.0,1832.0,5094.0,1
1,12000,1706.0,2269.0,5804.0,0
0,6196,6196.0,2726.0,7186.0,1
1,12000,0.0,2603.0,6528.0,0
0,5472,5472.0,1998.0,4888.0,1
1,12000,584.0,2348.0,5782.0,0
0,6218,6218.0,1990.0,5076.0,1
1,12000,1142.0,2040.0,5678.0,0
0,6322,6322.0,2343.0,6103.0,1
1,12000,219.0,2860.12,7256.0,0
0,4744,4744.0,2308.0,6305.0,1
1,12000,0.0,1898.0,4820.0,0
2,7180,7180.0,1878.0,4815.0,0
0,2365,2365.0,1819.0,4912.0,1
1,12000,0.0,2041.0,5387.0,0
0,6613,6613.0,2280.0,6056.0,1
1,12000,557.0,2665.0,7146.0,0
0,4854,4854.0,2616.0,7099.0,1
1,12000,0.0,1806.0,5103.0,0
0,6897,6897.0,2178.0,5452.0,1
1,12000,1445.0,2130.0,5730.0,0
0,6270,6270.0,2246.0,5516.0,1
1,12000,754.0,2517.0,6276.0,0
0,5724,5724.0,2860.12,7500.0,1
1,12000,0.0,2469.0,7047.0,0
0,4953,4953.0,1647.0,4590.0,1
1,12000,363.0,2081.0,5420.0,0
0,6580,6580.0,2317.0,5865.0,1
1,12000,715.0,2229.0,5938.0,0
0,6062,6062.0,2646.0,6624.0,1
1,12000,0.0,2498.0,6967.0,0
0,5033,5033.0,2800.0,6882.0,1
1,12000,0.0,1882.0,5338.0,0
0,6662,6662.0,2072.0,5903.0,1
1,12000,759.0,2202.0,5540.0,0
0,6460,6460.0,1993.0,5610.0,1
1,12000,850.0,2389.0,6668.0,0
0,5332,5332.0,2537.0,7193.0,1
1,12000,0.0,2518.0,7195.0,0
0,4805,4805.0,1706.0,4554.0,1
1,12000,251.0,2172.0,6046.0,0
0,5954,5954.0,2402.0,5902.0,1
1,12000,52.0,2287.0,5734.0,0
0,6266,6266.0,2572.0,7323.0,1
1,12000,0.0,2631.0,7132.0,0
0,4868,4868.0,2538.0,6404.0,1
1,12000,0.0,1895.0,5071.0,0
0,6929,6929.0,1949.0,5441.0,1
1,12000,1488.0,2020.0,5718.0,0
0,6282,6282.0,2189.0,5940.0,1
1,12000,342.0,2298.0,6163.0,0
0,5837,5837.0,2820.0,7184.0,1
1,12000,0.0,2392.0,6669.0,0
0,5331,5331.0,2045.0,5396.0,1
1,12000,0.0,1953.0,5242.0,0
0,6758,6758.0,2215.0,5907.0,1
1,12000,851.0,2221.0,6002.0,0
0,5998,5998.0,2451.0,6721.0,1
1,12000,0.0,2741.0,7320.0,0
0,4680,4680.0,2572.0,7181.0,1
1,12000,0.0,2284.0,5756.0,0
0,6244,6244.0,2300.0,5751.0,1
1,12000,493.0,2058.0,5825.0,0
0,6175,6175.0,2282.0,6364.0,1
1,12000,0.0,2527.0,6615.0,0
0,5385,5385.0,2860.12,7500.0,1
1,12000,0.0,2332.0,6575.0,0
0,5425,5425.0,2034.0,5297.0,1
1,12000,128.0,2309.0,6058.0,0
0,5942,5942.0,2283.0,5704.0,1
1,12000,238.0,2418.0,6424.0,0
0,5576,5576.0,2160.0,5980.0,1
1,12000,0.0,2601.0,7051.0,0
0,4949,4949.0,2838.0,7005.0,1
1,12000,0.0,2159.0,5647.0,0
0,6353,6353.0,1949.0,5516.0,1
1,12000,837.0,2252.0,5995.0,0
0,6005,6005.0,2391.0,6357.0,1
1,12000,0.0,2487.0,6254.0,0
0,5746,5746.0,2795.0,7500.0,1
1,12000,0.0,2860.12,7420.0,0
0,4580,4580.0,2082.0,5467.0,1
1,12000,0.0,2369.0,6087.0,0
0,5913,5913.0,2530.0,6227.0,1
1,12000,0.0,2137.0,5721.0,0
0,6279,6279.0,2642.0,6476.0,1
1,12000,0.0,2860.0,7034.0,0
0,4966,4966.0,2628.0,6440.0,1
1,12000,0.0,2352.0,5745.0,0
0,6255,6255.0,2575.0,6433.0,1
1,12000,0.0,2374.0,5793.0,0
0,6207,6207.0,2243.0,6296.0,1
1,12000,0.0,2719.0,6782.0,0
0,5218,5218.0,2530.0,6739.0,1
1,12000,0.0,2464.0,6957.0,0
0,5043,5043.0,2239.0,5666.0,1
1,12000,0.0,2395.0,5856.0,0
0,6144,6144.0,2201.0,5863.0,1
1,12000,281.0,2308.0,5982.0,0
0,6018,6018.0,2748.0,6754.0,1
1,12000,0.0,2860.12,7500.0,0
0,4500,4500.0,2786.0,7062.0,1
1,12000,0.0,1914.0,5416.0,0
0,6584,6584.0,2129.0,5801.0,1
1,12000,783.0,2106.0,5412.0,0
0,6588,6588.0,1918.0,5236.0,1
1,12000,1352.0,2353.0,6023.0,0
0,5977,5977.0,2146.0,5833.0,1
1,12000,144.0,2016.0,4996.0,0
2,7004,7004.0,1589.0,4476.0,0
0,2528,2528.0,1580.0,4349.0,1
1,12000,0.0,1907.0,4887.0,0
2,7113,7113.0,1565.0,4380.0,0
0,2733,2733.0,1733.0,4702.0,1
1,12000,0.0,2511.0,6206.0,0
0,5794,5794.0,2368.0,5926.0,1
1,12000,0.0,1704.0,4464.0,0
2,7536,7536.0,1678.0,4621.0,0
0,2915,2915.0,1783.0,4627.0,1
1,12000,0.0,1793.0,4639.0,0
2,7361,7361.0,2087.0,5329.0,0
0,2032,2032.0,2436.0,6170.0,1
1,12000,0.0,2097.0,5698.0,0
2,6302,6302.0,1617.0,4098.0,0
0,2204,2204.0,1674.0,4577.0,1
1,12000,0.0,1749.0,4585.0,0
2,7415,7415.0,1980.0,4977.0,0
0,2438,2438.0,2073.0,5072.0,1
1,12000,0.0,2189.0,6141.0,0
0,5859,5859.0,2129.0,5311.0,1
1,12000,548.0,1574.0,4208.0,0
2,7792,7792.0,1713.0,4636.0,0
0,3156,3156.0,1948.0,5033.0,1
1,12000,0.0,1698.0,4695.0,0
2,7305,7305.0,1882.0,5132.0,0
0,2173,2173.0,2637.0,6571.0,1
1,12000,0.0,1994.0,5571.0,0
2,6429,6429.0,1700.0,4401.0,0
0,2028,2028.0,2042.0,5628.0,1
1,12000,0.0,1577.0,4494.0,0
2,7506,7506.0,1693.0,4331.0,0
0,3175,3175.0,2026.0,5695.0,1
1,12000,0.0,2447.0,6109.0,0
0,5891,5891.0,2018.0,5524.0,1
1,12000,367.0,1520.0,4291.0,0
2,7709,7709.0,1790.0,4620.0,0
0,3089,3089.0,1653.0,4227.0,1
1,12000,0.0,2021.0,4965.0,0
0,7035,7035.0,2170.0,5400.0,1
1,12000,1635.0,2186.0,5564.0,0
0,6436,6436.0,2290.0,5984.0,1
1,12000,452.0,1730.0,4416.0,0
2,7584,7584.0,1872.0,4857.0,0
0,2727,2727.0,1682.0,4316.0,1
1,12000,0.0,1926.0,5109.0,0
0,6891,6891.0,2319.0,5751.0,1
1,12000,1140.0,1931.0,5369.0,0
0,6631,6631.0,2166.0,5648.0,1
1,12000,983.0,1509.0,4206.0,0
2,7794,7794.0,1833.0,4728.0,0
0,3066,3066.0,1723.0,4379.0,1
1,12000,0.0,1802.0,4940.0,0
0,7060,7060.0,2318.0,5933.0,1
1,12000,1127.0,2386.0,6091.0,0
0,5909,5909.0,2190.0,5643.0,1
1,12000,266.0,1946.0,4777.0,0
2,7223,7223.0,1725.0,4302.0,0
0,2921,2921.0,1946.0,5049.0,1
1,12000,0.0,1828.0,4540.0,0
2,7460,7460.0,1928.0,5133.0,0
0,2327,2327.0,1827.0,4984.0,1
1,12000,0.0,1987.0,5464.0,0
2,6536,6536.0,1404.0,4005.0,0
0,2531,2531.0,1558.0,4230.0,1
1,12000,0.0,1730.0,4329.0,0
2,7671,7671.0,1741.0,4362.0,0
0,3309,3309.0,2166.0,5350.0,1
1,12000,0.0,2239.0,5880.0,0
0,6120,6120.0,2188.0,5826.0,1
1,12000,294.0,1588.0,4143.0,0
2,7857,7857.0,1635.0,4348.0,0
0,3509,3509.0,1711.0,4762.0,1
1,12000,0.0,1805.0,4516.0,0
2,7484,7484.0,2198.0,5483.0,0
0,2001,2001.0,2531.0,6220.0,1
1,12000,0.0,2389.0,5846.0,0
0,6154,6154.0,1835.0,4622.0,1
1,12000,1532.0,1866.0,4646.0,0
2,7354,7354.0,1838.0,4489.0,0
0,2865,2865.0,1880.0,5087.0,1
1,12000,0.0,1938.0,5347.0,0
0,6653,6653.0,2406.0,6565.0,1
1,12000,88.0,2190.0,5621.0,0
2,6379,6379.0,1729.0,4282.0,0
0,2097,2097.0,1765.0,4635.0,1
1,12000,0.0,1759.0,4298.0,0
2,7702,7702.0,1680.0,4498.0,0
0,3204,3204.0,2250.0,5857.0,1
1,12000,0.0,2405.0,6297.0,0
0,5703,5703.0,2269.0,6220.0,1
1,12000,0.0,1790.0,4807.0,0
0,7193,7193.0,2002.0,5332.0,1
1,12000,1861.0,1847.0,5024.0,0
0,6976,6976.0,1924.0,5285.0,1
1,12000,1691.0,2017.0,5645.0,0
0,6355,6355.0,2860.12,7102.0,1
1,12000,0.0,2254.0,6137.0,0
0,5863,5863.0,2106.0,5523.0,1
1,12000,340.0,2048.0,5133.0,0
0,6867,6867.0,1823.0,5004.0,1
1,12000,1863.0,1950.0,5380.0,0
0,6620,6620.0,2233.0,5895.0,1
1,12000,725.0,2429.0,6656.0,0
0,5344,5344.0,2223.0,6275.0,1
1,12000,0.0,1697.0,4796.0,0
0,7204,7204.0,2063.0,5302.0,1
1,12000,1902.0,2017.0,4935.0,0
0,7065,7065.0,2076.0,5357.0,1
1,12000,1708.0,2131.0,5873.0,0
0,6127,6127.0,2280.0,6233.0,1
1,12000,0.0,2249.0,6210.0,0
0,5790,5790.0,2004.0,4988.0,1
1,12000,802.0,2006.0,5255.0,0
0,6745,6745.0,2229.0,5537.0,1
1,12000,1208.0,2062.0,5745.0,0
0,6255,6255.0,2316.0,6017.0,1
1,12000,238.0,2661.0,7136.0,0
0,4864,4864.0,2715.0,6836.0,1
1,12000,0.0,1825.0,4997.0,0
0,7003,7003.0,2439.0,6536.0,1
1,12000,467.0,2239.0,5931.0,0
0,6069,6069.0,2422.0,6316.0,1
1,12000,0.0,2507.0,6759.0,0
0,5241,5241.0,2860.12,7500.0,1
1,12000,0.0,2860.12,7500.0,0
0,4500,4500.0,2164.0,5786.0,1
1,12000,0.0,2144.0,5905.0,0
0,6095,6095.0,2219.0,6077.0,1
1,12000,18.0,2503.0,6267.0,0
0,5733,5733.0,2780.0,7077.0,1
1,12000,0.0,2860.12,7500.0,0
0,4500,4500.0,2860.12,7500.0,1
1,12000,0.0,2195.0,5803.0,0
0,6197,6197.0,2327.0,6144.0,1
1,12000,53.0,2160.0,5846.0,0
0,6154,6154.0,2758.0,7043.0,1
1,12000,0.0,2776.0,7067.0,0
0,4933,4933.0,2839.0,7500.0,1
1,12000,0.0,2648.0,7348.0,0
0,4652,4652.0,2326.0,5755.0,1
1,12000,0.0,2530.0,6579.0,0
0,5421,5421.0,2206.0,6253.0,1
1,12000,0.0,2094.0,5853.0,0
0,6147,6147.0,2537.0,6361.0,1
1,12000,0.0,2780.0,7449.0,0
0,4551,4551.0,2812.0,7500.0,1
1,12000,0.0,2304.0,5629.0,0
0,6371,6371.0,2231.0,5687.0,1
1,12000,684.0,2327.0,5817.0,0
0,6183,6183.0,2365.0,6109.0,1
1,12000,74.0,2687.0,6598.0,0
0,5402,5402.0,2860.12,7500.0,1
1,12000,0.0,2629.0,7500.0,0
0,4500,4500.0,2554.0,6343.0,1
1,12000,0.0,2280.0,5897.0,0
0,6103,6103.0,2094.0,5823.0,1
1,12000,280.0,2357.0,6282.0,0
0,5718,5718.0,2611.0,6912.0,1
1,12000,0.0,2860.12,7500.0,0
0,4500,4500.0,2682.0,7375.0,1
1,12000,0.0,2520.0,6337.0,0
0,5663,5663.0,2442.0,6432.0,1
1,12000,0.0,2252.0,5998.0,0
0,6002,6002.0,2420.0,6324.0,1
1,12000,0.0,2508.0,6970.0,0
0,5030,5030.0,2671.0,7500.0,1
1,12000,0.0,2669.0,7450.0,0
0,4550,4550.0,2294.0,5860.0,1
1,12000,0.0,2400.0,5879.0,0
0,6121,6121.0,2210.0,6026.0,1
1,12000,95.0,2237.0,6329.0,0
0,5671,5671.0,2330.0,6432.0,1
1,12000,0.0,2592.0,7315.0,0
0,4685,4685.0,2860.12,7500.0,1
1,12000,0.0,2104.0,5722.0,0
0,6278,6278.0,2213.0,5880.0,1
1,12000,398.0,2567.0,6292.0,0
0,5708,5708.0,2349.0,5788.0,1
1,12000,0.0,2619.0,6915.0,0
0,5085,5085.0,2743.0,7500.0,1
1,12000,0.0,2483.0,6254.0,0
0,5746,5746.0,1673.0,4499.0,1
1,12000,1247.0,1947.0,5431.0,0
0,6569,6569.0,2073.0,5658.0,1
1,12000,911.0,1964.0,5056.0,0
0,6944,6944.0,2398.0,5919.0,1
1,12000,1025.0,2758.0,7273.0,0
0,4727,4727.0,2323.0,6469.0,1
1,12000,0.0,1770.0,4741.0,0
2,7259,7259.0,1837.0,5034.0,0
0,2225,2225.0,1839.0,5113.0,1
1,12000,0.0,2258.0,5868.0,0
0,6132,6132.0,2517.0,6306.0,1
1,12000,0.0,2817.0,7308.0,0
0,4692,4692.0,2441.0,6214.0,1
1,12000,0.0,1866.0,5267.0,0
0,6733,6733.0,2087.0,5942.0,1
1,12000,791.0,1976.0,5339.0,0
0,6661,6661.0,1966.0,5369.0,1
1,12000,1292.0,2298.0,6494.0,0
0,5506,5506.0,2563.0,6953.0,1
1,12000,0.0,2296.0,6422.0,0
0,5578,5578.0,2182.0,5598.0,1
1,12000,0.0,1920.0,5210.0,0
0,6790,6790.0,2056.0,5796.0,1
1,12000,994.0,1972.0,5041.0,0
0,6959,6959.0,2411.0,5991.0,1
1,12000,968.0,2442.0,6569.0,0
0,5431,5431.0,2237.0,5835.0,1
1,12000,0.0,1958.0,5054.0,0
0,6946,6946.0,1980.0,5382.0,1
1,12000,1564.0,2070.0,5519.0,0
0,6481,6481.0,2061.0,5367.0,1
1,12000,1114.0,2271.0,6450.0,0
0,5550,5550.0,2701.0,7260.0,1
1,12000,0.0,2188.0,5799.0,0
0,6201,6201.0,1982.0,4950.0,1
1,12000,1251.0,1790.0,4676.0,0
2,7324,7324.0,2108.0,5147.0,0
0,2177,2177.0,2005.0,5357.0,1
1,12000,0.0,2272.0,6357.0,0
0,5643,5643.0,2506.0,6225.0,1
1,12000,0.0,2345.0,6460.0,0
0,5540,5540.0,2118.0,5423.0,1
1,12000,117.0,1868.0,5209.0,0
0,6791,6791.0,2095.0,5370.0,1
1,12000,1421.0,1920.0,5103.0,0
0,6897,6897.0,2494.0,6108.0,1
1,12000,789.0,2541.0,6764.0,0
0,5236,5236.0,2416.0,6736.0,1
1,12000,0.0,1939.0,4903.0,0
0,7097,7097.0,2037.0,5285.0,1
1,12000,1812.0,1993.0,5388.0,0
0,6612,6612.0,2217.0,5516.0,1
1,12000,1096.0,2436.0,6100.0,0
0,5900,5900.0,2744.0,6787.0,1
1,12000,0.0,2461.0,6653.0,0
0,5347,5347.0,1682.0,4613.0,1
1,12000,734.0,2264.0,5648.0,0
0,6352,6352.0,2002.0,5149.0,1
1,12000,1203.0,1950.0,5096.0,0
0,6904,6904.0,2200.0,6071.0,1
1,12000,833.0,2593.0,7073.0,0
0,4927,4927.0,2373.0,6267.0,1
1,12000,0.0,1810.0,5102.0,0
0,6898,6898.0,2086.0,5657.0,1
1,12000,1241.0,2307.0,5645.0,0
0,6355,6355.0,2229.0,5468.0,1
1,12000,887.0,2347.0,5737.0,0
0,6263,6263.0,2577.0,6968.0,1
1,12000,0.0,2252.0,5694.0,0
0,6306,6306.0,1805.0,4902.0,1
1,12000,1404.0,1891.0,4852.0,0
2,7148,7148.0,1839.0,4987.0,0
0,2161,2161.0,2107.0,5720.0,1
1,12000,0.0,2459.0,6114.0,0
0,5886,5886.0,2409.0,6637.0,1
1,12000,0.0,2219.0,6111.0,0
0,5889,5889.0,2154.0,5541.0,1
1,12000,348.0,1928.0,5438.0,0
0,6562,6562.0,2090.0,5148.0,1
1,12000,1414.0,2348.0,5812.0,0
0,6188,6188.0,2275.0,6253.0,1
1,12000,0.0,2793.0,6898.0,0
0,5102,5102.0,2375.0,6482.0,1
1,12000,0.0,1951.0,5033.0,0
0,6967,6967.0,2183.0,5391.0,1
1,12000,1576.0,2147.0,5321.0,0
0,6679,6679.0,2061.0,5708.0,1
1,12000,971.0,2338.0,6350.0,0
0,5650,5650.0,2730.0,6952.0,1
1,12000,0.0,2424.0,6792.0,0
0,5208,5208.0,2047.0,5842.0,1
1,12000,0.0,2150.0,5495.0,0
0,6505,6505.0,2134.0,5830.0,1
1,12000,675.0,2238.0,6327.0,0
0,5673,5673.0,2399.0,6409.0,1
1,12000,0.0,2741.0,7500.0,0
0,4500,4500.0,2836.0,7449.0,1
1,12000,0.0,2217.0,5906.0,0
0,6094,6094.0,2081.0,5721.0,1
1,12000,373.0,2191.0,5549.0,0
0,6451,6451.0,1981.0,5378.0,1
1,12000,1073.0,2340.0,6639.0,0
0,5361,5361.0,2860.12,7440.0,1
1,12000,0.0,2782.0,7156.0,0
0,5836,5836.215376720247,2251.081662270598,6129.561246702949,1
0,7348,7348.407577797735,2195.2054598261557,5412.677531353243,1
0,2012,2012.4965032452837,1544.972465301886,3989.3334797798716,1
0,6172,6172.52382922161,1990.8217091183608,5545.1372467911015,1
0,2800,2800.431733675692,1848.7110379252538,4918.01277730135,1
0,2607,2607.9128128418147,2518.2358930524656,6241.3143355164,1
0,3120,3120.39634527058,1739.7149826717393,4595.841657039855,1
0,4725,4725.693697364452,2507.7516645899523,6288.380426257375,1
0,6240,6240.849640082386,2140.7334528733213,5514.578597229662,1
0,7265,7265.384206854826,2198.3310552016223,5774.006834395133,1
0,3207,3207.253069343019,1985.1916415673095,5008.921375720318,1
0,6457,6457.359907125815,2338.1917455847265,5980.9793639618165,1
0,6097,6097.348896494582,2085.837294936618,5758.954160271927,1
0,3605,3605.7674219552723,1567.6794703578287,4063.9498316357835,1
0,3793,3793.380604424969,1859.9558562687064,4589.518396808008,1
0,6202,6202.971341206913,2563.7682023074644,6698.08597637926,1
0,7144,7144.069470667953,2345.427545718984,5740.610779598549,1
0,6475,6475.752574148121,2367.1237129259393,6742.400590574086,1
0,5217,5217.403083186549,1812.0929842902008,4779.581396160621,1
0,3941,3941.343372134529,1364.6287829116093,3734.8735619827603,1
0,2110,2110.4105719871754,2140.8928738838617,5354.273714658117,1
0,6677,6677.160581803175,2203.861781053428,5487.325205413306,1
0,6608,6608.33699570049,2179.8496137385896,5614.005493550734,1
0,6494,6494.422614925955,2009.8439594154393,5472.061908059236,1
0,2504,2504.0332995957274,1553.145235685409,4161.08264892812,1
0,2240,2240.127354346674,1561.9812816963486,4372.147967774639,1
0,3142,3142.312673580666,1667.9898259809208,4537.302499561587,1
0,2568,2568.2828778042613,1772.0809299797197,4888.5451459888345,1
0,5998,5998.669851173984,1962.4226222757043,5007.558270680388,1
0,6305,6305.086724728951,2336.1842025027113,6081.290422786415,1
0,3808,3808.1424866403368,2025.374275981304,5349.166260352887,1
0,6509,6509.1973743657245,1826.4069606903504,5086.149442742597,1
0,7111,7111.789806041918,1956.6263218522986,5333.721871400197,1
0,3339,3339.9813323850603,2118.578042734776,5729.3678038900025,1
0,2692,2692.859825043259,1866.819475240235,5146.423790140277,1
0,3791,3791.968278880715,2111.534226028222,5438.21536035058,1
0,6250,6250.010741003175,2172.792766884233,5951.739061868359,1
0,6081,6081.8463568328025,1683.7018733852813,4704.05718273103,1
0,5902,5902.461837542785,1998.3072436858222,5578.577458930823,1
0,4331,4331.036546609674,1329.5091366524184,3676.3916181124864,1
0,5577,5577.14405827333,2691.3470420044537,6744.916155320003,1
0,2006,2006.8987124902485,1549.4908916818356,4077.80543728872,1
0,4720,4720.311817168423,2860.12,7500.0,1
0,6191,6191.847582082484,2469.2327568387423,6272.362513239111,1
0,4544,4544.892131277218,2809.964043759073,7500.0,1
0,2779,2779.3074185984747,1800.680073336232,4702.0,1
0,6446,6446.620588699513,2038.9460075080813,5193.202309365919,1
0,6530,6530.350916787585,2132.3955115957224,5820.69396725519,1
0,6163,6163.150938487969,2502.9803349918,6945.794917705068,1
0,6737,6737.408089736814,2531.4112053389563,6390.953265967872,1
0,6415,6415.258260742295,1847.0860869140981,5061.2160506592345,1
0,2998,2998.1308112109155,2019.5296000254154,5443.628934581815,1
0,3084,3084.107887826146,1555.7736072056287,4136.802616770313,1
0,2429,2429.4004973519172,1726.3640131453917,4366.743781634461,1
0,6126,6126.2231482019715,1649.927492637357,4505.294978638689,1
0,6049,6049.934346964298,2661.217601529471,6824.048736381946,1
0,5513,5513.892616666517,2086.7846503621404,5415.621826449234,1
0,2172,2172.018284218845,2259.5111023767154,5675.851979919683,1
0,7198,7198.914317242715,1948.6968137878077,5281.350055174751,1
0,3835,3835.917617665791,1514.7077830466892,4106.543467100763,1
0,5945,5945.560967258978,2242.7610699735433,5722.517029746688,1
0,6533,6533.283179775347,1854.7842439806877,5024.530162118434,1
0,3457,3457.932239632092,1782.9422518064312,4673.961694941992,1
0,6221,6221.594876623129,2015.5620211636162,4950.762773208264,1
0,6671,6671.091450703413,2512.712477308343,6634.689486697535,1
0,3172,3172.865830072691,1322.5796711012015,3480.52,1
0,6359,6359.91915456769,2224.572760889079,5489.644280097837,1
0,4212,4212.557553835593,1699.5879363036418,4249.06998042342,1
0,6451,6451.447772123998,2687.7835777455903,6819.126894117585,1
0,4884,4884.215754062405,2860.12,7500.0,1
0,7007,7007.866867976474,1978.1609662870742,5541.349766837696,1
0,5941,5941.374395233593,1899.5485186306037,5315.135580329109,1
0,3018,3018.2582321616082,2073.8278452255945,5214.252388520067,1
0,2193,2193.01954441719,1832.7744305214874,4625.255047840464,1
0,5724,5724.248968169548,2821.725041373567,7500.0,1
0,6518,6518.863447771479,2035.9779597806992,5154.770922019812,1
0,6716,6716.0869885436305,2039.9164988048753,5397.59359498889,1
0,7170,7170.279913546561,2076.849321221948,5305.612866405726,1
0,4388,4388.748287764291,1827.1451721317103,4622.502797712346,1
0,6966,6966.871877672381,1963.7721710214555,5168.29274940629,1
0,7106,7106.451126030689,2208.829098926189,5862.195225330767,1
0,3138,3138.236316242079,2054.941789745247,5176.174630764258,1
0,5427,5427.569466086214,2425.531597203518,6196.063194407036,1
0,2192,2192.561909344005,1961.041507618413,5021.361005078942,1
0,5089,5089.070624010872,2604.858751978255,6662.198467109511,1
0,2373,2373.6702886790417,2381.0120012447023,6184.367174847109,1
0,5234,5234.712260415831,1791.1638465995686,4775.144514205229,1
0,5945,5945.761735226197,2362.1986410879185,6594.518766525956,1
0,6077,6077.952701450688,2045.14571907105,5332.41030745281,1
0,2701,2701.604012433646,1749.770075063469,4565.5392311764335,1
0,6456,6456.676320763596,1892.226604288554,5309.758113598214,1
0,7169,7169.1012418738255,2377.684288209809,6098.263339156221,1
0,4543,4543.654492566863,2588.802130154204,6622.680364095253,1
0,6007,6007.364332844076,2819.666507056566,7067.819748899171,1
0,3262,3262.383088205962,1960.2154310926976,5042.616911794038,1
0,3507,3507.176979108726,1947.0973611883658,5029.557584626138,1
0,5710,5710.784236168994,2860.12,7500.0,1
0,6030,6030.574481742595,2206.757227621923,6071.830767078327,1
0,3805,3805.154362715274,1915.791959472065,4893.5435825768855,1
0,2673,2673.8491208148384,2190.594299490726,5491.300907573712,1
0,2774,2774.7933048929644,2074.837938939869,5308.391073190619,1
0,5953,5953.29558842056,2168.756235116262,5759.990412335327,1
0,6688,6688.31697860903,2231.1471925187266,5646.621176481065,1
0,6577,6577.694076893691,2503.811141505896,6577.1181945228545,1
0,6633,6633.267499409455,2183.865873198839,6066.316874852364,1
0,2387,2387.124453972326,1391.2044488145793,3480.52,1
0,2384,2384.802369209545,1833.3882307751264,4952.630646078383,1
0,2753,2753.1680354653035,1672.0,4500.775228942476,1
0,5794,5794.838172440512,1997.1247023213784,4976.031889226103,1
0,2391,2391.777459166641,2129.6202468331744,5595.613306722101,1
0,3577,3577.2760230412905,2163.8658726868393,5667.0103570356205,1
0,3130,3130.9345811091175,1771.8890789839606,4687.530219849726,1
0,6776,6776.421190572492,1961.789404713754,5374.454780983197,1
0,3347,3347.6512502780997,1536.5406143796486,3977.292136232171,1
0,6811,6811.814916262832,2447.440742404452,6079.278293336425,1
0,3629,3629.0907403920305,1380.594013643361,3851.741501857526,1
0,6047,6047.234514805306,1910.6743289345275,5000.74920164142,1
0,6409,6409.874327233337,1810.9016146399908,5105.257879441317,1
0,6683,6683.672086026469,1907.350402821994,4735.452211197017,1
0,6008,6008.1262897476045,2797.177693035462,7478.804843219094,1
0,5703,5703.190555632041,2349.369957259074,5788.616595431789,1
0,5543,5543.70562344813,2860.12,7415.49491843457,1
0,4500,4500.0,2837.6038899688865,7445.741682899028,1
0,4231,4231.25887935071,1667.801897924138,4341.310167004868,1
0,4749,4749.616387739331,1454.2547962292892,3916.425763206276,1
0,5872,5872.903307920494,2354.0509726605496,6148.887548195715,1
0,2051,2051.622700623598,2297.7522608052936,6079.205721441229,1
0,5865,5865.118317203503,2757.6687118301925,7020.897107959033,1
0,6976,6976.661838161815,1982.7820994794747,5478.50089384296,1
0,3382,3382.380428056535,1872.016987485192,4635.1466684576735,1
0,6751,6751.8299257406925,2116.6052508034445,5968.034618886205,1
0,7189,7189.689057934114,2244.145747202314,5623.70202304162,1
0,6238,6238.396519510064,2387.3171694276584,6436.819258145632,1
0,6913,6913.462055885389,2098.277532487237,5808.1376451586075,1
0,6194,6194.0,2506.7829301822508,6976.052864674642,1
0,3292,3292.2803767450364,1800.9300135203277,4963.806352408446,1
0,6034,6034.037774462887,2275.9443615721707,5735.660029834019,1
0,6463,6463.349394955244,2203.179366928823,5532.239652689672,1
0,7381,7381.96127667989,2217.804325457149,5455.6654992399235,1
0,2643,2643.900277582524,1636.9469438887215,4628.75388885885,1
0,5604,5604.402422210577,1883.7311127127666,5011.223466925846,1
0,6420,6420.49311062918,2717.890354880851,6688.944885033435,1
0,5384,5384.143437189425,2360.7954217766514,6600.290640537004,1
0,6802,6802.546246631572,2234.7529962786007,5822.934710637781,1
0,3117,3117.80531737867,1707.232212695147,4635.648164831158,1
0,6880,6880.0,2096.0834083577083,5190.677452383552,1
0,5820,5820.924687022814,2755.6014637405306,6997.108786259579,1
0,6854,6854.418041694637,2198.522634333368,6118.02435013899,1
0,3564,3564.4100258863973,1670.4534243434462,4586.079312787305,1
0,2725,2725.1882463391385,2208.6059498978498,5966.980981227744,1
0,2358,2358.297462621206,1518.9606509415826,3775.064815674333,1
0,6786,6786.630598922355,1910.977146101429,5260.894124326472,1
0,2453,2453.2423053995003,1877.7183624805725,5169.268526812785,1
0,7128,7128.910379964546,1999.4386761820247,5213.650943853429,1
0,2943,2943.520691923823,2016.2007639308504,5021.186969314968,1
0,5575,5575.0062871296195,2381.7971687540803,6514.295596971675,1
0,6268,6268.175561888361,1869.4875666165653,4854.254397793505,1
0,6198,6198.1415098864845,2209.0057491389343,5787.260023217232,1
0,5903,5903.935836311873,2439.2701994847516,6148.06107416949,1
0,6360,6360.429860561227,2251.0832649336694,5684.463166534694,1
0,2991,2991.5784729554566,2060.7707878685956,5447.483251202672,1
0,5729,5729.478730406836,2815.299341054846,7500.0,1
0,3495,3495.9630312861605,2139.0604344074213,5689.93281408245,1
0,5181,5181.643490982776,1732.8717338695346,4781.2318388777185,1
0,6345,6345.542491997846,2454.9389081726017,6002.118516430428,1
0,6577,6577.731213466415,2144.9569111763967,5774.78507449592,1
0,6895,6895.961797657592,2136.6976864014787,5464.938532856483,1
0,6933,6933.038483798674,1981.8665320262755,5341.113000752752,1
0,7009,7009.420817487159,2003.3149429537727,5051.734866892136,1
0,4024,4024.391315742048,1830.478158321567,4714.95657871024,1
0,6137,6137.0215718370155,1827.8046227305083,4729.6594760543285,1
0,5241,5241.858091669381,2107.098112713151,5755.661866243079,1
0,2090,2090.872511337668,1780.6014682722105,4709.087670065021,1
0,5600,5600.151171230086,2218.0271270943963,5638.688038414442,1
0,5999,5999.526974876048,2259.256797318629,6068.675872690485,1
0,6021,6021.6013211624195,2039.5897609912479,5517.149917427349,1
0,6264,6264.604759766628,2195.1305920853542,5505.980268138024,1
0,6694,6694.110989726428,1951.389829620185,5441.776928084994,1
0,5371,5371.960657657829,1873.9231421429624,4919.484895897174,1
0,5826,5826.531142026882,1873.7846017435475,5166.808534883154,1
0,4039,4039.690474665579,1919.3164728921965,4914.626485331362,1
0,6733,6733.175542256225,2020.734364374246,5369.221671054075,1
0,5153,5153.7410047054655,2682.6044146046697,7264.39558539533,1
0,5861,5861.937728207875,1560.2582403897648,4211.4198719545275,1
0,6789,6789.641654796766,1909.3583452032342,5275.469757540702,1
0,5716,5716.28169214133,1795.4647707280371,4789.485902204027,1
0,6809,6809.332865641871,1950.7501753842985,5228.913451287864,1
0,5805,5805.914858323636,1621.473221841673,4449.270667591382,1
0,5735,5735.437704014149,2309.1884294696656,5781.006075447373,1
0,3089,3089.629366829907,1785.6756173007934,4905.729950508557,1
0,5609,5609.52708227167,2019.8182110915081,5314.393026147027,1
0,5358,5358.31149160084,1980.9632466303372,5363.655080671932,1
0,6059,6059.835654696414,2197.976445284462,5781.717881118725,1
0,6484,6484.006176237824,2131.7832677669544,5983.866928932182,1
0,6500,6500.090550919104,2093.7425175366543,5774.032280477788,1
0,3113,3113.754424097513,1524.6061954472075,4198.97964744075,1
0,5917,5917.389064542353,2197.456946259869,5712.9088711862705,1
0,6752,6752.569006738486,2339.6915259958714,5982.607264121017,1
0,6241,6241.0545373853565,2003.65071292554,5059.9224936654755,1
0,5508,5508.962459776524,2238.767498143532,5798.277550124639,1
0,2051,2051.2498637921817,2393.2959773588373,6047.953886433344,1
0,7007,7007.525390429143,1996.4914055449135,5035.813279604798,1
0,5306,5306.001013249842,2009.8319338938454,5377.780399487173,1
0,6589,6589.21106922084,1930.5275858812743,4776.9088921336115,1
0,2210,2210.879346643488,1942.9267658571696,5280.0969437496715,1
0,4773,4773.117312033722,1473.8764348387372,3791.9306578962382,1
0,2451,2451.196898955693,2151.787595822772,5300.556074324918,1
0,2084,2084.0840816386103,2017.5210204096525,5224.521020409653,1
0,5517,5517.99280794161,2281.688248800342,5578.458031429794,1
0,2197,2197.717713100178,2078.923430349733,5362.752765066191,1
0,2767,2767.499759565757,2074.1359483408532,5536.014677932551,1
0,2957,2957.666114813244,1663.416528703311,4568.294655988257,1
0,5917,5917.609820654147,2209.2736123157715,5809.1246626812035,1
0,6286,6286.071149656843,2179.699384451549,5738.783572713286,1
0,2612,2612.1605689476537,2102.941190775281,5760.584092637541,1
0,3097,3097.3390850282694,1651.5973562302668,4361.849295542991,1
0,6329,6329.095305228939,2086.5798909600235,5734.948317592336,1
0,2233,2233.5411595283376,2014.029918883896,5666.379056781273,1
0,7603,7603.109523277644,2084.4356927445847,5916.228648019255,1
0,6517,6517.5641517094755,2026.430256565587,5371.6536193084785,1
0,5516,5516.8054482990565,1667.1543448224318,4737.819715542047,1
0,2368,2368.9583117929587,1663.976839884977,4721.055584276055,1
0,2664,2664.334494201838,1733.332006626471,4774.983084487503,1
0,2059,2059.4164817576816,2137.933685367861,5612.25860180509,1
0,5469,5469.803340705987,2035.1412306467855,5258.437736441573,1
0,2370,2370.633935889336,1850.5646202747917,4793.2332139714,1
0,3899,3899.7076795492767,1661.8588356281534,4221.375392270434,1
0,5439,5439.039445819858,1963.3046798103771,4911.93977093084,1
0,2976,2976.1998801814643,1589.4875262103046,3961.512673487255,1
0,6949,6949.121166768433,2419.165525586229,6021.184281753813,1
0,6120,6120.39051575056,1673.945840538962,4502.6523710623605,1
0,2530,2530.714637096796,1842.4292741935924,4815.5731854839805,1
0,6211,6211.381416936081,2129.042002572024,5351.140857020379,1
0,5484,5484.238972593726,1994.8221917840997,5515.600273943104,1
0,5456,5456.495103318219,2007.2187184529098,5267.286178228872,1
0,5892,5892.919167081172,1694.5140359603638,4532.6894961267135,1
0,4524,4524.713717916824,1770.8145705643512,4691.192157385047,1
0,3145,3145.7931233468184,1736.9674867415183,4659.444396557419,1
0,7212,7212.551170836376,2312.87880766163,6178.124714621132,1
0,2049,2049.767542786575,1984.748492894632,5403.921871177174,1
0,5984,5984.047556527066,1815.0261889131766,4622.824950765065,1
0,6693,6693.494555460919,2013.2331959045348,4991.550882764618,1
0,5070,5070.981632653845,1819.3875530426478,5063.094827238005,1
0,3139,3139.2457498409776,1843.44039825363,5201.194648412653,1
0,6775,6775.918721811457,2321.0684263929397,5980.433136387655,1
0,4911,4911.999178145616,1496.5114334032537,4049.342736286668,1
0,2149,2149.927411949169,2332.4879019915284,5950.901888714674,1
0,2166,2166.0468862223106,1803.0093772444623,4971.0281317333865,1
0,6150,6150.541705196294,1600.572435340931,4471.846349276813,1
0,6655,6655.918433804917,1915.306144601639,5435.803059237918,1
0,5842,5842.036340673257,2615.7987705678347,6459.7439884120995,1
0,7066,7066.501027769621,2302.997628223951,5956.753755312078,1
0,2663,2663.469339151669,1734.3207552552353,4787.58962950425,1
0,6362,6362.85447989566,2083.1408599217452,5896.101945710559,1
0,6249,6249.41117123856,2523.307486471324,6479.435531504576,1
0,3123,3123.791543743588,1636.0465613966817,4506.860315809955,1
0,3587,3587.600880890127,1453.2353842116463,3731.106721767088,1
0,2771,2771.21228448704,1672.0,4490.06145608582,1
0,4152,4152.299665057615,1761.9164298006365,4565.354431059736,1
0,4864,4864.145787687431,2011.9917729948704,5141.9753189846115,1
0,2551,2551.26582850085,1672.2877863867063,4382.347687517886,1
0,6574,6574.923737881166,2600.6749271612753,6964.428980593103,1
0,6662,6662.195122154621,2111.1463416159654,5283.219511381518,1
0,6839,6839.597374599974,1974.9477960489883,5510.0522039510115,1
0,6121,6121.969477564987,2272.7900802086206,5706.572529808488,1
0,3025,3025.5498525014177,2096.3758254224385,5518.13646798461,1
0,6827,6827.877071884286,2012.5122218011272,5413.256110900564,1
0,6004,6004.725293651085,2145.727712521981,5511.268659171675,1
0,6510,6510.3417960675,1674.715354251419,4646.39857777108,1
0,5467,5467.827084364829,1798.6578764759686,5005.251888568815,1
0,3001,3001.655542902263,1819.76194538134,4509.574390083691,1
0,5521,5521.532977968068,2270.1308515725254,5598.834042614852,1
0,6835,6835.088021924527,1975.5919917783024,5497.659993148585,1
0,2573,2573.5318985017275,1650.7693678104247,4372.789493958389,1
0,5760,5760.76159066981,1872.1368639075483,5139.416113819812,1
0,2539,2539.993766231436,1557.9668993499577,4094.332938307647,1
0,6895,6895.171527890406,2134.094444815454,5466.100694278815,1
0,4349,4349.387532406629,1361.5892394191014,3810.845937842476,1
0,5425,5425.132928239888,2083.9212637451183,5370.354799625175,1
0,2712,2712.0022505426036,1813.7667751250497,4611.096357554044,1
0,3308,3308.1434569160056,1575.9004650524828,4366.199295951428,1
0,7262,7262.187003179236,2236.141104077166,5587.470346923886,1
0,6729,6729.222053340771,1892.3942107550872,5208.1037901142445,1
0,2690,2690.2684518613673,1710.6685253764936,4241.64101230472,1
0,4653,4653.583888391652,2400.182881416131,6224.804531389847,1
0,6944,6944.783198233107,2362.4306056838705,5850.56939431613,1
0,2134,2134.4834191674095,1861.7339892260757,5235.940517373632,1
0,5120,5120.28545165686,2081.587448931551,5770.854516568598,1
0,3251,3251.607820501369,1863.6458150976564,4912.226813147551,1
0,6779,6779.218489888018,2002.7268876399783,5518.644953931972,1
0,6065,6065.223474091958,2211.4979880664955,5578.10771317897,1
0,6174,6174.070873062792,2145.080997786048,5957.812640168772,1
0,6807,6807.2835178330715,2143.1681273133827,5816.735162979526,1
0,2717,2717.952150606424,2078.5154446827332,5197.645063526104,1
0,6843,6843.68936218513,2011.9744675417285,5457.0808527845265,1
0,6770,6770.415581069615,2309.950157045842,5978.739560271643,1
0,3900,3900.3832957234913,1398.3070679606851,3767.186511151468,1
0,6854,6854.756029822253,2145.7989328999297,5439.017858026126,1
0,6425,6425.299044240747,2200.455067322876,5826.793117334155,1
0,3761,3761.572457345728,1995.2853312729378,5115.351938853632,1
0,4351,4351.752682469124,1416.4873934155082,3873.931867325035,1
0,6820,6820.042979698284,2190.912179641173,6098.761210165136,1
0,3812,3812.873495463351,1517.185645649102,4117.198276291138,1
0,2155,2155.268381658909,2235.512254439273,5792.190592000486,1
0,6450,6450.65743235734,1858.88581078578,5079.4072916280775,1
0,4685,4685.751298022461,2524.018469130159,6349.6861000837,1
0,6085,6085.730225753046,2465.572031777416,6227.752476994721,1
0,2203,2203.807324194732,1914.043762541923,4806.909132415106,1
0,7116,7116.155207637546,2122.288251761867,5281.3392436035265,1
0,5405,5405.198776163541,1965.819083755374,5375.289234285854,1
0,3975,3975.6117977005924,1647.151095633549,4147.498764138933,1
0,6685,6685.762281697783,2119.855490873417,5276.051299950948,1
0,5968,5968.719471228746,2827.751703943967,7489.100318327625,1
0,6144,6144.931772694422,2079.8258796525897,5828.315295130279,1
0,6237,6237.438584574441,2422.3566973403613,6467.249132340447,1
0,6721,6721.757547014099,2034.1806326456765,5562.832408251881,1
0,3872,3872.903232209931,1497.1284385457996,4034.6916172213655,1
0,6946,6946.154640079114,1980.2577334651892,5377.876264556972,1
0,5128,5128.564614586888,2054.074805997136,5815.113890316918,1
0,6849,6849.032756750947,2132.967243249053,5784.26667737022,1
0,3132,3132.7909752287333,1699.4504184333643,4691.763955590264,1
0,2538,2538.3617431807447,1786.3868807842457,4624.452476863017,1
0,6961,6961.207387857199,2021.1494024371282,5372.159925504165,1
0,4361,4361.809263619371,1773.5808937850456,4794.374959278885,1
0,2348,2348.8354617189925,1721.1324926335228,4643.865392298884,1
0,6894,6894.842946401269,2493.236043517116,6107.550613833598,1
0,3969,3969.910901906469,1349.7614830313892,3715.9252905624603,1
0,3097,3097.7494158638956,1649.2949443192524,4361.666926282713,1
0,2112,2112.4386941335674,2108.5699990560015,5926.230870262955,1
0,5100,5100.679010831102,1362.852104018545,3571.678139046928,1
0,6020,6020.43488688884,1658.7871214814566,4392.3291681480105,1
0,6664,6664.679441894395,2113.0095814207957,5273.282232422423,1
0,3088,3088.0294560735656,1586.3310333352802,4142.594456698293,1
0,5780,5780.157975313426,2043.343941796379,5672.5571316940195,1
0,6269,6269.313282856607,2810.6557641613867,7469.61276640485,1
0,2313,2313.990761183426,2264.8492578375667,5654.64308277569,1
0,7002,7002.889655940715,2441.83216418831,6533.68277475502,1
0,3332,3332.7419799604468,1987.742438190064,4973.972043908343,1
0,2069,2069.4112445855494,1981.0650649734084,5479.650283569595,1
0,6181,6181.8786819588595,2101.7506926998017,5673.331109594027,1
0,5182,5182.813589344669,1735.4639517789576,4781.177834337938,1
0,6340,6340.70890012579,2497.3622619471685,6471.733696080505,1
0,6220,6220.490618446835,2584.0630699028516,6442.760229126147,1
0,5666,5666.76936472196,2330.995729548477,6031.29528281131,1
0,5786,5786.775255488379,2348.802821726264,5894.830387964149,1
0,7253,7253.78008342683,2082.4172210811007,5671.450828974997,1
0,2437,2437.5778592482798,1848.0909501840138,4642.258152542087,1
0,4500,4500.0,2503.899459386405,6644.896290272227,1
0,2230,2230.595032094188,1856.7229406260647,4883.621670232687,1
0,6194,6194.246564160934,1747.039612334559,4700.674211169948,1
0,2637,2637.360718607042,1892.6160226734432,5177.21137092954,1
0,6465,6465.256723703674,1830.1442542473656,5063.848410732801,1
0,6219,6219.876856393117,2122.5184395989436,5516.35457967571,1
0,6891,6891.540584973351,2062.454996919276,5275.031474756274,1
0,5671,5671.357296769495,2600.212951547626,6615.328201883163,1
0,3225,3225.624372299477,1975.505844152515,5025.091818186479,1
0,7135,7135.010778042637,1975.0756708211313,5268.4758055347365,1
0,2651,2651.1820419934966,1467.2601882788063,4137.4891962390775,1
0,2509,2509.1524846439747,2330.355564612147,5927.268172688534,1
0,5586,5586.901680821318,2681.073092356488,7105.012940550462,1
0,3599,3599.22914804908,1824.8279866792514,4650.815763845209,1
0,5499,5499.631838996896,1669.1074896240884,4473.617495553181,1
0,4826,4826.375574038604,2661.609325213231,7162.077917058209,1
0,6339,6339.953799122965,2130.289572807217,6038.525623684644,1
0,5632,5632.765092890096,2138.946213373134,5792.0450047815475,1
0,4500,4500.0,2585.639055042612,6609.4997465029,1
0,6629,6629.180990085946,2184.0,5460.457029742161,1
0,6238,6238.310114759508,1718.5812503873613,4688.223766228203,1
0,2837,2837.7070747119838,2030.1406700716868,5130.449316941889,1
0,2618,2618.86806862847,1818.5298327054388,4813.329411261575,1
0,5496,5496.543018424614,2404.7894822201315,6218.381261354198,1
0,3194,3194.0417219190676,1703.411194076463,4670.821213388778,1
0,5833,5833.90865166523,1714.024037443774,4532.698316471671,1
0,2269,2269.8703063054227,1479.9239186162572,4014.8308861227624,1
0,3307,3307.1892384884068,1540.3139710286518,4360.630081735342,1
0,6681,6681.098112354399,2167.752825816293,5516.2962303609065,1
0,6593,6593.098441385995,2180.38703863339,5965.577194494791,1
0,5151,5151.400193056103,2638.6568394832675,7323.565201308071,1
0,5719,5719.007267505597,2580.781974832074,6942.721658920725,1
0,2917,2917.5768004606543,1489.3588157417107,4006.3557998848364,1
0,6306,6306.660292764282,2422.2987321489554,6777.983609965295,1
0,7210,7210.232873576054,2194.974355571505,5484.265233534046,1
0,6832,6832.040615721796,2023.467008734331,5421.878152834612,1
0,6453,6453.254133452075,1987.0110225388646,5377.173484400906,1
0,5674,5674.875891640827,1792.4529356234361,5037.446301194168,1
0,5845,5845.639305296496,2410.5135260513816,6717.721389407008,1
0,2240,2240.086630057063,2412.5728956536777,6166.5365651500815,1
0,6367,6367.910359683775,2130.086553952566,5727.434827338604,1
0,5639,5639.3488853960425,2388.78064140735,6503.591806842285,1
0,5782,5782.0405019776645,2836.774218201384,7429.5572006800185,1
0,6233,6233.244393198358,2008.6192759940236,5052.578387521852,1
0,4762,4762.318211748734,2301.8939294170887,6322.096997632152,1
0,2405,2405.7150478818294,1992.1270014917422,5053.241196002544,1
0,2263,2263.887381339811,2223.685210706341,6030.575305337989,1
0,2903,2903.2681727858017,1642.4682430112607,4611.619618389718,1
0,6726,6726.864001087116,2133.985194386814,5230.754865006392,1
0,6843,6843.346271509245,2353.803575528737,6274.508938821842,1
0,7228,7228.641823571027,2193.6740832743776,5468.686323217294,1
0,7258,7258.004747076416,2104.8814864019773,5424.258307383728,1
0,6573,6573.901636303649,2320.23002886479,5806.361694033229,1
0,3260,3260.3281599550232,1534.293108659156,4299.374498621749,1
0,2255,2255.8714857893247,2003.6982592627305,5567.530925053943,1
0,7026,7026.360316839596,2171.6517041336065,5398.856512522888,1
0,2877,2877.5688036348943,1935.20870772415,5057.9925605740145,1
0,5045,5045.380086536868,2787.8133523152715,6863.042992490422,1
0,2921,2921.141899399207,1754.6790194369896,4639.283798798414,1
0,6605,6605.54064048375,2142.8475545966967,5811.1548733709105,1
0,6744,6744.904826090608,2300.2546956935585,5705.707108738862,1
0,5601,5601.23771632779,1962.2616196899285,5251.978752566988,1
0,6299,6299.528751817843,2277.0875735820823,5847.293127726764,1
0,2354,2354.5244540962512,2248.8881708416634,6209.603156234479,1
0,6796,6796.346404423823,2360.124428567762,5760.186088527778,1
0,2538,2538.0906000885184,2033.7549561266378,5714.188617637863,1
0,6195,6195.946243472844,2085.6092942223086,5182.498218832004,1
0,6870,6870.172477242704,2206.4111503450313,5580.97035861101,1
0,2889,2889.682697839886,2345.8504966348314,6211.639314210657,1
0,6460,6460.943890336434,2668.998575150832,6823.412985806316,1
0,7395,7395.243833861316,2048.477539035552,5420.093969869763,1
0,2111,2111.943769155475,2027.2959563940663,5228.971719142113,1
0,3251,3251.9321080428285,1712.0678919571717,4864.676106835153,1
0,3860,3860.8600848539563,1512.0257973275316,4095.010928508386,1
0,6832,6832.570101361255,1977.2424158820393,5507.7575841179605,1
0,6848,6848.512076092469,1997.429470642802,5570.766186941086,1
0,6491,6491.897194399874,2298.160689109796,5767.62375718715,1
0,2523,2523.2293404354627,1733.0032031959581,4245.504804793937,1
0,6300,6300.10314313337,2383.722001933591,6679.693012568341,1
0,6279,6279.894051843985,2113.8971043292245,5351.86204265099,1
0,4768,4768.125146914264,2131.0787083420983,5931.410467364072,1
0,2279,2279.7483640335126,1953.8089952675675,5048.087674918107,1
0,6623,6623.959027285082,2177.4337321122603,6046.325279527327,1
0,6836,6836.035419909352,1904.6661374248788,5364.593709880812,1
0,3027,3027.279759113846,2109.074602430359,5675.1673059039185,1
0,6336,6336.290203257618,2125.6702562813434,6028.490556749125,1
0,2369,2369.843968200441,1673.4042170906278,4727.269478060419,1
0,5777,5777.537889169045,1996.688270981686,5244.3042882159,1
0,5317,5317.732385760645,1858.7997969487099,4779.0,1
0,2781,2781.39162836957,1423.1240011594218,3779.875998840578,1
0,2305,2305.238338576438,2018.4677699173917,5748.577610066761,1
0,2654,2654.7189197487883,1465.463886062344,4136.699264860773,1
0,6690,6690.331484999465,1833.828129459257,5153.68470966217,1
0,7267,7267.631860678005,1989.72289184311,5390.497992669211,1
0,5233,5233.443389890338,2545.8608474725843,6568.142440791642,1
0,6585,6585.26853224491,2608.606718048297,7060.675570668512,1
0,6906,6906.842019071831,2160.237520729882,6121.5320895517325,1
0,7070,7070.657933244708,2176.667154432975,5590.473068084663,1
0,4875,4875.00622144637,2040.0419872626917,5410.6936162671955,1
0,7268,7268.204486302956,2087.1932705455656,5429.835202626232,1
0,2364,2364.364715591894,2590.876267916945,6669.338154591247,1
0,4852,4852.688714639288,2792.438799777183,6930.840777255201,1
0,6187,6187.702228248095,1898.8089129923783,5016.573936402929,1
0,6702,6702.889021383842,2000.7326970156835,5008.120525090263,1
0,5733,5733.726766102803,1757.7765716493197,4764.759040988953,1
0,3593,3593.136181830106,1818.4551605646736,4660.025083176206,1
0,2527,2527.6097341138106,1837.018251463395,4790.463271739769,1
0,6360,6360.876046632,2312.9669457685336,6112.898771416134,1
0,3007,3007.089841523365,2319.976337171713,6017.45017291838,1
0,3129,3129.550025245796,1692.8672387805232,4690.042200911829,1
0,6771,6771.344003505332,1906.0193091360925,5351.125509384601,1
0,6779,6779.597512406078,1920.8421144548336,5240.114527293372,1
0,7197,7197.097439904598,2024.7221667436795,5320.825163896551,1
0,6157,6157.599865169541,1557.7896865744099,4421.3796428097385,1
0,4808,4808.912193024663,1941.61305249176,5286.716243886031,1
0,5072,5072.46503323538,1808.4168308194448,5065.9517975840645,1
0,6444,6444.59901039506,2228.5294276738005,6274.404565396159,1
0,6058,6058.168852081974,1922.5728599544586,5028.3319211206845,1
0,6416,6416.503292063556,2326.7235185714,6006.921306270011,1
0,6778,6778.35720010189,1975.8223655658167,5093.118422956122,1
0,2910,2910.24961313535,1788.8551279959638,4621.144872004036,1
0,2061,2061.808400581233,2050.6672414091163,5529.69581808901,1
0,2475,2475.3828302503775,1938.9786541168428,5140.595823866465,1
0,3317,3317.629535036352,1477.740610674984,3719.891478379862,1
0,7003,7003.897530240551,1980.0204357006542,5027.438547269949,1
0,6769,6769.326508965818,2211.7053476725455,6302.527885347273,1
0,4697,4697.858889212275,1411.3584190397394,3933.622766680456,1
0,2455,2455.036832830792,2026.5960893343158,5295.889501507624,1
0,6235,6235.1388656686795,2574.055044710945,6498.833194012076,1
0,3512,3512.2238395318323,1844.7986819897126,4786.776160468167,1
0,6237,6237.610581519208,2020.874356523089,4970.221163038415,1
0,6825,6825.269844485398,1904.218253887865,5348.976196746525,1
0,5018,5018.752911203733,2730.29479864933,6792.155550695118,1
0,2782,2782.5638598270134,1790.2401455910376,4922.424943284549,1
0,5845,5845.242291187293,2231.5175403237163,6339.463533986126,1
0,2669,2669.263711636774,1931.5054846547096,4849.945302856476,1
0,6280,6280.813225386568,2016.5385155411946,5087.175636452038,1
0,3205,3205.165803933126,1970.939555621046,4930.587242149813,1
0,4717,4717.39212089999,2689.7851808349674,7192.685037781247,1
0,7041,7041.603512514482,2018.6291644547427,5135.629164454743,1
0,4073,4073.6989872561026,1550.490083455514,3862.5319533100105,1
0,5849,5849.688847161316,2860.12,7500.0,1
0,2195,2195.4017623262853,1786.6099697916993,4525.026384722527,1
0,7197,7197.449369996378,2290.321557100163,5799.392101770513,1
0,3436,3436.920671866367,1682.6708477094503,4435.71484074232,1
0,2792,2792.883948076817,1867.7237887180618,4844.7953733325985,1
0,3552,3552.3552783084624,1648.8933438415118,4529.8069166347,1
0,6333,6333.30282077417,2038.1507641632504,5736.465216966443,1
0,5501,5501.178481120192,2274.7603975995867,5608.943761440248,1
0,7728,7728.333295717052,2177.109368828579,5896.911444521105,1
0,4424,4424.372733990799,1670.6101356700196,4621.1360449790245,1
0,6155,6155.800360795229,2564.3134610394764,6964.4083105286645,1
0,6765,6765.148622149166,1801.541607635829,4891.9496242225,1
0,5710,5710.949976504733,2344.7196419343086,5787.248045204676,1
0,6490,6490.876410520564,2140.6880711777494,5960.204997424508,1
0,5636,5636.321489247304,1854.262374381306,5042.954072964671,1
0,7286,7286.425457770764,2181.6731655217773,5836.045872141068,1
0,2207,2207.8421425020397,2007.9847234679394,5249.549955154185,1
0,4500,4500.0,2793.347790498439,7500.0,1
0,2713,2713.0939495274333,1673.8292368469379,4471.019616907328,1
0,5825,5825.055122311979,1633.4619520612846,4472.967344808111,1
0,6484,6484.01437117375,1992.3920412361076,5600.880618541613,1
0,5922,5922.691561404902,2353.0746842147064,6258.689621057648,1
0,3450,3450.3958281247656,1554.5216887509946,4307.820809373921,1
0,2310,2310.2843360114266,1966.4265040171397,5047.269194824904,1
0,4505,4505.8192579853885,2621.575162917527,6800.529566623182,1
0,5226,5226.716774791727,2310.4562632495954,5930.6621584483255,1
0,2449,2449.2564805212664,2307.60453081268,5813.24710228054,1
0,6464,6464.4588792981085,1608.9437069370258,4515.038965505946,1
0,6224,6224.82338153658,2403.4422098860946,6478.731894699182,1
0,2602,2602.8774608626304,1969.6958610221316,5407.509843450522,1
0,5784,5784.172798424218,2347.9344052809997,6593.294404216282,1
0,4013,4013.084627241982,1666.9215670087465,4442.623843737609,1
0,7086,7086.556259600655,1968.456413211137,5167.895084485765,1
0,5227,5227.250392890244,1836.7182108690017,4779.532182021243,1
0,2943,2943.445108667666,2016.2791465668652,5021.315740788422,1
0,6817,6817.523871402201,2061.0948358856936,5391.762422993434,1
0,5568,5568.548384929327,2246.354845212019,6068.649189665044,1
0,5489,5489.015977680305,2431.4491426293907,6216.881137846599,1
0,3083,3083.871954033001,1817.4391066673315,5069.520529603544,1
0,6889,6889.732374295434,2175.0142074404644,6134.591546786929,1
0,6473,6473.3840660132855,1661.8563282174337,4637.372688517013,1
0,3420,3420.948674052975,1607.544129191488,4246.092423781157,1
0,6298,6298.8944257981175,2481.61859125517,6463.127136248277,1
0,6267,6267.802035283781,1666.3638992575995,4415.603106623031,1
0,6158,6158.460121897755,1556.4313864772294,4416.94252915895,1
0,6199,6199.018351182452,2370.5504425111394,6011.926626257664,1
0,6765,6765.217188654383,1968.6290082922565,5227.882363927575,1
0,7366,7366.294224611335,2125.2140546787373,5381.450525403423,1
0,5729,5729.5844839834135,2302.6850005074143,6429.7198271487805,1
0,5172,5172.466117971537,2402.2233520397967,6599.932051378196,1
0,2339,2339.5340778558398,1762.2476255052463,4697.121646990192,1
0,2424,2424.28871917104,2034.4735347403594,5115.952059294911,1
0,5617,5617.499565623763,1963.7395602252816,5385.21447187553,1
0,5719,5719.435440891814,2728.1764280225734,7068.304769802445,1
0,5788,5788.179884014763,1669.1361938307089,4503.507773864173,1
0,6397,6397.542061620189,2038.2791337642063,5688.366350703848,1
0,5609,5609.773964547801,2392.2453320600043,6521.659434596611,1
0,6501,6501.601639617945,2215.073711132522,5710.029039890841,1
0,2946,2946.938994833226,2012.655857209988,5015.363193987838,1
0,3629,3629.834438085836,1554.8063188108067,4278.035068833038,1
0,5148,5148.218615331016,2095.8395575784084,5911.541331467796,1
0,3113,3113.971760956809,1524.3647100479902,4198.525654890222,1
0,5405,5405.706228653233,2860.12,7500.0,1
0,4876,4876.533119955273,1487.818134029086,4093.035733060002,1
0,6554,6554.41239721978,2628.511746630298,6951.731483993197,1
0,4893,4893.434087586067,1995.6871793597754,5405.015787257228,1
0,2855,2855.270009615747,1910.5163934296581,5063.014464744354,1
0,5507,5507.6114513825605,2284.538032953807,5588.635831977882,1
0,3079,3079.220471474103,1802.779528525897,5047.147367837229,1
0,6605,6605.953033926408,2212.1729515416823,5995.2199176152735,1
0,2275,2275.0757553341145,1759.508830724891,4742.102904694217,1
0,6591,6591.438709245518,2331.2756956998705,6217.38021467945,1
0,7002,7002.928445217809,2069.7682877799325,5734.1679685124245,1
0,2449,2449.7472943733765,1741.7782533131638,4298.304555289553,1
0,5444,5444.946434372226,2060.595245829634,5233.836291154618,1
0,6011,6011.620029391378,2265.2013797894137,5958.308425693375,1
0,6060,6060.160759896048,2359.1987546984637,5808.416506798135,1
0,5192,5192.1631310983585,2045.3617032170716,5830.34988954362,1
0,5327,5327.884881083944,2081.3860961698592,5771.6210987623945,1
0,5086,5086.194161077782,2466.7460970521315,6341.045820888493,1
0,5713,5713.127717434337,2688.587500197949,7053.153260921204,1
0,6876,6876.4629914625475,2006.5462754696766,5286.379707455419,1
0,2051,2051.3073081624257,1548.0445347141094,4174.374203408944,1
0,6445,6445.2691283785225,2226.056441465918,5459.169324397753,1
0,3907,3907.1367825684997,1392.7542009992335,3761.8587604181835,1
0,2471,2471.965730880595,2461.818625067449,6175.245106892332,1
0,3697,3697.6282395301837,1472.0,4174.371760469817,1
0,6126,6126.319883037727,2595.760818735912,6580.898757275848,1
0,6715,6715.477526322418,2060.787575637594,5382.872888176953,1
0,5727,5727.962825749442,2125.0462584762477,5493.0144636863315,1
0,6125,6125.6321295703,1516.2685166773194,4149.135771327847,1
0,6371,6371.641061035271,2601.2764058073767,6642.641061035271,1
0,6692,6692.3330719652695,1901.8897601157698,4728.5173278417815,1
0,3097,3097.01771538106,1670.034474188646,4201.0,1
0,6122,6122.568592275189,2580.4268260155013,6441.896338442965,1
0,5889,5889.84447779367,2018.8836346283697,5522.504618321221,1
0,5329,5329.129727616261,2195.3828210236925,5502.644396864578,1
0,6625,6625.125543025527,1940.4480889977783,4800.272807072138,1
0,6692,6692.733028218764,2047.8912003366343,5708.936342833097,1
0,6763,6763.766150023939,1757.1181182316327,4890.271348236421,1
0,4854,4854.912526370309,2777.2142425417333,6912.194971202797,1
0,2765,2765.334623290838,1572.5058048087699,4365.941725130464,1
0,2895,2895.430418122155,2035.590099921908,5323.466991657529,1
0,3273,3273.2953520531255,1501.596124938061,3773.211625185817,1
0,6353,6353.4658710887525,1772.8353222781184,4438.5812651760725,1
0,6359,6359.398660309579,2611.9804241726533,6625.431336167439,1
0,6294,6294.836006096376,2435.0267678021864,6186.783939318688,1
0,5448,5448.853895815429,2285.4030305722667,6040.1813861660185,1
0,3324,3324.882283188405,1822.6171728801787,4685.356316088999,1
0,6973,6973.715809328429,2061.906633565857,5109.746931473143,1
0,2421,2421.777505292309,1555.4686648568631,4182.506267028627,1
0,6350,6350.284221911248,1749.113445750072,4396.040689921045,1
0,6778,6778.547628346033,1754.8574215470774,4890.966947216284,1
0,3173,3173.4179775797998,1770.7702579850338,4861.696497235657,1
0,4504,4504.092857032864,2553.55752896942,6343.508841685167,1
0,6980,6980.443035040439,2061.0291693425515,5116.766645259589,1
0,6040,6040.499699622194,2695.8416054212757,6687.523614752607,1
0,3623,3623.0051475137248,1552.9030738972674,4263.928665356218,1
0,3022,3022.885117299494,1662.0649965706862,4539.498861298195,1
0,6820,6820.67541623826,1998.4984001359396,5477.583545736526,1
0,6154,6154.801093340649,1607.970320012705,4456.153866639716,1
0,6873,6873.795839511197,2206.8504740082008,5553.002875499842,1
0,2577,2577.4901642760233,2116.9025552575167,5393.841512847335,1
0,6817,6817.187449656902,2113.652841172791,5562.749798627605,1
0,6345,6345.344814880775,2649.435410410567,6615.526695774817,1
0,4851,4851.61557135375,2765.4241951649865,6976.599329492511,1
0,4313,4313.711551160941,1489.6936822257815,4145.692409287527,1
0,5832,5832.454612710479,2535.3885054707075,6754.167735857919,1
0,2276,2276.4233326806893,2309.684292147493,6047.908580379121,1
0,3782,3782.261469989213,1511.3319832497932,4123.402496510374,1
0,5692,5692.239856143324,2318.1977401425547,5767.800376642907,1
0,5954,5954.110602498934,2482.371513788279,6559.273259526998,1
0,6744,6744.049136437749,2159.3147671687807,5413.130138068241,1
0,2096,2096.0936526493147,1765.6042315671236,4646.480399775349,1
0,6886,6886.6203524135535,1992.7892511416144,4933.244317188532,1
0,5560,5560.77446368067,2373.5340139243576,6510.77446368067,1
0,6918,6918.112270738325,2103.7544522029157,5800.800639501755,1
0,2830,2830.4696816336486,2015.4458962093436,5180.62311371969,1
0,2776,2776.2893423062887,2149.9158039286976,5469.08386104039,1
0,6724,6724.371076011744,2034.9044817362228,5679.191036527554,1
0,3136,3136.4872847347146,1706.958547117389,4693.727620015317,1
0,2078,2078.5226034063858,2026.5386478231787,5012.849293627412,1
0,6437,6437.4599485755725,1938.3298175190591,5525.8577538133895,1
0,6120,6120.9939492874755,1605.15582374198,4502.400907882178,1
0,3319,3319.00061305447,1698.2124916495552,4598.657074364664,1
0,5835,5835.664943783661,2220.401033729803,6336.699787214242,1
0,5861,5861.248323652071,1772.438332222369,4840.741665873121,1
0,5551,5551.677261314232,2145.6274725947733,5986.264947843304,1
0,6637,6637.189012758499,2633.010154977549,6589.138505009621,1
0,2807,2807.4016061743537,1782.5448136390294,4577.973455131964,1
0,6356,6356.4554742331775,2628.445292009194,6415.972007469287,1
0,2039,2039.330270358672,2319.5301487455463,6108.914413677734,1
0,6351,6351.67087091493,1803.5981891215536,4535.714205188971,1
0,2924,2924.6808377664993,1840.7021985786714,4821.372303857873,1
0,6489,6489.422685435796,2174.4581563107117,5421.043967960745,1
0,7171,7171.6869936870135,2039.809147159156,5670.96950946948,1
0,2467,2467.448063221098,1558.213376235482,4204.635839683005,1
0,6000,6000.174340058852,2132.9177112570997,5817.301253508519,1
0,2826,2826.54954923605,1637.3751024463522,4128.512284862661,1
0,2729,2729.1384162821937,1594.8941098972975,4402.7723167435615,1
0,6367,6367.042392390785,2238.5194544575097,5686.050174173788,1
0,2946,2946.466601258083,1669.4336930805437,4601.901275467382,1
0,5839,5839.627701672191,1708.870205519355,4355.463165885811,1
0,6801,6801.927192896889,1987.703254133362,5504.555432945463,1
0,5355,5355.926943936421,1918.8884525986768,5256.726892284331,1
0,3530,3530.2369945458213,1562.4873661302265,4075.9985136623795,1
0,7081,7081.597914021206,2289.1290365643317,6034.917563680962,1
0,3182,3182.6605172581167,1723.236518324571,4675.593976633693,1
0,5834,5834.791604372795,1724.9606454974748,4312.5281124420535,1
0,6472,6472.945489022703,2450.327563739315,6489.542027266293,1
0,6895,6895.963134056127,2151.963134056127,6092.24731279763,1
0,2272,2272.926200186599,2344.1560267320933,6095.869254583782,1
0,5607,5607.075973617741,1993.84400912143,5310.813151697993,1
0,6385,6385.9196040687775,2226.919604068778,5893.846377087893,1
0,6411,6411.96479772521,2204.0347054660065,5796.825975861184,1
0,5620,5620.350817167446,1911.4181119495827,5297.268679105509,1
0,7053,7053.314388145422,1982.2091697183457,5547.395731924778,1
0,3442,3442.071282145619,1725.7826593366162,4461.305208722478,1
0,2175,2175.1125966539,1804.8225193307799,4976.46755799234,1
0,5145,5145.750091224174,1789.554066967561,4734.7948009509555,1
0,2405,2405.80119179092,1902.9983561504557,4911.600739732295,1
0,2364,2364.958263838058,1663.3749386806396,4699.45880344843,1
0,6897,6897.486394768256,2215.2354890745833,5559.100362277469,1
0,6445,6445.601223971892,2219.0061198594603,5450.887099036974,1
0,6497,6497.7724004335605,2077.048526144788,5178.395529666801,1
0,2129,2129.790875146783,2062.2868611437298,5207.435807078832,1
0,5457,5457.208569270015,2011.1423056793444,5311.026312424038,1
0,6406,6406.635907680564,2084.2338557007993,5375.7661442992,1
0,5171,5171.056848889623,2184.618160761401,5643.402212189028,1
0,2534,2534.5868458962454,1848.2931174431587,4831.946650373068,1
0,6231,6231.035436795652,1909.1424955429015,4827.137433143523,1
0,2653,2653.0066710792917,1770.6523229771642,4785.532243549911,1
0,7357,7357.91352516592,2154.56196699636,5805.2709014022685,1
0,5761,5761.230643438837,2476.272885324015,6491.785210176736,1
0,6050,6050.670163137634,1817.440351316513,4673.55086577066,1
0,5529,5529.788414920021,1665.1920433851403,4752.775270509359,1
0,2188,2188.4639820430316,1825.7526070967838,4763.226776827948,1
0,5959,5959.730251364002,1866.2697486359987,4769.182606121548,1
0,7147,7147.142264488883,2058.836806030786,5463.364005025655,1
0,2448,2448.8050154496736,2315.5616026995053,5811.2719425923215,1
0,3154,3154.5351564769207,2062.3437512966907,5143.642579275813,1
0,6791,6791.5715699431,2062.1291227780916,5797.3358344516355,1
0,2628,2628.2430870862813,1680.3353888002334,4546.895365484646,1
0,5873,5873.956801346364,1677.1111642722492,4251.558654084234,1
0,6725,6725.215735268708,2335.484910047432,5988.702622544784,1
0,6883,6883.826254783961,2065.389961728313,5101.700496759176,1
0,2125,2125.6745107868537,2292.020534468818,5635.803520194654,1
0,5922,5922.8081131892195,1812.808864410444,4891.785576552498,1
0,2617,2617.1332141273783,2111.487761266114,5748.5720204579475,1
0,2505,2505.61419600836,1793.5553065713696,5013.340125588296,1
0,4867,4867.0973039561895,2703.99780176506,7094.535462568455,1
0,6129,6129.846077606502,1573.7266504270415,4464.145456067087,1
0,5384,5384.241932524184,2860.12,7498.104831310461,1
0,4064,4064.613322330555,1553.2777306485796,3853.549534576799,1
0,3467,3467.544804057759,1501.7007179087132,4072.3781334373457,1
0,2368,2368.349447135774,1976.890743471075,5112.6505528642265,1
0,5500,5500.057371691065,1814.8204610411813,5000.726512986273,1
0,5879,5879.290394434796,2422.0321185016455,6648.87084061536,1
0,6777,6777.2900874930865,2154.852173303311,5395.55095400964,1
0,4340,4340.982719169302,1869.7503432270719,4728.783989616276,1
0,4870,4870.293609242055,2641.7982146332533,7078.972438639975,1
0,3502,3502.0380360334116,1917.7784575072699,4970.9625201089,1
0,6390,6390.323330545156,2713.0,6654.560803924693,1
0,5774,5774.896333121211,2469.423766306058,6508.512268533347,1
0,6886,6886.881299110001,1991.6651730646092,4933.023516137691,1
0,3178,3178.4324442490624,1702.8270223003751,4181.4043025817255,1
0,3311,3311.6185462761464,1564.5205507949515,4375.212593681994,1
0,3348,3348.3059836410466,1842.741760593012,4664.901817102184,1
0,5707,5707.8927387984695,2656.2805321872224,6969.841584034383,1
0,2204,2204.9002009133515,1783.610462869468,4497.030986781701,1
0,3512,3512.3063414734916,1761.816430700807,4439.285639496857,1
0,3068,3068.4140833596225,1715.7577499211322,4377.732606236198,1
0,6060,6060.24710323401,2363.6022649345173,5819.382110719289,1
0,6156,6156.968651077849,1611.7350255562649,4448.168127607923,1
0,4536,4536.435671331844,1387.8992786454712,3824.0004409029043,1
0,3868,3868.7117901896295,1776.0393006320978,4495.978168040497,1
0,5108,5108.5792338603405,2279.1311492094887,6110.0,1
0,6179,6179.620354706975,2410.631042082289,6262.368957917711,1
0,6817,6817.708689227301,2519.105895784435,6379.009891217727,1
0,5621,5621.9698507142475,2490.4376895285436,6225.84120597143,1
0,7208,7208.167136714482,2309.183994592443,5784.911512101547,1
0,5262,5262.447675777141,2089.602844162171,5726.050519939312,1
0,6325,6325.214542037505,1780.769905588443,4518.776817754688,1
0,6887,6887.699246235079,1998.335166212827,5317.063326257331,1
0,6682,6682.284547413313,1930.2202866345222,4977.58134698684,1
0,5272,5272.289620631517,1961.8496905583265,5352.67371852905,1
0,6707,6707.0,2141.9917264858714,5783.932653000569,1
0,5656,5656.098045881919,2325.6698668671634,6062.330133132837,1
0,7092,7092.210981177701,2073.2178444137635,5142.825622747968,1
0,3157,3157.0057060607824,1650.6045648486258,4432.576034544714,1
0,5719,5719.855603182042,2555.3319045387507,6968.595897052271,1
0,2294,2294.314112378681,1831.5823975419103,4736.153262511029,1
0,6752,6752.969268445955,1931.0685337498298,5377.373538462951,1
0,6738,6738.589508895239,2694.3780323310725,6915.079015984988,1
0,5430,5430.287542570309,1799.7960097620312,4927.552505962692,1
0,6654,6654.179226744158,1957.2694102325218,5379.640406279114,1
0,4838,4838.403163054801,2634.5676630299995,7139.106152144799,1
0,2178,2178.0449065986672,1689.743253374579,4608.912000083606,1
0,6950,6950.325200596243,1928.962195022359,5200.075609955282,1
0,5816,5816.642604532554,2328.2081859773234,6468.882047025598,1
0,4879,4879.419529495594,2013.1115392637548,5349.814743456041,1
0,2384,2384.243384933787,2163.6280981360396,5606.759344851525,1
0,5579,5579.191244093061,2158.9362519689794,5999.280433062245,1
0,2901,2901.903711517111,1899.7059673142085,5059.994832762875,1
0,4439,4439.755540570565,1656.7376938635316,4447.106001348394,1
0,5534,5534.395877433358,2229.759282714677,5619.899477739438,1
0,4541,4541.066484686024,2022.6263891461863,5447.046573401587,1
0,4964,4964.518485334569,1658.2653318107323,4554.93823694862,1
0,6831,6831.311931688191,2028.667012391471,5415.0280745604505,1
0,2065,2065.083209413176,2163.8208835630526,5768.977441709306,1
0,3185,3185.293927447004,1821.0683985990763,4909.898881990782,1
0,5973,5973.821840470792,1976.5933487394354,5297.279822344349,1
0,6600,6600.0719936035675,2317.9123633456165,5833.067282903416,1
0,5730,5730.370595024091,2121.888214927728,5524.503032825224,1
0,3152,3152.673691772785,1822.1483291781742,4921.836365087706,1
0,6918,6918.369507234634,2465.2616971672164,6069.6822628896225,1
0,7141,7141.151619139531,2172.013218655083,5841.080766565422,1
0,6583,6583.473301294327,2326.895345003128,5971.762065457344,1
0,3140,3140.0505021190747,1687.3993256710403,4193.043099011098,1
0,6439,6439.001284545356,1632.454195123994,4626.356162645202,1
0,3088,3088.6406337822596,1641.3205979234342,4211.9066188548995,1
0,2218,2218.3256065489345,2379.823873551979,5860.72422015137,1
0,2997,2997.0309483230435,1725.914185282125,4366.371863777459,1
0,5094,5094.410801540894,1972.988166445308,5062.791262486704,1
0,3556,3556.319354024347,1479.600099355868,4006.775503090651,1
0,2269,2269.2799364987486,2050.6293371095057,5777.46138928224,1
0,2216,2216.0221514047744,2062.8856773542443,5749.837808922813,1
0,6461,6461.10200236946,2027.9047506910924,5512.564507305834,1
0,2100,2100.374652240128,1815.3281684699841,5108.688253479722,1
0,2082,2082.5665067024297,1555.8849084216638,3906.3886984552732,1
0,2287,2287.6094253626516,2542.5519280676344,6678.796166846999,1
0,6155,6155.125083205962,2449.9965537878534,6284.060818496908,1
0,5202,5202.955803722178,2514.628755977008,6726.0816140657835,1
0,3167,3167.4013308506705,1621.1681199529457,4536.881597020805,1
0,6475,6475.849469200534,1922.7247109010175,4747.1529383883235,1
0,6929,6929.127998509483,1956.4186656729887,5163.446926576324,1
0,2073,2073.6255901338986,1540.4157035649991,3895.744750159403,1
0,5424,5424.772529165079,2367.520628522832,6595.439736531866,1
0,2290,2290.65268743134,1453.1608918138925,3775.2265268743135,1
0,6312,6312.2652290183005,2361.147580356899,6585.308736607183,1
0,3650,3650.4444953486377,1406.2194416596342,3838.5253256964406,1
0,3849,3849.268947706918,2035.99168495522,5367.671891554969,1
0,6433,6433.875545829882,2297.5536148270867,5996.03857363067,1
0,6917,6917.057908925241,2101.7950975800995,5322.54343169393,1
0,5370,5370.512104745623,1956.8060326036666,5362.6790316203505,1
0,6421,6421.994348713901,1797.1807967328464,5028.892658880863,1
0,2750,2750.279530464025,2260.462400230342,6015.757790355535,1
0,6054,6054.069181608222,2247.593449316465,5641.898064974104,1
0,3025,3025.576801514356,1920.8463969712889,4874.325087902251,1
0,3687,3687.1337156508866,1491.1509989892475,4177.90228471666,1
0,2600,2600.788594852644,1578.3200149062282,4110.239731687892,1
0,2620,2620.7510454322787,2130.0442682153935,5358.029055528341,1
0,5422,5422.812695065448,1811.372358421699,4952.002251447406,1
0,7311,7311.041882666231,2240.1390427276388,5879.676192162883,1
0,6353,6353.100142808006,2001.5599428767975,5146.322985833852,1
0,5611,5611.075337024464,2399.301266497166,6522.782432241051,1
0,6539,6539.290612978447,2698.1373826741533,6887.257592514037,1
0,6780,6780.134228106254,2606.2324829340164,6463.79060366752,1
0,2694,2694.155829551031,2272.540342860781,6077.580705961824,1
0,3309,3309.4737119883507,1478.9391729642975,3853.9840257538553,1
0,5252,5252.146927415765,2360.3423595770532,6270.976689746705,1
0,4051,4051.7111695076132,1696.3527390835586,4638.389494817964,1
0,3228,3228.9095841319486,1781.9429867583822,4476.528506620809,1
0,2060,2060.216562664216,1771.9708937016817,4702.321205709034,1
0,6666,6666.631987568544,1969.730250388483,5609.842003107864,1
0,3084,3084.16734049452,1508.3444811734098,4127.372044583018,1
0,5994,5994.780525752009,1943.8402897040444,5049.4765557839,1
0,6857,6857.605325230489,1963.5643901547628,5023.443760153935,1
0,6065,6065.711554067132,2564.6229760766023,7155.593523445127,1
0,5866,5866.062855589348,1984.9010107739098,4861.112002174912,1
0,7169,7169.253354329321,1993.2791650182037,5233.2791650182035,1
0,6204,6204.19949782654,2715.618377751881,7188.711124281356,1
0,7017,7017.618380220837,2105.6699119059067,5686.711707873256,1
0,2451,2451.463825956558,2163.131822957393,5820.811894974102,1
0,6460,6460.494371543024,2017.8314571810079,5155.0,1
0,6882,6882.483432009621,2003.0557391095635,4939.186745607697,1
0,4080,4080.427836065317,1373.6551239750165,3919.8957817617575,1
0,6347,6347.209287821383,1983.7442730716975,5558.465222643186,1
0,6142,6142.059279771213,1834.0049399809345,4727.476362020952,1
0,6866,6866.674635004075,2044.819199647805,5141.096376429154,1
0,5424,5424.848403420147,2483.809766342819,6354.357928332723,1
