Date,Day,Opening_Stock,MS_Sold,HSD1_Sold,HSD2_Sold,HSD3_Sold,Total_Sold,Closing_Stock,Cash,Online,Card,Dip,Refill_Required,Year,Month,DayOfWeek,DayOfYear,WeekOfYear,Quarter,Is_Weekend,Day_Num,Target,Stock_Ratio,Rolling_7d_Sales,Rolling_3d_Sales,Prev_Closing,Prev_Total_Sold,Days_Since_Refill,Is_Festival_Month,Is_Monsoon_Month,Is_Summer_Month
2011-01-01,Saturday,12000,711,1881.0,1702.0,1052.0,5346.0,6654,227287,158865,99086,55,No,2011,1,5,1,52,1,1,5,0,0.5545,5346.0,5346.0,12000.0,5216.549046058971,0,0,0,0
2011-01-02,Sunday,6654,757,2174.0,1748.0,1155.0,5834.0,820,263097,203622,112244,6,Yes,2011,1,6,2,52,1,1,6,1,0.0683,5590.0,5590.0,6654.0,5346.0,0,0,0,0
2011-01-03,Monday,12000,455,1625.0,1302.0,693.0,4075.0,7925,170856,115783,73403,66,No,2011,1,0,3,1,1,0,0,0,0.6604,5085.0,5085.0,820.0,5834.0,1,0,0,0
2011-01-04,Tuesday,7925,409,1430.0,1037.0,902.0,3778.0,4147,148728,130226,75541,34,No,2011,1,1,4,1,1,0,1,0,0.3456,4758.0,4562.0,7925.0,4075.0,2,0,0,0
2011-01-05,Wednesday,4147,476,1528.0,1251.0,680.0,3935.0,212,172731,136389,78490,1,Yes,2011,1,2,5,1,1,0,2,1,0.0177,4594.0,3929.0,4147.0,3778.0,0,0,0,0
2011-01-06,Thursday,12000,496,1562.0,1402.0,855.0,4315.0,7685,203561,136785,99032,64,No,2011,1,3,6,1,1,0,3,0,0.6404,4547.0,4009.0,212.0,3935.0,1,0,0,0
2011-01-07,Friday,7685,734,2071.0,1627.0,848.0,5280.0,2405,213201,150739,127164,20,No,2011,1,4,7,1,1,0,4,0,0.2004,4652.0,4510.0,7685.0,4315.0,2,0,0,0
2011-01-08,Saturday,2405,500,1834.0,1358.0,1284.0,4976.0,0,229519,175151,94616,1,Yes,2011,1,5,8,1,1,1,5,1,0.0,4599.0,4857.0,2405.0,5280.0,0,0,0,0
2011-01-09,Sunday,12000,703,2180.0,1551.0,1026.0,5460.0,6540,224384,167495,118289,54,No,2011,1,6,9,1,1,1,6,0,0.545,4546.0,5239.0,0.0,4976.0,1,0,0,0
2011-01-10,Monday,6540,548,1711.0,1383.0,1163.0,4805.0,1735,191644,150633,113188,14,Yes,2011,1,0,10,2,1,0,0,1,0.1446,4650.0,5080.0,6540.0,5460.0,0,0,0,0
2011-01-11,Tuesday,12000,533,1610.0,1453.0,811.0,4407.0,7593,177575,128256,103954,63,No,2011,1,1,11,2,1,0,1,0,0.6328,4740.0,4891.0,1735.0,4805.0,1,0,0,0
2011-01-12,Wednesday,7593,503,1586.0,1177.0,1022.0,4288.0,3305,194932,144096,78750,27,No,2011,1,2,12,2,1,0,2,0,0.2754,4790.0,4500.0,7593.0,4407.0,2,0,0,0
2011-01-13,Thursday,3305,534,1755.0,1402.0,739.0,4430.0,0,195586,134445,93213,1,Yes,2011,1,3,13,2,1,0,3,1,0.0,4807.0,4375.0,3305.0,4288.0,0,0,0,0
2011-01-14,Friday,12000,621,1935.0,1563.0,888.0,5007.0,6993,196752,157678,109486,58,No,2011,1,4,14,2,1,0,4,0,0.5828,4768.0,4575.0,0.0,4430.0,1,0,0,0
2011-01-15,Saturday,6993,780,2079.0,1875.0,1004.0,5738.0,1255,229276,177379,130420,10,Yes,2011,1,5,15,2,1,1,5,1,0.1046,4876.0,5058.0,6993.0,5007.0,0,0,0,0
2011-01-16,Sunday,12000,545,2103.0,1727.0,895.0,5270.0,6730,242366,180552,108834,56,No,2011,1,6,16,2,1,1,6,0,0.5608,4849.0,5338.0,1255.0,5738.0,1,0,0,0
2011-01-17,Monday,6730,566,1733.0,1249.0,863.0,4411.0,2319,178649,156112,80814,19,No,2011,1,0,17,3,1,0,0,0,0.1932,4793.0,5140.0,6730.0,5270.0,2,0,0,0
2011-01-18,Tuesday,2319,554,1731.0,1396.0,817.0,4498.0,0,185511,142902,86329,1,Yes,2011,1,1,18,3,1,0,1,1,0.0,4806.0,4726.0,2319.0,4411.0,0,0,0,0
2011-01-19,Wednesday,12000,449,1561.0,1332.0,834.0,4176.0,7824,170826,122362,75773,65,No,2011,1,2,19,3,1,0,2,0,0.652,4790.0,4362.0,0.0,4498.0,1,0,0,0
2011-01-20,Thursday,7824,528,1704.0,1259.0,761.0,4252.0,3572,188072,133697,84102,29,No,2011,1,3,20,3,1,0,3,0,0.2977,4765.0,4309.0,7824.0,4176.0,2,0,0,0
2011-01-21,Friday,3572,648,1944.0,1535.0,816.0,4943.0,0,233527,162598,103457,1,Yes,2011,1,4,21,3,1,0,4,1,0.0,4755.0,4457.0,3572.0,4252.0,0,0,0,0
2011-01-22,Saturday,12000,556,1836.0,1547.0,761.0,4700.0,7300,189121,161765,101971,60,No,2011,1,5,22,3,1,1,5,0,0.6083,4607.0,4632.0,0.0,4943.0,1,0,0,0
2011-01-23,Sunday,7300,682,1877.0,1365.0,1108.0,5032.0,2268,205038,161191,106730,18,No,2011,1,6,23,3,1,1,6,0,0.189,4573.0,4892.0,7300.0,4700.0,2,0,0,0
2011-01-24,Monday,2268,514,1433.0,1120.0,708.0,3775.0,0,178283,129923,85815,1,Yes,2011,1,0,24,4,1,0,0,1,0.0,4482.0,4502.0,2268.0,5032.0,0,0,0,0
2011-01-25,Tuesday,12000,405,1458.0,1173.0,862.0,3898.0,8102,155730,126575,93103,67,No,2011,1,1,25,4,1,0,1,0,0.6752,4397.0,4235.0,0.0,3775.0,1,0,0,0
2011-01-26,Wednesday,8102,440,1502.0,1161.0,681.0,3784.0,4318,173366,117696,81363,35,No,2011,1,2,26,4,1,0,2,0,0.3598,4341.0,3819.0,8102.0,3898.0,2,0,0,0
2011-01-27,Thursday,4318,456,1490.0,1186.0,1048.0,4180.0,138,197936,131304,76273,1,Yes,2011,1,3,27,4,1,0,3,1,0.0115,4330.0,3954.0,4318.0,3784.0,0,0,0,0
2011-01-28,Friday,12000,561,1677.0,1398.0,1111.0,4747.0,7253,211856,166242,106440,60,No,2011,1,4,28,4,1,0,4,0,0.6044,4302.0,4237.0,138.0,4180.0,1,0,0,0
2011-01-29,Saturday,7253,642,2207.0,1830.0,1069.0,5748.0,1505,257554,176728,105334,12,Yes,2011,1,5,29,4,1,1,5,1,0.1254,4452.0,4892.0,7253.0,4747.0,0,0,0,0
2011-01-30,Sunday,12000,670,2028.0,1689.0,986.0,5373.0,6627,233209,170257,111878,55,No,2011,1,6,30,4,1,1,6,0,0.5522,4501.0,5289.0,1505.0,5748.0,1,0,0,0
2011-01-31,Monday,6627,493,1333.0,1117.0,626.0,3569.0,3058,153105,107277,63427,25,No,2011,1,0,31,5,1,0,0,0,0.2548,4471.0,4897.0,6627.0,5373.0,2,0,0,0
2011-02-01,Tuesday,3058,485,1601.0,1270.0,719.0,4075.0,0,162556,111028,91691,1,Yes,2011,2,1,32,5,1,0,1,1,0.0,4497.0,4339.0,3058.0,3569.0,0,0,0,0
2011-02-02,Wednesday,12000,420,1484.0,1235.0,791.0,3930.0,8070,177542,117122,99933,67,No,2011,2,2,33,5,1,0,2,0,0.6725,4517.0,3858.0,0.0,4075.0,1,0,0,0
2011-02-03,Thursday,8070,524,1782.0,1344.0,900.0,4550.0,3520,198914,142298,88802,29,No,2011,2,3,34,5,1,0,3,0,0.2933,4570.0,4185.0,8070.0,3930.0,2,0,0,0
2011-02-04,Friday,3520,612,1930.0,1625.0,796.0,4963.0,0,209626,142705,97742,1,Yes,2011,2,4,35,5,1,0,4,1,0.0,4601.0,4481.0,3520.0,4550.0,0,0,0,0
2011-02-05,Saturday,12000,725,2274.0,1814.0,1129.0,5942.0,6058,250749,177842,118804,50,No,2011,2,5,36,5,1,1,5,0,0.5048,4629.0,5152.0,0.0,4963.0,1,0,0,0
2011-02-06,Sunday,6058,739,2023.0,1625.0,968.0,5355.0,703,229281,175073,112454,5,Yes,2011,2,6,37,5,1,1,6,1,0.0586,4626.0,5420.0,6058.0,5942.0,0,0,0,0
2011-02-07,Monday,12000,440,1389.0,1137.0,600.64,3480.52,8533,142547,106653,70052,71,No,2011,2,0,38,6,1,0,0,0,0.7111,4612.0,4921.0,703.0,5355.0,1,0,0,0
2011-02-08,Tuesday,8533,497,1502.0,1045.0,749.0,3793.0,4740,167428,105798,85319,39,No,2011,2,1,39,6,1,0,1,0,0.395,4571.0,4205.0,8533.0,3467.0,2,0,0,0
2011-02-09,Wednesday,4740,445,1473.0,1248.0,974.0,4140.0,600,189949,143561,86498,5,Yes,2011,2,2,40,6,1,0,2,1,0.05,4601.0,3800.0,4740.0,3793.0,0,0,0,0
2011-02-10,Thursday,12000,582,1664.0,1342.0,847.0,4435.0,7565,188143,148294,96374,63,No,2011,2,3,41,6,1,0,3,0,0.6304,4585.0,4123.0,600.0,4140.0,1,0,0,0
2011-02-11,Friday,7565,469,1628.0,1370.0,1008.0,4475.0,3090,194278,138966,103282,25,No,2011,2,4,42,6,1,0,4,0,0.2575,4515.0,4350.0,7565.0,4435.0,2,0,0,0
2011-02-12,Saturday,3090,626,2026.0,1630.0,981.0,5263.0,0,217836,183589,106028,1,Yes,2011,2,5,43,6,1,1,5,1,0.0,4418.0,4724.0,3090.0,4475.0,0,0,0,0
2011-02-13,Sunday,12000,625,1866.0,1363.0,1056.0,4910.0,7090,214220,174210,116288,59,No,2011,2,6,44,6,1,1,6,0,0.5908,4355.0,4883.0,0.0,5263.0,1,0,0,0
2011-02-14,Monday,7090,401,1445.0,1247.0,719.0,3812.0,3278,168433,126024,76208,27,No,2011,2,0,45,7,1,0,0,0,0.2732,4404.0,4662.0,7090.0,4910.0,2,0,0,0
2011-02-15,Tuesday,3278,519,1662.0,1169.0,719.0,4069.0,0,182119,122333,77844,1,Yes,2011,2,1,46,7,1,0,1,1,0.0,4443.0,4264.0,3278.0,3812.0,0,0,0,0
2011-02-16,Wednesday,12000,597,1685.0,1335.0,855.0,4472.0,7528,189372,133904,102615,62,No,2011,2,2,47,7,1,0,2,0,0.6273,4491.0,4118.0,0.0,4069.0,1,0,0,0
2011-02-17,Thursday,7528,393,1367.0,1081.0,735.0,3569.0,3959,150344,106563,91439,32,No,2011,2,3,48,7,1,0,3,0,0.3299,4367.0,4037.0,7528.0,4472.0,2,0,0,0
2011-02-18,Friday,3959,638,1786.0,1337.0,1080.0,4841.0,0,197311,155722,120224,1,Yes,2011,2,4,49,7,1,0,4,1,0.0,4419.0,4294.0,3959.0,3569.0,0,0,0,0
2011-02-19,Saturday,12000,786,2197.0,1843.0,808.0,5634.0,6366,248589,188164,112457,53,No,2011,2,5,50,7,1,1,5,0,0.5305,4472.0,4681.0,0.0,4841.0,1,0,0,0
2011-02-20,Sunday,6366,545,1797.0,1357.0,1194.0,4893.0,1473,216663,148261,115937,12,Yes,2011,2,6,51,7,1,1,6,1,0.1228,4470.0,5123.0,6366.0,5634.0,0,0,0,0
2011-02-21,Monday,12000,484,1553.0,1282.0,680.0,3999.0,8001,171985,118495,90102,66,No,2011,2,0,52,8,1,0,0,0,0.6667,4497.0,4842.0,1473.0,4893.0,1,0,0,0
2011-02-22,Tuesday,8001,393,1463.0,1166.0,627.0,3647.0,4354,147809,123050,74247,36,No,2011,2,1,53,8,1,0,1,0,0.3628,4436.0,4180.0,8001.0,3999.0,2,0,0,0
2011-02-23,Wednesday,4354,435,1355.0,1110.0,841.0,3741.0,613,156908,124822,78530,5,Yes,2011,2,2,54,8,1,0,2,1,0.0511,4332.0,3796.0,4354.0,3647.0,0,0,0,0
2011-02-24,Thursday,12000,474,1700.0,1387.0,875.0,4436.0,7564,197466,157206,102179,63,No,2011,2,3,55,8,1,0,3,0,0.6303,4456.0,3941.0,613.0,3741.0,1,0,0,0
2011-02-25,Friday,7564,478,1801.0,1393.0,926.0,4598.0,2966,182942,151276,89826,24,No,2011,2,4,56,8,1,0,4,0,0.2472,4421.0,4258.0,7564.0,4436.0,2,0,0,0
2011-02-26,Saturday,2966,631,2098.0,1669.0,1308.0,5706.0,0,245508,169629,113910,1,Yes,2011,2,5,57,8,1,1,5,1,0.0,4431.0,4913.0,2966.0,4598.0,0,0,0,0
2011-02-27,Sunday,12000,555,1749.0,1613.0,997.0,4914.0,7086,199045,138571,113048,59,No,2011,2,6,58,8,1,1,6,0,0.5905,4434.0,5073.0,0.0,5706.0,1,0,0,0
2011-02-28,Monday,7086,419,1443.0,1177.0,926.0,3965.0,3121,172794,116589,96413,26,No,2011,2,0,59,9,1,0,0,0,0.2601,4430.0,4862.0,7086.0,4914.0,2,0,0,0
2011-03-01,Tuesday,3121,619,1758.0,1506.0,1003.0,4886.0,0,220887,163711,85905,1,Yes,2011,3,1,60,9,1,0,1,1,0.0,4607.0,4588.0,3121.0,3965.0,0,0,0,1
2011-03-02,Wednesday,12000,528,1592.0,1245.0,918.0,4283.0,7717,185740,139452,101659,64,No,2011,3,2,61,9,1,0,2,0,0.6431,4684.0,4378.0,0.0,4886.0,1,0,0,1
2011-03-03,Thursday,7717,583,1889.0,1384.0,1066.0,4922.0,2795,218368,174156,114275,23,No,2011,3,3,62,9,1,0,3,0,0.2329,4753.0,4697.0,7717.0,4283.0,2,0,0,1
2011-03-04,Friday,2795,545,1919.0,1735.0,1184.0,5383.0,0,226870,167235,123607,1,Yes,2011,3,4,63,9,1,0,4,1,0.0,4866.0,4863.0,2795.0,4922.0,0,0,0,1
2011-03-05,Saturday,12000,673,2599.0,1999.0,1336.0,6607.0,5393,299508,191088,146798,44,No,2011,3,5,64,9,1,1,5,0,0.4494,4994.0,5637.0,0.0,5383.0,1,0,0,1
2011-03-06,Sunday,5393,720,1903.0,1643.0,936.0,5202.0,191,234131,163094,96660,1,Yes,2011,3,6,65,9,1,1,6,1,0.0159,5035.0,5731.0,5393.0,6607.0,0,0,0,1
2011-03-07,Monday,12000,492,1778.0,1394.0,1114.0,4778.0,7222,210832,158160,107083,60,No,2011,3,0,66,10,1,0,0,0,0.6018,5152.0,5529.0,191.0,5202.0,1,0,0,1
2011-03-08,Tuesday,7222,643,1644.0,1324.0,1037.0,4648.0,2574,195340,139983,104021,21,No,2011,3,1,67,10,1,0,1,0,0.2145,5118.0,4876.0,7222.0,4778.0,2,0,0,1
2011-03-09,Wednesday,2574,537,1844.0,1420.0,848.0,4649.0,0,203718,130628,101922,1,Yes,2011,3,2,68,10,1,0,2,1,0.0,5170.0,4692.0,2574.0,4648.0,0,0,0,1
2011-03-10,Thursday,12000,500,1990.0,1599.0,767.0,4856.0,7144,225982,159631,121084,59,No,2011,3,3,69,10,1,0,3,0,0.5953,5160.0,4718.0,0.0,4649.0,1,0,0,1
2011-03-11,Friday,7144,630,2082.0,1451.0,925.0,5088.0,2056,245431,170770,91220,17,No,2011,3,4,70,10,1,0,4,0,0.1713,5118.0,4864.0,7144.0,4856.0,2,0,0,1
2011-03-12,Saturday,2056,668,2081.0,1811.0,1011.0,5571.0,0,231746,175877,125342,1,Yes,2011,3,5,71,10,1,1,5,1,0.0,4970.0,5172.0,2056.0,5088.0,0,0,0,1
2011-03-13,Sunday,12000,569,2066.0,1600.0,828.0,5063.0,6937,216051,184777,111512,57,No,2011,3,6,72,10,1,1,6,0,0.5781,4950.0,5241.0,0.0,5571.0,1,0,0,1
2011-03-14,Monday,6937,516,1570.0,1210.0,826.0,4122.0,2815,166485,133685,75201,23,No,2011,3,0,73,11,1,0,0,0,0.2346,4857.0,4919.0,6937.0,5063.0,2,0,0,1
2011-03-15,Tuesday,2815,429,1640.0,1175.0,879.0,4123.0,0,164735,143793,101897,1,Yes,2011,3,1,74,11,1,0,1,1,0.0,4782.0,4436.0,2815.0,4122.0,0,0,0,1
2011-03-16,Wednesday,12000,524,1733.0,1310.0,952.0,4519.0,7481,189098,136770,101303,62,No,2011,3,2,75,11,1,0,2,0,0.6234,4763.0,4255.0,0.0,4123.0,1,0,0,1
2011-03-17,Thursday,7481,500,1721.0,1421.0,1145.0,4787.0,2694,212679,169769,110028,22,No,2011,3,3,76,11,1,0,3,0,0.2245,4753.0,4476.0,7481.0,4519.0,2,0,0,1
2011-03-18,Friday,2694,799,2218.0,1950.0,1071.0,6038.0,0,249935,208215,144825,1,Yes,2011,3,4,77,11,1,0,4,1,0.0,4889.0,5115.0,2694.0,4787.0,0,0,0,1
2011-03-19,Saturday,12000,658,2137.0,1696.0,1126.0,5617.0,6383,232311,159198,133934,53,No,2011,3,5,78,11,1,1,5,0,0.5319,4896.0,5481.0,0.0,6038.0,1,0,0,1
2011-03-20,Sunday,6383,601,2213.0,1618.0,1300.0,5732.0,651,257507,200366,133615,5,Yes,2011,3,6,79,11,1,1,6,1,0.0542,4991.0,5796.0,6383.0,5617.0,0,0,0,1
2011-03-21,Monday,12000,656,1753.0,1396.0,1071.0,4876.0,7124,221216,159630,101224,59,No,2011,3,0,80,12,1,0,0,0,0.5937,5099.0,5408.0,651.0,5732.0,1,0,0,1
2011-03-22,Tuesday,7124,490,1683.0,1257.0,836.0,4266.0,2858,196814,154535,101471,23,No,2011,3,1,81,12,1,0,1,0,0.2382,5119.0,4958.0,7124.0,4876.0,2,0,0,1
2011-03-23,Wednesday,2858,466,1688.0,1380.0,664.0,4198.0,0,182547,136716,94183,1,Yes,2011,3,2,82,12,1,0,2,1,0.0,5073.0,4447.0,2858.0,4266.0,0,0,0,1
2011-03-24,Thursday,12000,558,1747.0,1358.0,832.0,4495.0,7505,190798,156134,86518,62,No,2011,3,3,83,12,1,0,3,0,0.6254,5032.0,4320.0,0.0,4198.0,1,0,0,1
2011-03-25,Friday,7505,506,1987.0,1486.0,1023.0,5002.0,2503,211477,149494,106944,20,No,2011,3,4,84,12,1,0,4,0,0.2086,4884.0,4565.0,7505.0,4495.0,2,0,0,1
2011-03-26,Saturday,2503,782,2340.0,1594.0,1183.0,5899.0,0,279140,183844,114016,1,Yes,2011,3,5,85,12,1,1,5,1,0.0,4924.0,5132.0,2503.0,5002.0,0,0,0,1
2011-03-27,Sunday,12000,614,2006.0,1685.0,1351.0,5656.0,6344,249572,176573,120981,52,No,2011,3,6,86,12,1,1,6,0,0.5287,4913.0,5519.0,0.0,5899.0,1,0,0,1
2011-03-28,Monday,6344,515,1494.0,1050.0,673.0,3732.0,2612,168444,116920,82032,21,No,2011,3,0,87,13,1,0,0,0,0.2177,4750.0,5096.0,6344.0,5656.0,2,0,0,1
2011-03-29,Tuesday,2612,577,1727.0,1338.0,692.0,4334.0,0,187158,126299,83490,1,Yes,2011,3,1,88,13,1,0,1,1,0.0,4759.0,4574.0,2612.0,3732.0,0,0,0,1
2011-03-30,Wednesday,12000,605,1869.0,1548.0,740.0,4762.0,7238,191640,144738,84110,60,No,2011,3,2,89,13,1,0,2,0,0.6032,4840.0,4276.0,0.0,4334.0,1,0,0,1
2011-03-31,Thursday,7238,504,1489.0,1268.0,965.0,4226.0,3012,202327,123142,85336,25,No,2011,3,3,90,13,1,0,3,0,0.251,4802.0,4441.0,7238.0,4762.0,2,0,0,1
2011-04-01,Friday,3012,717,2078.0,1552.0,863.0,5210.0,0,218642,168309,107526,1,Yes,2011,4,4,91,13,2,0,4,1,0.0,4831.0,4733.0,3012.0,4226.0,0,0,0,1
2011-04-02,Saturday,12000,765,2376.0,1869.0,1122.0,6132.0,5868,282458,196829,152473,48,No,2011,4,5,92,13,2,1,5,0,0.489,4865.0,5189.0,0.0,5210.0,1,0,0,1
2011-04-03,Sunday,5868,861,2355.0,1937.0,1000.0,6153.0,0,261471,191177,133923,1,Yes,2011,4,6,93,13,2,1,6,1,0.0,4936.0,5832.0,5868.0,6132.0,0,0,0,1
2011-04-04,Monday,12000,451,1597.0,1337.0,1019.0,4404.0,7596,200198,137333,86690,63,No,2011,4,0,94,14,2,0,0,0,0.633,5032.0,5563.0,0.0,6153.0,1,0,0,1
2011-04-05,Tuesday,7596,572,1663.0,1460.0,1055.0,4750.0,2846,184446,148522,111223,23,No,2011,4,1,95,14,2,0,1,0,0.2372,5091.0,5102.0,7596.0,4404.0,2,0,0,1
2011-04-06,Wednesday,2846,558,1607.0,1397.0,762.0,4324.0,0,183037,144723,84798,1,Yes,2011,4,2,96,14,2,0,2,1,0.0,5028.0,4493.0,2846.0,4750.0,0,0,0,1
2011-04-07,Thursday,12000,640,1887.0,1565.0,739.0,4831.0,7169,201186,161511,94480,59,No,2011,4,3,97,14,2,0,3,0,0.5974,5115.0,4635.0,0.0,4324.0,1,0,0,1
2011-04-08,Friday,7169,692,2134.0,1656.0,946.0,5428.0,1741,233175,166262,127615,14,Yes,2011,4,4,98,14,2,0,4,1,0.1451,5146.0,4861.0,7169.0,4831.0,0,0,0,1
2011-04-09,Saturday,12000,697,2192.0,1702.0,916.0,5507.0,6493,242573,194622,131074,54,No,2011,4,5,99,14,2,1,5,0,0.5411,5057.0,5255.0,1741.0,5428.0,1,0,0,1
2011-04-10,Sunday,6493,708,2063.0,1653.0,1412.0,5836.0,657,267238,163861,115881,5,Yes,2011,4,6,100,14,2,1,6,1,0.0548,5011.0,5590.0,6493.0,5507.0,0,0,0,1
2011-04-11,Monday,12000,409,1379.0,1043.0,877.0,3708.0,8292,151973,121253,69169,69,No,2011,4,0,101,15,2,0,0,0,0.691,4912.0,5017.0,657.0,5836.0,1,0,0,1
2011-04-12,Tuesday,8292,596,1846.0,1453.0,698.0,4593.0,3699,179636,131177,112502,30,No,2011,4,1,102,15,2,0,1,0,0.3083,4890.0,4712.0,8292.0,3708.0,2,0,0,1
2011-04-13,Wednesday,3699,581,1984.0,1650.0,1152.0,5367.0,0,231989,155755,128416,1,Yes,2011,4,2,103,15,2,0,2,1,0.0,5039.0,4556.0,3699.0,4593.0,0,0,0,1
2011-04-14,Thursday,12000,484,1916.0,1478.0,910.0,4788.0,7212,203847,130692,105412,60,No,2011,4,3,104,15,2,0,3,0,0.601,5032.0,4916.0,0.0,5367.0,1,0,0,1
2011-04-15,Friday,7212,583,1839.0,1578.0,904.0,4904.0,2308,192515,153759,126663,19,No,2011,4,4,105,15,2,0,4,0,0.1923,4958.0,5020.0,7212.0,4788.0,2,0,0,1
2011-04-16,Saturday,2308,672,2285.0,1671.0,1031.0,5659.0,0,232331,176725,105847,1,Yes,2011,4,5,106,15,2,1,5,1,0.0,4979.0,5117.0,2308.0,4904.0,0,0,0,1
2011-04-17,Sunday,12000,676,2219.0,1611.0,958.0,5464.0,6536,219346,171201,105408,54,No,2011,4,6,107,15,2,1,6,0,0.5447,4926.0,5342.0,0.0,5659.0,1,0,0,1
2011-04-18,Monday,6536,560,2009.0,1572.0,1233.0,5374.0,1162,238748,185822,127734,9,Yes,2011,4,0,108,16,2,0,0,1,0.0968,5164.0,5499.0,6536.0,5464.0,0,0,0,1
2011-04-19,Tuesday,12000,573,1577.0,1374.0,806.0,4330.0,7670,187887,123663,90800,63,No,2011,4,1,109,16,2,0,1,0,0.6392,5127.0,5056.0,1162.0,5374.0,1,0,0,1
2011-04-20,Wednesday,7670,645,1746.0,1503.0,768.0,4662.0,3008,219575,130121,106263,25,No,2011,4,2,110,16,2,0,2,0,0.2507,5026.0,4789.0,7670.0,4330.0,2,0,0,1
2011-04-21,Thursday,3008,464,1676.0,1379.0,1030.0,4549.0,0,205715,149909,94101,1,Yes,2011,4,3,111,16,2,0,3,1,0.0,4992.0,4514.0,3008.0,4662.0,0,0,0,1
2011-04-22,Friday,12000,549,1775.0,1407.0,1129.0,4860.0,7140,197836,136007,88009,59,No,2011,4,4,112,16,2,0,4,0,0.595,4985.0,4690.0,0.0,4549.0,1,0,0,1
2011-04-23,Saturday,7140,756,2236.0,1626.0,1000.0,5618.0,1522,249821,204077,130993,12,Yes,2011,4,5,113,16,2,1,5,1,0.1268,4980.0,5009.0,7140.0,4860.0,0,0,0,1
2011-04-24,Sunday,12000,640,1830.0,1477.0,757.0,4704.0,7296,210480,163429,81539,60,No,2011,4,6,114,16,2,1,6,0,0.608,4871.0,5061.0,1522.0,5618.0,1,0,0,1
2011-04-25,Monday,7296,608,1683.0,1311.0,1101.0,4703.0,2593,197436,131466,92844,21,No,2011,4,0,115,17,2,0,0,0,0.2161,4775.0,5008.0,7296.0,4704.0,2,0,0,1
2011-04-26,Tuesday,2593,492,1636.0,1424.0,987.0,4539.0,0,186639,138759,105064,1,Yes,2011,4,1,116,17,2,0,1,1,0.0,4805.0,4649.0,2593.0,4703.0,0,0,0,1
2011-04-27,Wednesday,12000,567,1819.0,1322.0,809.0,4517.0,7483,207358,162799,97703,62,No,2011,4,2,117,17,2,0,2,0,0.6236,4784.0,4586.0,0.0,4539.0,1,0,0,1
2011-04-28,Thursday,7483,438,1677.0,1192.0,952.0,4259.0,3224,183198,122581,91942,26,No,2011,4,3,118,17,2,0,3,0,0.2687,4743.0,4438.0,7483.0,4517.0,2,0,0,1
2011-04-29,Friday,3224,647,1894.0,1476.0,1239.0,5256.0,0,219187,160087,127520,1,Yes,2011,4,4,119,17,2,0,4,1,0.0,4799.0,4677.0,3224.0,4259.0,0,0,0,1
2011-04-30,Saturday,12000,723,2338.0,1927.0,1078.0,6066.0,5934,266003,177578,127959,49,No,2011,4,5,120,17,2,1,5,0,0.4945,4863.0,5194.0,0.0,5256.0,1,0,0,1
2011-05-01,Sunday,5934,641,2166.0,1607.0,1216.0,5630.0,304,254987,175855,144391,2,Yes,2011,5,6,121,17,2,1,6,1,0.0253,4996.0,5651.0,5934.0,6066.0,0,0,0,1
2011-05-02,Monday,12000,639,1793.0,1326.0,1137.0,4895.0,7105,206061,146516,113985,59,No,2011,5,0,122,18,2,0,0,0,0.5921,5023.0,5530.0,304.0,5630.0,1,0,0,1
2011-05-03,Tuesday,7105,637,2135.0,1431.0,1069.0,5272.0,1833,249145,152389,113594,15,Yes,2011,5,1,123,18,2,0,1,1,0.1528,5128.0,5266.0,7105.0,4895.0,0,0,0,1
2011-05-04,Wednesday,12000,667,1822.0,1350.0,1000.0,4839.0,7161,215446,132931,99714,59,No,2011,5,2,124,18,2,0,2,0,0.5968,5174.0,5002.0,1833.0,5272.0,1,0,0,1
2011-05-05,Thursday,7161,587,1747.0,1559.0,880.0,4773.0,2388,195080,139486,120307,19,No,2011,5,3,125,18,2,0,3,0,0.199,5247.0,4961.0,7161.0,4839.0,2,0,0,1
2011-05-06,Friday,2388,599,1763.0,1414.0,1135.0,4911.0,0,204872,146831,104858,1,Yes,2011,5,4,126,18,2,0,4,1,0.0,5198.0,4841.0,2388.0,4773.0,0,0,0,1
2011-05-07,Saturday,12000,741,2547.0,2033.0,1057.0,6378.0,5622,280242,211838,113016,46,No,2011,5,5,127,18,2,1,5,0,0.4685,5243.0,5354.0,0.0,4911.0,1,0,0,1
2011-05-08,Sunday,5622,573,1791.0,1490.0,729.0,4583.0,1039,195789,146887,100022,8,Yes,2011,5,6,128,18,2,1,6,1,0.0866,5093.0,5291.0,5622.0,6378.0,0,0,0,1
2011-05-09,Monday,12000,614,1741.0,1409.0,655.0,4419.0,7581,200042,135075,106656,63,No,2011,5,0,129,19,2,0,0,0,0.6318,5025.0,5127.0,1039.0,4583.0,1,0,0,1
2011-05-10,Tuesday,7581,578,1656.0,1310.0,922.0,4466.0,3115,188027,149578,108582,25,No,2011,5,1,130,19,2,0,1,0,0.2596,4910.0,4489.0,7581.0,4419.0,2,0,0,1
2011-05-11,Wednesday,3115,549,1582.0,1198.0,661.0,3990.0,0,155144,111630,91569,1,Yes,2011,5,2,131,19,2,0,2,1,0.0,4789.0,4292.0,3115.0,4466.0,0,0,0,1
2011-05-12,Thursday,12000,566,1691.0,1381.0,1045.0,4683.0,7317,214214,133697,105036,60,No,2011,5,3,132,19,2,0,3,0,0.6098,4776.0,4380.0,0.0,3990.0,1,0,0,1
2011-05-13,Friday,7317,509,1945.0,1413.0,1067.0,4934.0,2383,216161,167814,110009,19,No,2011,5,4,133,19,2,0,4,0,0.1986,4779.0,4536.0,7317.0,4683.0,2,0,0,1
2011-05-14,Saturday,2383,727,2168.0,1561.0,1151.0,5607.0,0,241362,157390,111542,1,Yes,2011,5,5,134,19,2,1,5,1,0.0,4669.0,5075.0,2383.0,4934.0,0,0,0,1
2011-05-15,Sunday,12000,716,2097.0,1526.0,899.0,5238.0,6762,217511,148821,122037,56,No,2011,5,6,135,19,2,1,6,0,0.5635,4762.0,5260.0,0.0,5607.0,1,0,0,1
2011-05-16,Monday,6762,531,1464.0,1131.0,1029.0,4155.0,2607,166032,135442,83163,21,No,2011,5,0,136,20,2,0,0,0,0.2172,4725.0,5000.0,6762.0,5238.0,2,0,0,1
2011-05-17,Tuesday,2607,665,1905.0,1416.0,1200.0,5186.0,0,234761,167488,100942,1,Yes,2011,5,1,137,20,2,0,1,1,0.0,4828.0,4860.0,2607.0,4155.0,0,0,0,1
2011-05-18,Wednesday,12000,536,1571.0,1374.0,954.0,4435.0,7565,191704,137541,83618,63,No,2011,5,2,138,20,2,0,2,0,0.6304,4891.0,4592.0,0.0,5186.0,1,0,0,1
2011-05-19,Thursday,7565,694,2002.0,1514.0,852.0,5062.0,2503,223667,177115,96116,20,No,2011,5,3,139,20,2,0,3,0,0.2086,4945.0,4894.0,7565.0,4435.0,2,0,0,1
2011-05-20,Friday,2503,589,1790.0,1622.0,1016.0,5017.0,0,214296,151006,113391,1,Yes,2011,5,4,140,20,2,0,4,1,0.0,4957.0,4838.0,2503.0,5062.0,0,0,0,1
2011-05-21,Saturday,12000,616,2014.0,1597.0,687.0,4914.0,7086,214800,166635,94055,59,No,2011,5,5,141,20,2,1,5,0,0.5905,4858.0,4998.0,0.0,5017.0,1,0,0,1
2011-05-22,Sunday,7086,764,2258.0,1816.0,1190.0,6028.0,1058,230672,175901,132217,8,Yes,2011,5,6,142,20,2,1,6,1,0.0882,4971.0,5320.0,7086.0,4914.0,0,0,0,1
2011-05-23,Monday,12000,562,1704.0,1385.0,783.0,4434.0,7566,198370,133983,101882,63,No,2011,5,0,143,21,2,0,0,0,0.6305,5011.0,5125.0,1058.0,6028.0,1,0,0,1
2011-05-24,Tuesday,7566,549,1810.0,1431.0,807.0,4597.0,2969,197943,159426,110399,24,No,2011,5,1,144,21,2,0,1,0,0.2474,4927.0,5020.0,7566.0,4434.0,2,0,0,1
2011-05-25,Wednesday,2969,583,1671.0,1468.0,743.0,4465.0,0,198875,132114,101946,1,Yes,2011,5,2,145,21,2,0,2,1,0.0,4931.0,4499.0,2969.0,4597.0,0,0,0,1
2011-05-26,Thursday,12000,532,1467.0,1194.0,985.0,4178.0,7822,198095,138025,79875,65,No,2011,5,3,146,21,2,0,3,0,0.6518,4805.0,4413.0,0.0,4465.0,1,0,0,1
2011-05-27,Friday,7822,733,2316.0,1620.0,1096.0,5765.0,2057,240459,181218,146640,17,No,2011,5,4,147,21,2,0,4,0,0.1714,4912.0,4803.0,7822.0,4178.0,2,0,0,1
2011-05-28,Saturday,2057,748,2212.0,1739.0,1476.0,6175.0,0,264437,182373,154094,1,Yes,2011,5,5,148,21,2,1,5,1,0.0,5092.0,5373.0,2057.0,5765.0,0,0,0,1
2011-05-29,Sunday,12000,701,1970.0,1735.0,1114.0,5520.0,6480,235093,184041,119290,54,No,2011,5,6,149,21,2,1,6,0,0.54,5019.0,5820.0,0.0,6175.0,1,0,0,1
2011-05-30,Monday,6480,510,1533.0,1257.0,963.0,4263.0,2217,201977,124329,106892,18,No,2011,5,0,150,22,2,0,0,0,0.1848,4995.0,5319.0,6480.0,5520.0,2,0,0,1
2011-05-31,Tuesday,2217,636,1776.0,1420.0,839.0,4671.0,0,203754,144077,90067,1,Yes,2011,5,1,151,22,2,0,1,1,0.0,5005.0,4818.0,2217.0,4263.0,0,0,0,1
2011-06-01,Wednesday,12000,482,1581.0,1114.0,703.0,3880.0,8120,181147,120004,88655,67,No,2011,6,2,152,22,2,0,2,0,0.6767,4922.0,4271.0,0.0,4671.0,1,0,1,0
2011-06-02,Thursday,8120,440,1312.76,1032.0,783.0,3480.52,4643,149773,114350,61653,38,No,2011,6,3,153,22,2,0,3,0,0.3869,4822.0,4009.0,8120.0,3880.0,2,0,1,0
2011-06-03,Friday,4643,600,1824.0,1310.0,732.0,4466.0,177,201813,125750,93598,1,Yes,2011,6,4,154,22,2,0,4,1,0.0148,4636.0,3941.0,4643.0,3477.0,0,0,1,0
2011-06-04,Saturday,12000,560,1731.0,1324.0,976.0,4591.0,7409,181542,128926,96650,61,No,2011,6,5,155,22,2,1,5,0,0.6174,4410.0,4178.0,177.0,4466.0,1,0,1,0
2011-06-05,Sunday,7409,499,1730.0,1363.0,821.0,4413.0,2996,187608,142484,81733,24,No,2011,6,6,156,22,2,1,6,0,0.2497,4252.0,4490.0,7409.0,4591.0,2,0,1,0
2011-06-06,Monday,2996,462,1361.0,1089.0,942.0,3854.0,0,169238,120802,95873,1,Yes,2011,6,0,157,23,2,0,0,1,0.0,4193.0,4286.0,2996.0,4413.0,0,0,1,0
2011-06-07,Tuesday,12000,499,1540.0,1113.0,908.0,4060.0,7940,170374,135035,92009,66,No,2011,6,1,158,23,2,0,1,0,0.6617,4106.0,4109.0,0.0,3854.0,1,0,1,0
2011-06-08,Wednesday,7940,476,1435.0,1228.0,771.0,3910.0,4030,167906,113277,81467,33,No,2011,6,2,159,23,2,0,2,0,0.3358,4110.0,3941.0,7940.0,4060.0,2,0,1,0
2011-06-09,Thursday,4030,404,1350.0,1031.0,874.0,3612.0,418,158222,100260,84712,3,Yes,2011,6,3,160,23,2,0,3,1,0.0348,4129.0,3861.0,4030.0,3910.0,0,0,1,0
2011-06-10,Friday,12000,440,1383.0,1099.0,600.64,3480.52,8622,150241,97318,75283,71,No,2011,6,4,161,23,2,0,4,0,0.7185,3974.0,3633.0,418.0,3612.0,1,0,1,0
2011-06-11,Saturday,8622,549,1850.0,1688.0,1109.0,5196.0,3426,228881,152577,101087,28,No,2011,6,5,162,23,2,1,5,0,0.2855,4060.0,4062.0,8622.0,3378.0,2,0,1,0
2011-06-12,Sunday,3426,613,1779.0,1317.0,976.0,4685.0,0,196030,144753,99767,1,Yes,2011,6,6,163,23,2,1,6,1,0.0,4099.0,4420.0,3426.0,5196.0,0,0,1,0
2011-06-13,Monday,12000,435,1312.76,1068.0,626.0,3480.52,8572,141121,98834,72014,71,No,2011,6,0,164,24,2,0,0,0,0.7143,4038.0,4436.0,0.0,4685.0,1,0,1,0
2011-06-14,Tuesday,8572,393,1312.76,1138.0,665.0,3480.52,5103,150664,106207,67547,42,No,2011,6,1,165,24,2,0,1,0,0.4252,3954.0,3861.0,8572.0,3428.0,2,0,1,0
2011-06-15,Wednesday,5103,394,1312.76,1031.0,735.0,3480.52,1970,135190,99873,55064,16,Yes,2011,6,2,166,24,2,0,2,1,0.1642,3843.0,3343.0,5103.0,3469.0,0,0,1,0
2011-06-16,Thursday,12000,393,1380.0,1125.0,765.0,3642.0,8358,151298,109346,66596,69,No,2011,6,3,167,24,2,0,3,0,0.6965,3847.0,3415.0,1970.0,3133.0,1,0,1,0
2011-06-17,Friday,8358,504,1654.0,1224.0,861.0,4243.0,4115,176574,133708,81370,34,No,2011,6,4,168,24,2,0,4,0,0.3429,3971.0,3673.0,8358.0,3642.0,2,0,1,0
2011-06-18,Saturday,4115,685,1865.0,1579.0,869.0,4998.0,0,223247,181725,98964,1,Yes,2011,6,5,169,24,2,1,5,1,0.0,3943.0,4294.0,4115.0,4243.0,0,0,1,0
2011-06-19,Sunday,12000,553,1661.0,1508.0,869.0,4591.0,7409,179686,151816,91157,61,No,2011,6,6,170,24,2,1,6,0,0.6174,3929.0,4611.0,0.0,4998.0,1,0,1,0
2011-06-20,Monday,7409,481,1590.0,1102.0,716.0,3889.0,3520,172549,109003,75925,29,No,2011,6,0,171,25,2,0,0,0,0.2933,3995.0,4493.0,7409.0,4591.0,2,0,1,0
2011-06-21,Tuesday,3520,492,1443.0,1107.0,883.0,3925.0,0,172594,116795,84535,1,Yes,2011,6,1,172,25,2,0,1,1,0.0,4060.0,4135.0,3520.0,3889.0,0,0,1,0
2011-06-22,Wednesday,12000,428,1312.76,1078.0,600.64,3480.52,8591,141342,109071,71420,71,No,2011,6,2,173,25,2,0,2,0,0.7159,4100.0,3741.0,0.0,3925.0,1,0,1,0
2011-06-23,Thursday,8591,407,1387.0,1197.0,804.0,3795.0,4796,168203,116228,76138,39,No,2011,6,3,174,25,2,0,3,0,0.3997,4121.0,3710.0,8591.0,3409.0,2,0,1,0
2011-06-24,Friday,4796,533,1474.0,1183.0,799.0,3989.0,807,183615,137602,88792,6,Yes,2011,6,4,175,25,2,0,4,1,0.0672,4085.0,3731.0,4796.0,3795.0,0,0,1,0
2011-06-25,Saturday,12000,551,1701.0,1434.0,919.0,4605.0,7395,186150,149792,92599,61,No,2011,6,5,176,25,2,1,5,0,0.6162,4029.0,4130.0,807.0,3989.0,1,0,1,0
2011-06-26,Sunday,7395,467,1705.0,1430.0,1060.0,4662.0,2733,191509,146529,118227,22,No,2011,6,6,177,25,2,1,6,0,0.2278,4039.0,4419.0,7395.0,4605.0,2,0,1,0
2011-06-27,Monday,2733,393,1312.76,1031.0,806.0,3480.52,0,136825,107813,68272,1,Yes,2011,6,0,178,26,2,0,0,1,0.0,3936.0,4144.0,2733.0,4662.0,0,0,1,0
2011-06-28,Tuesday,12000,393,1312.76,1046.0,600.64,3480.52,8758,134305,98512,61459,72,No,2011,6,1,179,26,2,0,1,0,0.7298,3838.0,3690.0,0.0,3165.0,1,0,1,0
2011-06-29,Wednesday,8758,487,1408.0,1177.0,886.0,3958.0,4800,173664,117747,83534,40,No,2011,6,2,180,26,2,0,2,0,0.4,3917.0,3455.0,8758.0,3242.0,2,0,1,0
2011-06-30,Thursday,4800,456,1486.0,1187.0,674.0,3803.0,997,160130,124532,83951,8,Yes,2011,6,3,181,26,2,0,3,1,0.0831,3918.0,3668.0,4800.0,3958.0,0,0,1,0
2011-07-01,Friday,12000,544,1777.0,1308.0,812.0,4441.0,7559,183546,147637,80231,62,No,2011,7,4,182,26,3,0,4,0,0.6299,3982.0,4067.0,997.0,3803.0,1,0,1,0
2011-07-02,Saturday,7559,646,1732.0,1480.0,832.0,4690.0,2869,206034,135712,96603,23,No,2011,7,5,183,26,3,1,5,0,0.2391,3994.0,4311.0,7559.0,4441.0,2,0,1,0
2011-07-03,Sunday,2869,529,1917.0,1511.0,1135.0,5092.0,0,213277,157776,101379,1,Yes,2011,7,6,184,26,3,1,6,1,0.0,4056.0,4741.0,2869.0,4690.0,0,0,1,0
2011-07-04,Monday,12000,399,1419.0,1242.0,832.0,3892.0,8108,169367,120555,79523,67,No,2011,7,0,185,27,3,0,0,0,0.6757,4160.0,4558.0,0.0,5092.0,1,0,1,0
2011-07-05,Tuesday,8108,441,1466.0,1171.0,769.0,3847.0,4261,162546,128100,65911,35,No,2011,7,1,186,27,3,0,1,0,0.3551,4246.0,4277.0,8108.0,3892.0,2,0,1,0
2011-07-06,Wednesday,4261,402,1312.76,1031.0,600.64,3480.52,1266,132175,103942,65769,10,Yes,2011,7,2,187,27,3,0,2,1,0.1055,4109.0,3578.0,4261.0,3847.0,0,0,1,0
2011-07-07,Thursday,12000,469,1504.0,1163.0,821.0,3957.0,8043,169424,135050,74526,67,No,2011,7,3,188,27,3,0,3,0,0.6702,4131.0,3600.0,1266.0,2995.0,1,0,1,0
2011-07-08,Friday,8043,409,1443.0,1031.0,749.0,3616.0,4427,157429,107598,72156,36,No,2011,7,4,189,27,3,0,4,0,0.3689,4013.0,3523.0,8043.0,3957.0,2,0,1,0
2011-07-09,Saturday,4427,502,1735.0,1217.0,816.0,4270.0,157,191579,129993,105274,1,Yes,2011,7,5,190,27,3,1,5,1,0.0131,3953.0,3948.0,4427.0,3616.0,0,0,1,0
2011-07-10,Sunday,12000,434,1443.0,1144.0,811.0,3832.0,8168,168813,125826,91177,68,No,2011,7,6,191,27,3,1,6,0,0.6807,3773.0,3906.0,157.0,4270.0,1,0,1,0
2011-07-11,Monday,8168,411,1384.0,1116.0,600.64,3485.0,4683,144151,123259,71267,39,No,2011,7,0,192,28,3,0,0,0,0.3902,3715.0,3862.0,8168.0,3832.0,2,0,1,0
2011-07-12,Tuesday,4683,425,1628.0,1175.0,779.0,4007.0,676,169985,116166,75563,5,Yes,2011,7,1,193,28,3,0,1,1,0.0563,3737.0,3775.0,4683.0,3485.0,0,0,1,0
2011-07-13,Wednesday,12000,393,1449.0,1118.0,664.0,3600.0,8400,156043,111691,64261,70,No,2011,7,2,194,28,3,0,2,0,0.7,3824.0,3697.0,676.0,4007.0,1,0,1,0
2011-07-14,Thursday,8400,415,1358.0,1152.0,600.64,3499.0,4901,152527,100714,82484,40,No,2011,7,3,195,28,3,0,3,0,0.4084,3758.0,3702.0,8400.0,3600.0,2,0,1,0
2011-07-15,Friday,4901,508,1699.0,1411.0,731.0,4349.0,552,179632,144248,98690,4,Yes,2011,7,4,196,28,3,0,4,1,0.046,3863.0,3816.0,4901.0,3499.0,0,0,1,0
2011-07-16,Saturday,12000,667,1877.0,1533.0,1040.0,5117.0,6883,220680,167769,94866,57,No,2011,7,5,197,28,3,1,5,0,0.5736,3984.0,4322.0,552.0,4349.0,1,0,1,0
2011-07-17,Sunday,6883,562,1663.0,1449.0,823.0,4497.0,2386,205349,138533,98511,19,No,2011,7,6,198,28,3,1,6,0,0.1988,4079.0,4654.0,6883.0,5117.0,2,0,1,0
2011-07-18,Monday,2386,452,1392.0,1061.0,600.64,3480.52,0,155422,108297,64542,1,Yes,2011,7,0,199,29,3,0,0,1,0.0,4069.0,4342.0,2386.0,4497.0,0,0,1,0
2011-07-19,Tuesday,12000,454,1325.0,1031.0,600.64,3480.52,8685,136600,112533,77244,72,No,2011,7,1,200,29,3,0,1,0,0.7238,3970.0,3741.0,0.0,3412.0,1,0,1,0
2011-07-20,Wednesday,8685,465,1332.0,1031.0,649.0,3480.52,5256,153310,107847,85901,43,No,2011,7,2,201,29,3,0,2,0,0.438,3945.0,3385.0,8685.0,3315.0,2,0,1,0
2011-07-21,Thursday,5256,475,1439.0,1280.0,809.0,4003.0,1253,173522,136029,91817,10,Yes,2011,7,3,202,29,3,0,3,1,0.1044,4017.0,3582.0,5256.0,3429.0,0,0,1,0
2011-07-22,Friday,12000,566,1552.0,1260.0,837.0,4215.0,7785,186364,118971,98616,64,No,2011,7,4,203,29,3,0,4,0,0.6488,3998.0,3882.0,1253.0,4003.0,1,0,1,0
2011-07-23,Saturday,7785,655,1964.0,1519.0,1126.0,5264.0,2521,247284,180635,98641,21,No,2011,7,5,204,29,3,1,5,0,0.2101,4019.0,4494.0,7785.0,4215.0,2,0,1,0
2011-07-24,Sunday,2521,515,1732.0,1206.0,791.0,4244.0,0,180094,136139,94992,1,Yes,2011,7,6,205,29,3,1,6,1,0.0,3983.0,4574.0,2521.0,5264.0,0,0,1,0
2011-07-25,Monday,12000,393,1471.0,1031.0,784.0,3600.0,8400,158409,107689,77277,70,No,2011,7,0,206,30,3,0,0,0,0.7,4010.0,4369.0,0.0,4244.0,1,0,1,0
2011-07-26,Tuesday,8400,493,1490.0,1189.0,854.0,4026.0,4374,157101,125154,92464,36,No,2011,7,1,207,30,3,0,1,0,0.3645,4112.0,3957.0,8400.0,3600.0,2,0,1,0
2011-07-27,Wednesday,4374,457,1532.0,1234.0,775.0,3998.0,376,169409,121632,77616,3,Yes,2011,7,2,208,30,3,0,2,1,0.0313,4193.0,3875.0,4374.0,4026.0,0,0,1,0
2011-07-28,Thursday,12000,502,1312.76,1031.0,827.0,3598.0,8402,140551,107342,69495,70,No,2011,7,3,209,30,3,0,3,0,0.7002,4135.0,3874.0,376.0,3998.0,1,0,1,0
2011-07-29,Friday,8402,537,1683.0,1466.0,768.0,4454.0,3948,180598,126343,92399,32,No,2011,7,4,210,30,3,0,4,0,0.329,4169.0,4017.0,8402.0,3598.0,2,0,1,0
2011-07-30,Saturday,3948,514,1712.0,1336.0,707.0,4269.0,0,174875,130351,108306,1,Yes,2011,7,5,211,30,3,1,5,1,0.0,4027.0,4107.0,3948.0,4454.0,0,0,1,0
2011-07-31,Sunday,12000,469,1715.0,1213.0,813.0,4210.0,7790,183279,128210,93248,64,No,2011,7,6,212,30,3,1,6,0,0.6492,4022.0,4311.0,0.0,4269.0,1,0,1,0
2011-08-01,Monday,7790,412,1312.76,1034.0,600.64,3480.52,4519,133575,96619,83156,37,No,2011,8,0,213,31,3,0,0,0,0.3766,3975.0,3917.0,7790.0,4210.0,2,0,1,0
2011-08-02,Tuesday,4519,481,1530.0,1091.0,756.0,3858.0,661,154482,111280,77496,5,Yes,2011,8,1,214,31,3,0,1,1,0.0551,3951.0,3780.0,4519.0,3271.0,0,0,1,0
2011-08-03,Wednesday,12000,393,1312.76,1031.0,607.0,3480.52,8822,135980,114796,65673,73,No,2011,8,2,215,31,3,0,2,0,0.7352,3834.0,3436.0,661.0,3858.0,1,0,1,0
2011-08-04,Thursday,8822,423,1312.76,1031.0,659.0,3480.52,5522,147135,93262,69822,46,No,2011,8,3,216,31,3,0,3,0,0.4602,3791.0,3445.0,8822.0,3178.0,2,0,1,0
2011-08-05,Friday,5522,533,1577.0,1333.0,887.0,4330.0,1192,194607,137163,100870,9,Yes,2011,8,4,217,31,3,0,4,1,0.0993,3774.0,3603.0,5522.0,3300.0,0,0,1,0
2011-08-06,Saturday,12000,537,1785.0,1509.0,1034.0,4865.0,7135,203282,163781,92655,59,No,2011,8,5,218,31,3,1,5,0,0.5946,3859.0,4165.0,1192.0,4330.0,1,0,1,0
2011-08-07,Sunday,7135,512,1743.0,1289.0,1093.0,4637.0,2498,204088,156591,83213,20,No,2011,8,6,219,31,3,1,6,0,0.2082,3920.0,4611.0,7135.0,4865.0,2,0,1,0
2011-08-08,Monday,2498,393,1312.76,1031.0,738.0,3480.52,0,153777,116054,76292,1,Yes,2011,8,0,220,32,3,0,0,1,0.0,3919.0,4255.0,2498.0,4637.0,0,0,1,0
2011-08-09,Tuesday,12000,408,1312.76,1031.0,667.0,3480.52,8645,158843,93196,81582,72,No,2011,8,1,221,32,3,0,1,0,0.7204,3847.0,3751.0,0.0,3262.0,1,0,1,0
2011-08-10,Wednesday,8645,509,1424.0,1112.0,731.0,3776.0,4869,152117,110274,80938,40,No,2011,8,2,222,32,3,0,2,0,0.4058,3932.0,3464.0,8645.0,3355.0,2,0,1,0
2011-08-11,Thursday,4869,519,1605.0,1330.0,600.64,4047.0,822,171763,114042,88978,6,Yes,2011,8,3,223,32,3,0,3,1,0.0685,4039.0,3726.0,4869.0,3776.0,0,0,1,0
2011-08-12,Friday,12000,393,1312.76,1031.0,929.0,3496.0,8504,144770,121769,88952,70,No,2011,8,4,224,32,3,0,4,0,0.7087,3920.0,3773.0,822.0,4047.0,1,0,1,0
2011-08-13,Saturday,8504,540,1714.0,1398.0,980.0,4632.0,3872,197255,144414,103079,32,No,2011,8,5,225,32,3,1,5,0,0.3227,3886.0,4058.0,8504.0,3496.0,2,0,1,0
2011-08-14,Sunday,3872,488,1787.0,1246.0,941.0,4462.0,0,215241,130856,88521,1,Yes,2011,8,6,226,32,3,1,6,1,0.0,3861.0,4197.0,3872.0,4632.0,0,0,1,0
2011-08-15,Monday,12000,474,1472.0,1257.0,817.0,4020.0,7980,167888,131287,94247,66,No,2011,8,0,227,33,3,0,0,0,0.665,3970.0,4371.0,0.0,4462.0,1,0,1,0
2011-08-16,Tuesday,7980,482,1481.0,1232.0,828.0,4023.0,3957,169555,119936,75589,32,No,2011,8,1,228,33,3,0,1,0,0.3298,4065.0,4168.0,7980.0,4020.0,2,0,1,0
2011-08-17,Wednesday,3957,450,1312.76,1114.0,600.64,3480.52,568,133120,110003,68273,4,Yes,2011,8,2,229,33,3,0,2,1,0.0473,4010.0,3811.0,3957.0,4023.0,0,0,1,0
2011-08-18,Thursday,12000,573,1464.0,1251.0,859.0,4147.0,7853,172691,141509,74744,65,No,2011,8,3,230,33,3,0,3,0,0.6544,4024.0,3853.0,568.0,3389.0,1,0,1,0
2011-08-19,Friday,7853,402,1370.0,1053.0,1003.0,3828.0,4025,176741,112810,87339,33,No,2011,8,4,231,33,3,0,4,0,0.3354,4072.0,3788.0,7853.0,4147.0,2,0,1,0
2011-08-20,Saturday,4025,449,1662.0,1279.0,1067.0,4457.0,0,185181,153768,97541,1,Yes,2011,8,5,232,33,3,1,5,1,0.0,4047.0,4144.0,4025.0,3828.0,0,0,1,0
2011-08-21,Sunday,12000,520,1976.0,1463.0,921.0,4880.0,7120,211566,161371,93461,59,No,2011,8,6,233,33,3,1,6,0,0.5933,4106.0,4388.0,0.0,4457.0,1,0,1,0
2011-08-22,Monday,7120,445,1313.0,1150.0,782.0,3690.0,3430,159295,113917,86262,28,No,2011,8,0,234,34,3,0,0,0,0.2858,4059.0,4342.0,7120.0,4880.0,2,0,1,0
2011-08-23,Tuesday,3430,465,1641.0,1155.0,953.0,4214.0,0,188857,120169,85585,1,Yes,2011,8,1,235,34,3,0,1,1,0.0,4086.0,4261.0,3430.0,3690.0,0,0,1,0
2011-08-24,Wednesday,12000,449,1445.0,1031.0,785.0,3686.0,8314,146210,116483,93605,69,No,2011,8,2,236,34,3,0,2,0,0.6928,4129.0,3863.0,0.0,4214.0,1,0,1,0
2011-08-25,Thursday,8314,397,1312.76,1031.0,600.64,3480.52,5131,131633,105290,62614,42,No,2011,8,3,237,34,3,0,3,0,0.4276,3991.0,3694.0,8314.0,3686.0,2,0,1,0
2011-08-26,Friday,5131,454,1352.0,1031.0,861.0,3682.0,1449,162041,104248,68575,12,Yes,2011,8,4,238,34,3,0,4,1,0.1208,3970.0,3517.0,5131.0,3183.0,0,0,1,0
2011-08-27,Saturday,12000,481,1630.0,1412.0,1130.0,4653.0,7347,180156,146394,91046,61,No,2011,8,5,239,34,3,1,5,0,0.6122,3998.0,3839.0,1449.0,3682.0,1,0,1,0
2011-08-28,Sunday,7347,566,1820.0,1595.0,855.0,4836.0,2511,210246,146909,118511,20,No,2011,8,6,240,34,3,1,6,0,0.2092,3992.0,4390.0,7347.0,4653.0,2,0,1,0
2011-08-29,Monday,2511,393,1312.76,1031.0,600.64,3480.52,0,137216,94336,63484,1,Yes,2011,8,0,241,35,3,0,0,1,0.0,3909.0,4200.0,2511.0,4836.0,0,0,1,0
2011-08-30,Tuesday,12000,526,1447.0,1214.0,711.0,3898.0,8102,155869,114540,85120,67,No,2011,8,1,242,35,3,0,1,0,0.6752,3864.0,3948.0,0.0,3110.0,1,0,1,0
2011-08-31,Wednesday,8102,420,1512.0,1235.0,647.0,3814.0,4288,177143,129060,81096,35,No,2011,8,2,243,35,3,0,2,0,0.3573,3882.0,3607.0,8102.0,3898.0,2,0,1,0
2011-09-01,Thursday,4288,567,1575.0,1277.0,638.0,4057.0,231,183208,130399,95026,1,Yes,2011,9,3,244,35,3,0,3,1,0.0192,4007.0,3923.0,4288.0,3814.0,0,0,0,0
2011-09-02,Friday,12000,556,1849.0,1596.0,1236.0,5237.0,6763,217719,184766,106803,56,No,2011,9,4,245,35,3,0,4,0,0.5636,4229.0,4369.0,231.0,4057.0,1,0,0,0
2011-09-03,Saturday,6763,723,1987.0,1599.0,923.0,5232.0,1531,226793,151820,125720,12,Yes,2011,9,5,246,35,3,1,5,1,0.1276,4312.0,4842.0,6763.0,5237.0,0,0,0,0
2011-09-04,Sunday,12000,590,2160.0,1603.0,971.0,5324.0,6676,210366,162576,106734,55,No,2011,9,6,247,35,3,1,6,0,0.5563,4382.0,5264.0,1531.0,5232.0,1,0,0,0
2011-09-05,Monday,6676,532,1646.0,1226.0,634.0,4038.0,2638,177049,126461,87765,21,No,2011,9,0,248,36,3,0,0,0,0.2198,4514.0,4865.0,6676.0,5324.0,2,0,0,0
2011-09-06,Tuesday,2638,587,1695.0,1248.0,728.0,4258.0,0,186708,125233,103369,1,Yes,2011,9,1,249,36,3,0,1,1,0.0,4566.0,4540.0,2638.0,4038.0,0,0,0,0
2011-09-07,Wednesday,12000,502,1378.0,1232.0,668.0,3780.0,8220,159986,111751,86044,68,No,2011,9,2,250,36,3,0,2,0,0.685,4561.0,4025.0,0.0,4258.0,1,0,0,0
2011-09-08,Thursday,8220,411,1581.0,1244.0,753.0,3989.0,4231,185465,124314,81359,35,No,2011,9,3,251,36,3,0,3,0,0.3526,4551.0,4009.0,8220.0,3780.0,2,0,0,0
2011-09-09,Friday,4231,479,1659.0,1353.0,885.0,4376.0,0,178023,149986,88916,1,Yes,2011,9,4,252,36,3,0,4,1,0.0,4428.0,4048.0,4231.0,3989.0,0,0,0,0
2011-09-10,Saturday,12000,774,1981.0,1712.0,1105.0,5572.0,6428,225261,175371,128784,53,No,2011,9,5,253,36,3,1,5,0,0.5357,4477.0,4646.0,0.0,4376.0,1,0,0,0
2011-09-11,Sunday,6428,622,2432.0,1717.0,1209.0,5980.0,448,233385,178491,142853,3,Yes,2011,9,6,254,36,3,1,6,1,0.0373,4570.0,5309.0,6428.0,5572.0,0,0,0,0
2011-09-12,Monday,12000,431,1540.0,1361.0,897.0,4229.0,7771,171394,141158,80509,64,No,2011,9,0,255,37,3,0,0,0,0.6476,4598.0,5260.0,448.0,5980.0,1,0,0,0
2011-09-13,Tuesday,7771,543,1545.0,1383.0,747.0,4218.0,3553,181920,130981,86904,29,No,2011,9,1,256,37,3,0,1,0,0.2961,4592.0,4809.0,7771.0,4229.0,2,0,0,0
2011-09-14,Wednesday,3553,539,1671.0,1303.0,613.0,4126.0,0,184835,123207,93196,1,Yes,2011,9,2,257,37,3,0,2,1,0.0,4641.0,4191.0,3553.0,4218.0,0,0,0,0
2011-09-15,Thursday,12000,533,1689.0,1125.0,800.0,4147.0,7853,184068,133657,88181,65,No,2011,9,3,258,37,3,0,3,0,0.6544,4664.0,4164.0,0.0,4126.0,1,0,0,0
2011-09-16,Friday,7853,578,2000.0,1580.0,769.0,4927.0,2926,207021,143944,122219,24,No,2011,9,4,259,37,3,0,4,0,0.2438,4743.0,4400.0,7853.0,4147.0,2,0,0,0
2011-09-17,Saturday,2926,675,2123.0,1619.0,959.0,5376.0,0,227994,153042,121020,1,Yes,2011,9,5,260,37,3,1,5,1,0.0,4715.0,4817.0,2926.0,4927.0,0,0,0,0
2011-09-18,Sunday,12000,520,1837.0,1310.0,1100.0,4767.0,7233,200170,148814,108669,60,No,2011,9,6,261,37,3,1,6,0,0.6028,4541.0,5023.0,0.0,5376.0,1,0,0,0
2011-09-19,Monday,7233,539,1673.0,1318.0,600.64,4119.0,3114,177139,144829,106880,25,No,2011,9,0,262,38,3,0,0,0,0.2595,4526.0,4754.0,7233.0,4767.0,2,0,0,0
2011-09-20,Tuesday,3114,485,1749.0,1328.0,1039.0,4601.0,0,215788,126328,91677,1,Yes,2011,9,1,263,38,3,0,1,1,0.0,4580.0,4496.0,3114.0,4119.0,0,0,0,0
2011-09-21,Wednesday,12000,572,1650.0,1342.0,779.0,4343.0,7657,171327,140932,82282,63,No,2011,9,2,264,38,3,0,2,0,0.6381,4611.0,4354.0,0.0,4601.0,1,0,0,0
2011-09-22,Thursday,7657,445,1569.0,1255.0,730.0,3999.0,3658,169303,140052,88038,30,No,2011,9,3,265,38,3,0,3,0,0.3048,4590.0,4314.0,7657.0,4343.0,2,0,0,0
2011-09-23,Friday,3658,622,2032.0,1509.0,1230.0,5393.0,0,231734,188802,125866,1,Yes,2011,9,4,266,38,3,0,4,1,0.0,4657.0,4578.0,3658.0,3999.0,0,0,0,0
2011-09-24,Saturday,12000,564,1959.0,1456.0,1316.0,5295.0,6705,215941,143145,122622,55,No,2011,9,5,267,38,3,1,5,0,0.5588,4645.0,4896.0,0.0,5393.0,1,0,0,0
2011-09-25,Sunday,6705,617,1852.0,1522.0,1099.0,5090.0,1615,220239,168898,101414,13,Yes,2011,9,6,268,38,3,1,6,1,0.1346,4691.0,5259.0,6705.0,5295.0,0,0,0,0
2011-09-26,Monday,12000,442,1430.0,1254.0,840.0,3966.0,8034,166454,117651,72483,66,No,2011,9,0,269,39,3,0,0,0,0.6695,4670.0,4784.0,1615.0,5090.0,1,0,0,0
2011-09-27,Tuesday,8034,590,1809.0,1628.0,945.0,4972.0,3062,219739,150309,118111,25,No,2011,9,1,270,39,3,0,1,0,0.2552,4723.0,4676.0,8034.0,3966.0,2,0,0,0
2011-09-28,Wednesday,3062,453,1672.0,1151.0,906.0,4182.0,0,181612,134743,101473,1,Yes,2011,9,2,271,39,3,0,2,1,0.0,4700.0,4373.0,3062.0,4972.0,0,0,0,0
2011-09-29,Thursday,12000,482,1587.0,1195.0,930.0,4194.0,7806,171637,121245,96565,65,No,2011,9,3,272,39,3,0,3,0,0.6505,4727.0,4449.0,0.0,4182.0,1,0,0,0
2011-09-30,Friday,7806,668,1697.0,1331.0,1113.0,4809.0,2997,192679,147584,95771,24,No,2011,9,4,273,39,3,0,4,0,0.2498,4644.0,4395.0,7806.0,4194.0,2,0,0,0
2011-10-01,Saturday,2997,681,2101.0,1782.0,1158.0,5722.0,0,246732,199302,124935,1,Yes,2011,10,5,274,39,4,1,5,1,0.0,4705.0,4908.0,2997.0,4809.0,0,1,0,0
2011-10-02,Sunday,12000,591,2068.0,1727.0,947.0,5333.0,6667,235623,156665,118632,55,No,2011,10,6,275,39,4,1,6,0,0.5556,4740.0,5288.0,0.0,5722.0,1,1,0,0
2011-10-03,Monday,6667,553,1825.0,1363.0,1011.0,4752.0,1915,208753,163194,99702,15,Yes,2011,10,0,276,40,4,0,0,1,0.1596,4852.0,5269.0,6667.0,5333.0,0,1,0,0
2011-10-04,Tuesday,12000,521,1938.0,1501.0,1049.0,5009.0,6991,217479,169945,122996,58,No,2011,10,1,277,40,4,0,1,0,0.5826,4857.0,5031.0,1915.0,4752.0,1,1,0,0
2011-10-05,Wednesday,6991,560,1806.0,1655.0,1025.0,5046.0,1945,198069,150073,104637,16,Yes,2011,10,2,278,40,4,0,2,1,0.1621,4981.0,4936.0,6991.0,5009.0,0,1,0,0
2011-10-06,Thursday,12000,564,1738.0,1419.0,1006.0,4727.0,7273,218529,129836,89829,60,No,2011,10,3,279,40,4,0,3,0,0.6061,5057.0,4927.0,1945.0,5046.0,1,1,0,0
2011-10-07,Friday,7273,564,2085.0,1687.0,896.0,5232.0,2041,210866,169811,104632,17,No,2011,10,4,280,40,4,0,4,0,0.1701,5117.0,5002.0,7273.0,4727.0,2,1,0,0
2011-10-08,Saturday,2041,842,2293.0,1933.0,1027.0,6095.0,0,260055,188403,151847,1,Yes,2011,10,5,281,40,4,1,5,1,0.0,5171.0,5351.0,2041.0,5232.0,0,1,0,0
2011-10-09,Sunday,12000,547,1891.0,1365.0,1063.0,4866.0,7134,201808,155553,115736,59,No,2011,10,6,282,40,4,1,6,0,0.5945,5104.0,5398.0,0.0,6095.0,1,1,0,0
2011-10-10,Monday,7134,552,1706.0,1490.0,824.0,4572.0,2562,196615,147867,108962,21,No,2011,10,0,283,41,4,0,0,0,0.2135,5078.0,5178.0,7134.0,4866.0,2,1,0,0
2011-10-11,Tuesday,2562,583,1924.0,1572.0,927.0,5006.0,0,220886,158080,105851,1,Yes,2011,10,1,284,41,4,0,1,1,0.0,5078.0,4815.0,2562.0,4572.0,0,1,0,0
2011-10-12,Wednesday,12000,503,1772.0,1393.0,1177.0,4845.0,7155,224343,138264,122674,59,No,2011,10,2,285,41,4,0,2,0,0.5962,5049.0,4808.0,0.0,5006.0,1,1,0,0
2011-10-13,Thursday,7155,663,1958.0,1605.0,660.0,4886.0,2269,210678,169231,91794,18,No,2011,10,3,286,41,4,0,3,0,0.1891,5072.0,4912.0,7155.0,4845.0,2,1,0,0
2011-10-14,Friday,2269,603,1996.0,1769.0,1311.0,5679.0,0,244185,179000,107113,1,Yes,2011,10,4,287,41,4,0,4,1,0.0,5136.0,5137.0,2269.0,4886.0,0,1,0,0
2011-10-15,Saturday,12000,797,2336.0,1638.0,1052.0,5823.0,6177,265223,170916,117200,51,No,2011,10,5,288,41,4,1,5,0,0.5148,5097.0,5463.0,0.0,5679.0,1,1,0,0
2011-10-16,Sunday,6177,808,2148.0,1721.0,1348.0,6025.0,152,277919,190753,124990,1,Yes,2011,10,6,289,41,4,1,6,1,0.0127,5262.0,5842.0,6177.0,5823.0,0,1,0,0
2011-10-17,Monday,12000,599,1896.0,1596.0,920.0,5011.0,6989,198971,170029,104514,58,No,2011,10,0,290,42,4,0,0,0,0.5824,5325.0,5620.0,152.0,6025.0,1,1,0,0
2011-10-18,Tuesday,6989,623,1784.0,1401.0,778.0,4586.0,2403,207896,151256,88209,20,No,2011,10,1,291,42,4,0,1,0,0.2002,5265.0,5207.0,6989.0,5011.0,2,1,0,0
2011-10-19,Wednesday,2403,499,1728.0,1265.0,905.0,4397.0,0,181637,127548,89554,1,Yes,2011,10,2,292,42,4,0,2,1,0.0,5201.0,4665.0,2403.0,4586.0,0,1,0,0
2011-10-20,Thursday,12000,668,1791.0,1576.0,798.0,4833.0,7167,203922,150098,97309,59,No,2011,10,3,293,42,4,0,3,0,0.5972,5193.0,4605.0,0.0,4397.0,1,1,0,0
2011-10-21,Friday,7167,593,1944.0,1591.0,1369.0,5497.0,1670,231813,180541,101401,13,Yes,2011,10,4,294,42,4,0,4,1,0.1392,5167.0,4909.0,7167.0,4833.0,0,1,0,0
2011-10-22,Saturday,12000,705,2119.0,1864.0,1011.0,5699.0,6301,221034,181633,124953,52,No,2011,10,5,295,42,4,1,5,0,0.5251,5150.0,5343.0,1670.0,5497.0,1,1,0,0
2011-10-23,Sunday,6301,775,2567.0,2027.0,951.0,6320.0,0,247439,187867,119742,1,Yes,2011,10,6,296,42,4,1,6,1,0.0,5192.0,5839.0,6301.0,5699.0,0,1,0,0
2011-10-24,Monday,12000,510,1643.0,1304.0,701.0,4158.0,7842,180634,141037,83822,65,No,2011,10,0,297,43,4,0,0,0,0.6535,5070.0,5392.0,0.0,6320.0,1,1,0,0
2011-10-25,Tuesday,7842,557,1894.0,1693.0,1042.0,5186.0,2656,222817,142455,111003,22,No,2011,10,1,298,43,4,0,1,0,0.2213,5156.0,5221.0,7842.0,4158.0,2,1,0,0
2011-10-26,Wednesday,2656,490,1839.0,1419.0,1052.0,4800.0,0,199604,147483,117780,1,Yes,2011,10,2,299,43,4,0,2,1,0.0,5213.0,4715.0,2656.0,5186.0,0,1,0,0
2011-10-27,Thursday,12000,637,2061.0,1593.0,1094.0,5385.0,6615,236839,192220,120977,55,No,2011,10,3,300,43,4,0,3,0,0.5512,5292.0,5124.0,0.0,4800.0,1,1,0,0
2011-10-28,Friday,6615,580,1979.0,1696.0,1401.0,5656.0,959,234684,187733,140847,7,Yes,2011,10,4,301,43,4,0,4,1,0.0799,5315.0,5280.0,6615.0,5385.0,0,1,0,0
2011-10-29,Saturday,12000,653,2620.0,1881.0,1277.0,6431.0,5569,281520,184638,117997,46,No,2011,10,5,302,43,4,1,5,0,0.4641,5419.0,5824.0,959.0,5656.0,1,1,0,0
2011-10-30,Sunday,5569,859,2476.0,1747.0,1110.0,6192.0,0,268237,207165,131456,1,Yes,2011,10,6,303,43,4,1,6,1,0.0,5401.0,6093.0,5569.0,6431.0,0,1,0,0
2011-10-31,Monday,12000,531,1784.0,1379.0,1211.0,4905.0,7095,188561,155036,105943,59,No,2011,10,0,304,44,4,0,0,0,0.5913,5508.0,5843.0,0.0,6192.0,1,1,0,0
2011-11-01,Tuesday,7095,599,1880.0,1551.0,922.0,4952.0,2143,203502,156366,98491,17,No,2011,11,1,305,44,4,0,1,0,0.1786,5474.0,5350.0,7095.0,4905.0,2,1,0,0
2011-11-02,Wednesday,2143,466,1711.0,1405.0,1070.0,4652.0,0,196722,133868,110118,1,Yes,2011,11,2,306,44,4,0,2,1,0.0,5453.0,4836.0,2143.0,4952.0,0,1,0,0
2011-11-03,Thursday,12000,583,1683.0,1332.0,1143.0,4741.0,7259,198522,144420,93734,60,No,2011,11,3,307,44,4,0,3,0,0.6049,5361.0,4782.0,0.0,4652.0,1,1,0,0
2011-11-04,Friday,7259,722,2014.0,1744.0,972.0,5452.0,1807,246835,186308,118914,15,Yes,2011,11,4,308,44,4,0,4,1,0.1506,5332.0,4948.0,7259.0,4741.0,0,1,0,0
2011-11-05,Saturday,12000,708,2452.0,2164.0,1399.0,6723.0,5277,298983,221797,132149,43,No,2011,11,5,309,44,4,1,5,0,0.4398,5374.0,5639.0,1807.0,5452.0,1,1,0,0
2011-11-06,Sunday,5277,729,2061.0,1661.0,1261.0,5712.0,0,251589,196051,108380,1,Yes,2011,11,6,310,44,4,1,6,1,0.0,5305.0,5962.0,5277.0,6723.0,0,1,0,0
2011-11-07,Monday,12000,536,1844.0,1383.0,798.0,4561.0,7439,216112,152329,111659,61,No,2011,11,0,311,45,4,0,0,0,0.6199,5256.0,5665.0,0.0,5712.0,1,1,0,0
2011-11-08,Tuesday,7439,713,2075.0,1495.0,949.0,5232.0,2207,209459,170286,102474,18,No,2011,11,1,312,45,4,0,1,0,0.1839,5296.0,5168.0,7439.0,4561.0,2,1,0,0
2011-11-09,Wednesday,2207,532,1737.0,1415.0,1197.0,4881.0,0,225624,162236,90868,1,Yes,2011,11,2,313,45,4,0,2,1,0.0,5329.0,4891.0,2207.0,5232.0,0,1,0,0
2011-11-10,Thursday,12000,542,1859.0,1394.0,870.0,4665.0,7335,194379,157771,91731,61,No,2011,11,3,314,45,4,0,3,0,0.6112,5318.0,4926.0,0.0,4881.0,1,1,0,0
2011-11-11,Friday,7335,534,1920.0,1532.0,1104.0,5090.0,2245,220227,166161,91125,18,No,2011,11,4,315,45,4,0,4,0,0.1871,5266.0,4879.0,7335.0,4665.0,2,1,0,0
2011-11-12,Saturday,2245,732,2108.0,1901.0,1276.0,6017.0,0,264300,188190,117999,1,Yes,2011,11,5,316,45,4,1,5,1,0.0,5165.0,5257.0,2245.0,5090.0,0,1,0,0
2011-11-13,Sunday,12000,651,2276.0,1636.0,1040.0,5603.0,6397,246755,169395,135930,53,No,2011,11,6,317,45,4,1,6,0,0.5331,5150.0,5570.0,0.0,6017.0,1,1,0,0
2011-11-14,Monday,6397,446,1706.0,1198.0,929.0,4279.0,2118,170295,128432,99426,17,No,2011,11,0,318,46,4,0,0,0,0.1765,5110.0,5300.0,6397.0,5603.0,2,1,0,0
2011-11-15,Tuesday,2118,681,2073.0,1564.0,976.0,5294.0,0,238315,159433,97870,1,Yes,2011,11,1,319,46,4,0,1,1,0.0,5118.0,5059.0,2118.0,4279.0,0,1,0,0
2011-11-16,Wednesday,12000,565,1784.0,1412.0,968.0,4729.0,7271,207562,155590,116867,60,No,2011,11,2,320,46,4,0,2,0,0.6059,5097.0,4767.0,0.0,5294.0,1,1,0,0
2011-11-17,Thursday,7271,582,2083.0,1720.0,1046.0,5431.0,1840,220870,176603,113998,15,Yes,2011,11,3,321,46,4,0,3,1,0.1533,5206.0,5151.0,7271.0,4729.0,0,1,0,0
2011-11-18,Friday,12000,670,2160.0,1708.0,981.0,5519.0,6481,244382,172738,119496,54,No,2011,11,4,322,46,4,0,4,0,0.5401,5267.0,5226.0,1840.0,5431.0,1,1,0,0
2011-11-19,Saturday,6481,701,2363.0,1744.0,1261.0,6069.0,412,248938,204316,109624,3,Yes,2011,11,5,323,46,4,1,5,1,0.0343,5275.0,5673.0,6481.0,5519.0,0,1,0,0
2011-11-20,Sunday,12000,717,2247.0,1755.0,1155.0,5874.0,6126,259511,204006,128611,51,No,2011,11,6,324,46,4,1,6,0,0.5105,5314.0,5821.0,412.0,6069.0,1,1,0,0
2011-11-21,Monday,6126,533,1897.0,1424.0,923.0,4777.0,1349,210309,148943,91748,11,Yes,2011,11,0,325,47,4,0,0,1,0.1124,5385.0,5573.0,6126.0,5874.0,0,1,0,0
2011-11-22,Tuesday,12000,501,1882.0,1436.0,775.0,4594.0,7406,201280,152209,106894,61,No,2011,11,1,326,47,4,0,1,0,0.6172,5285.0,5082.0,1349.0,4777.0,1,1,0,0
2011-11-23,Wednesday,7406,617,2037.0,1441.0,1159.0,5254.0,2152,224162,172232,119212,17,No,2011,11,2,327,47,4,0,2,0,0.1793,5360.0,4875.0,7406.0,4594.0,2,1,0,0
2011-11-24,Thursday,2152,640,2136.0,1547.0,1059.0,5382.0,0,258188,165508,109592,1,Yes,2011,11,3,328,47,4,0,3,1,0.0,5353.0,5077.0,2152.0,5254.0,0,1,0,0
2011-11-25,Friday,12000,691,1909.0,1628.0,970.0,5198.0,6802,225199,148070,98294,56,No,2011,11,4,329,47,4,0,4,0,0.5668,5307.0,5278.0,0.0,5382.0,1,1,0,0
2011-11-26,Saturday,6802,944,2653.0,1869.0,1403.0,6878.0,0,298864,234418,162316,1,Yes,2011,11,5,330,47,4,1,5,1,0.0,5422.0,5819.0,6802.0,5198.0,0,1,0,0
2011-11-27,Sunday,12000,713,2367.0,1874.0,1031.0,5985.0,6015,265991,181493,115795,50,No,2011,11,6,331,47,4,1,6,0,0.5012,5438.0,6020.0,0.0,6878.0,1,1,0,0
2011-11-28,Monday,6015,505,1656.0,1220.0,996.0,4377.0,1638,196172,134588,97009,13,Yes,2011,11,0,332,48,4,0,0,1,0.1365,5381.0,5747.0,6015.0,5985.0,0,1,0,0
2011-11-29,Tuesday,12000,521,1871.0,1347.0,1031.0,4770.0,7230,215836,156632,100094,60,No,2011,11,1,333,48,4,0,1,0,0.6025,5406.0,5044.0,1638.0,4377.0,1,1,0,0
2011-11-30,Wednesday,7230,577,1903.0,1516.0,806.0,4802.0,2428,187740,163820,105621,20,No,2011,11,2,334,48,4,0,2,0,0.2023,5342.0,4650.0,7230.0,4770.0,2,1,0,0
2011-12-01,Thursday,2428,461,1530.0,1318.0,981.0,4290.0,0,184832,146858,98397,1,Yes,2011,12,3,335,48,4,0,3,1,0.0,5186.0,4621.0,2428.0,4802.0,0,0,0,0
2011-12-02,Friday,12000,555,1748.0,1327.0,1078.0,4708.0,7292,185776,146271,99175,60,No,2011,12,4,336,48,4,0,4,0,0.6077,5116.0,4600.0,0.0,4290.0,1,0,0,0
2011-12-03,Saturday,7292,594,1949.0,1647.0,1022.0,5212.0,2080,226641,158810,119250,17,No,2011,12,5,337,48,4,1,5,0,0.1733,4878.0,4737.0,7292.0,4708.0,2,0,0,0
2011-12-04,Sunday,2080,750,2302.0,1612.0,957.0,5621.0,0,243676,164570,138229,1,Yes,2011,12,6,338,48,4,1,6,1,0.0,4826.0,5180.0,2080.0,5212.0,0,0,0,0
2011-12-05,Monday,12000,468,1492.0,1229.0,730.0,3919.0,8081,155698,133400,75121,67,No,2011,12,0,339,49,4,0,0,0,0.6734,4760.0,4917.0,0.0,5621.0,1,0,0,0
2011-12-06,Tuesday,8081,537,1652.0,1392.0,956.0,4537.0,3544,180821,156577,80262,29,No,2011,12,1,340,49,4,0,1,0,0.2953,4727.0,4692.0,8081.0,3919.0,2,0,0,0
2011-12-07,Wednesday,3544,455,1638.0,1137.0,883.0,4113.0,0,189898,122037,86084,1,Yes,2011,12,2,341,49,4,0,2,1,0.0,4629.0,4190.0,3544.0,4537.0,0,0,0,0
2011-12-08,Thursday,12000,592,1776.0,1352.0,735.0,4455.0,7545,201422,136632,97303,62,No,2011,12,3,342,49,4,0,3,0,0.6288,4652.0,4368.0,0.0,4113.0,1,0,0,0
2011-12-09,Friday,7545,560,1687.0,1371.0,631.0,4249.0,3296,191973,139870,91770,27,No,2011,12,4,343,49,4,0,4,0,0.2747,4587.0,4272.0,7545.0,4455.0,2,0,0,0
2011-12-10,Saturday,3296,693,2127.0,1655.0,1369.0,5844.0,0,254685,201714,105608,1,Yes,2011,12,5,344,49,4,1,5,1,0.0,4677.0,4849.0,3296.0,4249.0,0,0,0,0
2011-12-11,Sunday,12000,649,1769.0,1536.0,886.0,4840.0,7160,201278,164930,111494,59,No,2011,12,6,345,49,4,1,6,0,0.5967,4565.0,4978.0,0.0,5844.0,1,0,0,0
2011-12-12,Monday,7160,525,1522.0,1276.0,600.64,3895.0,3265,170517,120796,99119,27,No,2011,12,0,346,50,4,0,0,0,0.2721,4562.0,4860.0,7160.0,4840.0,2,0,0,0
2011-12-13,Tuesday,3265,439,1429.0,1111.0,1099.0,4078.0,0,173571,127196,103303,1,Yes,2011,12,1,347,50,4,0,1,1,0.0,4496.0,4271.0,3265.0,3895.0,0,0,0,0
2011-12-14,Wednesday,12000,607,1989.0,1502.0,800.0,4898.0,7102,212660,175181,94138,59,No,2011,12,2,348,50,4,0,2,0,0.5918,4608.0,4290.0,0.0,4078.0,1,0,0,0
2011-12-15,Thursday,7102,408,1520.0,1210.0,712.0,3850.0,3252,161555,108724,73645,27,No,2011,12,3,349,50,4,0,3,0,0.271,4522.0,4275.0,7102.0,4898.0,2,0,0,0
2011-12-16,Friday,3252,629,1712.0,1351.0,1174.0,4866.0,0,223305,166545,115145,1,Yes,2011,12,4,350,50,4,0,4,1,0.0,4610.0,4538.0,3252.0,3850.0,0,0,0,0
2011-12-17,Saturday,12000,656,2002.0,1459.0,1029.0,5146.0,6854,197694,165800,115201,57,No,2011,12,5,351,50,4,1,5,0,0.5712,4510.0,4621.0,0.0,4866.0,1,0,0,0
2011-12-18,Sunday,6854,630,1940.0,1486.0,805.0,4861.0,1993,210262,141728,113522,16,Yes,2011,12,6,352,50,4,1,6,1,0.1661,4513.0,4958.0,6854.0,5146.0,0,0,0,0
2011-12-19,Monday,12000,445,1368.0,1153.0,912.0,3878.0,8122,185314,132892,82235,67,No,2011,12,0,353,51,4,0,0,0,0.6768,4511.0,4628.0,1993.0,4861.0,1,0,0,0
2011-12-20,Tuesday,8122,414,1580.0,1121.0,866.0,3981.0,4141,174960,122987,74208,34,No,2011,12,1,354,51,4,0,1,0,0.3451,4497.0,4240.0,8122.0,3878.0,2,0,0,0
2011-12-21,Wednesday,4141,402,1439.0,1105.0,991.0,3937.0,204,181655,130039,75909,1,Yes,2011,12,2,355,51,4,0,2,1,0.017,4360.0,3932.0,4141.0,3981.0,0,0,0,0
2011-12-22,Thursday,12000,410,1409.0,1031.0,641.0,3480.52,8559,136398,107186,82358,71,No,2011,12,3,356,51,4,0,3,0,0.7133,4301.0,3786.0,204.0,3937.0,1,0,0,0
2011-12-23,Friday,8559,618,1975.0,1405.0,1031.0,5029.0,3530,216835,139176,123191,29,No,2011,12,4,357,51,4,0,4,0,0.2942,4325.0,4136.0,8559.0,3441.0,2,0,0,0
2011-12-24,Saturday,3530,734,1929.0,1506.0,1286.0,5455.0,0,214177,184927,114624,1,Yes,2011,12,5,358,51,4,1,5,1,0.0,4369.0,4642.0,3530.0,5029.0,0,0,0,0
2011-12-25,Sunday,12000,594,2013.0,1643.0,826.0,5076.0,6924,214562,165171,92041,57,No,2011,12,6,359,51,4,1,6,0,0.577,4400.0,5187.0,0.0,5455.0,1,0,0,0
2011-12-26,Monday,6924,488,1520.0,1179.0,690.0,3877.0,3047,176911,141429,92250,25,No,2011,12,0,360,52,4,0,0,0,0.2539,4399.0,4803.0,6924.0,5076.0,2,0,0,0
2011-12-27,Tuesday,3047,457,1574.0,1131.0,697.0,3859.0,0,171075,126621,75340,1,Yes,2011,12,1,361,52,4,0,1,1,0.0,4382.0,4271.0,3047.0,3877.0,0,0,0,0
2011-12-28,Wednesday,12000,414,1456.0,1221.0,940.0,4031.0,7969,166180,132967,92856,66,No,2011,12,2,362,52,4,0,2,0,0.6641,4395.0,3922.0,0.0,3859.0,1,0,0,0
2011-12-29,Thursday,7969,538,1562.0,1218.0,600.64,3896.0,4073,170071,112854,73551,33,No,2011,12,3,363,52,4,0,3,0,0.3394,4460.0,3929.0,7969.0,4031.0,2,0,0,0
2011-12-30,Friday,4073,588,1818.0,1481.0,1088.0,4975.0,0,198374,159362,93085,1,Yes,2011,12,4,364,52,4,0,4,1,0.0,4453.0,4301.0,4073.0,3896.0,0,0,0,0
2011-12-31,Saturday,12000,581,2254.0,1525.0,1182.0,5542.0,6458,251832,189781,114196,53,No,2011,12,5,365,52,4,1,5,0,0.5382,4465.0,4804.0,0.0,4975.0,1,0,0,0
2012-01-01,Sunday,6458,546,2017.0,1403.0,1189.0,5155.0,1303,227565,165786,128716,10,Yes,2012,1,6,1,52,1,1,6,1,0.1086,4476.0,5224.0,6458.0,5542.0,0,0,0,0
2012-01-02,Monday,12000,468,1357.0,1139.0,667.0,3631.0,8369,151421,104328,87482,69,No,2012,1,0,2,1,1,0,0,0,0.6974,4441.0,4776.0,1303.0,5155.0,1,0,0,0
2012-01-03,Tuesday,8369,542,1569.0,1402.0,744.0,4257.0,4112,191448,141859,98821,34,No,2012,1,1,3,1,1,0,1,0,0.3427,4498.0,4348.0,8369.0,3631.0,2,0,0,0
2012-01-04,Wednesday,4112,461,1422.0,1268.0,835.0,3986.0,126,170785,125624,82340,1,Yes,2012,1,2,4,1,1,0,2,1,0.0105,4492.0,3958.0,4112.0,4257.0,0,0,0,0
2012-01-05,Thursday,12000,563,1666.0,1510.0,871.0,4610.0,7390,202869,154480,113352,61,No,2012,1,3,5,1,1,0,3,0,0.6158,4594.0,4284.0,126.0,3986.0,1,0,0,0
2012-01-06,Friday,7390,643,2003.0,1723.0,940.0,5309.0,2081,213644,163623,112644,17,No,2012,1,4,6,1,1,0,4,0,0.1734,4641.0,4635.0,7390.0,4610.0,2,0,0,0
2012-01-07,Saturday,2081,687,1805.0,1433.0,1042.0,4967.0,0,224466,140139,113937,1,Yes,2012,1,5,7,1,1,1,5,1,0.0,4559.0,4962.0,2081.0,5309.0,0,0,0,0
2012-01-08,Sunday,12000,632,2041.0,1766.0,1048.0,5487.0,6513,250893,187760,107644,54,No,2012,1,6,8,1,1,1,6,0,0.5428,4607.0,5254.0,0.0,4967.0,1,0,0,0
2012-01-09,Monday,6513,489,1498.0,1287.0,849.0,4123.0,2390,187542,138834,90994,19,No,2012,1,0,9,2,1,0,0,0,0.1992,4677.0,4859.0,6513.0,5487.0,2,0,0,0
2012-01-10,Tuesday,2390,446,1608.0,1221.0,811.0,4086.0,0,182102,124092,90668,1,Yes,2012,1,1,10,2,1,0,1,1,0.0,4653.0,4565.0,2390.0,4123.0,0,0,0,0
2012-01-11,Wednesday,12000,623,1710.0,1275.0,996.0,4604.0,7396,195635,148598,107608,61,No,2012,1,2,11,2,1,0,2,0,0.6163,4741.0,4271.0,0.0,4086.0,1,0,0,0
2012-01-12,Thursday,7396,629,1849.0,1630.0,867.0,4975.0,2421,238851,154399,108728,20,No,2012,1,3,12,2,1,0,3,0,0.2018,4793.0,4555.0,7396.0,4604.0,2,0,0,0
2012-01-13,Friday,2421,628,1947.0,1349.0,1055.0,4979.0,0,226304,160643,103847,1,Yes,2012,1,4,13,2,1,0,4,1,0.0,4746.0,4853.0,2421.0,4975.0,0,0,0,0
2012-01-14,Saturday,12000,528,1739.0,1498.0,1096.0,4861.0,7139,206306,146337,118937,59,No,2012,1,5,14,2,1,1,5,0,0.5949,4731.0,4938.0,0.0,4979.0,1,0,0,0
2012-01-15,Sunday,7139,630,1977.0,1700.0,1208.0,5515.0,1624,224690,161991,115130,13,Yes,2012,1,6,15,2,1,1,6,1,0.1353,4735.0,5118.0,7139.0,4861.0,0,0,0,0
2012-01-16,Monday,12000,609,1752.0,1346.0,766.0,4473.0,7527,186091,130123,112134,62,No,2012,1,0,16,3,1,0,0,0,0.6272,4785.0,4950.0,1624.0,5515.0,1,0,0,0
2012-01-17,Tuesday,7527,585,1653.0,1408.0,728.0,4374.0,3153,193603,142139,100498,26,No,2012,1,1,17,3,1,0,1,0,0.2628,4826.0,4787.0,7527.0,4473.0,2,0,0,0
2012-01-18,Wednesday,3153,523,1481.0,1190.0,923.0,4117.0,0,180358,146587,89702,1,Yes,2012,1,2,18,3,1,0,2,1,0.0,4756.0,4321.0,3153.0,4374.0,0,0,0,0
2012-01-19,Thursday,12000,489,1549.0,1332.0,927.0,4297.0,7703,176790,135007,99685,64,No,2012,1,3,19,3,1,0,3,0,0.6419,4659.0,4263.0,0.0,4117.0,1,0,0,0
2012-01-20,Friday,7703,660,1806.0,1514.0,1172.0,5152.0,2551,243782,157057,114456,21,No,2012,1,4,20,3,1,0,4,0,0.2126,4684.0,4522.0,7703.0,4297.0,2,0,0,0
2012-01-21,Saturday,2551,640,2166.0,1631.0,1349.0,5786.0,0,245058,171751,132646,1,Yes,2012,1,5,21,3,1,1,5,1,0.0,4816.0,5078.0,2551.0,5152.0,0,0,0,0
2012-01-22,Sunday,12000,804,2194.0,1701.0,1106.0,5805.0,6195,229799,179550,104709,51,No,2012,1,6,22,3,1,1,6,0,0.5162,4858.0,5581.0,0.0,5786.0,1,0,0,0
2012-01-23,Monday,6195,533,1552.0,1320.0,812.0,4217.0,1978,193524,128162,79608,16,Yes,2012,1,0,23,4,1,0,0,1,0.1648,4821.0,5269.0,6195.0,5805.0,0,0,0,0
2012-01-24,Tuesday,12000,416,1459.0,1277.0,985.0,4137.0,7863,177776,132267,75679,65,No,2012,1,1,24,4,1,0,1,0,0.6552,4787.0,4720.0,1978.0,4217.0,1,0,0,0
2012-01-25,Wednesday,7863,429,1474.0,1219.0,751.0,3873.0,3990,169400,135991,75850,33,No,2012,1,2,25,4,1,0,2,0,0.3325,4752.0,4076.0,7863.0,4137.0,2,0,0,0
2012-01-26,Thursday,3990,543,1901.0,1311.0,971.0,4726.0,0,202148,140565,95331,1,Yes,2012,1,3,26,4,1,0,3,1,0.0,4814.0,4245.0,3990.0,3873.0,0,0,0,0
2012-01-27,Friday,12000,594,1895.0,1377.0,968.0,4834.0,7166,215150,150511,115995,59,No,2012,1,4,27,4,1,0,4,0,0.5972,4768.0,4478.0,0.0,4726.0,1,0,0,0
2012-01-28,Saturday,7166,496,1785.0,1477.0,1112.0,4870.0,2296,207170,167839,110976,19,No,2012,1,5,28,4,1,1,5,0,0.1913,4637.0,4810.0,7166.0,4834.0,2,0,0,0
2012-01-29,Sunday,2296,549,1831.0,1512.0,844.0,4736.0,0,205692,152976,89880,1,Yes,2012,1,6,29,4,1,1,6,1,0.0,4485.0,4813.0,2296.0,4870.0,0,0,0,0
2012-01-30,Monday,12000,539,1802.0,1271.0,788.0,4400.0,7600,192053,146510,108139,63,No,2012,1,0,30,5,1,0,0,0,0.6333,4511.0,4669.0,0.0,4736.0,1,0,0,0
2012-01-31,Tuesday,7600,517,1554.0,1288.0,743.0,4102.0,3498,187804,125811,94435,29,No,2012,1,1,31,5,1,0,1,0,0.2915,4506.0,4413.0,7600.0,4400.0,2,0,0,0
2012-02-01,Wednesday,3498,408,1354.0,1177.0,874.0,3813.0,0,149084,125147,79262,1,Yes,2012,2,2,32,5,1,0,2,1,0.0,4497.0,4105.0,3498.0,4102.0,0,0,0,0
2012-02-02,Thursday,12000,507,1820.0,1321.0,1233.0,4881.0,7119,212974,145386,109361,59,No,2012,2,3,33,5,1,0,3,0,0.5933,4519.0,4265.0,0.0,3813.0,1,0,0,0
2012-02-03,Friday,7119,572,1612.0,1126.0,819.0,4129.0,2990,184732,140753,84112,24,No,2012,2,4,34,5,1,0,4,0,0.2492,4419.0,4274.0,7119.0,4881.0,2,0,0,0
2012-02-04,Saturday,2990,545,1968.0,1515.0,914.0,4942.0,0,226215,164014,86964,1,Yes,2012,2,5,35,5,1,1,5,1,0.0,4429.0,4651.0,2990.0,4129.0,0,0,0,0
2012-02-05,Sunday,12000,611,2036.0,1855.0,1295.0,5797.0,6203,260610,187887,132913,51,No,2012,2,6,36,5,1,1,6,0,0.5169,4581.0,4956.0,0.0,4942.0,1,0,0,0
2012-02-06,Monday,6203,449,1578.0,1327.0,720.0,4074.0,2129,181935,118055,80931,17,No,2012,2,0,37,6,1,0,0,0,0.1774,4534.0,4938.0,6203.0,5797.0,2,0,0,0
2012-02-07,Tuesday,2129,439,1654.0,1191.0,984.0,4268.0,0,188603,120185,77576,1,Yes,2012,2,1,38,6,1,0,1,1,0.0,4558.0,4713.0,2129.0,4074.0,0,0,0,0
2012-02-08,Wednesday,12000,523,1456.0,1130.0,676.0,3785.0,8215,179106,126365,78322,68,No,2012,2,2,39,6,1,0,2,0,0.6846,4554.0,4042.0,0.0,4268.0,1,0,0,0
2012-02-09,Thursday,8215,516,1397.0,1240.0,835.0,3988.0,4227,159250,138630,102429,35,No,2012,2,3,40,6,1,0,3,0,0.3522,4426.0,4014.0,8215.0,3785.0,2,0,0,0
2012-02-10,Friday,4227,497,1624.0,1330.0,911.0,4362.0,0,181332,147303,93721,1,Yes,2012,2,4,41,6,1,0,4,1,0.0,4459.0,4045.0,4227.0,3988.0,0,0,0,0
2012-02-11,Saturday,12000,668,1892.0,1663.0,887.0,5110.0,6890,229313,168011,122679,57,No,2012,2,5,42,6,1,1,5,0,0.5742,4483.0,4487.0,0.0,4362.0,1,0,0,0
2012-02-12,Sunday,6890,577,2061.0,1450.0,1189.0,5277.0,1613,221251,174102,119545,13,Yes,2012,2,6,43,6,1,1,6,1,0.1344,4409.0,4916.0,6890.0,5110.0,0,0,0,0
2012-02-13,Monday,12000,520,1488.0,1193.0,600.64,3784.0,8216,163594,118685,68083,68,No,2012,2,0,44,7,1,0,0,0,0.6847,4368.0,4724.0,1613.0,5277.0,1,0,0,0
2012-02-14,Tuesday,8216,593,1780.0,1239.0,844.0,4456.0,3760,178804,127321,94542,31,No,2012,2,1,45,7,1,0,1,0,0.3133,4395.0,4506.0,8216.0,3784.0,2,0,0,0
2012-02-15,Wednesday,3760,552,1685.0,1243.0,818.0,4298.0,0,176829,140972,94179,1,Yes,2012,2,2,46,7,1,0,2,1,0.0,4468.0,4179.0,3760.0,4456.0,0,0,0,0
2012-02-16,Thursday,12000,550,1882.0,1294.0,926.0,4652.0,7348,208571,163764,103300,61,No,2012,2,3,47,7,1,0,3,0,0.6123,4563.0,4469.0,0.0,4298.0,1,0,0,0
2012-02-17,Friday,7348,611,1734.0,1357.0,786.0,4488.0,2860,196469,133389,99826,23,No,2012,2,4,48,7,1,0,4,0,0.2383,4581.0,4479.0,7348.0,4652.0,2,0,0,0
2012-02-18,Saturday,2860,641,2141.0,1610.0,1082.0,5474.0,0,223760,186501,132682,1,Yes,2012,2,5,49,7,1,1,5,1,0.0,4633.0,4871.0,2860.0,4488.0,0,0,0,0
2012-02-19,Sunday,12000,690,2007.0,1615.0,1116.0,5428.0,6572,241370,185102,126582,54,No,2012,2,6,50,7,1,1,6,0,0.5477,4654.0,5130.0,0.0,5474.0,1,0,0,0
2012-02-20,Monday,6572,440,1561.0,1110.0,817.0,3928.0,2644,153380,127219,83323,22,No,2012,2,0,51,8,1,0,0,0,0.2203,4675.0,4943.0,6572.0,5428.0,2,0,0,0
2012-02-21,Tuesday,2644,522,1637.0,1199.0,699.0,4057.0,0,157662,140378,97298,1,Yes,2012,2,1,52,8,1,0,1,1,0.0,4618.0,4471.0,2644.0,3928.0,0,0,0,0
2012-02-22,Wednesday,12000,510,1634.0,1357.0,813.0,4314.0,7686,201049,143680,85960,64,No,2012,2,2,53,8,1,0,2,0,0.6405,4620.0,4100.0,0.0,4057.0,1,0,0,0
2012-02-23,Thursday,7686,540,1694.0,1338.0,896.0,4468.0,3218,180309,121317,96613,26,No,2012,2,3,54,8,1,0,3,0,0.2682,4594.0,4280.0,7686.0,4314.0,2,0,0,0
2012-02-24,Friday,3218,590,1791.0,1279.0,812.0,4472.0,0,186919,127399,103720,1,Yes,2012,2,4,55,8,1,0,4,1,0.0,4592.0,4418.0,3218.0,4468.0,0,0,0,0
2012-02-25,Saturday,12000,634,2018.0,1614.0,1331.0,5597.0,6403,236960,183854,126435,53,No,2012,2,5,56,8,1,1,5,0,0.5336,4609.0,4846.0,0.0,4472.0,1,0,0,0
2012-02-26,Sunday,6403,614,2327.0,1950.0,1062.0,5953.0,450,258728,193997,117084,3,Yes,2012,2,6,57,8,1,1,6,1,0.0375,4684.0,5341.0,6403.0,5597.0,0,0,0,0
2012-02-27,Monday,12000,482,1402.0,1124.0,679.0,3687.0,8313,152852,127004,74665,69,No,2012,2,0,58,9,1,0,0,0,0.6928,4650.0,5079.0,450.0,5953.0,1,0,0,0
2012-02-28,Tuesday,8313,469,1516.0,1136.0,779.0,3900.0,4413,164622,123179,85854,36,No,2012,2,1,59,9,1,0,1,0,0.3678,4627.0,4513.0,8313.0,3687.0,2,0,0,0
2012-02-29,Wednesday,4413,451,1637.0,1250.0,1092.0,4430.0,0,191470,134070,86466,1,Yes,2012,2,2,60,9,1,0,2,1,0.0,4644.0,4006.0,4413.0,3900.0,0,0,0,0
2012-03-01,Thursday,12000,509,1930.0,1495.0,886.0,4820.0,7180,216228,139953,99813,59,No,2012,3,3,61,9,1,0,3,0,0.5983,4694.0,4383.0,0.0,4430.0,1,0,0,1
2012-03-02,Friday,7180,510,1942.0,1430.0,1114.0,4996.0,2184,221450,153431,117226,18,No,2012,3,4,62,9,1,0,4,0,0.182,4769.0,4749.0,7180.0,4820.0,2,0,0,1
2012-03-03,Saturday,2184,676,2237.0,1638.0,1147.0,5698.0,0,258393,167233,128330,1,Yes,2012,3,5,63,9,1,1,5,1,0.0,4783.0,5171.0,2184.0,4996.0,0,0,0,1
2012-03-04,Sunday,12000,771,2494.0,1801.0,1517.0,6583.0,5417,307785,196174,154171,45,No,2012,3,6,64,9,1,1,6,0,0.4514,4873.0,5759.0,0.0,5698.0,1,0,0,1
2012-03-05,Monday,5417,468,1572.0,1451.0,941.0,4432.0,985,183855,148333,96778,8,Yes,2012,3,0,65,10,1,0,0,1,0.0821,4980.0,5571.0,5417.0,6583.0,0,0,0,1
2012-03-06,Tuesday,12000,492,1545.0,1332.0,908.0,4277.0,7723,201845,144135,107798,64,No,2012,3,1,66,10,1,0,1,0,0.6436,5034.0,5097.0,985.0,4432.0,1,0,0,1
2012-03-07,Wednesday,7723,436,1555.0,1180.0,1008.0,4179.0,3544,178732,140144,88420,29,No,2012,3,2,67,10,1,0,2,0,0.2953,4998.0,4296.0,7723.0,4277.0,2,0,0,1
2012-03-08,Thursday,3544,607,1920.0,1531.0,893.0,4951.0,0,209516,177283,101799,1,Yes,2012,3,3,68,10,1,0,3,1,0.0,5017.0,4469.0,3544.0,4179.0,0,0,0,1
2012-03-09,Friday,12000,591,1987.0,1388.0,913.0,4879.0,7121,203454,152955,104734,59,No,2012,3,4,69,10,1,0,4,0,0.5934,5000.0,4670.0,0.0,4951.0,1,0,0,1
2012-03-10,Saturday,7121,664,2238.0,1597.0,1200.0,5699.0,1422,230944,167139,107797,11,Yes,2012,3,5,70,10,1,1,5,1,0.1185,5000.0,5176.0,7121.0,4879.0,0,0,0,1
2012-03-11,Sunday,12000,758,2349.0,1710.0,1342.0,6159.0,5841,260077,193600,128342,48,No,2012,3,6,71,10,1,1,6,0,0.4868,4939.0,5579.0,1422.0,5699.0,1,0,0,1
2012-03-12,Monday,5841,538,1521.0,1224.0,933.0,4216.0,1625,181040,120592,73962,13,Yes,2012,3,0,72,11,1,0,0,1,0.1354,4909.0,5358.0,5841.0,6159.0,0,0,0,1
2012-03-13,Tuesday,12000,506,1535.0,1314.0,827.0,4182.0,7818,185926,144191,92707,65,No,2012,3,1,73,11,1,0,1,0,0.6515,4895.0,4852.0,1625.0,4216.0,1,0,0,1
2012-03-14,Wednesday,7818,515,1821.0,1349.0,924.0,4609.0,3209,189559,147596,94302,26,No,2012,3,2,74,11,1,0,2,0,0.2674,4956.0,4336.0,7818.0,4182.0,2,0,0,1
2012-03-15,Thursday,3209,536,1697.0,1437.0,1094.0,4764.0,0,207259,141258,116925,1,Yes,2012,3,3,75,11,1,0,3,1,0.0,4930.0,4518.0,3209.0,4609.0,0,0,0,1
2012-03-16,Friday,12000,619,1997.0,1466.0,1303.0,5385.0,6615,240686,169849,111575,55,No,2012,3,4,76,11,1,0,4,0,0.5512,5002.0,4919.0,0.0,4764.0,1,0,0,1
2012-03-17,Saturday,6615,728,1946.0,1757.0,1042.0,5473.0,1142,233151,186388,125525,9,Yes,2012,3,5,77,11,1,1,5,1,0.0952,4970.0,5207.0,6615.0,5385.0,0,0,0,1
2012-03-18,Sunday,12000,794,2131.0,1960.0,1143.0,6028.0,5972,236391,176386,138213,49,No,2012,3,6,78,11,1,1,6,0,0.4977,4951.0,5629.0,1142.0,5473.0,1,0,0,1
2012-03-19,Monday,5972,429,1612.0,1325.0,817.0,4183.0,1789,183212,133054,79929,14,Yes,2012,3,0,79,12,1,0,0,1,0.1491,4946.0,5228.0,5972.0,6028.0,0,0,0,1
2012-03-20,Tuesday,12000,501,1864.0,1593.0,925.0,4883.0,7117,202003,161454,113201,59,No,2012,3,1,80,12,1,0,1,0,0.5931,5046.0,5031.0,1789.0,4183.0,1,0,0,1
2012-03-21,Wednesday,7117,564,1690.0,1430.0,925.0,4609.0,2508,209343,153236,116255,20,No,2012,3,2,81,12,1,0,2,0,0.209,5046.0,4558.0,7117.0,4883.0,2,0,0,1
2012-03-22,Thursday,2508,581,1786.0,1469.0,655.0,4491.0,0,201123,125311,89716,1,Yes,2012,3,3,82,12,1,0,3,1,0.0,5007.0,4661.0,2508.0,4609.0,0,0,0,1
2012-03-23,Friday,12000,564,1896.0,1372.0,1047.0,4879.0,7121,196262,164451,106713,59,No,2012,3,4,83,12,1,0,4,0,0.5934,4935.0,4660.0,0.0,4491.0,1,0,0,1
2012-03-24,Saturday,7121,756,2017.0,1670.0,1304.0,5747.0,1374,254688,178626,123848,11,Yes,2012,3,5,84,12,1,1,5,1,0.1145,4974.0,5039.0,7121.0,4879.0,0,0,0,1
2012-03-25,Sunday,12000,616,2155.0,1648.0,1109.0,5528.0,6472,246087,165777,119582,53,No,2012,3,6,85,12,1,1,6,0,0.5393,4903.0,5385.0,1374.0,5747.0,1,0,0,1
2012-03-26,Monday,6472,573,1584.0,1337.0,1028.0,4522.0,1950,203692,152137,112346,16,Yes,2012,3,0,86,13,1,0,0,1,0.1625,4951.0,5266.0,6472.0,5528.0,0,0,0,1
2012-03-27,Tuesday,12000,599,1831.0,1347.0,1089.0,4866.0,7134,201686,152685,114459,59,No,2012,3,1,87,13,1,0,1,0,0.5945,4949.0,4972.0,1950.0,4522.0,1,0,0,1
2012-03-28,Wednesday,7134,501,1849.0,1371.0,852.0,4573.0,2561,199521,164493,104698,21,No,2012,3,2,88,13,1,0,2,0,0.2134,4944.0,4654.0,7134.0,4866.0,2,0,0,1
2012-03-29,Thursday,2561,591,1750.0,1309.0,621.0,4271.0,0,173035,135216,100043,1,Yes,2012,3,3,89,13,1,0,3,1,0.0,4912.0,4570.0,2561.0,4573.0,0,0,0,1
2012-03-30,Friday,12000,599,1946.0,1341.0,1005.0,4891.0,7109,202243,148361,92042,59,No,2012,3,4,90,13,1,0,4,0,0.5924,4914.0,4578.0,0.0,4271.0,1,0,0,1
2012-03-31,Saturday,7109,860,2417.0,1744.0,1438.0,6459.0,650,279804,211733,132521,5,Yes,2012,3,5,91,13,1,1,5,1,0.0542,5016.0,5207.0,7109.0,4891.0,0,0,0,1
2012-04-01,Sunday,12000,720,2038.0,1539.0,1256.0,5553.0,6447,255614,169511,130551,53,No,2012,4,6,92,13,2,1,6,0,0.5372,5019.0,5634.0,650.0,6459.0,1,0,0,1
2012-04-02,Monday,6447,567,1495.0,1334.0,681.0,4077.0,2370,175262,134356,72855,19,No,2012,4,0,93,14,2,0,0,0,0.1975,4956.0,5363.0,6447.0,5553.0,2,0,0,1
2012-04-03,Tuesday,2370,561,1613.0,1313.0,851.0,4338.0,0,197166,125631,108523,1,Yes,2012,4,1,94,14,2,0,1,1,0.0,4880.0,4656.0,2370.0,4077.0,0,0,0,1
2012-04-04,Wednesday,12000,450,1468.0,1145.0,1098.0,4161.0,7839,189833,136409,91571,65,No,2012,4,2,95,14,2,0,2,0,0.6532,4821.0,4192.0,0.0,4338.0,1,0,0,1
2012-04-05,Thursday,7839,646,1849.0,1461.0,760.0,4716.0,3123,206790,136487,103868,26,No,2012,4,3,96,14,2,0,3,0,0.2602,4885.0,4405.0,7839.0,4161.0,2,0,0,1
2012-04-06,Friday,3123,608,2117.0,1703.0,1517.0,5945.0,0,258467,166124,114776,1,Yes,2012,4,4,97,14,2,0,4,1,0.0,5036.0,4941.0,3123.0,4716.0,0,0,0,1
2012-04-07,Saturday,12000,722,2270.0,1656.0,1058.0,5706.0,6294,229665,170681,104791,52,No,2012,4,5,98,14,2,1,5,0,0.5245,4928.0,5456.0,0.0,5945.0,1,0,0,1
2012-04-08,Sunday,6294,558,2035.0,1631.0,799.0,5023.0,1271,210490,152743,119955,10,Yes,2012,4,6,99,14,2,1,6,1,0.1059,4852.0,5558.0,6294.0,5706.0,0,0,0,1
2012-04-09,Monday,12000,612,1720.0,1522.0,978.0,4832.0,7168,203302,159095,116806,59,No,2012,4,0,100,15,2,0,0,0,0.5973,4960.0,5187.0,1271.0,5023.0,1,0,0,1
2012-04-10,Tuesday,7168,541,1739.0,1380.0,858.0,4518.0,2650,197574,144305,83232,22,No,2012,4,1,101,15,2,0,1,0,0.2208,4986.0,4791.0,7168.0,4832.0,2,0,0,1
2012-04-11,Wednesday,2650,618,1702.0,1505.0,946.0,4771.0,0,211451,147540,102843,1,Yes,2012,4,2,102,15,2,0,2,1,0.0,5073.0,4707.0,2650.0,4518.0,0,0,0,1
2012-04-12,Thursday,12000,559,1888.0,1369.0,842.0,4658.0,7342,221877,160196,103229,61,No,2012,4,3,103,15,2,0,3,0,0.6118,5065.0,4649.0,0.0,4771.0,1,0,0,1
2012-04-13,Friday,7342,677,2220.0,1746.0,785.0,5428.0,1914,225784,146618,123115,15,Yes,2012,4,4,104,15,2,0,4,1,0.1595,4991.0,4952.0,7342.0,4658.0,0,0,0,1
2012-04-14,Saturday,12000,725,2009.0,1619.0,1356.0,5709.0,6291,234648,181422,105987,52,No,2012,4,5,105,15,2,1,5,0,0.5242,4991.0,5265.0,1914.0,5428.0,1,0,0,1
2012-04-15,Sunday,6291,545,2089.0,1566.0,1065.0,5265.0,1026,225249,170257,126203,8,Yes,2012,4,6,106,15,2,1,6,1,0.0855,5026.0,5467.0,6291.0,5709.0,0,0,0,1
2012-04-16,Monday,12000,544,1702.0,1546.0,903.0,4695.0,7305,211922,150982,96545,60,No,2012,4,0,107,16,2,0,0,0,0.6088,5006.0,5223.0,1026.0,5265.0,1,0,0,1
2012-04-17,Tuesday,7305,571,1667.0,1454.0,979.0,4671.0,2634,184650,146345,99822,21,No,2012,4,1,108,16,2,0,1,0,0.2195,5028.0,4877.0,7305.0,4695.0,2,0,0,1
2012-04-18,Wednesday,2634,462,1581.0,1239.0,1208.0,4490.0,0,186472,146737,81021,1,Yes,2012,4,2,109,16,2,0,2,1,0.0,4988.0,4619.0,2634.0,4671.0,0,0,0,1
2012-04-19,Thursday,12000,530,1686.0,1271.0,753.0,4240.0,7760,189092,130260,101525,64,No,2012,4,3,110,16,2,0,3,0,0.6467,4928.0,4467.0,0.0,4490.0,1,0,0,1
2012-04-20,Friday,7760,739,1918.0,1567.0,1164.0,5388.0,2372,207339,164827,123091,19,No,2012,4,4,111,16,2,0,4,0,0.1977,4923.0,4706.0,7760.0,4240.0,2,0,0,1
2012-04-21,Saturday,2372,822,2273.0,1954.0,1171.0,6220.0,0,266824,197048,128653,1,Yes,2012,4,5,112,16,2,1,5,1,0.0,4996.0,5283.0,2372.0,5388.0,0,0,0,1
2012-04-22,Sunday,12000,657,2050.0,1595.0,1095.0,5397.0,6603,210269,173972,120477,55,No,2012,4,6,113,16,2,1,6,0,0.5502,5014.0,5668.0,0.0,6220.0,1,0,0,1
2012-04-23,Monday,6603,438,1753.0,1235.0,859.0,4285.0,2318,178023,137553,81113,19,No,2012,4,0,114,17,2,0,0,0,0.1932,4956.0,5301.0,6603.0,5397.0,2,0,0,1
2012-04-24,Tuesday,2318,542,1817.0,1472.0,1028.0,4859.0,0,211965,138481,102968,1,Yes,2012,4,1,115,17,2,0,1,1,0.0,4983.0,4847.0,2318.0,4285.0,0,0,0,1
2012-04-25,Wednesday,12000,556,1957.0,1510.0,934.0,4957.0,7043,233048,151170,91118,58,No,2012,4,2,116,17,2,0,2,0,0.5869,5049.0,4700.0,0.0,4859.0,1,0,0,1
2012-04-26,Thursday,7043,553,1888.0,1508.0,922.0,4871.0,2172,218804,164888,93229,18,No,2012,4,3,117,17,2,0,3,0,0.181,5140.0,4896.0,7043.0,4957.0,2,0,0,1
2012-04-27,Friday,2172,620,2176.0,1568.0,1038.0,5402.0,0,230318,182054,123051,1,Yes,2012,4,4,118,17,2,0,4,1,0.0,5142.0,5077.0,2172.0,4871.0,0,0,0,1
2012-04-28,Saturday,12000,710,2336.0,1933.0,1006.0,5985.0,6015,261456,192129,117044,50,No,2012,4,5,119,17,2,1,5,0,0.5012,5108.0,5419.0,0.0,5402.0,1,0,0,1
2012-04-29,Sunday,6015,860,2522.0,1872.0,1059.0,6313.0,0,270383,212798,124157,1,Yes,2012,4,6,120,17,2,1,6,1,0.0,5239.0,5900.0,6015.0,5985.0,0,0,0,1
2012-04-30,Monday,12000,483,1580.0,1247.0,789.0,4099.0,7901,180121,131544,89087,65,No,2012,4,0,121,18,2,0,0,0,0.6584,5212.0,5466.0,0.0,6313.0,1,0,0,1
2012-05-01,Tuesday,7901,530,1836.0,1669.0,1059.0,5094.0,2807,232999,152579,123000,23,No,2012,5,1,122,18,2,0,1,0,0.2339,5246.0,5169.0,7901.0,4099.0,2,0,0,1
2012-05-02,Wednesday,2807,635,1689.0,1420.0,951.0,4695.0,0,194369,159765,88876,1,Yes,2012,5,2,123,18,2,0,2,1,0.0,5208.0,4629.0,2807.0,5094.0,0,0,0,1
2012-05-03,Thursday,12000,682,1735.0,1449.0,1067.0,4933.0,7067,209007,139418,91396,58,No,2012,5,3,124,18,2,0,3,0,0.5889,5217.0,4907.0,0.0,4695.0,1,0,0,1
2012-05-04,Friday,7067,731,2174.0,1784.0,879.0,5568.0,1499,229038,187033,105835,12,Yes,2012,5,4,125,18,2,0,4,1,0.1249,5241.0,5065.0,7067.0,4933.0,0,0,0,1
2012-05-05,Saturday,12000,824,2161.0,1666.0,1261.0,5912.0,6088,240546,187974,137318,50,No,2012,5,5,126,18,2,1,5,0,0.5073,5231.0,5471.0,1499.0,5568.0,1,0,0,1
2012-05-06,Sunday,6088,602,2196.0,1764.0,1238.0,5800.0,288,256561,169796,132454,2,Yes,2012,5,6,127,18,2,1,6,1,0.024,5157.0,5760.0,6088.0,5912.0,0,0,0,1
2012-05-07,Monday,12000,519,1488.0,1147.0,600.64,3712.0,8288,165473,135410,81511,69,No,2012,5,0,128,19,2,0,0,0,0.6907,5102.0,5141.0,288.0,5800.0,1,0,0,1
2012-05-08,Tuesday,8288,628,1979.0,1393.0,965.0,4965.0,3323,226155,159475,98374,27,No,2012,5,1,129,19,2,0,1,0,0.2769,5084.0,4826.0,8288.0,3712.0,2,0,0,1
2012-05-09,Wednesday,3323,597,1821.0,1303.0,966.0,4687.0,0,206302,139853,102817,1,Yes,2012,5,2,130,19,2,0,2,1,0.0,5082.0,4455.0,3323.0,4965.0,0,0,0,1
2012-05-10,Thursday,12000,589,1821.0,1484.0,675.0,4569.0,7431,185401,153881,105969,61,No,2012,5,3,131,19,2,0,3,0,0.6192,5030.0,4740.0,0.0,4687.0,1,0,0,1
2012-05-11,Friday,7431,648,1891.0,1497.0,1038.0,5074.0,2357,223794,162072,111385,19,No,2012,5,4,132,19,2,0,4,0,0.1964,4960.0,4777.0,7431.0,4569.0,2,0,0,1
2012-05-12,Saturday,2357,677,2251.0,1657.0,1317.0,5902.0,0,268233,179650,103818,1,Yes,2012,5,5,133,19,2,1,5,1,0.0,4958.0,5182.0,2357.0,5074.0,0,0,0,1
2012-05-13,Sunday,12000,796,2390.0,1654.0,1281.0,6121.0,5879,257282,172160,147583,48,No,2012,5,6,134,19,2,1,6,0,0.4899,5004.0,5699.0,0.0,5902.0,1,0,0,1
2012-05-14,Monday,5879,573,1701.0,1245.0,738.0,4257.0,1622,196806,135613,91448,13,Yes,2012,5,0,135,20,2,0,0,1,0.1352,5082.0,5427.0,5879.0,6121.0,0,0,0,1
2012-05-15,Tuesday,12000,587,1811.0,1570.0,999.0,4967.0,7033,225320,147219,106516,58,No,2012,5,1,136,20,2,0,1,0,0.5861,5082.0,5115.0,1622.0,4257.0,1,0,0,1
2012-05-16,Wednesday,7033,528,1671.0,1459.0,973.0,4631.0,2402,195365,148058,117895,20,No,2012,5,2,137,20,2,0,2,0,0.2002,5074.0,4618.0,7033.0,4967.0,2,0,0,1
2012-05-17,Thursday,2402,517,1578.0,1169.0,914.0,4178.0,0,173713,135401,93427,1,Yes,2012,5,3,138,20,2,0,3,1,0.0,5019.0,4592.0,2402.0,4631.0,0,0,0,1
2012-05-18,Friday,12000,692,2309.0,1735.0,1072.0,5808.0,6192,262816,174497,106712,51,No,2012,5,4,139,20,2,0,4,0,0.516,5123.0,4872.0,0.0,4178.0,1,0,0,1
2012-05-19,Saturday,6192,652,2415.0,1639.0,1249.0,5955.0,237,276492,193760,136049,1,Yes,2012,5,5,140,20,2,1,5,1,0.0198,5131.0,5314.0,6192.0,5808.0,0,0,0,1
2012-05-20,Sunday,12000,764,2331.0,1731.0,882.0,5708.0,6292,224142,187641,127948,52,No,2012,5,6,141,20,2,1,6,0,0.5243,5072.0,5824.0,237.0,5955.0,1,0,0,1
2012-05-21,Monday,6292,614,1683.0,1400.0,706.0,4403.0,1889,186295,127977,96782,15,Yes,2012,5,0,142,21,2,0,0,1,0.1574,5093.0,5355.0,6292.0,5708.0,0,0,0,1
2012-05-22,Tuesday,12000,529,1600.0,1188.0,1075.0,4392.0,7608,188606,133042,88376,63,No,2012,5,1,143,21,2,0,1,0,0.634,5011.0,4834.0,1889.0,4403.0,1,0,0,1
2012-05-23,Wednesday,7608,491,1637.0,1515.0,1017.0,4660.0,2948,199291,136535,112331,24,No,2012,5,2,144,21,2,0,2,0,0.2457,5015.0,4485.0,7608.0,4392.0,2,0,0,1
2012-05-24,Thursday,2948,604,1661.0,1302.0,1005.0,4572.0,0,185525,128126,100350,1,Yes,2012,5,3,145,21,2,0,3,1,0.0,5071.0,4541.0,2948.0,4660.0,0,0,0,1
2012-05-25,Friday,12000,720,2063.0,1527.0,1336.0,5646.0,6354,245735,180022,122176,52,No,2012,5,4,146,21,2,0,4,0,0.5295,5048.0,4959.0,0.0,4572.0,1,0,0,1
2012-05-26,Saturday,6354,636,2148.0,1745.0,1548.0,6077.0,277,280837,181052,136704,2,Yes,2012,5,5,147,21,2,1,5,1,0.0231,5065.0,5432.0,6354.0,5646.0,0,0,0,1
2012-05-27,Sunday,12000,652,2086.0,1584.0,1047.0,5369.0,6631,224889,167462,111410,55,No,2012,5,6,148,21,2,1,6,0,0.5526,5017.0,5697.0,277.0,6077.0,1,0,0,1
2012-05-28,Monday,6631,433,1571.0,1180.0,676.0,3860.0,2771,156207,122714,81800,23,No,2012,5,0,149,22,2,0,0,0,0.2309,4939.0,5102.0,6631.0,5369.0,2,0,0,1
2012-05-29,Tuesday,2771,469,1598.0,1361.0,865.0,4293.0,0,182389,122781,91529,1,Yes,2012,5,1,150,22,2,0,1,1,0.0,4925.0,4507.0,2771.0,3860.0,0,0,0,1
2012-05-30,Wednesday,12000,606,1648.0,1415.0,745.0,4414.0,7586,198107,125507,100341,63,No,2012,5,2,151,22,2,0,2,0,0.6322,4890.0,4189.0,0.0,4293.0,1,0,0,1
2012-05-31,Thursday,7586,582,1871.0,1523.0,924.0,4900.0,2686,201113,164613,105989,22,No,2012,5,3,152,22,2,0,3,0,0.2238,4937.0,4536.0,7586.0,4414.0,2,0,0,1
2012-06-01,Friday,2686,450,1714.0,1171.0,898.0,4233.0,0,182103,123793,88543,1,Yes,2012,6,4,153,22,2,0,4,1,0.0,4735.0,4516.0,2686.0,4900.0,0,0,1,0
2012-06-02,Saturday,12000,467,1826.0,1230.0,936.0,4459.0,7541,178895,148804,107682,62,No,2012,6,5,154,22,2,1,5,0,0.6284,4504.0,4531.0,0.0,4233.0,1,0,1,0
2012-06-03,Sunday,7541,624,1589.0,1225.0,1082.0,4520.0,3021,191202,138786,88134,25,No,2012,6,6,155,22,2,1,6,0,0.2517,4383.0,4404.0,7541.0,4459.0,2,0,1,0
2012-06-04,Monday,3021,393,1400.0,1066.0,949.0,3795.0,0,161955,114859,92602,1,Yes,2012,6,0,156,23,2,0,0,1,0.0,4373.0,4258.0,3021.0,4520.0,0,0,1,0
2012-06-05,Tuesday,12000,475,1333.0,1100.0,842.0,3750.0,8250,156635,106952,67516,68,No,2012,6,1,157,23,2,0,1,0,0.6875,4296.0,4022.0,0.0,3795.0,1,0,1,0
2012-06-06,Wednesday,8250,495,1583.0,1134.0,691.0,3903.0,4347,184917,118206,72512,36,No,2012,6,2,158,23,2,0,2,0,0.3622,4223.0,3816.0,8250.0,3750.0,2,0,1,0
2012-06-07,Thursday,4347,399,1365.0,1096.0,987.0,3847.0,500,163081,131611,86008,4,Yes,2012,6,3,159,23,2,0,3,1,0.0417,4072.0,3833.0,4347.0,3903.0,0,0,1,0
2012-06-08,Friday,12000,550,1566.0,1234.0,977.0,4327.0,7673,171583,127379,109232,63,No,2012,6,4,160,23,2,0,4,0,0.6394,4086.0,4026.0,500.0,3847.0,1,0,1,0
2012-06-09,Saturday,7673,562,1585.0,1335.0,884.0,4366.0,3307,195776,130829,97900,27,No,2012,6,5,161,23,2,1,5,0,0.2756,4073.0,4180.0,7673.0,4327.0,2,0,1,0
2012-06-10,Sunday,3307,577,1570.0,1408.0,930.0,4485.0,0,199569,144767,97637,1,Yes,2012,6,6,162,23,2,1,6,1,0.0,4068.0,4393.0,3307.0,4366.0,0,0,1,0
2012-06-11,Monday,12000,508,1423.0,1218.0,725.0,3874.0,8126,162402,126338,94756,67,No,2012,6,0,163,24,2,0,0,0,0.6772,4079.0,4242.0,0.0,4485.0,1,0,1,0
2012-06-12,Tuesday,8126,434,1399.0,1081.0,706.0,3620.0,4506,151825,128188,87503,37,No,2012,6,1,164,24,2,0,1,0,0.3755,4060.0,3993.0,8126.0,3874.0,2,0,1,0
2012-06-13,Wednesday,4506,444,1456.0,1159.0,682.0,3741.0,765,173610,131821,77297,6,Yes,2012,6,2,165,24,2,0,2,1,0.0638,4037.0,3745.0,4506.0,3620.0,0,0,1,0
2012-06-14,Thursday,12000,477,1485.0,1195.0,788.0,3945.0,8055,158583,125260,92147,67,No,2012,6,3,166,24,2,0,3,0,0.6712,4051.0,3769.0,765.0,3741.0,1,0,1,0
2012-06-15,Friday,8055,547,1723.0,1510.0,881.0,4661.0,3394,199785,156752,108538,28,No,2012,6,4,167,24,2,0,4,0,0.2828,4099.0,4116.0,8055.0,3945.0,2,0,1,0
2012-06-16,Saturday,3394,668,2017.0,1370.0,876.0,4931.0,0,191285,156332,115084,1,Yes,2012,6,5,168,24,2,1,5,1,0.0,4180.0,4512.0,3394.0,4661.0,0,0,1,0
2012-06-17,Sunday,12000,573,1673.0,1226.0,896.0,4368.0,7632,182876,147608,95332,63,No,2012,6,6,169,24,2,1,6,0,0.636,4163.0,4653.0,0.0,4931.0,1,0,1,0
2012-06-18,Monday,7632,393,1312.76,1031.0,768.0,3480.52,4473,134968,108872,59571,37,No,2012,6,0,170,25,2,0,0,0,0.3728,4061.0,4153.0,7632.0,4368.0,2,0,1,0
2012-06-19,Tuesday,4473,452,1312.76,1059.0,600.64,3480.52,1192,138509,99728,69179,9,Yes,2012,6,1,171,25,2,0,1,1,0.0993,4012.0,3603.0,4473.0,3159.0,0,0,1,0
2012-06-20,Wednesday,12000,410,1312.76,1031.0,780.0,3480.52,8700,139056,96494,76362,72,No,2012,6,2,172,25,2,0,2,0,0.725,3949.0,3247.0,1192.0,3281.0,1,0,1,0
2012-06-21,Thursday,8700,435,1558.0,1136.0,1072.0,4201.0,4499,176736,138987,92768,37,No,2012,6,3,173,25,2,0,3,0,0.3749,3986.0,3594.0,8700.0,3300.0,2,0,1,0
2012-06-22,Friday,4499,435,1518.0,1159.0,809.0,3921.0,578,183723,122700,76189,4,Yes,2012,6,4,174,25,2,0,4,1,0.0482,3880.0,3807.0,4499.0,4201.0,0,0,1,0
2012-06-23,Saturday,12000,684,1938.0,1679.0,1132.0,5433.0,6567,246400,150108,106242,54,No,2012,6,5,175,25,2,1,5,0,0.5472,3952.0,4518.0,578.0,3921.0,1,0,1,0
2012-06-24,Sunday,6567,707,1979.0,1485.0,971.0,5142.0,1425,218632,168674,113702,11,Yes,2012,6,6,176,25,2,1,6,1,0.1188,4062.0,4832.0,6567.0,5433.0,0,0,1,0
2012-06-25,Monday,12000,393,1312.76,1031.0,640.0,3480.52,8829,134788,98125,81811,73,No,2012,6,0,177,26,2,0,0,0,0.7358,4064.0,4582.0,1425.0,5142.0,1,0,1,0
2012-06-26,Tuesday,8829,434,1434.0,1273.0,728.0,3869.0,4960,166450,124530,74692,41,No,2012,6,1,178,26,2,0,1,0,0.4133,4148.0,4061.0,8829.0,3171.0,2,0,1,0
2012-06-27,Wednesday,4960,512,1541.0,1153.0,769.0,3975.0,985,168489,119897,77161,8,Yes,2012,6,2,179,26,2,0,2,1,0.0821,4245.0,3672.0,4960.0,3869.0,0,0,1,0
2012-06-28,Thursday,12000,401,1442.0,1172.0,961.0,3976.0,8024,164290,124781,76805,66,No,2012,6,3,180,26,2,0,3,0,0.6687,4212.0,3940.0,985.0,3975.0,1,0,1,0
2012-06-29,Friday,8024,456,1466.0,1243.0,893.0,4058.0,3966,178380,132789,78188,33,No,2012,6,4,181,26,2,0,4,0,0.3305,4232.0,4003.0,8024.0,3976.0,2,0,1,0
2012-06-30,Saturday,3966,502,1828.0,1335.0,1041.0,4706.0,0,223704,153703,105681,1,Yes,2012,6,5,182,26,2,1,5,1,0.0,4128.0,4247.0,3966.0,4058.0,0,0,1,0
2012-07-01,Sunday,12000,533,1736.0,1410.0,695.0,4374.0,7626,186422,140755,100584,63,No,2012,7,6,183,26,3,1,6,0,0.6355,4018.0,4379.0,0.0,4706.0,1,0,1,0
2012-07-02,Monday,7626,483,1501.0,1266.0,935.0,4185.0,3441,181092,127805,90163,28,No,2012,7,0,184,27,3,0,0,0,0.2868,4163.0,4422.0,7626.0,4374.0,2,0,1,0
2012-07-03,Tuesday,3441,461,1478.0,1252.0,943.0,4134.0,0,173931,140494,91545,1,Yes,2012,7,1,185,27,3,0,1,1,0.0,4201.0,4231.0,3441.0,4185.0,0,0,1,0
2012-07-04,Wednesday,12000,393,1376.0,1109.0,691.0,3531.0,8469,151207,125602,75409,70,No,2012,7,2,186,27,3,0,2,0,0.7058,4138.0,3950.0,0.0,4134.0,1,0,1,0
2012-07-05,Thursday,8469,565,1546.0,1287.0,722.0,4120.0,4349,190670,123248,96472,36,No,2012,7,3,187,27,3,0,3,0,0.3624,4158.0,3928.0,8469.0,3531.0,2,0,1,0
2012-07-06,Friday,4349,581,1800.0,1336.0,1112.0,4829.0,0,205392,151577,87438,1,Yes,2012,7,4,188,27,3,0,4,1,0.0,4268.0,4160.0,4349.0,4120.0,0,0,1,0
2012-07-07,Saturday,12000,594,1833.0,1406.0,1096.0,4929.0,7071,209321,144025,118998,58,No,2012,7,5,189,27,3,1,5,0,0.5893,4300.0,4626.0,0.0,4829.0,1,0,1,0
2012-07-08,Sunday,7071,399,1459.0,1285.0,764.0,3907.0,3164,170945,111099,86829,26,No,2012,7,6,190,27,3,1,6,0,0.2637,4234.0,4555.0,7071.0,4929.0,2,0,1,0
2012-07-09,Monday,3164,393,1312.76,1031.0,600.64,3480.52,277,121322,88914,59259,2,Yes,2012,7,0,191,28,3,0,0,1,0.0231,4048.0,3908.0,3164.0,3907.0,0,0,1,0
2012-07-10,Tuesday,12000,510,1378.0,1031.0,781.0,3693.0,8307,148340,130090,70757,69,No,2012,7,1,192,28,3,0,1,0,0.6922,3985.0,3496.0,277.0,2887.0,1,0,1,0
2012-07-11,Wednesday,8307,461,1400.0,1102.0,600.64,3485.0,4822,140700,111604,83235,40,No,2012,7,2,193,28,3,0,2,0,0.4018,3979.0,3355.0,8307.0,3693.0,2,0,1,0
2012-07-12,Thursday,4822,522,1514.0,1191.0,663.0,3890.0,932,177573,126681,77027,7,Yes,2012,7,3,194,28,3,0,3,1,0.0777,3946.0,3689.0,4822.0,3485.0,0,0,1,0
2012-07-13,Friday,12000,394,1562.0,1194.0,696.0,3846.0,8154,161543,114633,82665,67,No,2012,7,4,195,28,3,0,4,0,0.6795,3805.0,3740.0,932.0,3890.0,1,0,1,0
2012-07-14,Saturday,8154,582,1986.0,1688.0,1122.0,5378.0,2776,220206,154307,129265,23,No,2012,7,5,196,28,3,1,5,0,0.2313,3869.0,4371.0,8154.0,3846.0,2,0,1,0
2012-07-15,Sunday,2776,505,1828.0,1309.0,1195.0,4837.0,0,218737,161325,84417,1,Yes,2012,7,6,197,28,3,1,6,1,0.0,4002.0,4687.0,2776.0,5378.0,0,0,1,0
2012-07-16,Monday,12000,393,1312.76,1033.0,743.0,3480.52,8574,150259,102234,68461,71,No,2012,7,0,198,29,3,0,0,0,0.7145,4079.0,4547.0,0.0,4837.0,1,0,1,0
2012-07-17,Tuesday,8574,440,1605.0,1228.0,870.0,4143.0,4431,178671,142280,98700,36,No,2012,7,1,199,29,3,0,1,0,0.3692,4144.0,4135.0,8574.0,3426.0,2,0,1,0
2012-07-18,Wednesday,4431,448,1359.0,1152.0,829.0,3788.0,643,164298,125144,72808,5,Yes,2012,7,2,200,29,3,0,2,1,0.0536,4187.0,3786.0,4431.0,4143.0,0,0,1,0
2012-07-19,Thursday,12000,398,1414.0,1134.0,628.0,3574.0,8426,149797,110504,74786,70,No,2012,7,3,201,29,3,0,3,0,0.7022,4142.0,3835.0,643.0,3788.0,1,0,1,0
2012-07-20,Friday,8426,509,1746.0,1344.0,713.0,4312.0,4114,206320,125067,85865,34,No,2012,7,4,202,29,3,0,4,0,0.3428,4208.0,3891.0,8426.0,3574.0,2,0,1,0
2012-07-21,Saturday,4114,575,1964.0,1481.0,897.0,4917.0,0,207634,167269,92866,1,Yes,2012,7,5,203,29,3,1,5,1,0.0,4142.0,4268.0,4114.0,4312.0,0,0,1,0
2012-07-22,Sunday,12000,482,1648.0,1285.0,699.0,4114.0,7886,171273,143989,80343,65,No,2012,7,6,204,29,3,1,6,0,0.6572,4039.0,4448.0,0.0,4917.0,1,0,1,0
2012-07-23,Monday,7886,393,1312.76,1074.0,788.0,3533.0,4353,142781,121608,78411,36,No,2012,7,0,205,30,3,0,0,0,0.3628,4054.0,4188.0,7886.0,4114.0,2,0,1,0
2012-07-24,Tuesday,4353,529,1430.0,1095.0,827.0,3881.0,472,155560,132531,85417,3,Yes,2012,7,1,206,30,3,0,1,1,0.0393,4017.0,3843.0,4353.0,3533.0,0,0,1,0
2012-07-25,Wednesday,12000,511,1399.0,1164.0,799.0,3873.0,8127,150364,128038,68470,67,No,2012,7,2,207,30,3,0,2,0,0.6772,4029.0,3762.0,472.0,3881.0,1,0,1,0
2012-07-26,Thursday,8127,438,1617.0,1155.0,778.0,3988.0,4139,162412,119597,78703,34,No,2012,7,3,208,30,3,0,3,0,0.3449,4088.0,3914.0,8127.0,3873.0,2,0,1,0
2012-07-27,Friday,4139,515,1774.0,1262.0,936.0,4487.0,0,204301,151197,80988,1,Yes,2012,7,4,209,30,3,0,4,1,0.0,4113.0,4116.0,4139.0,3988.0,0,0,1,0
2012-07-28,Saturday,12000,540,1943.0,1465.0,1318.0,5266.0,6734,235787,183041,114028,56,No,2012,7,5,210,30,3,1,5,0,0.5612,4163.0,4580.0,0.0,4487.0,1,0,1,0
2012-07-29,Sunday,6734,657,1895.0,1669.0,1007.0,5228.0,1506,232186,172801,112046,12,Yes,2012,7,6,211,30,3,1,6,1,0.1255,4322.0,4994.0,6734.0,5266.0,0,0,1,0
2012-07-30,Monday,12000,520,1635.0,1390.0,796.0,4341.0,7659,167119,128987,77310,63,No,2012,7,0,212,31,3,0,0,0,0.6382,4438.0,4945.0,1506.0,5228.0,1,0,1,0
2012-07-31,Tuesday,7659,403,1507.0,1132.0,653.0,3695.0,3964,155123,102350,68772,33,No,2012,7,1,213,31,3,0,1,0,0.3303,4411.0,4421.0,7659.0,4341.0,2,0,1,0
2012-08-01,Wednesday,3964,432,1346.0,1209.0,730.0,3717.0,247,150939,115856,81211,2,Yes,2012,8,2,214,31,3,0,2,1,0.0206,4389.0,3918.0,3964.0,3695.0,0,0,1,0
2012-08-02,Thursday,12000,431,1323.0,1031.0,645.0,3480.52,8630,147658,109927,61937,71,No,2012,8,3,215,31,3,0,3,0,0.7192,4301.0,3594.0,247.0,3717.0,1,0,1,0
2012-08-03,Friday,8630,535,1699.0,1238.0,745.0,4217.0,4413,190233,133971,90783,36,No,2012,8,4,216,31,3,0,4,0,0.3678,4262.0,3768.0,8630.0,3370.0,2,0,1,0
2012-08-04,Saturday,4413,576,1668.0,1427.0,985.0,4656.0,0,183884,143419,87650,1,Yes,2012,8,5,217,31,3,1,5,1,0.0,4175.0,4081.0,4413.0,4217.0,0,0,1,0
2012-08-05,Sunday,12000,538,1962.0,1405.0,1022.0,4927.0,7073,213823,140519,109045,58,No,2012,8,6,218,31,3,1,6,0,0.5894,4132.0,4600.0,0.0,4656.0,1,0,1,0
2012-08-06,Monday,7073,575,1471.0,1329.0,803.0,4178.0,2895,164141,120279,86115,24,No,2012,8,0,219,32,3,0,0,0,0.2412,4109.0,4587.0,7073.0,4927.0,2,0,1,0
2012-08-07,Tuesday,2895,490,1418.0,1265.0,839.0,4012.0,0,167016,134602,81214,1,Yes,2012,8,1,220,32,3,0,1,1,0.0,4154.0,4372.0,2895.0,4178.0,0,0,1,0
2012-08-08,Wednesday,12000,418,1488.0,1135.0,618.0,3659.0,8341,154496,122848,88326,69,No,2012,8,2,221,32,3,0,2,0,0.6951,4146.0,3950.0,0.0,4012.0,1,0,1,0
2012-08-09,Thursday,8341,430,1312.76,1031.0,672.0,3480.52,5044,150156,103602,59638,42,No,2012,8,3,222,32,3,0,3,0,0.4203,4135.0,3656.0,8341.0,3659.0,2,0,1,0
2012-08-10,Friday,5044,561,1736.0,1327.0,689.0,4313.0,731,184588,123705,96348,6,Yes,2012,8,4,223,32,3,0,4,1,0.0609,4149.0,3756.0,5044.0,3297.0,0,0,1,0
2012-08-11,Saturday,12000,721,2153.0,1532.0,853.0,5259.0,6741,238453,158939,96550,56,No,2012,8,5,224,32,3,1,5,0,0.5618,4235.0,4290.0,731.0,4313.0,1,0,1,0
2012-08-12,Sunday,6741,524,1596.0,1283.0,600.64,3928.0,2813,176608,131860,85842,23,No,2012,8,6,225,32,3,1,6,0,0.2344,4092.0,4500.0,6741.0,5259.0,2,0,1,0
2012-08-13,Monday,2813,393,1434.0,1145.0,806.0,3769.0,0,155211,134102,68172,1,Yes,2012,8,0,226,33,3,0,0,1,0.0,4034.0,4319.0,2813.0,3928.0,0,0,1,0
2012-08-14,Tuesday,12000,481,1383.0,1143.0,927.0,3934.0,8066,175278,120864,80316,67,No,2012,8,1,227,33,3,0,1,0,0.6722,4023.0,3877.0,0.0,3769.0,1,0,1,0
2012-08-15,Wednesday,8066,393,1312.76,1053.0,832.0,3557.0,4509,146090,107809,77664,37,No,2012,8,2,228,33,3,0,2,0,0.3757,4008.0,3753.0,8066.0,3934.0,2,0,1,0
2012-08-16,Thursday,4509,561,1767.0,1306.0,843.0,4477.0,32,193143,137928,109846,1,Yes,2012,8,3,229,33,3,0,3,1,0.0027,4177.0,3989.0,4509.0,3557.0,0,0,1,0
2012-08-17,Friday,12000,518,1523.0,1408.0,859.0,4308.0,7692,165403,145265,102279,64,No,2012,8,4,230,33,3,0,4,0,0.641,4176.0,4114.0,32.0,4477.0,1,0,1,0
2012-08-18,Saturday,7692,632,2037.0,1565.0,1184.0,5418.0,2274,228395,155360,108080,18,No,2012,8,5,231,33,3,1,5,0,0.1895,4199.0,4734.0,7692.0,4308.0,2,0,1,0
2012-08-19,Sunday,2274,566,1507.0,1215.0,951.0,4239.0,0,202118,125290,98468,1,Yes,2012,8,6,232,33,3,1,6,1,0.0,4243.0,4655.0,2274.0,5418.0,0,0,1,0
2012-08-20,Monday,12000,393,1312.76,1031.0,737.0,3480.52,8618,156453,96803,61203,71,No,2012,8,0,233,34,3,0,0,0,0.7182,4188.0,4346.0,0.0,4239.0,1,0,1,0
2012-08-21,Tuesday,8618,493,1598.0,1206.0,672.0,3969.0,4649,166249,129315,90513,38,No,2012,8,1,234,34,3,0,1,0,0.3874,4193.0,3863.0,8618.0,3382.0,2,0,1,0
2012-08-22,Wednesday,4649,416,1494.0,1226.0,622.0,3758.0,891,150045,101968,70714,7,Yes,2012,8,2,235,34,3,0,2,1,0.0742,4222.0,3703.0,4649.0,3969.0,0,0,1,0
2012-08-23,Thursday,12000,393,1312.76,1031.0,639.0,3480.52,8873,143228,98780,73576,73,No,2012,8,3,236,34,3,0,3,0,0.7394,4029.0,3618.0,891.0,3758.0,1,0,1,0
2012-08-24,Friday,8873,605,1868.0,1436.0,853.0,4762.0,4111,203097,148869,100376,34,No,2012,8,4,237,34,3,0,4,0,0.3426,4094.0,3882.0,8873.0,3127.0,2,0,1,0
2012-08-25,Saturday,4111,452,1734.0,1181.0,919.0,4286.0,0,170529,139076,97630,1,Yes,2012,8,5,238,34,3,1,5,1,0.0,3932.0,4058.0,4111.0,4762.0,0,0,1,0
2012-08-26,Sunday,12000,535,1600.0,1251.0,762.0,4148.0,7852,172538,127221,95357,65,No,2012,8,6,239,34,3,1,6,0,0.6543,3919.0,4399.0,0.0,4286.0,1,0,1,0
2012-08-27,Monday,7852,460,1388.0,1216.0,708.0,3772.0,4080,167498,118940,96460,34,No,2012,8,0,240,35,3,0,0,0,0.34,3975.0,4069.0,7852.0,4148.0,2,0,1,0
2012-08-28,Tuesday,4080,531,1373.0,1115.0,900.0,3919.0,161,154714,131028,92394,1,Yes,2012,8,1,241,35,3,0,1,1,0.0134,3967.0,3946.0,4080.0,3772.0,0,0,1,0
2012-08-29,Wednesday,12000,395,1312.76,1031.0,816.0,3480.52,8638,145732,103124,70909,71,No,2012,8,2,242,35,3,0,2,0,0.7198,3911.0,3684.0,161.0,3919.0,1,0,1,0
2012-08-30,Thursday,8638,485,1412.0,1068.0,870.0,3835.0,4803,167559,106951,82922,40,No,2012,8,3,243,35,3,0,3,0,0.4002,4012.0,3705.0,8638.0,3362.0,2,0,1,0
2012-08-31,Friday,4803,527,1650.0,1455.0,1041.0,4673.0,130,205779,156150,91229,1,Yes,2012,8,4,244,35,3,0,4,1,0.0108,3999.0,3957.0,4803.0,3835.0,0,0,1,0
2012-09-01,Saturday,12000,609,1928.0,1631.0,1111.0,5279.0,6721,222892,153882,114683,56,No,2012,9,5,245,35,3,1,5,0,0.5601,4141.0,4596.0,130.0,4673.0,1,0,0,0
2012-09-02,Sunday,6721,579,2001.0,1557.0,969.0,5106.0,1615,227919,146164,121445,13,Yes,2012,9,6,246,35,3,1,6,1,0.1346,4278.0,5019.0,6721.0,5279.0,0,0,0,0
2012-09-03,Monday,12000,535,1588.0,1199.0,999.0,4321.0,7679,186977,145016,111742,63,No,2012,9,0,247,36,3,0,0,0,0.6399,4356.0,4902.0,1615.0,5106.0,1,0,0,0
2012-09-04,Tuesday,7679,432,1745.0,1160.0,933.0,4270.0,3409,175182,144184,103277,28,No,2012,9,1,248,36,3,0,1,0,0.2841,4407.0,4566.0,7679.0,4321.0,2,0,0,0
2012-09-05,Wednesday,3409,427,1633.0,1292.0,865.0,4217.0,0,186102,130828,92410,1,Yes,2012,9,2,249,36,3,0,2,1,0.0,4529.0,4269.0,3409.0,4270.0,0,0,0,0
2012-09-06,Thursday,12000,489,1685.0,1321.0,727.0,4222.0,7778,178243,138848,84592,64,No,2012,9,3,250,36,3,0,3,0,0.6482,4584.0,4236.0,0.0,4217.0,1,0,0,0
2012-09-07,Friday,7778,533,1794.0,1287.0,975.0,4589.0,3189,195758,162617,98315,26,No,2012,9,4,251,36,3,0,4,0,0.2658,4572.0,4343.0,7778.0,4222.0,2,0,0,0
2012-09-08,Saturday,3189,620,2047.0,1693.0,1003.0,5363.0,0,241596,183306,100399,1,Yes,2012,9,5,252,36,3,1,5,1,0.0,4584.0,4725.0,3189.0,4589.0,0,0,0,0
2012-09-09,Sunday,12000,652,2012.0,1487.0,1245.0,5396.0,6604,223346,164927,115949,55,No,2012,9,6,253,36,3,1,6,0,0.5503,4625.0,5116.0,0.0,5363.0,1,0,0,0
2012-09-10,Monday,6604,584,1618.0,1280.0,1062.0,4544.0,2060,192770,158291,94933,17,No,2012,9,0,254,37,3,0,0,0,0.1717,4657.0,5101.0,6604.0,5396.0,2,0,0,0
2012-09-11,Tuesday,2060,477,1616.0,1397.0,868.0,4358.0,0,193467,144948,91179,1,Yes,2012,9,1,255,37,3,0,1,1,0.0,4670.0,4766.0,2060.0,4544.0,0,0,0,0
2012-09-12,Wednesday,12000,597,1616.0,1268.0,855.0,4336.0,7664,196731,134962,99178,63,No,2012,9,2,256,37,3,0,2,0,0.6387,4687.0,4413.0,0.0,4358.0,1,0,0,0
2012-09-13,Thursday,7664,430,1544.0,1255.0,1037.0,4266.0,3398,169456,141189,98691,28,No,2012,9,3,257,37,3,0,3,0,0.2832,4693.0,4320.0,7664.0,4336.0,2,0,0,0
2012-09-14,Friday,3398,501,1850.0,1391.0,880.0,4622.0,0,181768,135049,96313,1,Yes,2012,9,4,258,37,3,0,4,1,0.0,4698.0,4408.0,3398.0,4266.0,0,0,0,0
2012-09-15,Saturday,12000,620,2102.0,1721.0,1124.0,5567.0,6433,243320,177897,106589,53,No,2012,9,5,259,37,3,1,5,0,0.5361,4727.0,4818.0,0.0,4622.0,1,0,0,0
2012-09-16,Sunday,6433,531,1976.0,1533.0,872.0,4912.0,1521,213615,161180,95456,12,Yes,2012,9,6,260,37,3,1,6,1,0.1268,4658.0,5034.0,6433.0,5567.0,0,0,0,0
2012-09-17,Monday,12000,487,1682.0,1328.0,801.0,4298.0,7702,185462,132943,98035,64,No,2012,9,0,261,38,3,0,0,0,0.6418,4623.0,4926.0,1521.0,4912.0,1,0,0,0
2012-09-18,Tuesday,7702,580,1966.0,1550.0,728.0,4824.0,2878,211796,142059,94521,23,No,2012,9,1,262,38,3,0,1,0,0.2398,4689.0,4678.0,7702.0,4298.0,2,0,0,0
2012-09-19,Wednesday,2878,544,1632.0,1276.0,1182.0,4634.0,0,198299,140796,109644,1,Yes,2012,9,2,263,38,3,0,2,1,0.0,4732.0,4585.0,2878.0,4824.0,0,0,0,0
2012-09-20,Thursday,12000,466,1780.0,1267.0,1072.0,4585.0,7415,210957,144518,108372,61,No,2012,9,3,264,38,3,0,3,0,0.6179,4777.0,4681.0,0.0,4634.0,1,0,0,0
2012-09-21,Friday,7415,518,1761.0,1180.0,884.0,4343.0,3072,195907,154428,80935,25,No,2012,9,4,265,38,3,0,4,0,0.256,4738.0,4521.0,7415.0,4585.0,2,0,0,0
2012-09-22,Saturday,3072,693,2121.0,1817.0,975.0,5606.0,0,256835,166103,128446,1,Yes,2012,9,5,266,38,3,1,5,1,0.0,4743.0,4845.0,3072.0,4343.0,0,0,0,0
2012-09-23,Sunday,12000,549,1947.0,1463.0,864.0,4823.0,7177,208014,146701,99222,59,No,2012,9,6,267,38,3,1,6,0,0.5981,4730.0,4924.0,0.0,5606.0,1,0,0,0
2012-09-24,Monday,7177,488,1567.0,1107.0,703.0,3865.0,3312,180341,128526,93615,27,No,2012,9,0,268,39,3,0,0,0,0.276,4669.0,4765.0,7177.0,4823.0,2,0,0,0
2012-09-25,Tuesday,3312,505,1470.0,1197.0,702.0,3874.0,0,161371,119279,86232,1,Yes,2012,9,1,269,39,3,0,1,1,0.0,4533.0,4187.0,3312.0,3865.0,0,0,0,0
2012-09-26,Wednesday,12000,429,1609.0,1180.0,1068.0,4286.0,7714,196138,133424,88341,64,No,2012,9,2,270,39,3,0,2,0,0.6428,4483.0,4008.0,0.0,3874.0,1,0,0,0
2012-09-27,Thursday,7714,492,1614.0,1168.0,849.0,4123.0,3591,188169,149031,87650,29,No,2012,9,3,271,39,3,0,3,0,0.2992,4417.0,4094.0,7714.0,4286.0,2,0,0,0
2012-09-28,Friday,3591,498,1688.0,1159.0,876.0,4221.0,0,171738,147958,87438,1,Yes,2012,9,4,272,39,3,0,4,1,0.0,4400.0,4210.0,3591.0,4123.0,0,0,0,0
2012-09-29,Saturday,12000,535,1618.0,1403.0,1042.0,4598.0,7402,203064,137380,98621,61,No,2012,9,5,273,39,3,1,5,0,0.6168,4256.0,4314.0,0.0,4221.0,1,0,0,0
2012-09-30,Sunday,7402,554,2081.0,1503.0,1151.0,5289.0,2113,230252,165701,100263,17,No,2012,9,6,274,39,3,1,6,0,0.1761,4322.0,4703.0,7402.0,4598.0,2,0,0,0
2012-10-01,Monday,2113,471,1561.0,1217.0,868.0,4117.0,0,163112,115602,85634,1,Yes,2012,10,0,275,40,4,0,0,1,0.0,4358.0,4668.0,2113.0,5289.0,0,1,0,0
2012-10-02,Tuesday,12000,527,1992.0,1476.0,1241.0,5236.0,6764,235581,160625,111886,56,No,2012,10,1,276,40,4,0,1,0,0.5637,4553.0,4881.0,0.0,4117.0,1,1,0,0
2012-10-03,Wednesday,6764,472,1799.0,1512.0,899.0,4682.0,2082,200177,142796,105234,17,No,2012,10,2,277,40,4,0,2,0,0.1735,4609.0,4678.0,6764.0,5236.0,2,1,0,0
2012-10-04,Thursday,2082,678,2017.0,1433.0,1096.0,5224.0,0,242959,142202,128942,1,Yes,2012,10,3,278,40,4,0,3,1,0.0,4767.0,5047.0,2082.0,4682.0,0,1,0,0
2012-10-05,Friday,12000,664,2187.0,1508.0,1222.0,5581.0,6419,251192,172736,110426,53,No,2012,10,4,279,40,4,0,4,0,0.5349,4961.0,5162.0,0.0,5224.0,1,1,0,0
2012-10-06,Saturday,6419,849,2319.0,2019.0,1261.0,6448.0,0,252837,186061,121861,1,Yes,2012,10,5,280,40,4,1,5,1,0.0,5225.0,5751.0,6419.0,5581.0,0,1,0,0
2012-10-07,Sunday,12000,905,2720.0,1925.0,1285.0,6835.0,5165,313701,200207,164576,43,No,2012,10,6,281,40,4,1,6,0,0.4304,5446.0,6288.0,0.0,6448.0,1,1,0,0
2012-10-08,Monday,5165,665,1696.0,1297.0,1124.0,4782.0,383,200554,148939,111014,3,Yes,2012,10,0,282,41,4,0,0,1,0.0319,5541.0,6022.0,5165.0,6835.0,0,1,0,0
2012-10-09,Tuesday,12000,652,2038.0,1554.0,917.0,5161.0,6839,216857,173183,101294,56,No,2012,10,1,283,41,4,0,1,0,0.5699,5530.0,5593.0,383.0,4782.0,1,1,0,0
2012-10-10,Wednesday,6839,608,1815.0,1251.0,946.0,4620.0,2219,195631,145780,114748,18,No,2012,10,2,284,41,4,0,2,0,0.1849,5522.0,4854.0,6839.0,5161.0,2,1,0,0
2012-10-11,Thursday,2219,601,2047.0,1582.0,1076.0,5306.0,0,248993,176076,129028,1,Yes,2012,10,3,285,41,4,0,3,1,0.0,5533.0,5029.0,2219.0,4620.0,0,1,0,0
2012-10-12,Friday,12000,629,2030.0,1677.0,1372.0,5708.0,6292,243453,167427,116235,52,No,2012,10,4,286,41,4,0,4,0,0.5243,5551.0,5211.0,0.0,5306.0,1,1,0,0
2012-10-13,Saturday,6292,706,2438.0,1857.0,1184.0,6185.0,107,262311,217153,112981,1,Yes,2012,10,5,287,41,4,1,5,1,0.0089,5514.0,5733.0,6292.0,5708.0,0,1,0,0
2012-10-14,Sunday,12000,849,2574.0,1885.0,1336.0,6644.0,5356,300205,209521,123549,44,No,2012,10,6,288,41,4,1,6,0,0.4463,5487.0,6179.0,107.0,6185.0,1,1,0,0
2012-10-15,Monday,5356,607,1867.0,1494.0,811.0,4779.0,577,198408,143447,98071,4,Yes,2012,10,0,289,42,4,0,0,1,0.0481,5486.0,5869.0,5356.0,6644.0,0,1,0,0
2012-10-16,Tuesday,12000,622,1678.0,1495.0,812.0,4607.0,7393,198416,141002,96627,61,No,2012,10,1,290,42,4,0,1,0,0.6161,5407.0,5343.0,577.0,4779.0,1,1,0,0
2012-10-17,Wednesday,7393,527,1586.0,1233.0,832.0,4178.0,3215,171680,121692,86522,26,No,2012,10,2,291,42,4,0,2,0,0.2679,5344.0,4521.0,7393.0,4607.0,2,1,0,0
2012-10-18,Thursday,3215,630,1891.0,1631.0,1133.0,5285.0,0,212360,153030,108547,1,Yes,2012,10,3,292,42,4,0,3,1,0.0,5341.0,4690.0,3215.0,4178.0,0,1,0,0
2012-10-19,Friday,12000,756,2302.0,1724.0,1524.0,6306.0,5694,259619,182036,145105,47,No,2012,10,4,293,42,4,0,4,0,0.4745,5426.0,5256.0,0.0,5285.0,1,1,0,0
2012-10-20,Saturday,5694,944,2631.0,1912.0,1528.0,7052.0,0,323804,193455,170525,1,Yes,2012,10,5,294,42,4,1,5,1,0.0,5550.0,6214.0,5694.0,6306.0,0,1,0,0
2012-10-21,Sunday,12000,672,2191.0,1830.0,898.0,5591.0,6409,222745,161476,124095,53,No,2012,10,6,295,42,4,1,6,0,0.5341,5400.0,6316.0,0.0,7052.0,1,1,0,0
2012-10-22,Monday,6409,492,1834.0,1441.0,866.0,4633.0,1776,190425,133557,89713,14,Yes,2012,10,0,296,43,4,0,0,1,0.148,5379.0,5759.0,6409.0,5591.0,0,1,0,0
2012-10-23,Tuesday,12000,497,1840.0,1509.0,729.0,4575.0,7425,204352,146487,90488,61,No,2012,10,1,297,43,4,0,1,0,0.6188,5374.0,4933.0,1776.0,4633.0,1,1,0,0
2012-10-24,Wednesday,7425,613,1664.0,1359.0,1106.0,4742.0,2683,219183,143867,93563,22,No,2012,10,2,298,43,4,0,2,0,0.2236,5455.0,4650.0,7425.0,4575.0,2,1,0,0
2012-10-25,Thursday,2683,542,2123.0,1452.0,1087.0,5204.0,0,228356,185582,125736,1,Yes,2012,10,3,299,43,4,0,3,1,0.0,5443.0,4840.0,2683.0,4742.0,0,1,0,0
2012-10-26,Friday,12000,725,2054.0,1549.0,908.0,5236.0,6764,210575,169614,93426,56,No,2012,10,4,300,43,4,0,4,0,0.5637,5290.0,5061.0,0.0,5204.0,1,1,0,0
2012-10-27,Saturday,6764,804,2373.0,1787.0,1059.0,6023.0,741,268459,182900,120713,6,Yes,2012,10,5,301,43,4,1,5,1,0.0618,5143.0,5488.0,6764.0,5236.0,0,1,0,0
2012-10-28,Sunday,12000,680,2283.0,1797.0,1193.0,5953.0,6047,256541,200803,126939,50,No,2012,10,6,302,43,4,1,6,0,0.5039,5195.0,5737.0,741.0,6023.0,1,1,0,0
2012-10-29,Monday,6047,508,1764.0,1271.0,1105.0,4648.0,1399,204446,153389,88738,11,Yes,2012,10,0,303,44,4,0,0,1,0.1166,5197.0,5541.0,6047.0,5953.0,0,1,0,0
2012-10-30,Tuesday,12000,574,1943.0,1352.0,902.0,4771.0,7229,207501,143998,95593,60,No,2012,10,1,304,44,4,0,1,0,0.6024,5225.0,5124.0,1399.0,4648.0,1,1,0,0
2012-10-31,Wednesday,7229,488,1726.0,1406.0,1222.0,4842.0,2387,192028,151398,96891,19,No,2012,10,2,305,44,4,0,2,0,0.1989,5240.0,4754.0,7229.0,4771.0,2,1,0,0
2012-11-01,Thursday,2387,629,1948.0,1498.0,754.0,4829.0,0,210599,139098,121170,1,Yes,2012,11,3,306,44,4,0,3,1,0.0,5186.0,4814.0,2387.0,4842.0,0,1,0,0
2012-11-02,Friday,12000,806,2458.0,1822.0,1002.0,6088.0,5912,259970,210028,116833,49,No,2012,11,4,307,44,4,0,4,0,0.4927,5308.0,5253.0,0.0,4829.0,1,1,0,0
2012-11-03,Saturday,5912,761,2445.0,1898.0,1043.0,6147.0,0,288714,186616,106672,1,Yes,2012,11,5,308,44,4,1,5,1,0.0,5325.0,5688.0,5912.0,6088.0,0,1,0,0
2012-11-04,Sunday,12000,743,2348.0,1718.0,1004.0,5813.0,6187,248457,165861,136746,51,No,2012,11,6,309,44,4,1,6,0,0.5156,5305.0,6016.0,0.0,6147.0,1,1,0,0
2012-11-05,Monday,6187,576,1772.0,1458.0,852.0,4658.0,1529,202452,161315,87689,12,Yes,2012,11,0,310,45,4,0,0,1,0.1274,5307.0,5539.0,6187.0,5813.0,0,1,0,0
2012-11-06,Tuesday,12000,673,2070.0,1477.0,1197.0,5417.0,6583,246114,147724,121592,54,No,2012,11,1,311,45,4,0,1,0,0.5486,5399.0,5296.0,1529.0,4658.0,1,1,0,0
2012-11-07,Wednesday,6583,566,1631.0,1399.0,949.0,4545.0,2038,195187,145725,111282,16,No,2012,11,2,312,45,4,0,2,0,0.1698,5357.0,4873.0,6583.0,5417.0,2,1,0,0
2012-11-08,Thursday,2038,714,1991.0,1512.0,1145.0,5362.0,0,233980,172606,121702,1,Yes,2012,11,3,313,45,4,0,3,1,0.0,5433.0,5108.0,2038.0,4545.0,0,1,0,0
2012-11-09,Friday,12000,635,1922.0,1707.0,1157.0,5421.0,6579,234866,161142,110411,54,No,2012,11,4,314,45,4,0,4,0,0.5482,5338.0,5109.0,0.0,5362.0,1,1,0,0
2012-11-10,Saturday,6579,765,2334.0,1828.0,1032.0,5959.0,620,263944,184355,142267,5,Yes,2012,11,5,315,45,4,1,5,1,0.0517,5311.0,5581.0,6579.0,5421.0,0,1,0,0
2012-11-11,Sunday,12000,852,2343.0,1941.0,1026.0,6162.0,5838,248313,200702,131440,48,No,2012,11,6,316,45,4,1,6,0,0.4865,5361.0,5847.0,620.0,5959.0,1,1,0,0
2012-11-12,Monday,5838,526,1740.0,1240.0,834.0,4340.0,1498,195411,148292,90646,12,Yes,2012,11,0,317,46,4,0,0,1,0.1248,5315.0,5487.0,5838.0,6162.0,0,1,0,0
2012-11-13,Tuesday,12000,643,1698.0,1433.0,960.0,4734.0,7266,226327,156123,113812,60,No,2012,11,1,318,46,4,0,1,0,0.6055,5218.0,5079.0,1498.0,4340.0,1,1,0,0
2012-11-14,Wednesday,7266,631,2000.0,1668.0,792.0,5091.0,2175,215367,169154,99388,18,No,2012,11,2,319,46,4,0,2,0,0.1812,5296.0,4722.0,7266.0,4734.0,2,1,0,0
2012-11-15,Thursday,2175,504,1968.0,1629.0,925.0,5026.0,0,210996,164397,116304,1,Yes,2012,11,3,320,46,4,0,3,1,0.0,5248.0,4950.0,2175.0,5091.0,0,1,0,0
2012-11-16,Friday,12000,589,2113.0,1736.0,1304.0,5742.0,6258,249723,209638,141258,52,No,2012,11,4,321,46,4,0,4,0,0.5215,5293.0,5286.0,0.0,5026.0,1,1,0,0
2012-11-17,Saturday,6258,678,2217.0,1918.0,1143.0,5956.0,302,245511,186520,134214,2,Yes,2012,11,5,322,46,4,1,5,1,0.0252,5293.0,5575.0,6258.0,5742.0,0,1,0,0
2012-11-18,Sunday,12000,682,2269.0,1961.0,1276.0,6188.0,5812,257954,187732,137972,48,No,2012,11,6,323,46,4,1,6,0,0.4843,5297.0,5962.0,302.0,5956.0,1,1,0,0
2012-11-19,Monday,5812,574,1603.0,1462.0,811.0,4450.0,1362,190929,144908,99468,11,Yes,2012,11,0,324,47,4,0,0,1,0.1135,5312.0,5531.0,5812.0,6188.0,0,1,0,0
2012-11-20,Tuesday,12000,503,1761.0,1375.0,913.0,4552.0,7448,196993,156535,104247,62,No,2012,11,1,325,47,4,0,1,0,0.6207,5286.0,5063.0,1362.0,4450.0,1,1,0,0
2012-11-21,Wednesday,7448,680,1907.0,1618.0,1189.0,5394.0,2054,233672,177956,112450,17,No,2012,11,2,326,47,4,0,2,0,0.1712,5330.0,4799.0,7448.0,4552.0,2,1,0,0
2012-11-22,Thursday,2054,752,2094.0,1638.0,1109.0,5593.0,0,245332,197426,112485,1,Yes,2012,11,3,327,47,4,0,3,1,0.0,5411.0,5180.0,2054.0,5394.0,0,1,0,0
2012-11-23,Friday,12000,535,2109.0,1488.0,1036.0,5168.0,6832,231751,150323,95844,56,No,2012,11,4,328,47,4,0,4,0,0.5693,5329.0,5385.0,0.0,5593.0,1,1,0,0
2012-11-24,Saturday,6832,752,2095.0,1733.0,1042.0,5622.0,1210,247944,178493,123482,10,Yes,2012,11,5,329,47,4,1,5,1,0.1008,5281.0,5461.0,6832.0,5168.0,0,1,0,0
2012-11-25,Sunday,12000,593,2081.0,1665.0,1579.0,5918.0,6082,263735,189210,112706,50,No,2012,11,6,330,47,4,1,6,0,0.5068,5242.0,5569.0,1210.0,5622.0,1,1,0,0
2012-11-26,Monday,6082,672,2013.0,1493.0,844.0,5022.0,1060,208691,151566,104211,8,Yes,2012,11,0,331,48,4,0,0,1,0.0883,5324.0,5521.0,6082.0,5918.0,0,1,0,0
2012-11-27,Tuesday,12000,502,1653.0,1273.0,840.0,4268.0,7732,179983,127873,85692,64,No,2012,11,1,332,48,4,0,1,0,0.6443,5284.0,5069.0,1060.0,5022.0,1,1,0,0
2012-11-28,Wednesday,7732,559,1722.0,1436.0,950.0,4667.0,3065,219461,146310,113165,25,No,2012,11,2,333,48,4,0,2,0,0.2554,5180.0,4652.0,7732.0,4268.0,2,1,0,0
2012-11-29,Thursday,3065,655,1690.0,1556.0,928.0,4829.0,0,216335,161754,93045,1,Yes,2012,11,3,334,48,4,0,3,1,0.0,5071.0,4588.0,3065.0,4667.0,0,1,0,0
2012-11-30,Friday,12000,726,2078.0,1837.0,1034.0,5675.0,6325,231438,176646,137194,52,No,2012,11,4,335,48,4,0,4,0,0.5271,5143.0,5057.0,0.0,4829.0,1,1,0,0
2012-12-01,Saturday,6325,595,1999.0,1741.0,1335.0,5670.0,655,219064,175221,118655,5,Yes,2012,12,5,336,48,4,1,5,1,0.0546,5150.0,5391.0,6325.0,5675.0,0,0,0,0
2012-12-02,Sunday,12000,658,1856.0,1489.0,1194.0,5197.0,6803,222505,162338,124597,56,No,2012,12,6,337,48,4,1,6,0,0.5669,5047.0,5514.0,655.0,5670.0,1,0,0,0
2012-12-03,Monday,6803,444,1688.0,1217.0,936.0,4285.0,2518,175216,122226,82318,20,No,2012,12,0,338,49,4,0,0,0,0.2098,4942.0,5051.0,6803.0,5197.0,2,0,0,0
2012-12-04,Tuesday,2518,534,1602.0,1325.0,1002.0,4463.0,0,174725,148263,97469,1,Yes,2012,12,1,339,49,4,0,1,1,0.0,4969.0,4648.0,2518.0,4285.0,0,0,0,0
2012-12-05,Wednesday,12000,403,1312.76,1061.0,807.0,3542.0,8458,158585,123011,65978,70,No,2012,12,2,340,49,4,0,2,0,0.7048,4809.0,4097.0,0.0,4463.0,1,0,0,0
2012-12-06,Thursday,8458,574,1798.0,1322.0,747.0,4441.0,4017,190105,136478,84089,33,No,2012,12,3,341,49,4,0,3,0,0.3348,4753.0,4149.0,8458.0,3542.0,2,0,0,0
2012-12-07,Friday,4017,597,1897.0,1441.0,743.0,4678.0,0,182150,161356,99508,1,Yes,2012,12,4,342,49,4,0,4,1,0.0,4611.0,4220.0,4017.0,4441.0,0,0,0,0
2012-12-08,Saturday,12000,616,1713.0,1356.0,926.0,4611.0,7389,213703,155635,91675,61,No,2012,12,5,343,49,4,1,5,0,0.6158,4460.0,4577.0,0.0,4678.0,1,0,0,0
2012-12-09,Sunday,7389,551,1814.0,1383.0,1257.0,5005.0,2384,218846,163593,120492,19,No,2012,12,6,344,49,4,1,6,0,0.1987,4432.0,4765.0,7389.0,4611.0,2,0,0,0
2012-12-10,Monday,2384,446,1573.0,1259.0,969.0,4247.0,0,188417,128549,96410,1,Yes,2012,12,0,345,50,4,0,0,1,0.0,4427.0,4621.0,2384.0,5005.0,0,0,0,0
2012-12-11,Tuesday,12000,678,2002.0,1415.0,950.0,5045.0,6955,231848,161562,124002,57,No,2012,12,1,346,50,4,0,1,0,0.5796,4510.0,4766.0,0.0,4247.0,1,0,0,0
2012-12-12,Wednesday,6955,450,1614.0,1362.0,829.0,4255.0,2700,179979,146263,79203,22,No,2012,12,2,347,50,4,0,2,0,0.225,4612.0,4516.0,6955.0,5045.0,2,0,0,0
2012-12-13,Thursday,2700,445,1560.0,1240.0,1064.0,4309.0,0,168231,150511,100507,1,Yes,2012,12,3,348,50,4,0,3,1,0.0,4593.0,4536.0,2700.0,4255.0,0,0,0,0
2012-12-14,Friday,12000,703,1977.0,1538.0,977.0,5195.0,6805,239367,154387,110426,56,No,2012,12,4,349,50,4,0,4,0,0.5671,4667.0,4586.0,0.0,4309.0,1,0,0,0
2012-12-15,Saturday,6805,710,2129.0,1529.0,1146.0,5514.0,1291,222008,168129,121563,10,Yes,2012,12,5,350,50,4,1,5,1,0.1076,4796.0,5006.0,6805.0,5195.0,0,0,0,0
2012-12-16,Sunday,12000,610,2018.0,1651.0,753.0,5032.0,6968,214526,156872,98332,58,No,2012,12,6,351,50,4,1,6,0,0.5807,4800.0,5247.0,1291.0,5514.0,1,0,0,0
2012-12-17,Monday,6968,424,1572.0,1243.0,893.0,4132.0,2836,179100,132862,83134,23,No,2012,12,0,352,51,4,0,0,0,0.2363,4783.0,4893.0,6968.0,5032.0,2,0,0,0
2012-12-18,Tuesday,2836,472,1741.0,1454.0,933.0,4600.0,0,181642,148274,108299,1,Yes,2012,12,1,353,51,4,0,1,1,0.0,4720.0,4588.0,2836.0,4132.0,0,0,0,0
2012-12-19,Wednesday,12000,528,1547.0,1107.0,872.0,4054.0,7946,169225,130236,89223,66,No,2012,12,2,354,51,4,0,2,0,0.6622,4691.0,4262.0,0.0,4600.0,1,0,0,0
2012-12-20,Thursday,7946,636,1839.0,1410.0,876.0,4761.0,3185,194110,138360,103167,26,No,2012,12,3,355,51,4,0,3,0,0.2654,4755.0,4472.0,7946.0,4054.0,2,0,0,0
2012-12-21,Friday,3185,497,1611.0,1467.0,983.0,4558.0,0,194958,156591,105644,1,Yes,2012,12,4,356,51,4,0,4,1,0.0,4664.0,4458.0,3185.0,4761.0,0,0,0,0
2012-12-22,Saturday,12000,717,2177.0,1546.0,1182.0,5622.0,6378,254889,174153,130855,53,No,2012,12,5,357,51,4,1,5,0,0.5315,4680.0,4980.0,0.0,4558.0,1,0,0,0
2012-12-23,Sunday,6378,660,2017.0,1601.0,1426.0,5704.0,674,253706,203643,121653,5,Yes,2012,12,6,358,51,4,1,6,1,0.0562,4776.0,5295.0,6378.0,5622.0,0,0,0,0
2012-12-24,Monday,12000,509,1650.0,1213.0,763.0,4135.0,7865,168279,125371,79040,65,No,2012,12,0,359,52,4,0,0,0,0.6554,4776.0,5154.0,674.0,5704.0,1,0,0,0
2012-12-25,Tuesday,7865,406,1639.0,1236.0,778.0,4059.0,3806,170482,129911,91309,31,No,2012,12,1,360,52,4,0,1,0,0.3172,4699.0,4633.0,7865.0,4135.0,2,0,0,0
2012-12-26,Wednesday,3806,510,1953.0,1561.0,752.0,4776.0,0,211769,162254,100100,1,Yes,2012,12,2,361,52,4,0,2,1,0.0,4802.0,4323.0,3806.0,4059.0,0,0,0,0
2012-12-27,Thursday,12000,495,1510.0,1127.0,990.0,4122.0,7878,175448,130349,93828,65,No,2012,12,3,362,52,4,0,3,0,0.6565,4711.0,4319.0,0.0,4776.0,1,0,0,0
2012-12-28,Friday,7878,570,1972.0,1409.0,896.0,4847.0,3031,215463,144488,110174,25,No,2012,12,4,363,52,4,0,4,0,0.2526,4752.0,4582.0,7878.0,4122.0,2,0,0,0
2012-12-29,Saturday,3031,712,2119.0,1476.0,863.0,5170.0,0,239330,156197,112564,1,Yes,2012,12,5,364,52,4,1,5,1,0.0,4688.0,4713.0,3031.0,4847.0,0,0,0,0
2012-12-30,Sunday,12000,615,2254.0,1614.0,1033.0,5516.0,6484,229236,191182,133745,54,No,2012,12,6,365,52,4,1,6,0,0.5403,4661.0,5178.0,0.0,5170.0,1,0,0,0
2012-12-31,Monday,6484,414,1474.0,1143.0,1082.0,4113.0,2371,179710,138332,94160,19,No,2012,12,0,366,1,4,0,0,0,0.1976,4658.0,4933.0,6484.0,5516.0,2,0,0,0
2013-01-01,Tuesday,2371,606,1951.0,1422.0,911.0,4890.0,0,213800,152313,105907,1,Yes,2013,1,1,1,1,1,0,1,1,0.0,4776.0,4840.0,2371.0,4113.0,0,0,0,0
2013-01-02,Wednesday,12000,623,1988.0,1387.0,901.0,4899.0,7101,212213,167967,116862,59,No,2013,1,2,2,1,1,0,2,0,0.5918,4794.0,4634.0,0.0,4890.0,1,0,0,0
2013-01-03,Thursday,7101,465,1625.0,1420.0,816.0,4326.0,2775,203487,140366,102240,23,No,2013,1,3,3,1,1,0,3,0,0.2312,4823.0,4705.0,7101.0,4899.0,2,0,0,0
2013-01-04,Friday,2775,548,1807.0,1502.0,1143.0,5000.0,0,213376,147558,110047,1,Yes,2013,1,4,4,1,1,0,4,1,0.0,4845.0,4742.0,2775.0,4326.0,0,0,0,0
2013-01-05,Saturday,12000,659,2257.0,1716.0,947.0,5579.0,6421,250271,153116,100821,53,No,2013,1,5,5,1,1,1,5,0,0.5351,4903.0,4968.0,0.0,5000.0,1,0,0,0
2013-01-06,Sunday,6421,612,1996.0,1554.0,808.0,4970.0,1451,215943,164556,87571,12,Yes,2013,1,6,6,1,1,1,6,1,0.1209,4825.0,5183.0,6421.0,5579.0,0,0,0,0
2013-01-07,Monday,12000,459,1574.0,1290.0,936.0,4259.0,7741,182572,138242,80599,64,No,2013,1,0,7,2,1,0,0,0,0.6451,4846.0,4936.0,1451.0,4970.0,1,0,0,0
2013-01-08,Tuesday,7741,445,1591.0,1325.0,710.0,4071.0,3670,173498,133050,85280,30,No,2013,1,1,8,2,1,0,1,0,0.3058,4729.0,4433.0,7741.0,4259.0,2,0,0,0
2013-01-09,Wednesday,3670,489,1566.0,1401.0,905.0,4361.0,0,184975,144572,78286,1,Yes,2013,1,2,9,2,1,0,2,1,0.0,4652.0,4230.0,3670.0,4071.0,0,0,0,0
2013-01-10,Thursday,12000,494,1778.0,1528.0,835.0,4635.0,7365,207078,167742,111362,61,No,2013,1,3,10,2,1,0,3,0,0.6138,4696.0,4356.0,0.0,4361.0,1,0,0,0
2013-01-11,Friday,7365,512,1702.0,1465.0,845.0,4524.0,2841,203767,145883,83079,23,No,2013,1,4,11,2,1,0,4,0,0.2368,4628.0,4507.0,7365.0,4635.0,2,0,0,0
2013-01-12,Saturday,2841,721,2010.0,1751.0,1152.0,5634.0,0,236899,193700,132160,1,Yes,2013,1,5,12,2,1,1,5,1,0.0,4636.0,4931.0,2841.0,4524.0,0,0,0,0
2013-01-13,Sunday,12000,642,1949.0,1387.0,1083.0,5061.0,6939,219411,158382,98833,57,No,2013,1,6,13,2,1,1,6,0,0.5782,4649.0,5073.0,0.0,5634.0,1,0,0,0
2013-01-14,Monday,6939,434,1473.0,1188.0,995.0,4090.0,2849,159814,115766,76589,23,No,2013,1,0,14,3,1,0,0,0,0.2374,4625.0,4928.0,6939.0,5061.0,2,0,0,0
2013-01-15,Tuesday,2849,660,1770.0,1635.0,984.0,5049.0,0,203411,150696,118762,1,Yes,2013,1,1,15,3,1,0,1,1,0.0,4765.0,4733.0,2849.0,4090.0,0,0,0,0
2013-01-16,Wednesday,12000,490,1650.0,1239.0,847.0,4226.0,7774,180101,125342,97296,64,No,2013,1,2,16,3,1,0,2,0,0.6478,4746.0,4455.0,0.0,5049.0,1,0,0,0
2013-01-17,Thursday,7774,620,1791.0,1387.0,649.0,4447.0,3327,180913,148382,84042,27,No,2013,1,3,17,3,1,0,3,0,0.2772,4719.0,4574.0,7774.0,4226.0,2,0,0,0
2013-01-18,Friday,3327,588,1985.0,1523.0,882.0,4978.0,0,201229,144406,111399,1,Yes,2013,1,4,18,3,1,0,4,1,0.0,4784.0,4550.0,3327.0,4447.0,0,0,0,0
2013-01-19,Saturday,12000,602,1978.0,1425.0,1098.0,5103.0,6897,197863,147410,124100,57,No,2013,1,5,19,3,1,1,5,0,0.5748,4708.0,4843.0,0.0,4978.0,1,0,0,0
2013-01-20,Sunday,6897,660,1744.0,1559.0,953.0,4916.0,1981,220027,157352,118325,16,Yes,2013,1,6,20,3,1,1,6,1,0.1651,4687.0,4999.0,6897.0,5103.0,0,0,0,0
2013-01-21,Monday,12000,451,1365.0,1080.0,725.0,3621.0,8379,157522,121370,79520,69,No,2013,1,0,21,4,1,0,0,0,0.6982,4620.0,4547.0,1981.0,4916.0,1,0,0,0
2013-01-22,Tuesday,8379,449,1720.0,1197.0,1021.0,4387.0,3992,193808,144318,106477,33,No,2013,1,1,22,4,1,0,1,0,0.3327,4525.0,4308.0,8379.0,3621.0,2,0,0,0
2013-01-23,Wednesday,3992,479,1607.0,1333.0,699.0,4118.0,0,182857,131268,89900,1,Yes,2013,1,2,23,4,1,0,2,1,0.0,4510.0,4042.0,3992.0,4387.0,0,0,0,0
2013-01-24,Thursday,12000,608,1682.0,1388.0,1047.0,4725.0,7275,195187,147049,109469,60,No,2013,1,3,24,4,1,0,3,0,0.6062,4550.0,4410.0,0.0,4118.0,1,0,0,0
2013-01-25,Friday,7275,657,1915.0,1503.0,908.0,4983.0,2292,221486,151199,99335,19,No,2013,1,4,25,4,1,0,4,0,0.191,4550.0,4609.0,7275.0,4725.0,2,0,0,0
2013-01-26,Saturday,2292,821,2175.0,1881.0,1153.0,6030.0,0,233093,200140,141270,1,Yes,2013,1,5,26,4,1,1,5,1,0.0,4683.0,5246.0,2292.0,4983.0,0,0,0,0
2013-01-27,Sunday,12000,653,2129.0,1677.0,1016.0,5475.0,6525,225737,184939,121528,54,No,2013,1,6,27,4,1,1,6,0,0.5438,4763.0,5496.0,0.0,6030.0,1,0,0,0
2013-01-28,Monday,6525,576,1523.0,1272.0,898.0,4269.0,2256,198567,142176,101075,18,No,2013,1,0,28,5,1,0,0,0,0.188,4855.0,5258.0,6525.0,5475.0,2,0,0,0
2013-01-29,Tuesday,2256,446,1532.0,1169.0,822.0,3969.0,0,176035,130964,74661,1,Yes,2013,1,1,29,5,1,0,1,1,0.0,4796.0,4571.0,2256.0,4269.0,0,0,0,0
2013-01-30,Wednesday,12000,585,1584.0,1299.0,772.0,4240.0,7760,199799,141118,99499,64,No,2013,1,2,30,5,1,0,2,0,0.6467,4813.0,4159.0,0.0,3969.0,1,0,0,0
2013-01-31,Thursday,7760,567,1555.0,1358.0,684.0,4164.0,3596,183559,138955,90838,29,No,2013,1,3,31,5,1,0,3,0,0.2997,4733.0,4124.0,7760.0,4240.0,2,0,0,0
2013-02-01,Friday,3596,642,1824.0,1362.0,833.0,4661.0,0,185182,135083,98535,1,Yes,2013,2,4,32,5,1,0,4,1,0.0,4687.0,4355.0,3596.0,4164.0,0,0,0,0
2013-02-02,Saturday,12000,745,2105.0,1899.0,1079.0,5828.0,6172,266429,194253,122518,51,No,2013,2,5,33,5,1,1,5,0,0.5143,4658.0,4884.0,0.0,4661.0,1,0,0,0
2013-02-03,Sunday,6172,590,1977.0,1486.0,1122.0,5175.0,997,237760,158484,113653,8,Yes,2013,2,6,34,5,1,1,6,1,0.0831,4615.0,5221.0,6172.0,5828.0,0,0,0,0
2013-02-04,Monday,12000,481,1624.0,1205.0,862.0,4172.0,7828,179545,119554,102016,65,No,2013,2,0,35,6,1,0,0,0,0.6523,4601.0,5058.0,997.0,5175.0,1,0,0,0
2013-02-05,Tuesday,7828,407,1378.0,1078.0,953.0,3816.0,4012,164564,115918,81903,33,No,2013,2,1,36,6,1,0,1,0,0.3343,4579.0,4388.0,7828.0,4172.0,2,0,0,0
2013-02-06,Wednesday,4012,565,1527.0,1221.0,936.0,4249.0,0,190507,144154,75439,1,Yes,2013,2,2,37,6,1,0,2,1,0.0,4581.0,4079.0,4012.0,3816.0,0,0,0,0
2013-02-07,Thursday,12000,584,1734.0,1323.0,849.0,4490.0,7510,196038,144895,99592,62,No,2013,2,3,38,6,1,0,3,0,0.6258,4627.0,4185.0,0.0,4249.0,1,0,0,0
2013-02-08,Friday,7510,639,1711.0,1388.0,1004.0,4742.0,2768,211696,164765,120175,23,No,2013,2,4,39,6,1,0,4,0,0.2307,4639.0,4494.0,7510.0,4490.0,2,0,0,0
2013-02-09,Saturday,2768,725,2075.0,1588.0,1149.0,5537.0,0,244182,189256,102570,1,Yes,2013,2,5,40,6,1,1,5,1,0.0,4597.0,4923.0,2768.0,4742.0,0,0,0,0
2013-02-10,Sunday,12000,711,2433.0,1890.0,1199.0,6233.0,5767,275181,216417,151815,48,No,2013,2,6,41,6,1,1,6,0,0.4806,4748.0,5504.0,0.0,5537.0,1,0,0,0
2013-02-11,Monday,5767,504,1633.0,1204.0,800.0,4141.0,1626,185339,127404,103743,13,Yes,2013,2,0,42,7,1,0,0,1,0.1355,4744.0,5304.0,5767.0,6233.0,0,0,0,0
2013-02-12,Tuesday,12000,544,1654.0,1116.0,809.0,4123.0,7877,184925,117915,102033,65,No,2013,2,1,43,7,1,0,1,0,0.6564,4788.0,4832.0,1626.0,4141.0,1,0,0,0
2013-02-13,Wednesday,7877,465,1465.0,1232.0,911.0,4073.0,3804,178346,137260,81922,31,No,2013,2,2,44,7,1,0,2,0,0.317,4763.0,4112.0,7877.0,4123.0,2,0,0,0
2013-02-14,Thursday,3804,605,1875.0,1443.0,676.0,4599.0,0,191270,143937,110904,1,Yes,2013,2,3,45,7,1,0,3,1,0.0,4778.0,4265.0,3804.0,4073.0,0,0,0,0
2013-02-15,Friday,12000,511,1944.0,1615.0,935.0,5005.0,6995,228867,155243,113034,58,No,2013,2,4,46,7,1,0,4,0,0.5829,4816.0,4559.0,0.0,4599.0,1,0,0,0
2013-02-16,Saturday,6995,646,2000.0,1810.0,1040.0,5496.0,1499,220860,164897,140739,12,Yes,2013,2,5,47,7,1,1,5,1,0.1249,4810.0,5033.0,6995.0,5005.0,0,0,0,0
2013-02-17,Sunday,12000,525,2064.0,1431.0,1116.0,5136.0,6864,237100,157583,100582,57,No,2013,2,6,48,7,1,1,6,0,0.572,4653.0,5212.0,1499.0,5496.0,1,0,0,0
2013-02-18,Monday,6864,420,1545.0,1186.0,1013.0,4164.0,2700,174101,128130,97693,22,No,2013,2,0,49,8,1,0,0,0,0.225,4657.0,4932.0,6864.0,5136.0,2,0,0,0
2013-02-19,Tuesday,2700,553,1736.0,1267.0,826.0,4382.0,0,194095,124318,97837,1,Yes,2013,2,1,50,8,1,0,1,1,0.0,4694.0,4561.0,2700.0,4164.0,0,0,0,0
2013-02-20,Wednesday,12000,445,1627.0,1347.0,789.0,4208.0,7792,185430,138968,104585,64,No,2013,2,2,51,8,1,0,2,0,0.6493,4713.0,4251.0,0.0,4382.0,1,0,0,0
2013-02-21,Thursday,7792,552,1787.0,1204.0,897.0,4440.0,3352,191796,134178,101090,27,No,2013,2,3,52,8,1,0,3,0,0.2793,4690.0,4343.0,7792.0,4208.0,2,0,0,0
2013-02-22,Friday,3352,634,1796.0,1484.0,964.0,4878.0,0,195365,167114,111557,1,Yes,2013,2,4,53,8,1,0,4,1,0.0,4672.0,4509.0,3352.0,4440.0,0,0,0,0
2013-02-23,Saturday,12000,742,2212.0,1685.0,1216.0,5855.0,6145,260704,201986,106735,51,No,2013,2,5,54,8,1,1,5,0,0.5121,4723.0,5058.0,0.0,4878.0,1,0,0,0
2013-02-24,Sunday,6145,627,1825.0,1452.0,937.0,4841.0,1304,197126,154227,102778,10,Yes,2013,2,6,55,8,1,1,6,1,0.1087,4681.0,5191.0,6145.0,5855.0,0,0,0,0
2013-02-25,Monday,12000,451,1363.0,1031.0,868.0,3676.0,8324,158658,122291,71714,69,No,2013,2,0,56,9,1,0,0,0,0.6937,4611.0,4791.0,1304.0,4841.0,1,0,0,0
2013-02-26,Tuesday,8324,523,1795.0,1539.0,832.0,4689.0,3635,199237,155155,97812,30,No,2013,2,1,57,9,1,0,1,0,0.3029,4655.0,4402.0,8324.0,3676.0,2,0,0,0
2013-02-27,Wednesday,3635,619,1834.0,1494.0,600.64,4538.0,0,217350,155902,109100,1,Yes,2013,2,2,58,9,1,0,2,1,0.0,4702.0,4301.0,3635.0,4689.0,0,0,0,0
2013-02-28,Thursday,12000,478,1830.0,1477.0,993.0,4778.0,7222,201210,162023,112151,60,No,2013,2,3,59,9,1,0,3,0,0.6018,4751.0,4668.0,0.0,4538.0,1,0,0,0
2013-03-01,Friday,7222,672,2352.0,1642.0,1084.0,5750.0,1472,245296,196852,101449,12,Yes,2013,3,4,60,9,1,0,4,1,0.1227,4875.0,5022.0,7222.0,4778.0,0,0,0,1
2013-03-02,Saturday,12000,694,2259.0,1531.0,1056.0,5540.0,6460,250897,154767,138127,53,No,2013,3,5,61,9,1,1,5,0,0.5383,4830.0,5356.0,1472.0,5750.0,1,0,0,1
2013-03-03,Sunday,6460,638,2053.0,1667.0,1212.0,5570.0,890,232496,171130,116149,7,Yes,2013,3,6,62,9,1,1,6,1,0.0742,4934.0,5620.0,6460.0,5540.0,0,0,0,1
2013-03-04,Monday,12000,554,1593.0,1260.0,1037.0,4444.0,7556,194271,144461,99788,62,No,2013,3,0,63,10,1,0,0,0,0.6297,5044.0,5185.0,890.0,5570.0,1,0,0,1
2013-03-05,Tuesday,7556,505,1516.0,1215.0,855.0,4091.0,3465,174886,141654,74614,28,No,2013,3,1,64,10,1,0,1,0,0.2888,4959.0,4702.0,7556.0,4444.0,2,0,0,1
2013-03-06,Wednesday,3465,464,1509.0,1187.0,740.0,3900.0,0,182561,121094,77393,1,Yes,2013,3,2,65,10,1,0,2,1,0.0,4868.0,4145.0,3465.0,4091.0,0,0,0,1
2013-03-07,Thursday,12000,574,2091.0,1567.0,873.0,5105.0,6895,221556,161040,120980,57,No,2013,3,3,66,10,1,0,3,0,0.5746,4914.0,4365.0,0.0,3900.0,1,0,0,1
2013-03-08,Friday,6895,715,1993.0,1719.0,910.0,5337.0,1558,219631,152691,129943,12,Yes,2013,3,4,67,10,1,0,4,1,0.1298,4855.0,4781.0,6895.0,5105.0,0,0,0,1
2013-03-09,Saturday,12000,694,2271.0,1757.0,1242.0,5964.0,6036,248192,167545,116089,50,No,2013,3,5,68,10,1,1,5,0,0.503,4916.0,5469.0,1558.0,5337.0,1,0,0,1
2013-03-10,Sunday,6036,610,2325.0,1586.0,1197.0,5718.0,318,257201,157992,107152,2,Yes,2013,3,6,69,10,1,1,6,1,0.0265,4937.0,5673.0,6036.0,5964.0,0,0,0,1
2013-03-11,Monday,12000,619,1693.0,1331.0,895.0,4538.0,7462,199003,145144,92726,62,No,2013,3,0,70,11,1,0,0,0,0.6218,4950.0,5407.0,318.0,5718.0,1,0,0,1
2013-03-12,Tuesday,7462,526,1755.0,1518.0,1119.0,4918.0,2544,193120,159231,117003,21,No,2013,3,1,71,11,1,0,1,0,0.212,5069.0,5058.0,7462.0,4538.0,2,0,0,1
2013-03-13,Wednesday,2544,572,1791.0,1480.0,763.0,4606.0,0,187382,149324,117252,1,Yes,2013,3,2,72,11,1,0,2,1,0.0,5169.0,4687.0,2544.0,4918.0,0,0,0,1
2013-03-14,Thursday,12000,679,1822.0,1464.0,973.0,4938.0,7062,199551,156659,105380,58,No,2013,3,3,73,11,1,0,3,0,0.5885,5146.0,4821.0,0.0,4606.0,1,0,0,1
2013-03-15,Friday,7062,539,1922.0,1626.0,846.0,4933.0,2129,210336,179007,105706,17,No,2013,3,4,74,11,1,0,4,0,0.1774,5088.0,4826.0,7062.0,4938.0,2,0,0,1
2013-03-16,Saturday,2129,667,2218.0,1557.0,1316.0,5758.0,0,239364,161824,123384,1,Yes,2013,3,5,75,11,1,1,5,1,0.0,5058.0,5210.0,2129.0,4933.0,0,0,0,1
2013-03-17,Sunday,12000,706,2236.0,1946.0,1239.0,6127.0,5873,266540,187374,150135,48,No,2013,3,6,76,11,1,1,6,0,0.4894,5117.0,5606.0,0.0,5758.0,1,0,0,1
2013-03-18,Monday,5873,517,1581.0,1260.0,851.0,4209.0,1664,171199,125653,104993,13,Yes,2013,3,0,77,12,1,0,0,1,0.1387,5070.0,5365.0,5873.0,6127.0,0,0,0,1
2013-03-19,Tuesday,12000,645,2000.0,1602.0,1045.0,5292.0,6708,223638,177404,95760,55,No,2013,3,1,78,12,1,0,1,0,0.559,5123.0,5209.0,1664.0,4209.0,1,0,0,1
2013-03-20,Wednesday,6708,514,1846.0,1278.0,1047.0,4685.0,2023,191247,149146,107863,16,No,2013,3,2,79,12,1,0,2,0,0.1686,5135.0,4729.0,6708.0,5292.0,2,0,0,1
2013-03-21,Thursday,2023,670,2010.0,1353.0,945.0,4978.0,0,199520,162042,94022,1,Yes,2013,3,3,80,12,1,0,3,1,0.0,5140.0,4985.0,2023.0,4685.0,0,0,0,1
2013-03-22,Friday,12000,542,1876.0,1627.0,1258.0,5303.0,6697,210573,160408,120475,55,No,2013,3,4,81,12,1,0,4,0,0.5581,5193.0,4989.0,0.0,4978.0,1,0,0,1
2013-03-23,Saturday,6697,780,2285.0,2040.0,1244.0,6349.0,348,282692,185882,136521,2,Yes,2013,3,5,82,12,1,1,5,1,0.029,5278.0,5543.0,6697.0,5303.0,0,0,0,1
2013-03-24,Sunday,12000,739,1981.0,1829.0,1008.0,5557.0,6443,245627,187807,119558,53,No,2013,3,6,83,12,1,1,6,0,0.5369,5196.0,5736.0,348.0,6349.0,1,0,0,1
2013-03-25,Monday,6443,584,1659.0,1276.0,721.0,4240.0,2203,175206,123288,100215,18,No,2013,3,0,84,13,1,0,0,0,0.1836,5201.0,5382.0,6443.0,5557.0,2,0,0,1
2013-03-26,Tuesday,2203,654,1892.0,1521.0,883.0,4950.0,0,204876,141470,107102,1,Yes,2013,3,1,85,13,1,0,1,1,0.0,5152.0,4916.0,2203.0,4240.0,0,0,0,1
2013-03-27,Wednesday,12000,534,2013.0,1622.0,890.0,5059.0,6941,226719,142438,116540,57,No,2013,3,2,86,13,1,0,2,0,0.5784,5205.0,4750.0,0.0,4950.0,1,0,0,1
2013-03-28,Thursday,6941,610,1913.0,1521.0,1269.0,5313.0,1628,244230,169073,121515,13,Yes,2013,3,3,87,13,1,0,3,1,0.1357,5253.0,5107.0,6941.0,5059.0,0,0,0,1
2013-03-29,Friday,12000,605,2082.0,1796.0,1046.0,5529.0,6471,236691,195022,119121,53,No,2013,3,4,88,13,1,0,4,0,0.5392,5285.0,5300.0,1628.0,5313.0,1,0,0,1
2013-03-30,Saturday,6471,710,2341.0,1906.0,1031.0,5988.0,483,249555,183894,112022,4,Yes,2013,3,5,89,13,1,1,5,1,0.0402,5234.0,5610.0,6471.0,5529.0,0,0,0,1
2013-03-31,Sunday,12000,740,2318.0,1865.0,984.0,5907.0,6093,252474,180249,130059,50,No,2013,3,6,90,13,1,1,6,0,0.5078,5284.0,5808.0,483.0,5988.0,1,0,0,1
2013-04-01,Monday,6093,479,1658.0,1328.0,1257.0,4722.0,1371,202878,163716,111572,11,Yes,2013,4,0,91,14,2,0,0,1,0.1142,5353.0,5539.0,6093.0,5907.0,0,0,0,1
2013-04-02,Tuesday,12000,592,1693.0,1531.0,829.0,4645.0,7355,206795,156287,101724,61,No,2013,4,1,92,14,2,0,1,0,0.6129,5309.0,5091.0,1371.0,4722.0,1,0,0,1
2013-04-03,Wednesday,7355,442,1720.0,1335.0,924.0,4421.0,2934,197942,135762,87242,24,No,2013,4,2,93,14,2,0,2,0,0.2445,5218.0,4596.0,7355.0,4645.0,2,0,0,1
2013-04-04,Thursday,2934,555,1791.0,1597.0,904.0,4847.0,0,197440,143088,95420,1,Yes,2013,4,3,94,14,2,0,3,1,0.0,5151.0,4638.0,2934.0,4421.0,0,0,0,1
2013-04-05,Friday,12000,650,2049.0,1752.0,1266.0,5717.0,6283,262433,180324,115775,52,No,2013,4,4,95,14,2,0,4,0,0.5236,5178.0,4995.0,0.0,4847.0,1,0,0,1
2013-04-06,Saturday,6283,776,2221.0,2019.0,1125.0,6141.0,142,250058,196945,112714,1,Yes,2013,4,5,96,14,2,1,5,1,0.0118,5200.0,5568.0,6283.0,5717.0,0,0,0,1
2013-04-07,Sunday,12000,712,2244.0,1817.0,868.0,5641.0,6359,259092,173909,107988,52,No,2013,4,6,97,14,2,1,6,0,0.5299,5162.0,5833.0,142.0,6141.0,1,0,0,1
2013-04-08,Monday,6359,461,1759.0,1287.0,888.0,4395.0,1964,199772,149751,77991,16,Yes,2013,4,0,98,15,2,0,0,1,0.1637,5115.0,5392.0,6359.0,5641.0,0,0,0,1
2013-04-09,Tuesday,12000,653,1934.0,1585.0,721.0,4893.0,7107,223308,172023,97865,59,No,2013,4,1,99,15,2,0,1,0,0.5923,5151.0,4976.0,1964.0,4395.0,1,0,0,1
2013-04-10,Wednesday,7107,619,1773.0,1446.0,1009.0,4847.0,2260,208654,170126,116232,18,No,2013,4,2,100,15,2,0,2,0,0.1883,5212.0,4712.0,7107.0,4893.0,2,0,0,1
2013-04-11,Thursday,2260,650,1880.0,1496.0,872.0,4898.0,0,207609,146000,88403,1,Yes,2013,4,3,101,15,2,0,3,1,0.0,5219.0,4879.0,2260.0,4847.0,0,0,0,1
2013-04-12,Friday,12000,642,1804.0,1593.0,1076.0,5115.0,6885,220607,158827,125751,57,No,2013,4,4,102,15,2,0,4,0,0.5738,5133.0,4953.0,0.0,4898.0,1,0,0,1
2013-04-13,Saturday,6885,716,2204.0,1935.0,1279.0,6134.0,751,280967,172940,129157,6,Yes,2013,4,5,103,15,2,1,5,1,0.0626,5132.0,5382.0,6885.0,5115.0,0,0,0,1
2013-04-14,Sunday,12000,644,2366.0,1593.0,1173.0,5776.0,6224,252717,166849,132069,51,No,2013,4,6,104,15,2,1,6,0,0.5187,5151.0,5675.0,751.0,6134.0,1,0,0,1
2013-04-15,Monday,6224,583,1835.0,1416.0,917.0,4751.0,1473,205859,135035,112017,12,Yes,2013,4,0,105,16,2,0,0,1,0.1228,5202.0,5554.0,6224.0,5776.0,0,0,0,1
2013-04-16,Tuesday,12000,656,1929.0,1477.0,1062.0,5124.0,6876,204283,169113,97268,57,No,2013,4,1,106,16,2,0,1,0,0.573,5235.0,5217.0,1473.0,4751.0,1,0,0,1
2013-04-17,Wednesday,6876,594,1676.0,1247.0,1063.0,4580.0,2296,202621,155402,90560,19,No,2013,4,2,107,16,2,0,2,0,0.1913,5197.0,4818.0,6876.0,5124.0,2,0,0,1
2013-04-18,Thursday,2296,616,1573.0,1269.0,986.0,4444.0,0,182940,130818,99060,1,Yes,2013,4,3,108,16,2,0,3,1,0.0,5132.0,4716.0,2296.0,4580.0,0,0,0,1
2013-04-19,Friday,12000,638,2119.0,1477.0,946.0,5180.0,6820,238123,176985,94964,56,No,2013,4,4,109,16,2,0,4,0,0.5683,5141.0,4735.0,0.0,4444.0,1,0,0,1
2013-04-20,Saturday,6820,788,2395.0,1911.0,791.0,5885.0,935,258330,179487,136243,7,Yes,2013,4,5,110,16,2,1,5,1,0.0779,5106.0,5170.0,6820.0,5180.0,0,0,0,1
2013-04-21,Sunday,12000,641,2056.0,1864.0,1195.0,5756.0,6244,256218,173368,117892,52,No,2013,4,6,111,16,2,1,6,0,0.5203,5103.0,5607.0,935.0,5885.0,1,0,0,1
2013-04-22,Monday,6244,553,1650.0,1225.0,1000.0,4428.0,1816,188742,130377,111522,15,Yes,2013,4,0,112,17,2,0,0,1,0.1513,5057.0,5356.0,6244.0,5756.0,0,0,0,1
2013-04-23,Tuesday,12000,592,1727.0,1374.0,1065.0,4758.0,7242,196584,171459,118158,60,No,2013,4,1,113,17,2,0,1,0,0.6035,5004.0,4981.0,1816.0,4428.0,1,0,0,1
2013-04-24,Wednesday,7242,556,1901.0,1445.0,828.0,4730.0,2512,201908,136423,110894,20,No,2013,4,2,114,17,2,0,2,0,0.2093,5026.0,4639.0,7242.0,4758.0,2,0,0,1
2013-04-25,Thursday,2512,608,1825.0,1423.0,1097.0,4953.0,0,221203,159563,88987,1,Yes,2013,4,3,115,17,2,0,3,1,0.0,5099.0,4814.0,2512.0,4730.0,0,0,0,1
2013-04-26,Friday,12000,544,2047.0,1544.0,1150.0,5285.0,6715,232998,155673,105663,55,No,2013,4,4,116,17,2,0,4,0,0.5596,5114.0,4989.0,0.0,4953.0,1,0,0,1
2013-04-27,Saturday,6715,599,2302.0,1763.0,1323.0,5987.0,728,255695,177788,136221,6,Yes,2013,4,5,117,17,2,1,5,1,0.0607,5128.0,5408.0,6715.0,5285.0,0,0,0,1
2013-04-28,Sunday,12000,622,2226.0,1728.0,870.0,5446.0,6554,250081,183746,105988,54,No,2013,4,6,118,17,2,1,6,0,0.5462,5084.0,5573.0,728.0,5987.0,1,0,0,1
2013-04-29,Monday,6554,508,1839.0,1598.0,972.0,4917.0,1637,195364,143885,115783,13,Yes,2013,4,0,119,18,2,0,0,1,0.1364,5154.0,5450.0,6554.0,5446.0,0,0,0,1
2013-04-30,Tuesday,12000,550,1856.0,1359.0,906.0,4671.0,7329,185134,158576,87738,61,No,2013,4,1,120,18,2,0,1,0,0.6108,5141.0,5011.0,1637.0,4917.0,1,0,0,1
2013-05-01,Wednesday,7329,427,1619.0,1369.0,830.0,4245.0,3084,181838,134387,94319,25,No,2013,5,2,121,18,2,0,2,0,0.257,5072.0,4611.0,7329.0,4671.0,2,0,0,1
2013-05-02,Thursday,3084,545,1851.0,1361.0,812.0,4569.0,0,205151,129860,92937,1,Yes,2013,5,3,122,18,2,0,3,1,0.0,5017.0,4495.0,3084.0,4245.0,0,0,0,1
2013-05-03,Friday,12000,679,2104.0,1563.0,1157.0,5503.0,6497,232735,153404,102294,54,No,2013,5,4,123,18,2,0,4,0,0.5414,5048.0,4772.0,0.0,4569.0,1,0,0,1
2013-05-04,Saturday,6497,726,2065.0,1529.0,1150.0,5470.0,1027,236167,156543,107364,8,Yes,2013,5,5,124,18,2,1,5,1,0.0856,4974.0,5181.0,6497.0,5503.0,0,0,0,1
2013-05-05,Sunday,12000,595,2130.0,1679.0,953.0,5357.0,6643,234481,161909,110943,55,No,2013,5,6,125,18,2,1,6,0,0.5536,4962.0,5443.0,1027.0,5470.0,1,0,0,1
2013-05-06,Monday,6643,536,1724.0,1440.0,902.0,4602.0,2041,197282,152324,100897,17,No,2013,5,0,126,19,2,0,0,0,0.1701,4917.0,5143.0,6643.0,5357.0,2,0,0,1
2013-05-07,Tuesday,2041,570,1531.0,1387.0,817.0,4305.0,0,171221,138725,103010,1,Yes,2013,5,1,127,19,2,0,1,1,0.0,4864.0,4755.0,2041.0,4602.0,0,0,0,1
2013-05-08,Wednesday,12000,463,1645.0,1351.0,1105.0,4564.0,7436,205011,124764,90030,61,No,2013,5,2,128,19,2,0,2,0,0.6197,4910.0,4490.0,0.0,4305.0,1,0,0,1
2013-05-09,Thursday,7436,547,1946.0,1382.0,1191.0,5066.0,2370,227780,156605,122633,19,No,2013,5,3,129,19,2,0,3,0,0.1975,4981.0,4645.0,7436.0,4564.0,2,0,0,1
2013-05-10,Friday,2370,567,1847.0,1712.0,1148.0,5274.0,0,209011,176190,110678,1,Yes,2013,5,4,130,19,2,0,4,1,0.0,4948.0,4968.0,2370.0,5066.0,0,0,0,1
2013-05-11,Saturday,12000,845,2453.0,1966.0,779.0,6043.0,5957,246205,206249,126140,49,No,2013,5,5,131,19,2,1,5,0,0.4964,5030.0,5461.0,0.0,5274.0,1,0,0,1
2013-05-12,Sunday,5957,615,2148.0,1904.0,1143.0,5810.0,147,241894,160819,127934,1,Yes,2013,5,6,132,19,2,1,6,1,0.0122,5095.0,5709.0,5957.0,6043.0,0,0,0,1
2013-05-13,Monday,12000,494,1799.0,1493.0,878.0,4664.0,7336,192745,132778,99686,61,No,2013,5,0,133,20,2,0,0,0,0.6113,5104.0,5506.0,147.0,5810.0,1,0,0,1
2013-05-14,Tuesday,7336,597,1928.0,1510.0,1029.0,5064.0,2272,205149,156829,128121,18,No,2013,5,1,134,20,2,0,1,0,0.1893,5212.0,5179.0,7336.0,4664.0,2,0,0,1
2013-05-15,Wednesday,2272,629,1749.0,1557.0,808.0,4743.0,0,201029,152140,113555,1,Yes,2013,5,2,135,20,2,0,2,1,0.0,5238.0,4824.0,2272.0,5064.0,0,0,0,1
2013-05-16,Thursday,12000,527,1907.0,1347.0,983.0,4764.0,7236,197186,139555,83669,60,No,2013,5,3,136,20,2,0,3,0,0.603,5195.0,4857.0,0.0,4743.0,1,0,0,1
2013-05-17,Friday,7236,526,1748.0,1439.0,1253.0,4966.0,2270,203369,170834,98711,18,No,2013,5,4,137,20,2,0,4,0,0.1892,5151.0,4824.0,7236.0,4764.0,2,0,0,1
2013-05-18,Saturday,2270,782,2373.0,1671.0,1310.0,6136.0,0,277396,203533,124083,1,Yes,2013,5,5,138,20,2,1,5,1,0.0,5164.0,5289.0,2270.0,4966.0,0,0,0,1
2013-05-19,Sunday,12000,789,2107.0,1907.0,1058.0,5861.0,6139,260907,191672,144925,51,No,2013,5,6,139,20,2,1,6,0,0.5116,5171.0,5654.0,0.0,6136.0,1,0,0,1
2013-05-20,Monday,6139,609,1584.0,1301.0,1004.0,4498.0,1641,192373,140186,84837,13,Yes,2013,5,0,140,21,2,0,0,1,0.1368,5147.0,5498.0,6139.0,5861.0,0,0,0,1
2013-05-21,Tuesday,12000,443,1631.0,1205.0,729.0,4008.0,7992,179051,124695,81752,66,No,2013,5,1,141,21,2,0,1,0,0.666,4997.0,4789.0,1641.0,4498.0,1,0,0,1
2013-05-22,Wednesday,7992,550,1663.0,1469.0,791.0,4473.0,3519,196113,130714,111068,29,No,2013,5,2,142,21,2,0,2,0,0.2932,4958.0,4326.0,7992.0,4008.0,2,0,0,1
2013-05-23,Thursday,3519,570,1765.0,1305.0,797.0,4437.0,0,188522,143907,103341,1,Yes,2013,5,3,143,21,2,0,3,1,0.0,4911.0,4306.0,3519.0,4473.0,0,0,0,1
2013-05-24,Friday,12000,676,2017.0,1599.0,1235.0,5527.0,6473,219961,181895,135208,53,No,2013,5,4,144,21,2,0,4,0,0.5394,4991.0,4812.0,0.0,4437.0,1,0,0,1
2013-05-25,Saturday,6473,713,2122.0,1759.0,1429.0,6023.0,450,253759,173922,123342,3,Yes,2013,5,5,145,21,2,1,5,1,0.0375,4975.0,5329.0,6473.0,5527.0,0,0,0,1
2013-05-26,Sunday,12000,734,2336.0,1616.0,1127.0,5813.0,6187,260781,187013,133008,51,No,2013,5,6,146,21,2,1,6,0,0.5156,4968.0,5788.0,450.0,6023.0,1,0,0,1
2013-05-27,Monday,6187,447,1737.0,1237.0,972.0,4393.0,1794,188081,142041,103595,14,Yes,2013,5,0,147,22,2,0,0,1,0.1495,4953.0,5410.0,6187.0,5813.0,0,0,0,1
2013-05-28,Tuesday,12000,563,1669.0,1364.0,1170.0,4766.0,7234,218480,145392,106262,60,No,2013,5,1,148,22,2,0,1,0,0.6028,5062.0,4991.0,1794.0,4393.0,1,0,0,1
2013-05-29,Wednesday,7234,483,1536.0,1143.0,1036.0,4198.0,3036,177359,116552,92797,25,No,2013,5,2,149,22,2,0,2,0,0.253,5022.0,4452.0,7234.0,4766.0,2,0,0,1
2013-05-30,Thursday,3036,464,1850.0,1373.0,839.0,4526.0,0,199249,131695,96558,1,Yes,2013,5,3,150,22,2,0,3,1,0.0,5035.0,4497.0,3036.0,4198.0,0,0,0,1
2013-05-31,Friday,12000,685,2217.0,1628.0,924.0,5454.0,6546,234087,184843,100312,54,No,2013,5,4,151,22,2,0,4,0,0.5455,5025.0,4726.0,0.0,4526.0,1,0,0,1
2013-06-01,Saturday,6546,585,1891.0,1408.0,920.0,4804.0,1742,208257,135919,85276,14,Yes,2013,6,5,152,22,2,1,5,1,0.1452,4851.0,4928.0,6546.0,5454.0,0,0,1,0
2013-06-02,Sunday,12000,587,1620.0,1322.0,900.0,4429.0,7571,200468,146550,87957,63,No,2013,6,6,153,22,2,1,6,0,0.6309,4653.0,4896.0,1742.0,4804.0,1,0,1,0
2013-06-03,Monday,7571,471,1383.0,1069.0,600.64,3480.52,4114,143754,120147,77662,34,No,2013,6,0,154,23,2,0,0,0,0.3428,4519.0,4230.0,7571.0,4429.0,2,0,1,0
2013-06-04,Tuesday,4114,431,1345.0,1112.0,751.0,3639.0,475,161063,114211,86780,3,Yes,2013,6,1,155,23,2,0,1,1,0.0396,4358.0,3842.0,4114.0,3457.0,0,0,1,0
2013-06-05,Wednesday,12000,470,1347.0,1140.0,708.0,3665.0,8335,170624,106471,85530,69,No,2013,6,2,156,23,2,0,2,0,0.6946,4282.0,3587.0,475.0,3639.0,1,0,1,0
2013-06-06,Thursday,8335,393,1312.76,1031.0,726.0,3480.52,5230,134215,97529,69344,43,No,2013,6,3,157,23,2,0,3,0,0.4358,4079.0,3470.0,8335.0,3665.0,2,0,1,0
2013-06-07,Friday,5230,609,1840.0,1322.0,1008.0,4779.0,451,221592,157386,111777,3,Yes,2013,6,4,158,23,2,0,4,1,0.0376,3983.0,3850.0,5230.0,3105.0,0,0,1,0
2013-06-08,Saturday,12000,521,2026.0,1636.0,826.0,5009.0,6991,197191,148201,112243,58,No,2013,6,5,159,23,2,1,5,0,0.5826,4012.0,4298.0,451.0,4779.0,1,0,1,0
2013-06-09,Sunday,6991,495,1683.0,1399.0,794.0,4371.0,2620,193322,137902,101527,21,No,2013,6,6,160,23,2,1,6,0,0.2183,4004.0,4720.0,6991.0,5009.0,2,0,1,0
2013-06-10,Monday,2620,532,1430.0,1157.0,760.0,3879.0,0,184773,126689,77220,1,Yes,2013,6,0,161,24,2,0,0,1,0.0,4064.0,4420.0,2620.0,4371.0,0,0,1,0
2013-06-11,Tuesday,12000,561,1546.0,1200.0,884.0,4191.0,7809,174075,126419,101707,65,No,2013,6,1,162,24,2,0,1,0,0.6508,4143.0,4147.0,0.0,3879.0,1,0,1,0
2013-06-12,Wednesday,7809,506,1517.0,1203.0,600.64,3714.0,4095,163645,114014,90894,34,No,2013,6,2,163,24,2,0,2,0,0.3412,4150.0,3928.0,7809.0,4191.0,2,0,1,0
2013-06-13,Thursday,4095,478,1369.0,1031.0,910.0,3779.0,316,153391,107091,89498,2,Yes,2013,6,3,164,24,2,0,3,1,0.0263,4246.0,3895.0,4095.0,3714.0,0,0,1,0
2013-06-14,Friday,12000,483,1482.0,1148.0,936.0,4049.0,7951,189172,140298,69859,66,No,2013,6,4,165,24,2,0,4,0,0.6626,4142.0,3847.0,316.0,3779.0,1,0,1,0
2013-06-15,Saturday,7951,566,1573.0,1295.0,968.0,4402.0,3549,181815,138645,101491,29,No,2013,6,5,166,24,2,1,5,0,0.2958,4055.0,4077.0,7951.0,4049.0,2,0,1,0
2013-06-16,Sunday,3549,624,1733.0,1489.0,799.0,4645.0,0,200669,135185,106641,1,Yes,2013,6,6,167,24,2,1,6,1,0.0,4094.0,4365.0,3549.0,4402.0,0,0,1,0
2013-06-17,Monday,12000,443,1468.0,1031.0,680.0,3583.0,8417,143222,106456,79411,70,No,2013,6,0,168,25,2,0,0,0,0.7014,4052.0,4210.0,0.0,4645.0,1,0,1,0
2013-06-18,Tuesday,8417,393,1389.0,1036.0,956.0,3766.0,4651,165677,111420,79526,38,No,2013,6,1,169,25,2,0,1,0,0.3876,3991.0,3998.0,8417.0,3583.0,2,0,1,0
2013-06-19,Wednesday,4651,488,1399.0,1187.0,600.64,3639.0,1012,158009,108761,85289,8,Yes,2013,6,2,170,25,2,0,2,1,0.0843,3980.0,3663.0,4651.0,3766.0,0,0,1,0
2013-06-20,Thursday,12000,455,1579.0,1306.0,909.0,4249.0,7751,175470,145860,99580,64,No,2013,6,3,171,25,2,0,3,0,0.6459,4048.0,3885.0,1012.0,3639.0,1,0,1,0
2013-06-21,Friday,7751,500,1737.0,1368.0,938.0,4543.0,3208,191594,144700,107626,26,No,2013,6,4,172,25,2,0,4,0,0.2673,4118.0,4144.0,7751.0,4249.0,2,0,1,0
2013-06-22,Saturday,3208,591,1987.0,1593.0,838.0,5009.0,0,216671,152719,109843,1,Yes,2013,6,5,173,25,2,1,5,1,0.0,4205.0,4600.0,3208.0,4543.0,0,0,1,0
2013-06-23,Sunday,12000,475,1829.0,1543.0,851.0,4698.0,7302,202982,139204,102520,60,No,2013,6,6,174,25,2,1,6,0,0.6085,4212.0,4750.0,0.0,5009.0,1,0,1,0
2013-06-24,Monday,7302,393,1312.76,1031.0,821.0,3506.0,3796,154828,115765,66127,31,No,2013,6,0,175,26,2,0,0,0,0.3163,4201.0,4404.0,7302.0,4698.0,2,0,1,0
2013-06-25,Tuesday,3796,444,1519.0,1280.0,882.0,4125.0,0,173007,127238,93564,1,Yes,2013,6,1,176,26,2,0,1,1,0.0,4253.0,4110.0,3796.0,3506.0,0,0,1,0
2013-06-26,Wednesday,12000,393,1384.0,1031.0,707.0,3480.52,8526,149056,108763,78215,71,No,2013,6,2,177,26,2,0,2,0,0.7105,4229.0,3702.0,0.0,4125.0,1,0,1,0
2013-06-27,Thursday,8526,474,1559.0,1266.0,878.0,4177.0,4349,183792,132689,73176,36,No,2013,6,3,178,26,2,0,3,0,0.3624,4219.0,3925.0,8526.0,3474.0,2,0,1,0
2013-06-28,Friday,4349,567,1717.0,1384.0,636.0,4304.0,45,173421,141965,106213,1,Yes,2013,6,4,179,26,2,0,4,1,0.0038,4185.0,3985.0,4349.0,4177.0,0,0,1,0
2013-06-29,Saturday,12000,682,1873.0,1516.0,1007.0,5078.0,6922,221875,176158,127652,57,No,2013,6,5,180,26,2,1,5,0,0.5768,4195.0,4520.0,45.0,4304.0,1,0,1,0
2013-06-30,Sunday,6922,434,1509.0,1180.0,1128.0,4251.0,2671,195150,132218,92172,22,No,2013,6,6,181,26,2,1,6,0,0.2226,4131.0,4544.0,6922.0,5078.0,2,0,1,0
2013-07-01,Monday,2671,419,1312.76,1031.0,871.0,3512.0,0,146523,115167,67896,1,Yes,2013,7,0,182,27,3,0,0,1,0.0,4132.0,4280.0,2671.0,4251.0,0,0,1,0
2013-07-02,Tuesday,12000,408,1494.0,1169.0,600.64,3661.0,8339,158213,117825,87750,69,No,2013,7,1,183,27,3,0,1,0,0.6949,4065.0,3808.0,0.0,3512.0,1,0,1,0
2013-07-03,Wednesday,8339,459,1487.0,1112.0,600.64,3641.0,4698,142541,123039,82374,39,No,2013,7,2,184,27,3,0,2,0,0.3915,4089.0,3605.0,8339.0,3661.0,2,0,1,0
2013-07-04,Thursday,4698,515,1440.0,1031.0,775.0,3761.0,937,164745,128573,80344,7,Yes,2013,7,3,185,27,3,0,3,1,0.0781,4030.0,3688.0,4698.0,3641.0,0,0,1,0
2013-07-05,Friday,12000,540,1681.0,1280.0,659.0,4160.0,7840,166998,123390,84116,65,No,2013,7,4,186,27,3,0,4,0,0.6533,4009.0,3854.0,937.0,3761.0,1,0,1,0
2013-07-06,Saturday,7840,590,2112.0,1726.0,917.0,5345.0,2495,227146,154055,118552,20,No,2013,7,5,187,27,3,1,5,0,0.2079,4047.0,4422.0,7840.0,4160.0,2,0,1,0
2013-07-07,Sunday,2495,616,1675.0,1428.0,943.0,4662.0,0,198376,142044,100381,1,Yes,2013,7,6,188,27,3,1,6,1,0.0,4106.0,4722.0,2495.0,5345.0,0,0,1,0
2013-07-08,Monday,12000,470,1437.0,1163.0,729.0,3799.0,8201,171464,107921,82870,68,No,2013,7,0,189,28,3,0,0,0,0.6834,4147.0,4602.0,0.0,4662.0,1,0,1,0
2013-07-09,Tuesday,8201,485,1401.0,1092.0,990.0,3968.0,4233,167297,132698,97965,35,No,2013,7,1,190,28,3,0,1,0,0.3528,4191.0,4143.0,8201.0,3799.0,2,0,1,0
2013-07-10,Wednesday,4233,437,1452.0,1063.0,834.0,3786.0,447,160952,118417,67795,3,Yes,2013,7,2,191,28,3,0,2,1,0.0372,4212.0,3851.0,4233.0,3968.0,0,0,1,0
2013-07-11,Thursday,12000,397,1480.0,1078.0,877.0,3832.0,8168,162884,130444,97897,68,No,2013,7,3,192,28,3,0,3,0,0.6807,4222.0,3862.0,447.0,3786.0,1,0,1,0
2013-07-12,Friday,8168,569,1976.0,1467.0,874.0,4886.0,3282,198412,140626,102451,27,No,2013,7,4,193,28,3,0,4,0,0.2735,4325.0,4168.0,8168.0,3832.0,2,0,1,0
2013-07-13,Saturday,3282,492,1519.0,1257.0,1019.0,4287.0,0,199385,130553,95842,1,Yes,2013,7,5,194,28,3,1,5,1,0.0,4174.0,4335.0,3282.0,4886.0,0,0,1,0
2013-07-14,Sunday,12000,592,1788.0,1437.0,1145.0,4962.0,7038,208268,162474,90781,58,No,2013,7,6,195,28,3,1,6,0,0.5865,4217.0,4712.0,0.0,4287.0,1,0,1,0
2013-07-15,Monday,7038,418,1536.0,1225.0,637.0,3816.0,3222,166249,130779,70207,26,No,2013,7,0,196,29,3,0,0,0,0.2685,4220.0,4355.0,7038.0,4962.0,2,0,1,0
2013-07-16,Tuesday,3222,463,1377.0,1049.0,600.64,3480.52,0,142817,101205,79594,1,Yes,2013,7,1,197,29,3,0,1,1,0.0,4134.0,4050.0,3222.0,3816.0,0,0,1,0
2013-07-17,Wednesday,12000,466,1458.0,1270.0,802.0,3996.0,8004,168669,130167,84747,66,No,2013,7,2,198,29,3,0,2,0,0.667,4164.0,3728.0,0.0,3371.0,1,0,1,0
2013-07-18,Thursday,8004,393,1403.0,1134.0,756.0,3665.0,4339,142889,121547,84375,36,No,2013,7,3,199,29,3,0,3,0,0.3616,4140.0,3677.0,8004.0,3996.0,2,0,1,0
2013-07-19,Friday,4339,652,1887.0,1523.0,642.0,4704.0,0,219211,136536,109243,1,Yes,2013,7,4,200,29,3,0,4,1,0.0,4114.0,4122.0,4339.0,3665.0,0,0,1,0
2013-07-20,Saturday,12000,602,1736.0,1313.0,700.0,4351.0,7649,167203,132630,92492,63,No,2013,7,5,201,29,3,1,5,0,0.6374,4124.0,4240.0,0.0,4704.0,1,0,1,0
2013-07-21,Sunday,7649,636,1806.0,1571.0,815.0,4828.0,2821,196027,165897,97403,23,No,2013,7,6,202,29,3,1,6,0,0.2351,4104.0,4628.0,7649.0,4351.0,2,0,1,0
2013-07-22,Monday,2821,435,1316.0,1092.0,869.0,3712.0,0,160839,124013,65346,1,Yes,2013,7,0,203,30,3,0,0,1,0.0,4090.0,4297.0,2821.0,4828.0,0,0,1,0
2013-07-23,Tuesday,12000,484,1528.0,1267.0,610.0,3889.0,8111,153493,109841,86400,67,No,2013,7,1,204,30,3,0,1,0,0.6759,4164.0,4143.0,0.0,3712.0,1,0,1,0
2013-07-24,Wednesday,8111,493,1405.0,1115.0,818.0,3831.0,4280,155428,105055,72231,35,No,2013,7,2,205,30,3,0,2,0,0.3567,4140.0,3811.0,8111.0,3889.0,2,0,1,0
2013-07-25,Thursday,4280,416,1366.0,1171.0,887.0,3840.0,440,168963,131053,90080,3,Yes,2013,7,3,206,30,3,0,3,1,0.0367,4165.0,3853.0,4280.0,3831.0,0,0,1,0
2013-07-26,Friday,12000,522,1520.0,1200.0,600.64,3747.0,8253,180104,112015,69639,68,No,2013,7,4,207,30,3,0,4,0,0.6878,4028.0,3806.0,440.0,3840.0,1,0,1,0
2013-07-27,Saturday,8253,701,2073.0,1753.0,941.0,5468.0,2785,232143,190475,114579,23,No,2013,7,5,208,30,3,1,5,0,0.2321,4188.0,4352.0,8253.0,3747.0,2,0,1,0
2013-07-28,Sunday,2785,518,1809.0,1505.0,870.0,4702.0,0,199370,160792,100556,1,Yes,2013,7,6,209,30,3,1,6,1,0.0,4170.0,4639.0,2785.0,5468.0,0,0,1,0
2013-07-29,Monday,12000,432,1411.0,1100.0,741.0,3684.0,8316,161458,118415,75496,69,No,2013,7,0,210,31,3,0,0,0,0.693,4166.0,4618.0,0.0,4702.0,1,0,1,0
2013-07-30,Tuesday,8316,486,1312.76,1031.0,744.0,3480.52,4839,165742,102912,69974,40,No,2013,7,1,211,31,3,0,1,0,0.4032,4107.0,3954.0,8316.0,3684.0,2,0,1,0
2013-07-31,Wednesday,4839,393,1389.0,1059.0,797.0,3638.0,1201,148059,127382,80995,10,Yes,2013,7,2,212,31,3,0,2,1,0.1001,4079.0,3600.0,4839.0,3477.0,0,0,1,0
2013-08-01,Thursday,12000,499,1452.0,1142.0,1035.0,4128.0,7872,164309,128790,86170,65,No,2013,8,3,213,31,3,0,3,0,0.656,4121.0,3748.0,1201.0,3638.0,1,0,1,0
2013-08-02,Friday,7872,660,1928.0,1290.0,882.0,4760.0,3112,202495,135419,113301,25,No,2013,8,4,214,31,3,0,4,0,0.2593,4265.0,4175.0,7872.0,4128.0,2,0,1,0
2013-08-03,Saturday,3112,485,1707.0,1319.0,1107.0,4618.0,0,207748,139270,91232,1,Yes,2013,8,5,215,31,3,1,5,1,0.0,4144.0,4502.0,3112.0,4760.0,0,0,1,0
2013-08-04,Sunday,12000,679,1854.0,1637.0,851.0,5021.0,6979,220785,167329,103298,58,No,2013,8,6,216,31,3,1,6,0,0.5816,4189.0,4800.0,0.0,4618.0,1,0,1,0
2013-08-05,Monday,6979,405,1312.76,1031.0,835.0,3480.52,3620,138171,103382,77619,30,No,2013,8,0,217,32,3,0,0,0,0.3017,4143.0,4333.0,6979.0,5021.0,2,0,1,0
2013-08-06,Tuesday,3620,419,1377.0,1220.0,843.0,3859.0,0,177830,122244,92513,1,Yes,2013,8,1,218,32,3,0,1,1,0.0,4198.0,4080.0,3620.0,3359.0,0,0,1,0
2013-08-07,Wednesday,12000,463,1384.0,1060.0,1016.0,3923.0,8077,179805,128734,85628,67,No,2013,8,2,219,32,3,0,2,0,0.6731,4238.0,3714.0,0.0,3859.0,1,0,1,0
2013-08-08,Thursday,8077,469,1312.76,1106.0,615.0,3480.52,4629,163145,121083,73590,38,No,2013,8,3,220,32,3,0,3,0,0.3858,4141.0,3743.0,8077.0,3923.0,2,0,1,0
2013-08-09,Friday,4629,567,1594.0,1193.0,843.0,4197.0,432,185123,118046,84582,3,Yes,2013,8,4,221,32,3,0,4,1,0.036,4061.0,3856.0,4629.0,3448.0,0,0,1,0
2013-08-10,Saturday,12000,697,1879.0,1398.0,1201.0,5175.0,6825,206512,159410,98338,56,No,2013,8,5,222,32,3,1,5,0,0.5688,4140.0,4273.0,432.0,4197.0,1,0,1,0
2013-08-11,Sunday,6825,529,1715.0,1268.0,922.0,4434.0,2391,187271,130266,97714,19,No,2013,8,6,223,32,3,1,6,0,0.1992,4056.0,4602.0,6825.0,5175.0,2,0,1,0
2013-08-12,Monday,2391,478,1525.0,1136.0,600.64,3728.0,0,151294,135601,78225,1,Yes,2013,8,0,224,33,3,0,0,1,0.0,4109.0,4446.0,2391.0,4434.0,0,0,1,0
2013-08-13,Tuesday,12000,398,1464.0,1169.0,841.0,3872.0,8128,174500,127110,86701,67,No,2013,8,1,225,33,3,0,1,0,0.6773,4111.0,4011.0,0.0,3728.0,1,0,1,0
2013-08-14,Wednesday,8128,465,1379.0,1161.0,600.64,3589.0,4539,156222,99241,85140,37,No,2013,8,2,226,33,3,0,2,0,0.3782,4063.0,3730.0,8128.0,3872.0,2,0,1,0
2013-08-15,Thursday,4539,396,1367.0,1109.0,947.0,3819.0,720,152467,128307,96721,6,Yes,2013,8,3,227,33,3,0,3,1,0.06,4116.0,3760.0,4539.0,3589.0,0,0,1,0
2013-08-16,Friday,12000,525,1803.0,1396.0,894.0,4618.0,7382,213022,160331,88707,61,No,2013,8,4,228,33,3,0,4,0,0.6152,4176.0,4009.0,720.0,3819.0,1,0,1,0
2013-08-17,Saturday,7382,506,2019.0,1578.0,850.0,4953.0,2429,214873,139147,114571,20,No,2013,8,5,229,33,3,1,5,0,0.2024,4145.0,4463.0,7382.0,4618.0,2,0,1,0
2013-08-18,Sunday,2429,682,1871.0,1365.0,1008.0,4926.0,0,227646,162757,99778,1,Yes,2013,8,6,230,33,3,1,6,1,0.0,4215.0,4832.0,2429.0,4953.0,0,0,1,0
2013-08-19,Monday,12000,475,1323.0,1031.0,678.0,3480.52,8585,146008,104884,69965,71,No,2013,8,0,231,34,3,0,0,0,0.7154,4170.0,4431.0,0.0,4926.0,1,0,1,0
2013-08-20,Tuesday,8585,484,1338.0,1103.0,881.0,3806.0,4779,160271,122984,90962,39,No,2013,8,1,232,34,3,0,1,0,0.3982,4161.0,4049.0,8585.0,3415.0,2,0,1,0
2013-08-21,Wednesday,4779,423,1312.76,1031.0,615.0,3480.52,1720,129367,104437,65721,14,Yes,2013,8,2,233,34,3,0,2,1,0.1433,4085.0,3427.0,4779.0,3806.0,0,0,1,0
2013-08-22,Thursday,12000,418,1381.0,1297.0,843.0,3939.0,8061,169017,108561,101899,67,No,2013,8,3,234,34,3,0,3,0,0.6718,4102.0,3601.0,1720.0,3059.0,1,0,1,0
2013-08-23,Friday,8061,527,1676.0,1210.0,1069.0,4482.0,3579,184846,148938,93683,29,No,2013,8,4,235,34,3,0,4,0,0.2982,4083.0,3827.0,8061.0,3939.0,2,0,1,0
2013-08-24,Saturday,3579,566,1942.0,1608.0,1163.0,5279.0,0,223457,160676,122910,1,Yes,2013,8,5,236,34,3,1,5,1,0.0,4129.0,4567.0,3579.0,4482.0,0,0,1,0
2013-08-25,Sunday,12000,584,1882.0,1555.0,719.0,4740.0,7260,193716,162466,107933,60,No,2013,8,6,237,34,3,1,6,0,0.605,4103.0,4834.0,0.0,5279.0,1,0,1,0
2013-08-26,Monday,7260,513,1484.0,1135.0,1053.0,4185.0,3075,188793,132037,104974,25,No,2013,8,0,238,35,3,0,0,0,0.2562,4213.0,4735.0,7260.0,4740.0,2,0,1,0
2013-08-27,Tuesday,3075,429,1393.0,1271.0,873.0,3966.0,0,169381,137878,76851,1,Yes,2013,8,1,239,35,3,0,1,1,0.0,4236.0,4297.0,3075.0,4185.0,0,0,1,0
2013-08-28,Wednesday,12000,393,1355.0,1081.0,699.0,3504.0,8496,157988,110778,77678,70,No,2013,8,2,240,35,3,0,2,0,0.708,4299.0,3885.0,0.0,3966.0,1,0,1,0
2013-08-29,Thursday,8496,457,1386.0,1148.0,627.0,3618.0,4878,145031,106682,79938,40,No,2013,8,3,241,35,3,0,3,0,0.4065,4253.0,3696.0,8496.0,3504.0,2,0,1,0
2013-08-30,Friday,4878,559,1465.0,1141.0,937.0,4102.0,776,190102,141142,73720,6,Yes,2013,8,4,242,35,3,0,4,1,0.0647,4199.0,3741.0,4878.0,3618.0,0,0,1,0
2013-08-31,Saturday,12000,646,1777.0,1437.0,1008.0,4868.0,7132,192612,147833,111245,59,No,2013,8,5,243,35,3,1,5,0,0.5943,4140.0,4196.0,776.0,4102.0,1,0,1,0
2013-09-01,Sunday,7132,638,1927.0,1414.0,1138.0,5117.0,2015,225206,172761,131835,16,No,2013,9,6,244,35,3,1,6,0,0.1679,4194.0,4696.0,7132.0,4868.0,2,0,0,0
2013-09-02,Monday,2015,490,1511.0,1045.0,751.0,3797.0,0,158368,115536,83912,1,Yes,2013,9,0,245,36,3,0,0,1,0.0,4139.0,4594.0,2015.0,5117.0,0,0,0,0
2013-09-03,Tuesday,12000,418,1532.0,1084.0,815.0,3849.0,8151,180261,131756,92174,67,No,2013,9,1,246,36,3,0,1,0,0.6792,4122.0,4254.0,0.0,3797.0,1,0,0,0
2013-09-04,Wednesday,8151,540,1663.0,1192.0,1003.0,4398.0,3753,186198,134901,97002,31,No,2013,9,2,247,36,3,0,2,0,0.3127,4250.0,4015.0,8151.0,3849.0,2,0,0,0
2013-09-05,Thursday,3753,419,1495.0,1164.0,1042.0,4120.0,0,184186,138403,92862,1,Yes,2013,9,3,248,36,3,0,3,1,0.0,4322.0,4122.0,3753.0,4398.0,0,0,0,0
2013-09-06,Friday,12000,598,1837.0,1470.0,841.0,4746.0,7254,192433,146916,120425,60,No,2013,9,4,249,36,3,0,4,0,0.6045,4414.0,4421.0,0.0,4120.0,1,0,0,0
2013-09-07,Saturday,7254,684,2083.0,1777.0,1127.0,5671.0,1583,240170,196133,128615,13,Yes,2013,9,5,250,36,3,1,5,1,0.1319,4528.0,4846.0,7254.0,4746.0,0,0,0,0
2013-09-08,Sunday,12000,554,1848.0,1504.0,1107.0,5013.0,6987,224004,169573,92127,58,No,2013,9,6,251,36,3,1,6,0,0.5822,4513.0,5143.0,1583.0,5671.0,1,0,0,0
2013-09-09,Monday,6987,706,1931.0,1652.0,768.0,5057.0,1930,216313,153222,123236,16,Yes,2013,9,0,252,37,3,0,0,1,0.1608,4693.0,5247.0,6987.0,5013.0,0,0,0,0
2013-09-10,Tuesday,12000,506,1788.0,1407.0,728.0,4429.0,7571,180038,130542,92522,63,No,2013,9,1,253,37,3,0,1,0,0.6309,4776.0,4833.0,1930.0,5057.0,1,0,0,0
2013-09-11,Wednesday,7571,523,1522.0,1165.0,1032.0,4242.0,3329,187447,117223,103942,27,No,2013,9,2,254,37,3,0,2,0,0.2774,4754.0,4576.0,7571.0,4429.0,2,0,0,0
2013-09-12,Thursday,3329,563,1778.0,1390.0,678.0,4409.0,0,187437,152047,108817,1,Yes,2013,9,3,255,37,3,0,3,1,0.0,4795.0,4360.0,3329.0,4242.0,0,0,0,0
2013-09-13,Friday,12000,548,1720.0,1433.0,866.0,4567.0,7433,199974,126053,85295,61,No,2013,9,4,256,37,3,0,4,0,0.6194,4770.0,4406.0,0.0,4409.0,1,0,0,0
2013-09-14,Saturday,7433,645,2215.0,1808.0,823.0,5491.0,1942,248285,184538,107805,16,Yes,2013,9,5,257,37,3,1,5,1,0.1618,4744.0,4822.0,7433.0,4567.0,0,0,0,0
2013-09-15,Sunday,12000,642,2394.0,1780.0,1081.0,5897.0,6103,259309,184097,117194,50,No,2013,9,6,258,37,3,1,6,0,0.5086,4870.0,5318.0,1942.0,5491.0,1,0,0,0
2013-09-16,Monday,6103,445,1549.0,1236.0,1131.0,4361.0,1742,202965,142393,107561,14,Yes,2013,9,0,259,38,3,0,0,1,0.1452,4771.0,5250.0,6103.0,5897.0,0,0,0,0
2013-09-17,Tuesday,12000,486,1713.0,1367.0,1095.0,4661.0,7339,204868,167141,108853,61,No,2013,9,1,260,38,3,0,1,0,0.6116,4804.0,4973.0,1742.0,4361.0,1,0,0,0
2013-09-18,Wednesday,7339,505,1652.0,1250.0,767.0,4174.0,3165,178406,142334,93489,26,No,2013,9,2,261,38,3,0,2,0,0.2638,4794.0,4399.0,7339.0,4661.0,2,0,0,0
2013-09-19,Thursday,3165,550,1754.0,1508.0,871.0,4683.0,0,192215,155189,100993,1,Yes,2013,9,3,262,38,3,0,3,1,0.0,4833.0,4506.0,3165.0,4174.0,0,0,0,0
2013-09-20,Friday,12000,593,1794.0,1442.0,790.0,4619.0,7381,211397,161605,98061,61,No,2013,9,4,263,38,3,0,4,0,0.6151,4841.0,4492.0,0.0,4683.0,1,0,0,0
2013-09-21,Saturday,7381,641,2215.0,1826.0,940.0,5622.0,1759,261997,180146,101966,14,Yes,2013,9,5,264,38,3,1,5,1,0.1466,4860.0,4975.0,7381.0,4619.0,0,0,0,0
2013-09-22,Sunday,12000,682,2492.0,1753.0,1227.0,6154.0,5846,245619,177094,133417,48,No,2013,9,6,265,38,3,1,6,0,0.4872,4896.0,5465.0,1759.0,5622.0,1,0,0,0
2013-09-23,Monday,5846,513,1587.0,1400.0,916.0,4416.0,1430,185830,146362,96481,11,Yes,2013,9,0,266,39,3,0,0,1,0.1192,4904.0,5397.0,5846.0,6154.0,0,0,0,0
2013-09-24,Tuesday,12000,583,1759.0,1504.0,820.0,4666.0,7334,192554,152199,89063,61,No,2013,9,1,267,39,3,0,1,0,0.6112,4905.0,5079.0,1430.0,4416.0,1,0,0,0
2013-09-25,Wednesday,7334,457,1666.0,1326.0,803.0,4252.0,3082,198527,137216,91408,25,No,2013,9,2,268,39,3,0,2,0,0.2568,4916.0,4445.0,7334.0,4666.0,2,0,0,0
2013-09-26,Thursday,3082,597,1713.0,1347.0,754.0,4411.0,0,206066,120391,82564,1,Yes,2013,9,3,269,39,3,0,3,1,0.0,4877.0,4443.0,3082.0,4252.0,0,0,0,0
2013-09-27,Friday,12000,539,1816.0,1345.0,1179.0,4879.0,7121,223192,134430,103008,59,No,2013,9,4,270,39,3,0,4,0,0.5934,4914.0,4514.0,0.0,4411.0,1,0,0,0
2013-09-28,Saturday,7121,585,1740.0,1389.0,874.0,4588.0,2533,175264,123845,86426,21,No,2013,9,5,271,39,3,1,5,0,0.2111,4767.0,4626.0,7121.0,4879.0,2,0,0,0
2013-09-29,Sunday,2533,597,2013.0,1677.0,1247.0,5534.0,0,234616,170834,130358,1,Yes,2013,9,6,272,39,3,1,6,1,0.0,4678.0,5000.0,2533.0,4588.0,0,0,0,0
2013-09-30,Monday,12000,491,1855.0,1342.0,1066.0,4754.0,7246,211705,158825,84143,60,No,2013,9,0,273,40,3,0,0,0,0.6038,4726.0,4959.0,0.0,5534.0,1,0,0,0
2013-10-01,Tuesday,7246,636,1868.0,1561.0,1006.0,5071.0,2175,206275,164314,106927,18,No,2013,10,1,274,40,4,0,1,0,0.1812,4784.0,5120.0,7246.0,4754.0,2,1,0,0
2013-10-02,Wednesday,2175,570,1957.0,1555.0,951.0,5033.0,0,234739,166377,104134,1,Yes,2013,10,2,275,40,4,0,2,1,0.0,4896.0,4953.0,2175.0,5071.0,0,1,0,0
2013-10-03,Thursday,12000,513,1993.0,1538.0,1021.0,5065.0,6935,204239,166217,96815,57,No,2013,10,3,276,40,4,0,3,0,0.5779,4989.0,5056.0,0.0,5033.0,1,1,0,0
2013-10-04,Friday,6935,545,2184.0,1609.0,1023.0,5361.0,1574,209455,180731,98805,13,Yes,2013,10,4,277,40,4,0,4,1,0.1312,5058.0,5153.0,6935.0,5065.0,0,1,0,0
2013-10-05,Saturday,12000,661,2368.0,1822.0,1649.0,6529.0,5471,300188,195784,124003,45,No,2013,10,5,278,40,4,1,5,0,0.4559,5335.0,5652.0,1574.0,5361.0,1,1,0,0
2013-10-06,Sunday,5471,665,2202.0,1747.0,907.0,5521.0,0,241818,147530,130196,1,Yes,2013,10,6,279,40,4,1,6,1,0.0,5333.0,5804.0,5471.0,6529.0,0,1,0,0
2013-10-07,Monday,12000,466,1560.0,1388.0,1045.0,4459.0,7541,190085,154619,97150,62,No,2013,10,0,280,41,4,0,0,0,0.6284,5291.0,5503.0,0.0,5521.0,1,1,0,0
2013-10-08,Tuesday,7541,655,1707.0,1478.0,930.0,4770.0,2771,216691,143873,90340,23,No,2013,10,1,281,41,4,0,1,0,0.2309,5248.0,4917.0,7541.0,4459.0,2,1,0,0
2013-10-09,Wednesday,2771,634,2020.0,1514.0,838.0,5006.0,0,234077,167528,118428,1,Yes,2013,10,2,282,41,4,0,2,1,0.0,5244.0,4745.0,2771.0,4770.0,0,1,0,0
2013-10-10,Thursday,12000,683,1905.0,1510.0,873.0,4971.0,7029,194723,152422,101978,58,No,2013,10,3,283,41,4,0,3,0,0.5858,5231.0,4916.0,0.0,5006.0,1,1,0,0
2013-10-11,Friday,7029,769,2118.0,1717.0,1059.0,5663.0,1366,238836,167555,115323,11,Yes,2013,10,4,284,41,4,0,4,1,0.1138,5274.0,5213.0,7029.0,4971.0,0,1,0,0
2013-10-12,Saturday,12000,813,2404.0,2048.0,964.0,6229.0,5771,262363,191088,118063,48,No,2013,10,5,285,41,4,1,5,0,0.4809,5231.0,5621.0,1366.0,5663.0,1,1,0,0
2013-10-13,Sunday,5771,718,2441.0,1901.0,1479.0,6539.0,0,258001,227282,116210,1,Yes,2013,10,6,286,41,4,1,6,1,0.0,5377.0,6144.0,5771.0,6229.0,0,1,0,0
2013-10-14,Monday,12000,481,1548.0,1275.0,875.0,4179.0,7821,185265,132110,84528,65,No,2013,10,0,287,42,4,0,0,0,0.6518,5337.0,5649.0,0.0,6539.0,1,1,0,0
2013-10-15,Tuesday,7821,564,1923.0,1672.0,979.0,5138.0,2683,211871,150904,107096,22,No,2013,10,1,288,42,4,0,1,0,0.2236,5389.0,5285.0,7821.0,4179.0,2,1,0,0
2013-10-16,Wednesday,2683,629,1874.0,1496.0,1165.0,5164.0,0,225073,158448,99646,1,Yes,2013,10,2,289,42,4,0,2,1,0.0,5412.0,4827.0,2683.0,5138.0,0,1,0,0
2013-10-17,Thursday,12000,487,1709.0,1417.0,1153.0,4766.0,7234,187558,154861,96234,60,No,2013,10,3,290,42,4,0,3,0,0.6028,5383.0,5023.0,0.0,5164.0,1,1,0,0
2013-10-18,Friday,7234,690,2030.0,1675.0,1317.0,5712.0,1522,231859,161981,128971,12,Yes,2013,10,4,291,42,4,0,4,1,0.1268,5390.0,5214.0,7234.0,4766.0,0,1,0,0
2013-10-19,Saturday,12000,780,2700.0,1992.0,1246.0,6718.0,5282,275162,190816,151206,44,No,2013,10,5,292,42,4,1,5,0,0.4402,5459.0,5732.0,1522.0,5712.0,1,1,0,0
2013-10-20,Sunday,5282,861,2406.0,1911.0,1148.0,6326.0,0,292370,200923,142785,1,Yes,2013,10,6,293,42,4,1,6,1,0.0,5429.0,6252.0,5282.0,6718.0,0,1,0,0
2013-10-21,Monday,12000,659,1996.0,1444.0,899.0,4998.0,7002,210355,160406,110438,58,No,2013,10,0,294,43,4,0,0,0,0.5835,5546.0,6014.0,0.0,6326.0,1,1,0,0
2013-10-22,Tuesday,7002,627,2117.0,1703.0,747.0,5194.0,1808,222881,154545,113588,15,Yes,2013,10,1,295,43,4,0,1,1,0.1507,5554.0,5506.0,7002.0,4998.0,0,1,0,0
2013-10-23,Wednesday,12000,563,1868.0,1519.0,1186.0,5136.0,6864,218709,171905,120386,57,No,2013,10,2,296,43,4,0,2,0,0.572,5550.0,5109.0,1808.0,5194.0,1,1,0,0
2013-10-24,Thursday,6864,601,1972.0,1501.0,793.0,4867.0,1997,205034,158268,104395,16,Yes,2013,10,3,297,43,4,0,3,1,0.1664,5564.0,5066.0,6864.0,5136.0,0,1,0,0
2013-10-25,Friday,12000,658,2345.0,1902.0,1025.0,5930.0,6070,264707,204593,128724,50,No,2013,10,4,298,43,4,0,4,0,0.5058,5596.0,5311.0,1997.0,4867.0,1,1,0,0
2013-10-26,Saturday,6070,900,2608.0,1889.0,1359.0,6756.0,0,298891,202257,150861,1,Yes,2013,10,5,299,43,4,1,5,1,0.0,5601.0,5851.0,6070.0,5930.0,0,1,0,0
2013-10-27,Sunday,12000,742,1955.0,1529.0,1084.0,5310.0,6690,223884,152763,123802,55,No,2013,10,6,300,43,4,1,6,0,0.5575,5456.0,5999.0,0.0,6756.0,1,1,0,0
2013-10-28,Monday,6690,626,1985.0,1441.0,860.0,4912.0,1778,195773,147486,86649,14,Yes,2013,10,0,301,44,4,0,0,1,0.1482,5444.0,5659.0,6690.0,5310.0,0,1,0,0
2013-10-29,Tuesday,12000,560,1907.0,1452.0,813.0,4732.0,7268,221990,141693,102566,60,No,2013,10,1,302,44,4,0,1,0,0.6057,5378.0,4985.0,1778.0,4912.0,1,1,0,0
2013-10-30,Wednesday,7268,509,1978.0,1402.0,1010.0,4899.0,2369,209261,153644,104342,19,No,2013,10,2,303,44,4,0,2,0,0.1974,5344.0,4848.0,7268.0,4732.0,2,1,0,0
2013-10-31,Thursday,2369,617,1664.0,1517.0,923.0,4721.0,0,195783,133835,106506,1,Yes,2013,10,3,304,44,4,0,3,1,0.0,5323.0,4784.0,2369.0,4899.0,0,1,0,0
2013-11-01,Friday,12000,730,2290.0,1652.0,938.0,5610.0,6390,232592,164551,126826,53,No,2013,11,4,305,44,4,0,4,0,0.5325,5277.0,5077.0,0.0,4721.0,1,1,0,0
2013-11-02,Saturday,6390,851,2482.0,1783.0,976.0,6092.0,298,245243,199602,155304,2,Yes,2013,11,5,306,44,4,1,5,1,0.0248,5182.0,5474.0,6390.0,5610.0,0,1,0,0
2013-11-03,Sunday,12000,693,2207.0,1953.0,1080.0,5933.0,6067,249200,188793,146737,50,No,2013,11,6,307,44,4,1,6,0,0.5056,5271.0,5878.0,298.0,6092.0,1,1,0,0
2013-11-04,Monday,6067,515,1961.0,1428.0,988.0,4892.0,1175,208162,164603,117528,9,Yes,2013,11,0,308,45,4,0,0,1,0.0979,5268.0,5639.0,6067.0,5933.0,0,1,0,0
2013-11-05,Tuesday,12000,557,1823.0,1424.0,699.0,4503.0,7497,195793,131008,80193,62,No,2013,11,1,309,45,4,0,1,0,0.6248,5236.0,5109.0,1175.0,4892.0,1,1,0,0
2013-11-06,Wednesday,7497,551,2072.0,1528.0,965.0,5116.0,2381,233906,167772,103310,19,No,2013,11,2,310,45,4,0,2,0,0.1984,5267.0,4837.0,7497.0,4503.0,2,1,0,0
2013-11-07,Thursday,2381,630,2070.0,1640.0,1143.0,5483.0,0,237296,166024,105361,1,Yes,2013,11,3,311,45,4,0,3,1,0.0,5376.0,5034.0,2381.0,5116.0,0,1,0,0
2013-11-08,Friday,12000,631,2189.0,1498.0,1044.0,5362.0,6638,226179,160815,98609,55,No,2013,11,4,312,45,4,0,4,0,0.5532,5340.0,5320.0,0.0,5483.0,1,1,0,0
2013-11-09,Saturday,6638,796,2321.0,1832.0,1346.0,6295.0,343,257746,195250,158387,2,Yes,2013,11,5,313,45,4,1,5,1,0.0286,5369.0,5713.0,6638.0,5362.0,0,1,0,0
2013-11-10,Sunday,12000,838,2390.0,1714.0,1075.0,6017.0,5983,274283,183815,125864,49,No,2013,11,6,314,45,4,1,6,0,0.4986,5381.0,5891.0,343.0,6295.0,1,1,0,0
2013-11-11,Monday,5983,526,1815.0,1525.0,756.0,4622.0,1361,193488,138932,112901,11,Yes,2013,11,0,315,46,4,0,0,1,0.1134,5343.0,5645.0,5983.0,6017.0,0,1,0,0
2013-11-12,Tuesday,12000,576,1764.0,1618.0,970.0,4928.0,7072,195791,158126,101654,58,No,2013,11,1,316,46,4,0,1,0,0.5893,5403.0,5189.0,1361.0,4622.0,1,1,0,0
2013-11-13,Wednesday,7072,550,1719.0,1435.0,1174.0,4878.0,2194,196284,158728,119949,18,No,2013,11,2,317,46,4,0,2,0,0.1828,5369.0,4809.0,7072.0,4928.0,2,1,0,0
2013-11-14,Thursday,2194,625,1798.0,1305.0,997.0,4725.0,0,210889,151339,112948,1,Yes,2013,11,3,318,46,4,0,3,1,0.0,5261.0,4844.0,2194.0,4878.0,0,1,0,0
2013-11-15,Friday,12000,674,2223.0,1898.0,1011.0,5806.0,6194,272602,181715,121857,51,No,2013,11,4,319,46,4,0,4,0,0.5162,5324.0,5136.0,0.0,4725.0,1,1,0,0
2013-11-16,Saturday,6194,739,2560.0,1911.0,1649.0,6969.0,0,274013,212952,129257,1,Yes,2013,11,5,320,46,4,1,5,1,0.0,5421.0,5833.0,6194.0,5806.0,0,1,0,0
2013-11-17,Sunday,12000,820,2471.0,1887.0,1107.0,6285.0,5715,253989,195267,132638,47,No,2013,11,6,321,46,4,1,6,0,0.4762,5459.0,6353.0,0.0,6969.0,1,1,0,0
2013-11-18,Monday,5715,607,1807.0,1387.0,997.0,4798.0,917,221628,158193,96446,7,Yes,2013,11,0,322,47,4,0,0,1,0.0764,5484.0,6017.0,5715.0,6285.0,0,1,0,0
2013-11-19,Tuesday,12000,663,2108.0,1581.0,1211.0,5563.0,6437,236575,169564,128940,53,No,2013,11,1,323,47,4,0,1,0,0.5364,5575.0,5549.0,917.0,4798.0,1,1,0,0
2013-11-20,Wednesday,6437,600,1633.0,1474.0,931.0,4638.0,1799,185918,148498,102919,14,Yes,2013,11,2,324,47,4,0,2,1,0.1499,5541.0,5000.0,6437.0,5563.0,0,1,0,0
2013-11-21,Thursday,12000,620,1980.0,1503.0,1023.0,5126.0,6874,214965,153932,104939,57,No,2013,11,3,325,47,4,0,3,0,0.5728,5598.0,5109.0,1799.0,4638.0,1,1,0,0
2013-11-22,Friday,6874,561,2207.0,1502.0,1283.0,5553.0,1321,234102,166302,131628,11,Yes,2013,11,4,326,47,4,0,4,1,0.1101,5562.0,5106.0,6874.0,5126.0,0,1,0,0
2013-11-23,Saturday,12000,744,2505.0,1787.0,1472.0,6508.0,5492,296560,189683,123218,45,No,2013,11,5,327,47,4,1,5,0,0.4577,5496.0,5729.0,1321.0,5553.0,1,1,0,0
2013-11-24,Sunday,5492,705,1992.0,1740.0,1104.0,5541.0,0,226620,166161,107029,1,Yes,2013,11,6,328,47,4,1,6,1,0.0,5390.0,5867.0,5492.0,6508.0,0,1,0,0
2013-11-25,Monday,12000,554,1926.0,1570.0,953.0,5003.0,6997,227084,151388,117996,58,No,2013,11,0,329,48,4,0,0,0,0.5831,5419.0,5684.0,0.0,5541.0,1,1,0,0
2013-11-26,Tuesday,6997,582,1944.0,1634.0,882.0,5042.0,1955,225169,156257,115648,16,Yes,2013,11,1,330,48,4,0,1,1,0.1629,5344.0,5195.0,6997.0,5003.0,0,1,0,0
2013-11-27,Wednesday,12000,537,1941.0,1579.0,1193.0,5250.0,6750,205323,151508,128586,56,No,2013,11,2,331,48,4,0,2,0,0.5625,5432.0,5098.0,1955.0,5042.0,1,1,0,0
2013-11-28,Thursday,6750,559,1986.0,1670.0,1126.0,5341.0,1409,241485,176774,128927,11,Yes,2013,11,3,332,48,4,0,3,1,0.1174,5463.0,5211.0,6750.0,5250.0,0,1,0,0
2013-11-29,Friday,12000,771,2242.0,1716.0,1087.0,5816.0,6184,265941,208787,112581,51,No,2013,11,4,333,48,4,0,4,0,0.5153,5500.0,5469.0,1409.0,5341.0,1,1,0,0
2013-11-30,Saturday,6184,636,2414.0,1861.0,1348.0,6259.0,0,280571,193551,127802,1,Yes,2013,11,5,334,48,4,1,5,1,0.0,5465.0,5805.0,6184.0,5816.0,0,1,0,0
2013-12-01,Sunday,12000,600,1965.0,1442.0,901.0,4908.0,7092,202718,155786,122935,59,No,2013,12,6,335,48,4,1,6,0,0.591,5374.0,5661.0,0.0,6259.0,1,0,0,0
2013-12-02,Monday,7092,453,1597.0,1182.0,1035.0,4267.0,2825,182244,146292,89139,23,No,2013,12,0,336,49,4,0,0,0,0.2354,5269.0,5145.0,7092.0,4908.0,2,0,0,0
2013-12-03,Tuesday,2825,498,1528.0,1177.0,975.0,4178.0,0,189005,132825,99928,1,Yes,2013,12,1,337,49,4,0,1,1,0.0,5146.0,4451.0,2825.0,4267.0,0,0,0,0
2013-12-04,Wednesday,12000,565,1512.0,1294.0,668.0,4039.0,7961,167909,131088,72227,66,No,2013,12,2,338,49,4,0,2,0,0.6634,4973.0,4161.0,0.0,4178.0,1,0,0,0
2013-12-05,Thursday,7961,635,1842.0,1483.0,600.64,4543.0,3418,203042,153343,106247,28,No,2013,12,3,339,49,4,0,3,0,0.2848,4859.0,4253.0,7961.0,4039.0,2,0,0,0
2013-12-06,Friday,3418,658,1833.0,1558.0,795.0,4844.0,0,217767,168438,93531,1,Yes,2013,12,4,340,49,4,0,4,1,0.0,4720.0,4475.0,3418.0,4543.0,0,0,0,0
2013-12-07,Saturday,12000,782,2284.0,1736.0,1125.0,5927.0,6073,227538,202619,142912,50,No,2013,12,5,341,49,4,1,5,0,0.5061,4672.0,5105.0,0.0,4844.0,1,0,0,0
2013-12-08,Sunday,6073,740,2199.0,1595.0,1023.0,5557.0,516,247545,174473,114340,4,Yes,2013,12,6,342,49,4,1,6,1,0.043,4765.0,5443.0,6073.0,5927.0,0,0,0,0
2013-12-09,Monday,12000,452,1708.0,1365.0,716.0,4241.0,7759,169588,131736,84926,64,No,2013,12,0,343,50,4,0,0,0,0.6466,4761.0,5242.0,516.0,5557.0,1,0,0,0
2013-12-10,Tuesday,7759,480,1566.0,1347.0,800.0,4193.0,3566,175792,133513,92383,29,No,2013,12,1,344,50,4,0,1,0,0.2972,4763.0,4664.0,7759.0,4241.0,2,0,0,0
2013-12-11,Wednesday,3566,544,1664.0,1281.0,1091.0,4580.0,0,195391,165156,82852,1,Yes,2013,12,2,345,50,4,0,2,1,0.0,4841.0,4338.0,3566.0,4193.0,0,0,0,0
2013-12-12,Thursday,12000,623,1873.0,1246.0,869.0,4611.0,7389,210131,133144,91873,61,No,2013,12,3,346,50,4,0,3,0,0.6158,4850.0,4461.0,0.0,4580.0,1,0,0,0
2013-12-13,Friday,7389,486,1761.0,1476.0,996.0,4719.0,2670,195735,156914,112261,22,No,2013,12,4,347,50,4,0,4,0,0.2225,4833.0,4637.0,7389.0,4611.0,2,0,0,0
2013-12-14,Saturday,2670,750,2193.0,1810.0,797.0,5550.0,0,244096,165315,118545,1,Yes,2013,12,5,348,50,4,1,5,1,0.0,4779.0,4960.0,2670.0,4719.0,0,0,0,0
2013-12-15,Sunday,12000,600,1659.0,1338.0,805.0,4402.0,7598,176044,145003,87231,63,No,2013,12,6,349,50,4,1,6,0,0.6332,4614.0,4890.0,0.0,5550.0,1,0,0,0
2013-12-16,Monday,7598,548,1677.0,1169.0,832.0,4226.0,3372,184282,134616,95727,28,No,2013,12,0,350,51,4,0,0,0,0.281,4612.0,4726.0,7598.0,4402.0,2,0,0,0
2013-12-17,Tuesday,3372,575,1559.0,1435.0,875.0,4444.0,0,191024,139178,82576,1,Yes,2013,12,1,351,51,4,0,1,1,0.0,4647.0,4357.0,3372.0,4226.0,0,0,0,0
2013-12-18,Wednesday,12000,399,1369.0,1187.0,735.0,3690.0,8310,161981,116006,72206,69,No,2013,12,2,352,51,4,0,2,0,0.6925,4520.0,4120.0,0.0,4444.0,1,0,0,0
2013-12-19,Thursday,8310,507,1768.0,1502.0,776.0,4553.0,3757,186126,128327,100381,31,No,2013,12,3,353,51,4,0,3,0,0.3131,4512.0,4229.0,8310.0,3690.0,2,0,0,0
2013-12-20,Friday,3757,537,1870.0,1403.0,1138.0,4948.0,0,198739,149589,118835,1,Yes,2013,12,4,354,51,4,0,4,1,0.0,4545.0,4397.0,3757.0,4553.0,0,0,0,0
2013-12-21,Saturday,12000,577,1935.0,1643.0,1101.0,5256.0,6744,241881,183273,122288,56,No,2013,12,5,355,51,4,1,5,0,0.562,4503.0,4919.0,0.0,4948.0,1,0,0,0
2013-12-22,Sunday,6744,749,2163.0,1742.0,758.0,5412.0,1332,227880,158999,138176,11,Yes,2013,12,6,356,51,4,1,6,1,0.111,4647.0,5205.0,6744.0,5256.0,0,0,0,0
2013-12-23,Monday,12000,521,1512.0,1291.0,901.0,4225.0,7775,186785,142541,81823,64,No,2013,12,0,357,52,4,0,0,0,0.6479,4647.0,4964.0,1332.0,5412.0,1,0,0,0
2013-12-24,Tuesday,7775,582,1738.0,1311.0,1004.0,4635.0,3140,207372,148688,94359,26,No,2013,12,1,358,52,4,0,1,0,0.2617,4674.0,4757.0,7775.0,4225.0,2,0,0,0
2013-12-25,Wednesday,3140,458,1637.0,1360.0,1049.0,4504.0,0,210037,140202,92668,1,Yes,2013,12,2,359,52,4,0,2,1,0.0,4790.0,4455.0,3140.0,4635.0,0,0,0,0
2013-12-26,Thursday,12000,598,1559.0,1284.0,909.0,4350.0,7650,206633,131547,104433,63,No,2013,12,3,360,52,4,0,3,0,0.6375,4761.0,4496.0,0.0,4504.0,1,0,0,0
2013-12-27,Friday,7650,653,1956.0,1669.0,816.0,5094.0,2556,208614,153053,107401,21,No,2013,12,4,361,52,4,0,4,0,0.213,4782.0,4649.0,7650.0,4350.0,2,0,0,0
2013-12-28,Saturday,2556,750,2154.0,1714.0,795.0,5413.0,0,222935,152196,107945,1,Yes,2013,12,5,362,52,4,1,5,1,0.0,4805.0,4952.0,2556.0,5094.0,0,0,0,0
2013-12-29,Sunday,12000,568,1951.0,1653.0,921.0,5093.0,6907,244523,155950,111675,57,No,2013,12,6,363,52,4,1,6,0,0.5756,4759.0,5200.0,0.0,5413.0,1,0,0,0
2013-12-30,Monday,6907,393,1498.0,1164.0,748.0,3801.0,3106,169808,121115,74266,25,No,2013,12,0,364,1,4,0,0,0,0.2588,4699.0,4769.0,6907.0,5093.0,2,0,0,0
2013-12-31,Tuesday,3106,546,1603.0,1325.0,884.0,4358.0,0,183233,127780,108549,1,Yes,2013,12,1,365,1,4,0,1,1,0.0,4659.0,4417.0,3106.0,3801.0,0,0,0,0
2014-01-01,Wednesday,12000,426,1593.0,1280.0,946.0,4245.0,7755,178679,135169,109095,64,No,2014,1,2,1,1,1,0,2,0,0.6462,4622.0,4135.0,0.0,4358.0,1,0,0,0
2014-01-02,Thursday,7755,484,1678.0,1373.0,966.0,4501.0,3254,206882,146363,104342,27,No,2014,1,3,2,1,1,0,3,0,0.2712,4644.0,4368.0,7755.0,4245.0,2,0,0,0
2014-01-03,Friday,3254,671,1957.0,1376.0,1047.0,5051.0,0,221897,169034,100434,1,Yes,2014,1,4,3,1,1,0,4,1,0.0,4637.0,4599.0,3254.0,4501.0,0,0,0,0
2014-01-04,Saturday,12000,793,2233.0,1814.0,1370.0,6210.0,5790,267894,170630,135907,48,No,2014,1,5,4,1,1,1,5,0,0.4825,4751.0,5254.0,0.0,5051.0,1,0,0,0
2014-01-05,Sunday,5790,767,2212.0,1622.0,897.0,5498.0,292,232651,181377,129246,2,Yes,2014,1,6,5,1,1,1,6,1,0.0243,4809.0,5586.0,5790.0,6210.0,0,0,0,0
2014-01-06,Monday,12000,589,1647.0,1240.0,784.0,4260.0,7740,192634,149155,107296,64,No,2014,1,0,6,2,1,0,0,0,0.645,4875.0,5323.0,292.0,5498.0,1,0,0,0
2014-01-07,Tuesday,7740,641,1855.0,1516.0,934.0,4946.0,2794,210115,174012,93674,23,No,2014,1,1,7,2,1,0,1,0,0.2328,4959.0,4901.0,7740.0,4260.0,2,0,0,0
2014-01-08,Wednesday,2794,476,1490.0,1282.0,1000.0,4248.0,0,178642,141478,80640,1,Yes,2014,1,2,8,2,1,0,2,1,0.0,4959.0,4485.0,2794.0,4946.0,0,0,0,0
2014-01-09,Thursday,12000,542,1775.0,1434.0,924.0,4675.0,7325,201359,134327,115968,61,No,2014,1,3,9,2,1,0,3,0,0.6104,4984.0,4623.0,0.0,4248.0,1,0,0,0
2014-01-10,Friday,7325,577,1875.0,1671.0,1068.0,5191.0,2134,225811,185194,99745,17,No,2014,1,4,10,2,1,0,4,0,0.1778,5004.0,4705.0,7325.0,4675.0,2,0,0,0
2014-01-11,Saturday,2134,675,2482.0,1773.0,1603.0,6533.0,0,267443,184903,154414,1,Yes,2014,1,5,11,2,1,1,5,1,0.0,5050.0,5466.0,2134.0,5191.0,0,0,0,0
2014-01-12,Sunday,12000,612,1956.0,1453.0,990.0,5011.0,6989,209232,178647,115614,58,No,2014,1,6,12,2,1,1,6,0,0.5824,4981.0,5578.0,0.0,6533.0,1,0,0,0
2014-01-13,Monday,6989,580,1585.0,1360.0,741.0,4266.0,2723,190614,145301,89129,22,No,2014,1,0,13,3,1,0,0,0,0.2269,4981.0,5270.0,6989.0,5011.0,2,0,0,0
2014-01-14,Tuesday,2723,481,1698.0,1300.0,973.0,4452.0,0,185072,125987,103169,1,Yes,2014,1,1,14,3,1,0,1,1,0.0,4911.0,4576.0,2723.0,4266.0,0,0,0,0
2014-01-15,Wednesday,12000,614,1709.0,1200.0,868.0,4391.0,7609,170695,147968,94092,63,No,2014,1,2,15,3,1,0,2,0,0.6341,4931.0,4370.0,0.0,4452.0,1,0,0,0
2014-01-16,Thursday,7609,582,1769.0,1407.0,1037.0,4795.0,2814,208769,147128,87861,23,No,2014,1,3,16,3,1,0,3,0,0.2345,4948.0,4546.0,7609.0,4391.0,2,0,0,0
2014-01-17,Friday,2814,549,2122.0,1505.0,1054.0,5230.0,0,235171,168569,129610,1,Yes,2014,1,4,17,3,1,0,4,1,0.0,4954.0,4805.0,2814.0,4795.0,0,0,0,0
2014-01-18,Saturday,12000,662,2628.0,1782.0,1341.0,6413.0,5587,266494,215247,132141,46,No,2014,1,5,18,3,1,1,5,0,0.4656,4937.0,5479.0,0.0,5230.0,1,0,0,0
2014-01-19,Sunday,5587,700,1804.0,1414.0,1131.0,5049.0,538,206388,147771,91491,4,Yes,2014,1,6,19,3,1,1,6,1,0.0448,4942.0,5564.0,5587.0,6413.0,0,0,0,0
2014-01-20,Monday,12000,393,1367.0,1031.0,1002.0,3771.0,8229,162941,111008,77629,68,No,2014,1,0,20,4,1,0,0,0,0.6858,4872.0,5078.0,538.0,5049.0,1,0,0,0
2014-01-21,Tuesday,8229,689,1949.0,1446.0,931.0,5015.0,3214,219559,143361,93159,26,No,2014,1,1,21,4,1,0,1,0,0.2678,4952.0,4612.0,8229.0,3771.0,2,0,0,0
2014-01-22,Wednesday,3214,456,1459.0,1152.0,1042.0,4109.0,0,163250,133803,97970,1,Yes,2014,1,2,22,4,1,0,2,1,0.0,4912.0,4298.0,3214.0,5015.0,0,0,0,0
2014-01-23,Thursday,12000,487,1757.0,1356.0,810.0,4410.0,7590,192964,125896,89640,63,No,2014,1,3,23,4,1,0,3,0,0.6325,4857.0,4511.0,0.0,4109.0,1,0,0,0
2014-01-24,Friday,7590,573,1965.0,1431.0,1061.0,5030.0,2560,211421,176828,110276,21,No,2014,1,4,24,4,1,0,4,0,0.2133,4828.0,4516.0,7590.0,4410.0,2,0,0,0
2014-01-25,Saturday,2560,591,2126.0,1750.0,1083.0,5550.0,0,261141,173990,124191,1,Yes,2014,1,5,25,4,1,1,5,1,0.0,4705.0,4997.0,2560.0,5030.0,0,0,0,0
2014-01-26,Sunday,12000,528,1964.0,1332.0,1017.0,4841.0,7159,220066,147935,93587,59,No,2014,1,6,26,4,1,1,6,0,0.5966,4675.0,5140.0,0.0,5550.0,1,0,0,0
2014-01-27,Monday,7159,457,1775.0,1289.0,910.0,4431.0,2728,204218,146951,84787,22,No,2014,1,0,27,5,1,0,0,0,0.2273,4769.0,4941.0,7159.0,4841.0,2,0,0,0
2014-01-28,Tuesday,2728,518,1596.0,1320.0,969.0,4403.0,0,176199,125050,101780,1,Yes,2014,1,1,28,5,1,0,1,1,0.0,4682.0,4558.0,2728.0,4431.0,0,0,0,0
2014-01-29,Wednesday,12000,507,1717.0,1549.0,1100.0,4873.0,7127,192889,155018,113300,59,No,2014,1,2,29,5,1,0,2,0,0.5939,4791.0,4569.0,0.0,4403.0,1,0,0,0
2014-01-30,Thursday,7127,593,1729.0,1284.0,1059.0,4665.0,2462,208158,136105,95850,20,No,2014,1,3,30,5,1,0,3,0,0.2052,4828.0,4647.0,7127.0,4873.0,2,0,0,0
2014-01-31,Friday,2462,730,2149.0,1647.0,1125.0,5651.0,0,217451,174472,110298,1,Yes,2014,1,4,31,5,1,0,4,1,0.0,4916.0,5063.0,2462.0,4665.0,0,0,0,0
2014-02-01,Saturday,12000,678,2130.0,1601.0,940.0,5349.0,6651,220805,179016,125704,55,No,2014,2,5,32,5,1,1,5,0,0.5542,4888.0,5222.0,0.0,5651.0,1,0,0,0
2014-02-02,Sunday,6651,598,2186.0,1633.0,1271.0,5688.0,963,241914,164602,115904,8,Yes,2014,2,6,33,5,1,1,6,1,0.0802,5009.0,5563.0,6651.0,5349.0,0,0,0,0
2014-02-03,Monday,12000,493,1685.0,1358.0,790.0,4326.0,7674,188017,126585,89855,63,No,2014,2,0,34,6,1,0,0,0,0.6395,4994.0,5121.0,963.0,5688.0,1,0,0,0
2014-02-04,Tuesday,7674,575,1694.0,1292.0,1076.0,4637.0,3037,214793,145776,97363,25,No,2014,2,1,35,6,1,0,1,0,0.2531,5027.0,4884.0,7674.0,4326.0,2,0,0,0
2014-02-05,Wednesday,3037,493,1582.0,1143.0,941.0,4159.0,0,165482,125556,76860,1,Yes,2014,2,2,36,6,1,0,2,1,0.0,4925.0,4374.0,3037.0,4637.0,0,0,0,0
2014-02-06,Thursday,12000,653,1916.0,1490.0,633.0,4692.0,7308,217867,156892,86831,60,No,2014,2,3,37,6,1,0,3,0,0.609,4929.0,4496.0,0.0,4159.0,1,0,0,0
2014-02-07,Friday,7308,695,2057.0,1763.0,1115.0,5630.0,1678,255881,163715,113483,13,Yes,2014,2,4,38,6,1,0,4,1,0.1398,4926.0,4827.0,7308.0,4692.0,0,0,0,0
2014-02-08,Saturday,12000,601,2017.0,1635.0,825.0,5078.0,6922,202189,177470,126572,57,No,2014,2,5,39,6,1,1,5,0,0.5768,4887.0,5133.0,1678.0,5630.0,1,0,0,0
2014-02-09,Sunday,6922,554,1978.0,1672.0,1093.0,5297.0,1625,222830,182684,125319,13,Yes,2014,2,6,40,6,1,1,6,1,0.1354,4831.0,5335.0,6922.0,5078.0,0,0,0,0
2014-02-10,Monday,12000,445,1616.0,1144.0,843.0,4048.0,7952,183351,134704,97180,66,No,2014,2,0,41,7,1,0,0,0,0.6627,4792.0,4808.0,1625.0,5297.0,1,0,0,0
2014-02-11,Tuesday,7952,482,1586.0,1355.0,949.0,4372.0,3580,181130,122271,80015,29,No,2014,2,1,42,7,1,0,1,0,0.2983,4754.0,4572.0,7952.0,4048.0,2,0,0,0
2014-02-12,Wednesday,3580,435,1517.0,1198.0,1073.0,4223.0,0,172270,143632,104169,1,Yes,2014,2,2,43,7,1,0,2,1,0.0,4763.0,4214.0,3580.0,4372.0,0,0,0,0
2014-02-13,Thursday,12000,662,1835.0,1657.0,1076.0,5230.0,6770,218828,169856,95420,56,No,2014,2,3,44,7,1,0,3,0,0.5642,4840.0,4608.0,0.0,4223.0,1,0,0,0
2014-02-14,Friday,6770,543,1929.0,1647.0,1100.0,5219.0,1551,231547,180382,123740,12,Yes,2014,2,4,45,7,1,0,4,1,0.1292,4781.0,4891.0,6770.0,5230.0,0,0,0,0
2014-02-15,Saturday,12000,672,2146.0,1874.0,1065.0,5757.0,6243,243491,178479,123701,52,No,2014,2,5,46,7,1,1,5,0,0.5202,4878.0,5402.0,1551.0,5219.0,1,0,0,0
2014-02-16,Sunday,6243,696,2134.0,1709.0,1409.0,5948.0,295,260085,167086,127538,2,Yes,2014,2,6,47,7,1,1,6,1,0.0246,4971.0,5641.0,6243.0,5757.0,0,0,0,0
2014-02-17,Monday,12000,580,1638.0,1176.0,957.0,4351.0,7649,184772,127840,88651,63,No,2014,2,0,48,8,1,0,0,0,0.6374,5014.0,5352.0,295.0,5948.0,1,0,0,0
2014-02-18,Tuesday,7649,501,1860.0,1500.0,946.0,4807.0,2842,220472,136575,97761,23,No,2014,2,1,49,8,1,0,1,0,0.2368,5076.0,5035.0,7649.0,4351.0,2,0,0,0
2014-02-19,Wednesday,2842,555,2060.0,1697.0,1038.0,5350.0,0,233297,151331,110402,1,Yes,2014,2,2,50,8,1,0,2,1,0.0,5237.0,4836.0,2842.0,4807.0,0,0,0,0
2014-02-20,Thursday,12000,513,1749.0,1437.0,841.0,4540.0,7460,188475,137087,99971,62,No,2014,2,3,51,8,1,0,3,0,0.6217,5139.0,4899.0,0.0,5350.0,1,0,0,0
2014-02-21,Friday,7460,677,1946.0,1412.0,919.0,4954.0,2506,195618,172630,108769,20,No,2014,2,4,52,8,1,0,4,0,0.2088,5101.0,4948.0,7460.0,4540.0,2,0,0,0
2014-02-22,Saturday,2506,741,2460.0,1862.0,1119.0,6182.0,0,276675,203047,135483,1,Yes,2014,2,5,53,8,1,1,5,1,0.0,5162.0,5225.0,2506.0,4954.0,0,0,0,0
2014-02-23,Sunday,12000,535,2023.0,1659.0,957.0,5174.0,6826,235897,174267,110291,56,No,2014,2,6,54,8,1,1,6,0,0.5688,5051.0,5437.0,0.0,6182.0,1,0,0,0
2014-02-24,Monday,6826,482,1642.0,1428.0,900.0,4452.0,2374,196185,138018,106405,19,No,2014,2,0,55,9,1,0,0,0,0.1978,5066.0,5269.0,6826.0,5174.0,2,0,0,0
2014-02-25,Tuesday,2374,505,1848.0,1582.0,862.0,4797.0,0,216709,148639,107213,1,Yes,2014,2,1,56,9,1,0,1,1,0.0,5064.0,4808.0,2374.0,4452.0,0,0,0,0
2014-02-26,Wednesday,12000,490,1496.0,1241.0,725.0,3952.0,8048,182093,119615,71828,67,No,2014,2,2,57,9,1,0,2,0,0.6707,4864.0,4400.0,0.0,4797.0,1,0,0,0
2014-02-27,Thursday,8048,689,1913.0,1581.0,803.0,4986.0,3062,192371,170692,112334,25,No,2014,2,3,58,9,1,0,3,0,0.2552,4928.0,4578.0,8048.0,3952.0,2,0,0,0
2014-02-28,Friday,3062,530,1848.0,1402.0,1104.0,4884.0,0,200181,152788,107757,1,Yes,2014,2,4,59,9,1,0,4,1,0.0,4918.0,4607.0,3062.0,4986.0,0,0,0,0
2014-03-01,Saturday,12000,820,2433.0,1744.0,1263.0,6260.0,5740,279097,213798,122471,47,No,2014,3,5,60,9,1,1,5,0,0.4783,4929.0,5377.0,0.0,4884.0,1,0,0,1
2014-03-02,Sunday,5740,763,2307.0,2061.0,1295.0,6426.0,0,297022,206848,155942,1,Yes,2014,3,6,61,9,1,1,6,1,0.0,5108.0,5857.0,5740.0,6260.0,0,0,0,1
2014-03-03,Monday,12000,502,1748.0,1230.0,981.0,4461.0,7539,191423,157918,97001,62,No,2014,3,0,62,10,1,0,0,0,0.6282,5109.0,5716.0,0.0,6426.0,1,0,0,1
2014-03-04,Tuesday,7539,626,1725.0,1330.0,944.0,4625.0,2914,203004,156234,79689,24,No,2014,3,1,63,10,1,0,1,0,0.2428,5085.0,5171.0,7539.0,4461.0,2,0,0,1
2014-03-05,Wednesday,2914,485,1745.0,1454.0,894.0,4578.0,0,183535,142880,95805,1,Yes,2014,3,2,64,10,1,0,2,1,0.0,5174.0,4555.0,2914.0,4625.0,0,0,0,1
2014-03-06,Thursday,12000,662,2010.0,1658.0,755.0,5085.0,6915,206355,151309,114742,57,No,2014,3,3,65,10,1,0,3,0,0.5762,5188.0,4763.0,0.0,4578.0,1,0,0,1
2014-03-07,Friday,6915,638,2104.0,1488.0,1091.0,5321.0,1594,254549,182874,125506,13,Yes,2014,3,4,66,10,1,0,4,1,0.1328,5251.0,4995.0,6915.0,5085.0,0,0,0,1
2014-03-08,Saturday,12000,683,2196.0,1760.0,1393.0,6032.0,5968,258282,210471,125839,49,No,2014,3,5,67,10,1,1,5,0,0.4973,5218.0,5479.0,1594.0,5321.0,1,0,0,1
2014-03-09,Sunday,5968,716,2238.0,1732.0,1215.0,5901.0,67,245456,191251,114452,1,Yes,2014,3,6,68,10,1,1,6,1,0.0056,5143.0,5751.0,5968.0,6032.0,0,0,0,1
2014-03-10,Monday,12000,580,1572.0,1305.0,944.0,4401.0,7599,182926,139573,101676,63,No,2014,3,0,69,11,1,0,0,0,0.6332,5135.0,5445.0,67.0,5901.0,1,0,0,1
2014-03-11,Tuesday,7599,550,1556.0,1161.0,909.0,4176.0,3423,169163,139087,107476,28,No,2014,3,1,70,11,1,0,1,0,0.2852,5071.0,4826.0,7599.0,4401.0,2,0,0,1
2014-03-12,Wednesday,3423,571,1864.0,1380.0,1191.0,5006.0,0,206354,149871,113972,1,Yes,2014,3,2,71,11,1,0,2,1,0.0,5132.0,4528.0,3423.0,4176.0,0,0,0,1
2014-03-13,Thursday,12000,551,1934.0,1444.0,998.0,4927.0,7073,218253,142538,96971,58,No,2014,3,3,72,11,1,0,3,0,0.5894,5109.0,4703.0,0.0,5006.0,1,0,0,1
2014-03-14,Friday,7073,747,2018.0,1782.0,903.0,5450.0,1623,229168,187137,118120,13,Yes,2014,3,4,73,11,1,0,4,1,0.1352,5128.0,5128.0,7073.0,4927.0,0,0,0,1
2014-03-15,Saturday,12000,704,2303.0,1876.0,1649.0,6574.0,5426,279762,224908,167627,45,No,2014,3,5,74,11,1,1,5,0,0.4522,5205.0,5650.0,1623.0,5450.0,1,0,0,1
2014-03-16,Sunday,5426,662,2083.0,1451.0,1173.0,5369.0,57,241572,168845,123932,1,Yes,2014,3,6,75,11,1,1,6,1,0.0048,5129.0,5798.0,5426.0,6574.0,0,0,0,1
2014-03-17,Monday,12000,506,1637.0,1311.0,937.0,4391.0,7609,190726,147117,99109,63,No,2014,3,0,76,12,1,0,0,0,0.6341,5128.0,5445.0,57.0,5369.0,1,0,0,1
2014-03-18,Tuesday,7609,586,1973.0,1633.0,884.0,5076.0,2533,226873,162284,106457,21,No,2014,3,1,77,12,1,0,1,0,0.2111,5256.0,4945.0,7609.0,4391.0,2,0,0,1
2014-03-19,Wednesday,2533,523,1782.0,1463.0,874.0,4642.0,0,187033,146186,87611,1,Yes,2014,3,2,78,12,1,0,2,1,0.0,5204.0,4703.0,2533.0,5076.0,0,0,0,1
2014-03-20,Thursday,12000,672,1918.0,1580.0,930.0,5100.0,6900,205772,155325,123549,57,No,2014,3,3,79,12,1,0,3,0,0.575,5229.0,4939.0,0.0,4642.0,1,0,0,1
2014-03-21,Friday,6900,658,2123.0,1770.0,965.0,5516.0,1384,243764,185067,97945,11,Yes,2014,3,4,80,12,1,0,4,1,0.1153,5238.0,5086.0,6900.0,5100.0,0,0,0,1
2014-03-22,Saturday,12000,669,2622.0,2124.0,1186.0,6601.0,5399,286360,211923,134675,44,No,2014,3,5,81,12,1,1,5,0,0.4499,5242.0,5739.0,1384.0,5516.0,1,0,0,1
2014-03-23,Sunday,5399,776,2214.0,1736.0,1037.0,5763.0,0,235830,174791,140166,1,Yes,2014,3,6,82,12,1,1,6,1,0.0,5298.0,5960.0,5399.0,6601.0,0,0,0,1
2014-03-24,Monday,12000,553,1766.0,1458.0,1187.0,4964.0,7036,221837,176944,103523,58,No,2014,3,0,83,13,1,0,0,0,0.5863,5380.0,5776.0,0.0,5763.0,1,0,0,1
2014-03-25,Tuesday,7036,502,1716.0,1402.0,747.0,4367.0,2669,178134,149880,100205,22,No,2014,3,1,84,13,1,0,1,0,0.2224,5279.0,5031.0,7036.0,4964.0,2,0,0,1
2014-03-26,Wednesday,2669,494,1728.0,1442.0,1043.0,4707.0,0,204002,143933,102185,1,Yes,2014,3,2,85,13,1,0,2,1,0.0,5288.0,4679.0,2669.0,4367.0,0,0,0,1
2014-03-27,Thursday,12000,628,2322.0,1593.0,1140.0,5683.0,6317,242568,169758,102516,52,No,2014,3,3,86,13,1,0,3,0,0.5264,5372.0,4919.0,0.0,4707.0,1,0,0,1
2014-03-28,Friday,6317,637,2137.0,1621.0,1071.0,5466.0,851,237015,177810,113893,7,Yes,2014,3,4,87,13,1,0,4,1,0.0709,5364.0,5285.0,6317.0,5683.0,0,0,0,1
2014-03-29,Saturday,12000,578,2066.0,1727.0,1323.0,5694.0,6306,256501,169814,112208,52,No,2014,3,5,88,13,1,1,5,0,0.5255,5235.0,5614.0,851.0,5466.0,1,0,0,1
2014-03-30,Sunday,6306,838,2568.0,1746.0,1275.0,6427.0,0,282771,201991,156835,1,Yes,2014,3,6,89,13,1,1,6,1,0.0,5330.0,5862.0,6306.0,5694.0,0,0,0,1
2014-03-31,Monday,12000,527,1929.0,1428.0,1015.0,4899.0,7101,191286,165624,98365,59,No,2014,3,0,90,14,1,0,0,0,0.5918,5320.0,5673.0,0.0,6427.0,1,0,0,1
2014-04-01,Tuesday,7101,632,1951.0,1499.0,892.0,4974.0,2127,221169,154137,96401,17,No,2014,4,1,91,14,2,0,1,0,0.1772,5407.0,5433.0,7101.0,4899.0,2,0,0,1
2014-04-02,Wednesday,2127,702,1812.0,1616.0,921.0,5051.0,0,219009,145110,124067,1,Yes,2014,4,2,92,14,2,0,2,1,0.0,5456.0,4975.0,2127.0,4974.0,0,0,0,1
2014-04-03,Thursday,12000,749,2036.0,1737.0,1069.0,5591.0,6409,240693,163560,131732,53,No,2014,4,3,93,14,2,0,3,0,0.5341,5443.0,5205.0,0.0,5051.0,1,0,0,1
2014-04-04,Friday,6409,559,1813.0,1589.0,1148.0,5109.0,1300,226662,179530,116503,10,Yes,2014,4,4,94,14,2,0,4,1,0.1083,5392.0,5250.0,6409.0,5591.0,0,0,0,1
2014-04-05,Saturday,12000,751,2363.0,2024.0,1135.0,6273.0,5727,280678,215606,145641,47,No,2014,4,5,95,14,2,1,5,0,0.4772,5475.0,5658.0,1300.0,5109.0,1,0,0,1
2014-04-06,Sunday,5727,731,2175.0,1712.0,1330.0,5948.0,0,263001,186832,121452,1,Yes,2014,4,6,96,14,2,1,6,1,0.0,5406.0,5777.0,5727.0,6273.0,0,0,0,1
2014-04-07,Monday,12000,542,1726.0,1391.0,611.0,4270.0,7730,200765,114905,89872,64,No,2014,4,0,97,15,2,0,0,0,0.6442,5317.0,5497.0,0.0,5948.0,1,0,0,1
2014-04-08,Tuesday,7730,521,1782.0,1418.0,783.0,4504.0,3226,194486,152737,106246,26,No,2014,4,1,98,15,2,0,1,0,0.2688,5249.0,4907.0,7730.0,4270.0,2,0,0,1
2014-04-09,Wednesday,3226,684,2065.0,1397.0,967.0,5113.0,0,204938,141551,93180,1,Yes,2014,4,2,99,15,2,0,2,1,0.0,5258.0,4629.0,3226.0,4504.0,0,0,0,1
2014-04-10,Thursday,12000,627,2319.0,1809.0,1107.0,5862.0,6138,253351,177553,134089,51,No,2014,4,3,100,15,2,0,3,0,0.5115,5297.0,5160.0,0.0,5113.0,1,0,0,1
2014-04-11,Friday,6138,773,2278.0,1581.0,1089.0,5721.0,417,232809,199954,139315,3,Yes,2014,4,4,101,15,2,0,4,1,0.0348,5384.0,5565.0,6138.0,5862.0,0,0,0,1
2014-04-12,Saturday,12000,631,2228.0,1851.0,1275.0,5985.0,6015,264953,203324,126444,50,No,2014,4,5,102,15,2,1,5,0,0.5012,5343.0,5856.0,417.0,5721.0,1,0,0,1
2014-04-13,Sunday,6015,719,2113.0,1853.0,1268.0,5953.0,62,247112,174836,115247,1,Yes,2014,4,6,103,15,2,1,6,1,0.0052,5344.0,5886.0,6015.0,5985.0,0,0,0,1
2014-04-14,Monday,12000,534,1608.0,1236.0,1146.0,4524.0,7476,175316,150250,101168,62,No,2014,4,0,104,16,2,0,0,0,0.623,5380.0,5487.0,62.0,5953.0,1,0,0,1
2014-04-15,Tuesday,7476,532,1757.0,1485.0,1215.0,4989.0,2487,203894,139518,99669,20,No,2014,4,1,105,16,2,0,1,0,0.2072,5450.0,5155.0,7476.0,4524.0,2,0,0,1
2014-04-16,Wednesday,2487,578,1943.0,1322.0,941.0,4784.0,0,208572,142975,90579,1,Yes,2014,4,2,106,16,2,0,2,1,0.0,5403.0,4766.0,2487.0,4989.0,0,0,0,1
2014-04-17,Thursday,12000,626,1955.0,1290.0,908.0,4779.0,7221,193652,148212,96906,60,No,2014,4,3,107,16,2,0,3,0,0.6018,5248.0,4851.0,0.0,4784.0,1,0,0,1
2014-04-18,Friday,7221,644,2181.0,1618.0,1025.0,5468.0,1753,214770,173408,102777,14,Yes,2014,4,4,108,16,2,0,4,1,0.1461,5212.0,5010.0,7221.0,4779.0,0,0,0,1
2014-04-19,Saturday,12000,850,2203.0,1819.0,1403.0,6275.0,5725,287975,225377,131339,47,No,2014,4,5,109,16,2,1,5,0,0.4771,5253.0,5507.0,1753.0,5468.0,1,0,0,1
2014-04-20,Sunday,5725,711,1852.0,1671.0,1043.0,5277.0,448,220290,145116,112269,3,Yes,2014,4,6,110,16,2,1,6,1,0.0373,5157.0,5673.0,5725.0,6275.0,0,0,0,1
2014-04-21,Monday,12000,540,1957.0,1498.0,1127.0,5122.0,6878,215224,185373,115571,57,No,2014,4,0,111,17,2,0,0,0,0.5732,5242.0,5558.0,448.0,5277.0,1,0,0,1
2014-04-22,Tuesday,6878,500,1830.0,1381.0,786.0,4497.0,2381,179965,147716,105105,19,No,2014,4,1,112,17,2,0,1,0,0.1984,5172.0,4965.0,6878.0,5122.0,2,0,0,1
2014-04-23,Wednesday,2381,540,1893.0,1393.0,919.0,4745.0,0,202860,150086,112169,1,Yes,2014,4,2,113,17,2,0,2,1,0.0,5166.0,4788.0,2381.0,4497.0,0,0,0,1
2014-04-24,Thursday,12000,612,2179.0,1450.0,1119.0,5360.0,6640,245515,148265,128722,55,No,2014,4,3,114,17,2,0,3,0,0.5533,5249.0,4867.0,0.0,4745.0,1,0,0,1
2014-04-25,Friday,6640,662,2226.0,1496.0,1097.0,5481.0,1159,232667,181923,107718,9,Yes,2014,4,4,115,17,2,0,4,1,0.0966,5251.0,5195.0,6640.0,5360.0,0,0,0,1
2014-04-26,Saturday,12000,795,2176.0,1823.0,1058.0,5852.0,6148,249074,196453,115665,51,No,2014,4,5,116,17,2,1,5,0,0.5123,5191.0,5564.0,1159.0,5481.0,1,0,0,1
2014-04-27,Sunday,6148,783,2081.0,1744.0,1081.0,5689.0,459,264571,175210,103465,3,Yes,2014,4,6,117,17,2,1,6,1,0.0382,5249.0,5674.0,6148.0,5852.0,0,0,0,1
2014-04-28,Monday,12000,566,1726.0,1342.0,1190.0,4824.0,7176,185914,150349,125633,59,No,2014,4,0,118,18,2,0,0,0,0.598,5207.0,5455.0,459.0,5689.0,1,0,0,1
2014-04-29,Tuesday,7176,641,2017.0,1412.0,865.0,4935.0,2241,202724,153308,91326,18,No,2014,4,1,119,18,2,0,1,0,0.1868,5269.0,5149.0,7176.0,4824.0,2,0,0,1
2014-04-30,Wednesday,2241,646,1850.0,1337.0,908.0,4741.0,0,205485,142754,111051,1,Yes,2014,4,2,120,18,2,0,2,1,0.0,5269.0,4833.0,2241.0,4935.0,0,0,0,1
2014-05-01,Thursday,12000,656,1843.0,1503.0,889.0,4891.0,7109,221035,169739,112099,59,No,2014,5,3,121,18,2,0,3,0,0.5924,5202.0,4856.0,0.0,4741.0,1,0,0,1
2014-05-02,Friday,7109,696,2026.0,1528.0,758.0,5008.0,2101,216894,140601,114915,17,No,2014,5,4,122,18,2,0,4,0,0.1751,5134.0,4880.0,7109.0,4891.0,2,0,0,1
2014-05-03,Saturday,2101,654,2041.0,1428.0,887.0,5010.0,0,220956,144430,104054,1,Yes,2014,5,5,123,18,2,1,5,1,0.0,5014.0,4970.0,2101.0,5008.0,0,0,0,1
2014-05-04,Sunday,12000,593,2226.0,1756.0,873.0,5448.0,6552,216692,188973,135357,54,No,2014,5,6,124,18,2,1,6,0,0.546,4980.0,5155.0,0.0,5010.0,1,0,0,1
2014-05-05,Monday,6552,439,1572.0,1309.0,1005.0,4325.0,2227,183458,151789,85272,18,No,2014,5,0,125,19,2,0,0,0,0.1856,4908.0,4928.0,6552.0,5448.0,2,0,0,1
2014-05-06,Tuesday,2227,567,1700.0,1246.0,882.0,4395.0,0,188828,124223,103737,1,Yes,2014,5,1,126,19,2,0,1,1,0.0,4831.0,4723.0,2227.0,4325.0,0,0,0,1
2014-05-07,Wednesday,12000,539,1713.0,1296.0,1177.0,4725.0,7275,215033,143544,92182,60,No,2014,5,2,127,19,2,0,2,0,0.6062,4829.0,4482.0,0.0,4395.0,1,0,0,1
2014-05-08,Thursday,7275,674,1969.0,1497.0,1198.0,5338.0,1937,226682,162667,98171,16,Yes,2014,5,3,128,19,2,0,3,1,0.1614,4893.0,4819.0,7275.0,4725.0,0,0,0,1
2014-05-09,Friday,12000,639,2008.0,1747.0,1247.0,5641.0,6359,257246,176931,126781,52,No,2014,5,4,129,19,2,0,4,0,0.5299,4983.0,5235.0,1937.0,5338.0,1,0,0,1
2014-05-10,Saturday,6359,851,2628.0,2051.0,884.0,6414.0,0,297748,200806,119050,1,Yes,2014,5,5,130,19,2,1,5,1,0.0,5184.0,5798.0,6359.0,5641.0,0,0,0,1
2014-05-11,Sunday,12000,602,2076.0,1686.0,1177.0,5541.0,6459,239681,159748,106663,53,No,2014,5,6,131,19,2,1,6,0,0.5382,5197.0,5865.0,0.0,6414.0,1,0,0,1
2014-05-12,Monday,6459,490,1730.0,1478.0,885.0,4583.0,1876,191371,146627,91618,15,Yes,2014,5,0,132,20,2,0,0,1,0.1563,5234.0,5513.0,6459.0,5541.0,0,0,0,1
2014-05-13,Tuesday,12000,435,1557.0,1316.0,977.0,4285.0,7715,180165,148954,81512,64,No,2014,5,1,133,20,2,0,1,0,0.6429,5218.0,4803.0,1876.0,4583.0,1,0,0,1
2014-05-14,Wednesday,7715,596,1750.0,1460.0,821.0,4627.0,3088,207438,137746,96646,25,No,2014,5,2,134,20,2,0,2,0,0.2573,5204.0,4498.0,7715.0,4285.0,2,0,0,1
2014-05-15,Thursday,3088,461,1704.0,1357.0,844.0,4366.0,0,186353,118704,86311,1,Yes,2014,5,3,135,20,2,0,3,1,0.0,5065.0,4426.0,3088.0,4627.0,0,0,0,1
2014-05-16,Friday,12000,646,1978.0,1643.0,1229.0,5496.0,6504,241607,157153,121743,54,No,2014,5,4,136,20,2,0,4,0,0.542,5045.0,4830.0,0.0,4366.0,1,0,0,1
2014-05-17,Saturday,6504,698,2403.0,1688.0,1443.0,6232.0,272,273907,208190,137321,2,Yes,2014,5,5,137,20,2,1,5,1,0.0227,5019.0,5365.0,6504.0,5496.0,0,0,0,1
2014-05-18,Sunday,12000,647,2390.0,1966.0,1316.0,6319.0,5681,258743,189325,146743,47,No,2014,5,6,138,20,2,1,6,0,0.4734,5130.0,6016.0,272.0,6232.0,1,0,0,1
2014-05-19,Monday,5681,609,1761.0,1518.0,789.0,4677.0,1004,208470,144220,111384,8,Yes,2014,5,0,139,21,2,0,0,1,0.0837,5143.0,5743.0,5681.0,6319.0,0,0,0,1
2014-05-20,Tuesday,12000,637,2012.0,1439.0,849.0,4937.0,7063,218074,133684,87490,58,No,2014,5,1,140,21,2,0,1,0,0.5886,5236.0,5311.0,1004.0,4677.0,1,0,0,1
2014-05-21,Wednesday,7063,635,1863.0,1512.0,738.0,4748.0,2315,214221,139401,92284,19,No,2014,5,2,141,21,2,0,2,0,0.1929,5254.0,4787.0,7063.0,4937.0,2,0,0,1
2014-05-22,Thursday,2315,460,1644.0,1405.0,1027.0,4536.0,0,199460,152938,110199,1,Yes,2014,5,3,142,21,2,0,3,1,0.0,5278.0,4740.0,2315.0,4748.0,0,0,0,1
2014-05-23,Friday,12000,694,2212.0,1849.0,893.0,5648.0,6352,245491,176060,136491,52,No,2014,5,4,143,21,2,0,4,0,0.5293,5300.0,4977.0,0.0,4536.0,1,0,0,1
2014-05-24,Saturday,6352,762,2469.0,1969.0,1370.0,6570.0,0,268846,202930,127094,1,Yes,2014,5,5,144,21,2,1,5,1,0.0,5348.0,5585.0,6352.0,5648.0,0,0,0,1
2014-05-25,Sunday,12000,877,2424.0,2094.0,1004.0,6399.0,5601,274982,201808,128267,46,No,2014,5,6,145,21,2,1,6,0,0.4668,5359.0,6206.0,0.0,6570.0,1,0,0,1
2014-05-26,Monday,5601,488,1795.0,1469.0,834.0,4586.0,1015,197278,145210,95059,8,Yes,2014,5,0,146,22,2,0,0,1,0.0846,5346.0,5852.0,5601.0,6399.0,0,0,0,1
2014-05-27,Tuesday,12000,614,1685.0,1435.0,790.0,4524.0,7476,203684,156698,87778,62,No,2014,5,1,147,22,2,0,1,0,0.623,5287.0,5170.0,1015.0,4586.0,1,0,0,1
2014-05-28,Wednesday,7476,581,1835.0,1348.0,879.0,4643.0,2833,218050,135190,113417,23,No,2014,5,2,148,22,2,0,2,0,0.2361,5272.0,4584.0,7476.0,4524.0,2,0,0,1
2014-05-29,Thursday,2833,681,2014.0,1619.0,910.0,5224.0,0,212314,179612,97136,1,Yes,2014,5,3,149,22,2,0,3,1,0.0,5371.0,4797.0,2833.0,4643.0,0,0,0,1
2014-05-30,Friday,12000,580,1876.0,1543.0,1298.0,5297.0,6703,229323,166435,108318,55,No,2014,5,4,150,22,2,0,4,0,0.5586,5320.0,5055.0,0.0,5224.0,1,0,0,1
2014-05-31,Saturday,6703,831,2300.0,2102.0,1262.0,6495.0,208,259809,225907,160628,1,Yes,2014,5,5,151,22,2,1,5,1,0.0173,5310.0,5672.0,6703.0,5297.0,0,0,0,1
2014-06-01,Sunday,12000,650,1786.0,1468.0,996.0,4900.0,7100,209144,159437,95271,59,No,2014,6,6,152,22,2,1,6,0,0.5917,5096.0,5564.0,208.0,6495.0,1,0,1,0
2014-06-02,Monday,7100,463,1557.0,1368.0,761.0,4149.0,2951,176361,130490,77833,24,No,2014,6,0,153,23,2,0,0,0,0.2459,5033.0,5181.0,7100.0,4900.0,2,0,1,0
2014-06-03,Tuesday,2951,447,1595.0,1270.0,686.0,3998.0,0,187918,121910,91775,1,Yes,2014,6,1,154,23,2,0,1,1,0.0,4958.0,4349.0,2951.0,4149.0,0,0,1,0
2014-06-04,Wednesday,12000,455,1374.0,1230.0,736.0,3795.0,8205,163443,112398,76267,68,No,2014,6,2,155,23,2,0,2,0,0.6838,4837.0,3981.0,0.0,3998.0,1,0,1,0
2014-06-05,Thursday,8205,483,1441.0,1031.0,779.0,3731.0,4474,162761,118869,71990,37,No,2014,6,3,156,23,2,0,3,0,0.3728,4624.0,3841.0,8205.0,3795.0,2,0,1,0
2014-06-06,Friday,4474,531,1682.0,1233.0,1023.0,4469.0,5,205690,130933,82153,1,Yes,2014,6,4,157,23,2,0,4,1,0.0004,4505.0,3998.0,4474.0,3731.0,0,0,1,0
2014-06-07,Saturday,12000,517,1627.0,1298.0,839.0,4281.0,7719,171346,118167,102409,64,No,2014,6,5,158,23,2,1,5,0,0.6432,4189.0,4160.0,5.0,4469.0,1,0,1,0
2014-06-08,Sunday,7719,506,1471.0,1279.0,939.0,4195.0,3524,188989,121999,78319,29,No,2014,6,6,159,23,2,1,6,0,0.2937,4088.0,4315.0,7719.0,4281.0,2,0,1,0
2014-06-09,Monday,3524,493,1673.0,1489.0,923.0,4578.0,0,199458,156404,91948,1,Yes,2014,6,0,160,24,2,0,0,1,0.0,4150.0,4351.0,3524.0,4195.0,0,0,1,0
2014-06-10,Tuesday,12000,526,1715.0,1253.0,786.0,4280.0,7720,174670,143768,82491,64,No,2014,6,1,161,24,2,0,1,0,0.6433,4190.0,4351.0,0.0,4578.0,1,0,1,0
2014-06-11,Wednesday,7720,522,1482.0,1168.0,623.0,3795.0,3925,149320,130521,77784,32,No,2014,6,2,162,24,2,0,2,0,0.3271,4190.0,4218.0,7720.0,4280.0,2,0,1,0
2014-06-12,Thursday,3925,403,1312.76,1031.0,885.0,3525.0,400,157525,115893,64970,3,Yes,2014,6,3,163,24,2,0,3,1,0.0333,4160.0,3867.0,3925.0,3795.0,0,0,1,0
2014-06-13,Friday,12000,511,1453.0,1250.0,716.0,3930.0,8070,169298,124338,75726,67,No,2014,6,4,164,24,2,0,4,0,0.6725,4083.0,3750.0,400.0,3525.0,1,0,1,0
2014-06-14,Saturday,8070,547,1913.0,1614.0,826.0,4900.0,3170,206719,142497,118170,26,No,2014,6,5,165,24,2,1,5,0,0.2642,4172.0,4118.0,8070.0,3930.0,2,0,1,0
2014-06-15,Sunday,3170,605,1879.0,1572.0,1150.0,5206.0,0,235280,151180,119619,1,Yes,2014,6,6,166,24,2,1,6,1,0.0,4316.0,4679.0,3170.0,4900.0,0,0,1,0
2014-06-16,Monday,12000,545,1568.0,1353.0,756.0,4222.0,7778,189747,153253,79251,64,No,2014,6,0,167,25,2,0,0,0,0.6482,4265.0,4776.0,0.0,5206.0,1,0,1,0
2014-06-17,Tuesday,7778,573,1519.0,1194.0,844.0,4130.0,3648,167528,119250,80425,30,No,2014,6,1,168,25,2,0,1,0,0.304,4244.0,4519.0,7778.0,4222.0,2,0,1,0
2014-06-18,Wednesday,3648,509,1408.0,1092.0,832.0,3841.0,0,164949,116505,93704,1,Yes,2014,6,2,169,25,2,0,2,1,0.0,4251.0,4064.0,3648.0,4130.0,0,0,1,0
2014-06-19,Thursday,12000,554,1763.0,1433.0,601.0,4351.0,7649,181876,124948,83287,63,No,2014,6,3,170,25,2,0,3,0,0.6374,4369.0,4107.0,0.0,3841.0,1,0,1,0
2014-06-20,Friday,7649,540,1801.0,1228.0,936.0,4505.0,3144,197971,130722,86023,26,No,2014,6,4,171,25,2,0,4,0,0.262,4451.0,4232.0,7649.0,4351.0,2,0,1,0
2014-06-21,Saturday,3144,693,1934.0,1387.0,1000.0,5014.0,0,208094,175498,105010,1,Yes,2014,6,5,172,25,2,1,5,1,0.0,4467.0,4623.0,3144.0,4505.0,0,0,1,0
2014-06-22,Sunday,12000,449,1647.0,1212.0,986.0,4294.0,7706,178006,130059,102741,64,No,2014,6,6,173,25,2,1,6,0,0.6422,4337.0,4604.0,0.0,5014.0,1,0,1,0
2014-06-23,Monday,7706,430,1372.0,1079.0,612.0,3493.0,4213,154453,112805,64640,35,No,2014,6,0,174,26,2,0,0,0,0.3511,4233.0,4267.0,7706.0,4294.0,2,0,1,0
2014-06-24,Tuesday,4213,431,1450.0,1245.0,685.0,3811.0,402,173039,128819,85456,3,Yes,2014,6,1,175,26,2,0,1,1,0.0335,4187.0,3866.0,4213.0,3493.0,0,0,1,0
2014-06-25,Wednesday,12000,472,1536.0,1195.0,600.64,3749.0,8251,172392,132600,88146,68,No,2014,6,2,176,26,2,0,2,0,0.6876,4174.0,3684.0,402.0,3811.0,1,0,1,0
2014-06-26,Thursday,8251,393,1520.0,1089.0,723.0,3709.0,4542,150872,125747,82361,37,No,2014,6,3,177,26,2,0,3,0,0.3785,4082.0,3756.0,8251.0,3749.0,2,0,1,0
2014-06-27,Friday,4542,474,1760.0,1524.0,932.0,4690.0,0,190227,151361,99823,1,Yes,2014,6,4,178,26,2,0,4,1,0.0,4109.0,4049.0,4542.0,3709.0,0,0,1,0
2014-06-28,Saturday,12000,600,1657.0,1558.0,920.0,4735.0,7265,220502,133809,99150,60,No,2014,6,5,179,26,2,1,5,0,0.6054,4069.0,4378.0,0.0,4690.0,1,0,1,0
2014-06-29,Sunday,7265,564,1829.0,1233.0,913.0,4539.0,2726,213506,142913,106200,22,No,2014,6,6,180,26,2,1,6,0,0.2272,4104.0,4655.0,7265.0,4735.0,2,0,1,0
2014-06-30,Monday,2726,393,1312.76,1031.0,718.0,3480.52,0,138701,103912,73557,1,Yes,2014,6,0,181,27,2,0,0,1,0.0,4067.0,4171.0,2726.0,4539.0,0,0,1,0
2014-07-01,Tuesday,12000,405,1516.0,1163.0,721.0,3805.0,8195,166107,129995,81130,68,No,2014,7,1,182,27,3,0,1,0,0.6829,4067.0,3861.0,0.0,3239.0,1,0,1,0
2014-07-02,Wednesday,8195,494,1400.0,1161.0,799.0,3854.0,4341,173857,125998,96485,36,No,2014,7,2,183,27,3,0,2,0,0.3618,4082.0,3633.0,8195.0,3805.0,2,0,1,0
2014-07-03,Thursday,4341,447,1332.0,1064.0,872.0,3715.0,626,171482,120427,70919,5,Yes,2014,7,3,184,27,3,0,3,1,0.0522,4082.0,3791.0,4341.0,3854.0,0,0,1,0
2014-07-04,Friday,12000,550,1790.0,1496.0,1180.0,5016.0,6984,221317,139218,107991,58,No,2014,7,4,185,27,3,0,4,0,0.582,4129.0,4195.0,626.0,3715.0,1,0,1,0
2014-07-05,Saturday,6984,541,1709.0,1513.0,1047.0,4810.0,2174,187365,136013,94337,18,No,2014,7,5,186,27,3,1,5,0,0.1812,4140.0,4514.0,6984.0,5016.0,2,0,1,0
2014-07-06,Sunday,2174,648,1809.0,1471.0,741.0,4669.0,0,218851,152821,94837,1,Yes,2014,7,6,187,27,3,1,6,1,0.0,4158.0,4832.0,2174.0,4810.0,0,0,1,0
2014-07-07,Monday,12000,408,1312.76,1116.0,841.0,3662.0,8338,152166,124958,85762,69,No,2014,7,0,188,28,3,0,0,0,0.6948,4219.0,4380.0,0.0,4669.0,1,0,1,0
2014-07-08,Tuesday,8338,437,1654.0,1295.0,893.0,4279.0,4059,176165,138375,93551,33,No,2014,7,1,189,28,3,0,1,0,0.3382,4286.0,4203.0,8338.0,3662.0,2,0,1,0
2014-07-09,Wednesday,4059,523,1555.0,1261.0,600.64,3848.0,211,169336,127526,84039,1,Yes,2014,7,2,190,28,3,0,2,1,0.0176,4286.0,3930.0,4059.0,4279.0,0,0,1,0
2014-07-10,Thursday,12000,481,1523.0,1199.0,676.0,3879.0,8121,179215,134775,90098,67,No,2014,7,3,191,28,3,0,3,0,0.6768,4309.0,4002.0,211.0,3848.0,1,0,1,0
2014-07-11,Friday,8121,569,1577.0,1297.0,958.0,4401.0,3720,185665,144246,96331,31,No,2014,7,4,192,28,3,0,4,0,0.31,4221.0,4043.0,8121.0,3879.0,2,0,1,0
2014-07-12,Saturday,3720,535,1756.0,1362.0,871.0,4524.0,0,187734,157753,105064,1,Yes,2014,7,5,193,28,3,1,5,1,0.0,4180.0,4268.0,3720.0,4401.0,0,0,1,0
2014-07-13,Sunday,12000,581,1834.0,1542.0,758.0,4715.0,7285,195558,156966,94065,60,No,2014,7,6,194,28,3,1,6,0,0.6071,4187.0,4547.0,0.0,4524.0,1,0,1,0
2014-07-14,Monday,7285,555,1433.0,1286.0,754.0,4028.0,3257,176624,134866,86533,27,No,2014,7,0,195,29,3,0,0,0,0.2714,4239.0,4422.0,7285.0,4715.0,2,0,1,0
2014-07-15,Tuesday,3257,397,1497.0,1091.0,802.0,3787.0,0,160034,121587,93223,1,Yes,2014,7,1,196,29,3,0,1,1,0.0,4169.0,4177.0,3257.0,4028.0,0,0,1,0
2014-07-16,Wednesday,12000,462,1515.0,1263.0,957.0,4197.0,7803,174583,119920,93653,65,No,2014,7,2,197,29,3,0,2,0,0.6502,4219.0,4004.0,0.0,3787.0,1,0,1,0
2014-07-17,Thursday,7803,597,1764.0,1209.0,767.0,4337.0,3466,186179,124439,106295,28,No,2014,7,3,198,29,3,0,3,0,0.2888,4284.0,4107.0,7803.0,4197.0,2,0,1,0
2014-07-18,Friday,3466,529,1662.0,1365.0,865.0,4421.0,0,185622,142547,96911,1,Yes,2014,7,4,199,29,3,0,4,1,0.0,4287.0,4318.0,3466.0,4337.0,0,0,1,0
2014-07-19,Saturday,12000,573,1734.0,1455.0,914.0,4676.0,7324,188538,157309,113839,61,No,2014,7,5,200,29,3,1,5,0,0.6103,4309.0,4478.0,0.0,4421.0,1,0,1,0
2014-07-20,Sunday,7324,509,1909.0,1545.0,875.0,4838.0,2486,206814,139569,107440,20,No,2014,7,6,201,29,3,1,6,0,0.2072,4326.0,4645.0,7324.0,4676.0,2,0,1,0
2014-07-21,Monday,2486,498,1466.0,1244.0,649.0,3857.0,0,180479,133881,77934,1,Yes,2014,7,0,202,30,3,0,0,1,0.0,4302.0,4457.0,2486.0,4838.0,0,0,1,0
2014-07-22,Tuesday,12000,446,1699.0,1164.0,878.0,4187.0,7813,186508,145124,90310,65,No,2014,7,1,203,30,3,0,1,0,0.6511,4359.0,4294.0,0.0,3857.0,1,0,1,0
2014-07-23,Wednesday,7813,408,1435.0,1137.0,1084.0,4064.0,3749,189472,120659,91671,31,No,2014,7,2,204,30,3,0,2,0,0.3124,4340.0,4036.0,7813.0,4187.0,2,0,1,0
2014-07-24,Thursday,3749,519,1428.0,1178.0,631.0,3756.0,0,156837,111898,76558,1,Yes,2014,7,3,205,30,3,0,3,1,0.0,4257.0,4002.0,3749.0,4064.0,0,0,1,0
2014-07-25,Friday,12000,569,1567.0,1334.0,877.0,4347.0,7653,182944,131014,113078,63,No,2014,7,4,206,30,3,0,4,0,0.6378,4246.0,4056.0,0.0,3756.0,1,0,1,0
2014-07-26,Saturday,7653,545,1736.0,1544.0,927.0,4752.0,2901,192271,150416,90367,24,No,2014,7,5,207,30,3,1,5,0,0.2418,4257.0,4285.0,7653.0,4347.0,2,0,1,0
2014-07-27,Sunday,2901,570,1741.0,1258.0,893.0,4462.0,0,198588,135831,83995,1,Yes,2014,7,6,208,30,3,1,6,1,0.0,4204.0,4520.0,2901.0,4752.0,0,0,1,0
2014-07-28,Monday,12000,406,1583.0,1076.0,868.0,3933.0,8067,160821,105876,73981,67,No,2014,7,0,209,31,3,0,0,0,0.6722,4214.0,4382.0,0.0,4462.0,1,0,1,0
2014-07-29,Tuesday,8067,489,1455.0,1215.0,745.0,3904.0,4163,172440,118440,83366,34,No,2014,7,1,210,31,3,0,1,0,0.3469,4174.0,4100.0,8067.0,3933.0,2,0,1,0
2014-07-30,Wednesday,4163,442,1335.0,1031.0,600.64,3480.52,847,145892,97095,74621,7,Yes,2014,7,2,211,31,3,0,2,1,0.0706,4067.0,3718.0,4163.0,3904.0,0,0,1,0
2014-07-31,Thursday,12000,393,1456.0,1200.0,703.0,3743.0,8257,169739,128917,92340,68,No,2014,7,3,212,31,3,0,3,0,0.6881,4065.0,3654.0,847.0,3316.0,1,0,1,0
2014-08-01,Friday,8257,498,1521.0,1267.0,987.0,4273.0,3984,194621,144055,87891,33,No,2014,8,4,213,31,3,0,4,0,0.332,4055.0,3777.0,8257.0,3743.0,2,0,1,0
2014-08-02,Saturday,3984,647,1794.0,1574.0,991.0,5006.0,0,207092,179191,113266,1,Yes,2014,8,5,214,31,3,1,5,1,0.0,4091.0,4341.0,3984.0,4273.0,0,0,1,0
2014-08-03,Sunday,12000,724,1836.0,1627.0,1051.0,5238.0,6762,240045,171823,106174,56,No,2014,8,6,215,31,3,1,6,0,0.5635,4202.0,4839.0,0.0,5006.0,1,0,1,0
2014-08-04,Monday,6762,426,1312.76,1102.0,730.0,3481.0,3281,149041,118254,89761,27,No,2014,8,0,216,32,3,0,0,0,0.2734,4137.0,4575.0,6762.0,5238.0,2,0,1,0
2014-08-05,Tuesday,3281,421,1455.0,1031.0,788.0,3693.0,0,172063,124399,76702,1,Yes,2014,8,1,217,32,3,0,1,1,0.0,4107.0,4137.0,3281.0,3481.0,0,0,1,0
2014-08-06,Wednesday,12000,398,1312.76,1049.0,694.0,3480.52,8652,149656,101439,66111,72,No,2014,8,2,218,32,3,0,2,0,0.721,4112.0,3507.0,0.0,3693.0,1,0,1,0
2014-08-07,Thursday,8652,557,1471.0,1169.0,837.0,4034.0,4618,164075,132908,98032,38,No,2014,8,3,219,32,3,0,3,0,0.3848,4153.0,3692.0,8652.0,3348.0,2,0,1,0
2014-08-08,Friday,4618,644,2165.0,1549.0,973.0,5331.0,0,232335,185485,117457,1,Yes,2014,8,4,220,32,3,0,4,1,0.0,4304.0,4238.0,4618.0,4034.0,0,0,1,0
2014-08-09,Saturday,12000,614,1932.0,1611.0,1108.0,5265.0,6735,232487,150866,93666,56,No,2014,8,5,221,32,3,1,5,0,0.5612,4341.0,4877.0,0.0,5331.0,1,0,1,0
2014-08-10,Sunday,6735,514,1664.0,1456.0,901.0,4535.0,2200,200650,146766,85301,18,No,2014,8,6,222,32,3,1,6,0,0.1833,4241.0,5044.0,6735.0,5265.0,2,0,1,0
2014-08-11,Monday,2200,519,1469.0,1067.0,804.0,3859.0,0,162367,117459,85944,1,Yes,2014,8,0,223,33,3,0,0,1,0.0,4295.0,4553.0,2200.0,4535.0,0,0,1,0
2014-08-12,Tuesday,12000,434,1312.76,1041.0,600.64,3480.52,8819,125321,94062,75253,73,No,2014,8,1,224,33,3,0,1,0,0.7349,4222.0,3858.0,0.0,3859.0,1,0,1,0
2014-08-13,Wednesday,8819,499,1672.0,1118.0,834.0,4123.0,4696,196247,134599,74270,39,No,2014,8,2,225,33,3,0,2,0,0.3913,4333.0,3721.0,8819.0,3181.0,2,0,1,0
2014-08-14,Thursday,4696,400,1410.0,1236.0,890.0,3936.0,760,165712,143720,86529,6,Yes,2014,8,3,226,33,3,0,3,1,0.0633,4319.0,3747.0,4696.0,4123.0,0,0,1,0
2014-08-15,Friday,12000,496,1626.0,1267.0,986.0,4375.0,7625,195153,146063,86430,63,No,2014,8,4,227,33,3,0,4,0,0.6354,4182.0,4145.0,760.0,3936.0,1,0,1,0
2014-08-16,Saturday,7625,659,2083.0,1619.0,1000.0,5361.0,2264,234381,158410,103654,18,No,2014,8,5,228,33,3,1,5,0,0.1887,4196.0,4557.0,7625.0,4375.0,2,0,1,0
2014-08-17,Sunday,2264,598,2027.0,1569.0,1302.0,5496.0,0,246769,153345,100471,1,Yes,2014,8,6,229,33,3,1,6,1,0.0,4333.0,5077.0,2264.0,5361.0,0,0,1,0
2014-08-18,Monday,12000,437,1322.0,1135.0,719.0,3613.0,8387,169137,121917,90864,69,No,2014,8,0,230,34,3,0,0,0,0.6989,4298.0,4823.0,0.0,5496.0,1,0,1,0
2014-08-19,Tuesday,8387,484,1887.0,1559.0,852.0,4782.0,3605,222297,164141,114108,30,No,2014,8,1,231,34,3,0,1,0,0.3004,4527.0,4630.0,8387.0,3613.0,2,0,1,0
2014-08-20,Wednesday,3605,393,1314.0,1031.0,880.0,3555.0,50,153770,102830,82801,1,Yes,2014,8,2,232,34,3,0,2,1,0.0042,4445.0,3983.0,3605.0,4782.0,0,0,1,0
2014-08-21,Thursday,12000,555,1691.0,1379.0,747.0,4372.0,7628,183717,127006,112126,63,No,2014,8,3,233,34,3,0,3,0,0.6357,4508.0,4236.0,50.0,3555.0,1,0,1,0
2014-08-22,Friday,7628,473,1757.0,1400.0,921.0,4551.0,3077,197143,144397,104317,25,No,2014,8,4,234,34,3,0,4,0,0.2564,4533.0,4159.0,7628.0,4372.0,2,0,1,0
2014-08-23,Saturday,3077,594,1805.0,1378.0,1296.0,5073.0,0,225287,161017,120793,1,Yes,2014,8,5,235,34,3,1,5,1,0.0,4492.0,4665.0,3077.0,4551.0,0,0,1,0
2014-08-24,Sunday,12000,621,1696.0,1524.0,861.0,4702.0,7298,192002,164334,85943,60,No,2014,8,6,236,34,3,1,6,0,0.6082,4378.0,4775.0,0.0,5073.0,1,0,1,0
2014-08-25,Monday,7298,454,1502.0,1156.0,639.0,3751.0,3547,156802,119432,86528,29,No,2014,8,0,237,35,3,0,0,0,0.2956,4398.0,4509.0,7298.0,4702.0,2,0,1,0
2014-08-26,Tuesday,3547,500,1463.0,1317.0,716.0,3996.0,0,174419,112101,74518,1,Yes,2014,8,1,238,35,3,0,1,1,0.0,4286.0,4150.0,3547.0,3751.0,0,0,1,0
2014-08-27,Wednesday,12000,460,1409.0,1179.0,826.0,3874.0,8126,162585,125270,68123,67,No,2014,8,2,239,35,3,0,2,0,0.6772,4331.0,3874.0,0.0,3996.0,1,0,1,0
2014-08-28,Thursday,8126,479,1667.0,1215.0,893.0,4254.0,3872,177942,132289,84430,32,No,2014,8,3,240,35,3,0,3,0,0.3227,4314.0,4041.0,8126.0,3874.0,2,0,1,0
2014-08-29,Friday,3872,559,1639.0,1317.0,723.0,4238.0,0,173886,124572,98727,1,Yes,2014,8,4,241,35,3,0,4,1,0.0,4270.0,4122.0,3872.0,4254.0,0,0,1,0
2014-08-30,Saturday,12000,843,2302.0,1666.0,1240.0,6051.0,5949,239256,186387,155672,49,No,2014,8,5,242,35,3,1,5,0,0.4958,4409.0,4848.0,0.0,4238.0,1,0,1,0
2014-08-31,Sunday,5949,575,1865.0,1401.0,827.0,4668.0,1281,208152,128104,101549,10,Yes,2014,8,6,243,35,3,1,6,1,0.1068,4405.0,4986.0,5949.0,6051.0,0,0,1,0
2014-09-01,Monday,12000,543,1714.0,1436.0,1103.0,4796.0,7204,211613,135955,98153,60,No,2014,9,0,244,36,3,0,0,0,0.6003,4554.0,5172.0,1281.0,4668.0,1,0,0,0
2014-09-02,Tuesday,7204,559,1492.0,1352.0,844.0,4247.0,2957,192229,146951,86455,24,No,2014,9,1,245,36,3,0,1,0,0.2464,4590.0,4570.0,7204.0,4796.0,2,0,0,0
2014-09-03,Wednesday,2957,520,1427.0,1128.0,741.0,3816.0,0,175715,123825,99218,1,Yes,2014,9,2,246,36,3,0,2,1,0.0,4581.0,4286.0,2957.0,4247.0,0,0,0,0
2014-09-04,Thursday,12000,649,1798.0,1406.0,1019.0,4872.0,7128,205249,151839,106513,59,No,2014,9,3,247,36,3,0,3,0,0.594,4670.0,4312.0,0.0,3816.0,1,0,0,0
2014-09-05,Friday,7128,518,1769.0,1344.0,1177.0,4808.0,2320,192130,157940,108559,19,No,2014,9,4,248,36,3,0,4,0,0.1933,4751.0,4499.0,7128.0,4872.0,2,0,0,0
2014-09-06,Saturday,2320,586,1903.0,1379.0,1072.0,4940.0,0,203899,134322,107333,1,Yes,2014,9,5,249,36,3,1,5,1,0.0,4592.0,4873.0,2320.0,4808.0,0,0,0,0
2014-09-07,Sunday,12000,642,1970.0,1632.0,1006.0,5250.0,6750,230029,163649,106407,56,No,2014,9,6,250,36,3,1,6,0,0.5625,4676.0,4999.0,0.0,4940.0,1,0,0,0
2014-09-08,Monday,6750,496,1675.0,1341.0,822.0,4334.0,2416,188205,133381,104654,20,No,2014,9,0,251,37,3,0,0,0,0.2013,4610.0,4841.0,6750.0,5250.0,2,0,0,0
2014-09-09,Tuesday,2416,470,1773.0,1357.0,943.0,4543.0,0,199205,146131,100565,1,Yes,2014,9,1,252,37,3,0,1,1,0.0,4652.0,4709.0,2416.0,4334.0,0,0,0,0
2014-09-10,Wednesday,12000,442,1730.0,1158.0,901.0,4231.0,7769,190382,131034,99311,64,No,2014,9,2,253,37,3,0,2,0,0.6474,4711.0,4369.0,0.0,4543.0,1,0,0,0
2014-09-11,Thursday,7769,509,1908.0,1561.0,892.0,4870.0,2899,225585,172264,111048,24,No,2014,9,3,254,37,3,0,3,0,0.2416,4711.0,4548.0,7769.0,4231.0,2,0,0,0
2014-09-12,Friday,2899,698,2030.0,1751.0,851.0,5330.0,0,229645,153970,98965,1,Yes,2014,9,4,255,37,3,0,4,1,0.0,4785.0,4810.0,2899.0,4870.0,0,0,0,0
2014-09-13,Saturday,12000,680,1950.0,1389.0,1092.0,5111.0,6889,204019,163152,104511,57,No,2014,9,5,256,37,3,1,5,0,0.5741,4810.0,5104.0,0.0,5330.0,1,0,0,0
2014-09-14,Sunday,6889,713,1883.0,1619.0,1011.0,5226.0,1663,250092,159671,112942,13,Yes,2014,9,6,257,37,3,1,6,1,0.1386,4806.0,5222.0,6889.0,5111.0,0,0,0,0
2014-09-15,Monday,12000,517,1535.0,1368.0,833.0,4253.0,7747,190292,139902,80880,64,No,2014,9,0,258,38,3,0,0,0,0.6456,4795.0,4863.0,1663.0,5226.0,1,0,0,0
2014-09-16,Tuesday,7747,518,1767.0,1407.0,657.0,4349.0,3398,197989,146908,89301,28,No,2014,9,1,259,38,3,0,1,0,0.2832,4767.0,4609.0,7747.0,4253.0,2,0,0,0
2014-09-17,Wednesday,3398,643,1866.0,1572.0,826.0,4907.0,0,213349,164983,103235,1,Yes,2014,9,2,260,38,3,0,2,1,0.0,4864.0,4503.0,3398.0,4349.0,0,0,0,0
2014-09-18,Thursday,12000,658,1708.0,1491.0,877.0,4734.0,7266,194133,137694,108300,60,No,2014,9,3,261,38,3,0,3,0,0.6055,4844.0,4663.0,0.0,4907.0,1,0,0,0
2014-09-19,Friday,7266,639,1732.0,1579.0,935.0,4885.0,2381,201800,139716,102285,19,No,2014,9,4,262,38,3,0,4,0,0.1984,4781.0,4842.0,7266.0,4734.0,2,0,0,0
2014-09-20,Saturday,2381,595,2133.0,1645.0,1152.0,5525.0,0,226668,160210,115899,1,Yes,2014,9,5,263,38,3,1,5,1,0.0,4840.0,5048.0,2381.0,4885.0,0,0,0,0
2014-09-21,Sunday,12000,575,2079.0,1435.0,1047.0,5136.0,6864,241499,175359,119987,57,No,2014,9,6,264,38,3,1,6,0,0.572,4827.0,5182.0,0.0,5525.0,1,0,0,0
2014-09-22,Monday,6864,576,1643.0,1420.0,695.0,4334.0,2530,194071,132293,92307,21,No,2014,9,0,265,39,3,0,0,0,0.2108,4839.0,4998.0,6864.0,5136.0,2,0,0,0
2014-09-23,Tuesday,2530,427,1555.0,1240.0,855.0,4077.0,0,160482,136074,78726,1,Yes,2014,9,1,266,39,3,0,1,1,0.0,4800.0,4516.0,2530.0,4334.0,0,0,0,0
2014-09-24,Wednesday,12000,437,1575.0,1275.0,1001.0,4288.0,7712,183265,149609,80964,64,No,2014,9,2,267,39,3,0,2,0,0.6427,4711.0,4233.0,0.0,4077.0,1,0,0,0
2014-09-25,Thursday,7712,443,1528.0,1148.0,1041.0,4160.0,3552,181429,141737,88427,29,No,2014,9,3,268,39,3,0,3,0,0.296,4629.0,4175.0,7712.0,4288.0,2,0,0,0
2014-09-26,Friday,3552,628,1851.0,1645.0,934.0,5058.0,0,210884,176484,118227,1,Yes,2014,9,4,269,39,3,0,4,1,0.0,4654.0,4502.0,3552.0,4160.0,0,0,0,0
2014-09-27,Saturday,12000,770,2309.0,1644.0,1272.0,5995.0,6005,253929,189909,141224,50,No,2014,9,5,270,39,3,1,5,0,0.5004,4721.0,5071.0,0.0,5058.0,1,0,0,0
2014-09-28,Sunday,6005,845,2255.0,1723.0,1225.0,6048.0,0,288371,185246,128486,1,Yes,2014,9,6,271,39,3,1,6,1,0.0,4851.0,5700.0,6005.0,5995.0,0,0,0,0
2014-09-29,Monday,12000,560,1591.0,1360.0,956.0,4467.0,7533,188066,138520,94656,62,No,2014,9,0,272,40,3,0,0,0,0.6278,4870.0,5503.0,0.0,6048.0,1,0,0,0
2014-09-30,Tuesday,7533,511,1508.0,1229.0,1033.0,4281.0,3252,190710,128025,84666,27,No,2014,9,1,273,40,3,0,1,0,0.271,4900.0,4932.0,7533.0,4467.0,2,0,0,0
2014-10-01,Wednesday,3252,532,1878.0,1268.0,938.0,4616.0,0,196067,154803,81146,1,Yes,2014,10,2,274,40,4,0,2,1,0.0,4946.0,4455.0,3252.0,4281.0,0,1,0,0
2014-10-02,Thursday,12000,665,1930.0,1792.0,1122.0,5509.0,6491,247915,161661,105721,54,No,2014,10,3,275,40,4,0,3,0,0.5409,5139.0,4802.0,0.0,4616.0,1,1,0,0
2014-10-03,Friday,6491,642,2138.0,1906.0,1273.0,5959.0,532,261708,179344,107851,4,Yes,2014,10,4,276,40,4,0,4,1,0.0443,5268.0,5361.0,6491.0,5509.0,0,1,0,0
2014-10-04,Saturday,12000,842,2310.0,1862.0,1357.0,6371.0,5629,279775,209353,163074,46,No,2014,10,5,277,40,4,1,5,0,0.4691,5322.0,5946.0,532.0,5959.0,1,1,0,0
2014-10-05,Sunday,5629,791,2438.0,1785.0,1201.0,6215.0,0,251978,194703,123690,1,Yes,2014,10,6,278,40,4,1,6,1,0.0,5345.0,6182.0,5629.0,6371.0,0,1,0,0
2014-10-06,Monday,12000,603,1997.0,1572.0,880.0,5052.0,6948,201339,161834,101216,57,No,2014,10,0,279,41,4,0,0,0,0.579,5429.0,5879.0,0.0,6215.0,1,1,0,0
2014-10-07,Tuesday,6948,494,1678.0,1276.0,995.0,4443.0,2505,191061,155967,107189,20,No,2014,10,1,280,41,4,0,1,0,0.2088,5452.0,5237.0,6948.0,5052.0,2,1,0,0
2014-10-08,Wednesday,2505,574,1756.0,1497.0,1051.0,4878.0,0,213209,162981,94574,1,Yes,2014,10,2,281,41,4,0,2,1,0.0,5490.0,4791.0,2505.0,4443.0,0,1,0,0
2014-10-09,Thursday,12000,532,1882.0,1446.0,1343.0,5203.0,6797,243461,169029,97487,56,No,2014,10,3,282,41,4,0,3,0,0.5664,5446.0,4841.0,0.0,4878.0,1,1,0,0
2014-10-10,Friday,6797,602,2361.0,1646.0,1152.0,5761.0,1036,224184,155312,109846,8,Yes,2014,10,4,283,41,4,0,4,1,0.0863,5418.0,5281.0,6797.0,5203.0,0,1,0,0
2014-10-11,Saturday,12000,785,2651.0,1999.0,1341.0,6776.0,5224,301818,197962,174869,43,No,2014,10,5,284,41,4,1,5,0,0.4353,5475.0,5913.0,1036.0,5761.0,1,1,0,0
2014-10-12,Sunday,5224,781,2137.0,1827.0,848.0,5593.0,0,246643,173168,120768,1,Yes,2014,10,6,285,41,4,1,6,1,0.0,5387.0,6043.0,5224.0,6776.0,0,1,0,0
2014-10-13,Monday,12000,617,1827.0,1434.0,1302.0,5180.0,6820,212587,158640,107903,56,No,2014,10,0,286,42,4,0,0,0,0.5683,5405.0,5850.0,0.0,5593.0,1,1,0,0
2014-10-14,Tuesday,6820,673,2118.0,1651.0,1017.0,5459.0,1361,241480,150753,105630,11,Yes,2014,10,1,287,42,4,0,1,1,0.1134,5550.0,5411.0,6820.0,5180.0,0,1,0,0
2014-10-15,Wednesday,12000,663,1825.0,1656.0,1023.0,5167.0,6833,222655,160914,128046,56,No,2014,10,2,288,42,4,0,2,0,0.5694,5591.0,5269.0,1361.0,5459.0,1,1,0,0
2014-10-16,Thursday,6833,573,2063.0,1737.0,978.0,5351.0,1482,216993,182824,110697,12,Yes,2014,10,3,289,42,4,0,3,1,0.1235,5612.0,5326.0,6833.0,5167.0,0,1,0,0
2014-10-17,Friday,12000,686,2093.0,1728.0,785.0,5292.0,6708,231154,145894,129771,55,No,2014,10,4,290,42,4,0,4,0,0.559,5545.0,5270.0,1482.0,5351.0,1,1,0,0
2014-10-18,Saturday,6708,769,2503.0,2039.0,1065.0,6376.0,332,279221,172567,153408,2,Yes,2014,10,5,291,42,4,1,5,1,0.0277,5488.0,5673.0,6708.0,5292.0,0,1,0,0
2014-10-19,Sunday,12000,795,2350.0,1751.0,1281.0,6177.0,5823,267863,179628,130703,48,No,2014,10,6,292,42,4,1,6,0,0.4852,5572.0,5948.0,332.0,6376.0,1,1,0,0
2014-10-20,Monday,5823,596,1824.0,1434.0,1128.0,4982.0,841,204924,172881,105326,7,Yes,2014,10,0,293,43,4,0,0,1,0.0701,5543.0,5845.0,5823.0,6177.0,0,1,0,0
2014-10-21,Tuesday,12000,676,1887.0,1529.0,1040.0,5132.0,6868,226143,148619,117649,57,No,2014,10,1,294,43,4,0,1,0,0.5723,5497.0,5430.0,841.0,4982.0,1,1,0,0
2014-10-22,Wednesday,6868,693,2058.0,1408.0,1038.0,5197.0,1671,208583,176382,103307,13,Yes,2014,10,2,295,43,4,0,2,1,0.1393,5501.0,5104.0,6868.0,5132.0,0,1,0,0
2014-10-23,Thursday,12000,563,1860.0,1437.0,1442.0,5302.0,6698,220042,169452,97627,55,No,2014,10,3,296,43,4,0,3,0,0.5582,5494.0,5210.0,1671.0,5197.0,1,1,0,0
2014-10-24,Friday,6698,609,2292.0,1768.0,1235.0,5904.0,794,259506,202380,110446,6,Yes,2014,10,4,297,43,4,0,4,1,0.0662,5581.0,5468.0,6698.0,5302.0,0,1,0,0
2014-10-25,Saturday,12000,753,2714.0,1878.0,1287.0,6632.0,5368,312808,231664,157741,44,No,2014,10,5,298,43,4,1,5,0,0.4473,5618.0,5946.0,794.0,5904.0,1,1,0,0
2014-10-26,Sunday,5368,637,2228.0,1811.0,1500.0,6176.0,0,266685,180059,135942,1,Yes,2014,10,6,299,43,4,1,6,1,0.0,5618.0,6237.0,5368.0,6632.0,0,1,0,0
2014-10-27,Monday,12000,608,1915.0,1528.0,981.0,5032.0,6968,226413,145189,108707,58,No,2014,10,0,300,44,4,0,0,0,0.5807,5625.0,5947.0,0.0,6176.0,1,1,0,0
2014-10-28,Tuesday,6968,576,1680.0,1475.0,749.0,4480.0,2488,205889,158657,103028,20,No,2014,10,1,301,44,4,0,1,0,0.2073,5532.0,5229.0,6968.0,5032.0,2,1,0,0
2014-10-29,Wednesday,2488,550,1919.0,1637.0,877.0,4983.0,0,221411,138619,95422,1,Yes,2014,10,2,302,44,4,0,2,1,0.0,5501.0,4832.0,2488.0,4480.0,0,1,0,0
2014-10-30,Thursday,12000,603,2089.0,1623.0,1050.0,5365.0,6635,221608,194697,131102,55,No,2014,10,3,303,44,4,0,3,0,0.5529,5510.0,4943.0,0.0,4983.0,1,1,0,0
2014-10-31,Friday,6635,581,2036.0,1732.0,1446.0,5795.0,840,262285,202861,132919,7,Yes,2014,10,4,304,44,4,0,4,1,0.07,5495.0,5381.0,6635.0,5365.0,0,1,0,0
2014-11-01,Saturday,12000,650,2043.0,1872.0,1264.0,5829.0,6171,262333,171346,145782,51,No,2014,11,5,305,44,4,1,5,0,0.5142,5380.0,5663.0,840.0,5795.0,1,1,0,0
2014-11-02,Sunday,6171,685,2404.0,1824.0,1356.0,6269.0,0,286094,190893,141449,1,Yes,2014,11,6,306,44,4,1,6,1,0.0,5393.0,5964.0,6171.0,5829.0,0,1,0,0
2014-11-03,Monday,12000,690,2015.0,1657.0,738.0,5100.0,6900,226283,148905,104782,57,No,2014,11,0,307,45,4,0,0,0,0.575,5403.0,5733.0,0.0,6269.0,1,1,0,0
2014-11-04,Tuesday,6900,497,1804.0,1470.0,866.0,4637.0,2263,196116,151976,115346,18,No,2014,11,1,308,45,4,0,1,0,0.1886,5425.0,5335.0,6900.0,5100.0,2,1,0,0
2014-11-05,Wednesday,2263,569,1979.0,1705.0,1078.0,5331.0,0,216645,173525,119450,1,Yes,2014,11,2,309,45,4,0,2,1,0.0,5475.0,5023.0,2263.0,4637.0,0,1,0,0
2014-11-06,Thursday,12000,485,1804.0,1533.0,918.0,4740.0,7260,215546,150505,101839,60,No,2014,11,3,310,45,4,0,3,0,0.605,5386.0,4903.0,0.0,5331.0,1,1,0,0
2014-11-07,Friday,7260,625,2102.0,1786.0,1267.0,5780.0,1480,243239,175623,105686,12,Yes,2014,11,4,311,45,4,0,4,1,0.1233,5384.0,5284.0,7260.0,4740.0,0,1,0,0
2014-11-08,Saturday,12000,819,2726.0,2104.0,1120.0,6769.0,5231,308041,235325,168951,43,No,2014,11,5,312,45,4,1,5,0,0.4359,5518.0,5763.0,1480.0,5780.0,1,1,0,0
2014-11-09,Sunday,5231,670,2328.0,1757.0,1477.0,6232.0,0,266214,220660,118622,1,Yes,2014,11,6,313,45,4,1,6,1,0.0,5513.0,6260.0,5231.0,6769.0,0,1,0,0
2014-11-10,Monday,12000,609,1737.0,1416.0,1170.0,4932.0,7068,213685,164257,99976,58,No,2014,11,0,314,46,4,0,0,0,0.589,5489.0,5978.0,0.0,6232.0,1,1,0,0
2014-11-11,Tuesday,7068,676,1915.0,1676.0,945.0,5212.0,1856,216003,172838,127144,15,Yes,2014,11,1,315,46,4,0,1,1,0.1547,5571.0,5459.0,7068.0,4932.0,0,1,0,0
2014-11-12,Wednesday,12000,468,1699.0,1358.0,824.0,4349.0,7651,190430,135659,87383,63,No,2014,11,2,316,46,4,0,2,0,0.6376,5431.0,4831.0,1856.0,5212.0,1,1,0,0
2014-11-13,Thursday,7651,540,2078.0,1656.0,1104.0,5378.0,2273,230522,177453,116188,18,No,2014,11,3,317,46,4,0,3,0,0.1894,5522.0,4980.0,7651.0,4349.0,2,1,0,0
2014-11-14,Friday,2273,656,2339.0,1614.0,1258.0,5867.0,0,246828,180968,109661,1,Yes,2014,11,4,318,46,4,0,4,1,0.0,5534.0,5198.0,2273.0,5378.0,0,1,0,0
2014-11-15,Saturday,12000,864,2749.0,2245.0,1204.0,7062.0,4938,288056,229718,170675,41,No,2014,11,5,319,46,4,1,5,0,0.4115,5576.0,6102.0,0.0,5867.0,1,1,0,0
2014-11-16,Sunday,4938,701,2317.0,1735.0,1266.0,6019.0,0,254219,183498,116054,1,Yes,2014,11,6,320,46,4,1,6,1,0.0,5546.0,6316.0,4938.0,7062.0,0,1,0,0
2014-11-17,Monday,12000,692,2027.0,1377.0,908.0,5004.0,6996,213028,147625,103327,58,No,2014,11,0,321,47,4,0,0,0,0.583,5556.0,6028.0,0.0,6019.0,1,1,0,0
2014-11-18,Tuesday,6996,658,2059.0,1664.0,752.0,5133.0,1863,236365,181451,108599,15,Yes,2014,11,1,322,47,4,0,1,1,0.1552,5545.0,5385.0,6996.0,5004.0,0,1,0,0
2014-11-19,Wednesday,12000,537,1840.0,1374.0,1121.0,4872.0,7128,197304,152849,106554,59,No,2014,11,2,323,47,4,0,2,0,0.594,5619.0,5003.0,1863.0,5133.0,1,1,0,0
2014-11-20,Thursday,7128,659,2017.0,1419.0,987.0,5082.0,2046,227466,139577,113947,17,No,2014,11,3,324,47,4,0,3,0,0.1705,5577.0,5029.0,7128.0,4872.0,2,1,0,0
2014-11-21,Friday,2046,671,2191.0,1769.0,1164.0,5795.0,0,255087,196965,122761,1,Yes,2014,11,4,325,47,4,0,4,1,0.0,5567.0,5250.0,2046.0,5082.0,0,1,0,0
2014-11-22,Saturday,12000,700,2181.0,1807.0,1476.0,6164.0,5836,262537,191161,113718,48,No,2014,11,5,326,47,4,1,5,0,0.4863,5438.0,5680.0,0.0,5795.0,1,1,0,0
2014-11-23,Sunday,5836,747,2391.0,1815.0,1204.0,6157.0,0,273207,189256,122133,1,Yes,2014,11,6,327,47,4,1,6,1,0.0,5458.0,6039.0,5836.0,6164.0,0,1,0,0
2014-11-24,Monday,12000,535,1784.0,1253.0,829.0,4401.0,7599,178103,143347,95197,63,No,2014,11,0,328,48,4,0,0,0,0.6332,5372.0,5574.0,0.0,6157.0,1,1,0,0
2014-11-25,Tuesday,7599,669,1830.0,1353.0,977.0,4829.0,2770,204464,150794,93343,23,No,2014,11,1,329,48,4,0,1,0,0.2308,5329.0,5129.0,7599.0,4401.0,2,1,0,0
2014-11-26,Wednesday,2770,577,2102.0,1646.0,977.0,5302.0,0,229895,176564,107874,1,Yes,2014,11,2,330,48,4,0,2,1,0.0,5390.0,4844.0,2770.0,4829.0,0,1,0,0
2014-11-27,Thursday,12000,581,1933.0,1505.0,927.0,4946.0,7054,228276,157598,95775,58,No,2014,11,3,331,48,4,0,3,0,0.5878,5371.0,5026.0,0.0,5302.0,1,1,0,0
2014-11-28,Friday,7054,600,1982.0,1768.0,1198.0,5548.0,1506,233677,166940,113690,12,Yes,2014,11,4,332,48,4,0,4,1,0.1255,5335.0,5265.0,7054.0,4946.0,0,1,0,0
2014-11-29,Saturday,12000,884,2284.0,1972.0,1254.0,6394.0,5606,283267,224762,115133,46,No,2014,11,5,333,48,4,1,5,0,0.4672,5368.0,5629.0,1506.0,5548.0,1,1,0,0
2014-11-30,Sunday,5606,891,2631.0,1931.0,1128.0,6581.0,0,284340,198328,150642,1,Yes,2014,11,6,334,48,4,1,6,1,0.0,5429.0,6174.0,5606.0,6394.0,0,1,0,0
2014-12-01,Monday,12000,583,1691.0,1502.0,839.0,4615.0,7385,193897,136064,86677,61,No,2014,12,0,335,49,4,0,0,0,0.6154,5459.0,5863.0,0.0,6581.0,1,0,0,0
2014-12-02,Tuesday,7385,609,1728.0,1327.0,738.0,4402.0,2983,198060,133863,96996,24,No,2014,12,1,336,49,4,0,1,0,0.2486,5398.0,5199.0,7385.0,4615.0,2,0,0,0
2014-12-03,Wednesday,2983,608,1774.0,1434.0,632.0,4448.0,0,195924,143702,89681,1,Yes,2014,12,2,337,49,4,0,2,1,0.0,5276.0,4488.0,2983.0,4402.0,0,0,0,0
2014-12-04,Thursday,12000,491,1658.0,1157.0,795.0,4101.0,7899,179438,126285,99194,65,No,2014,12,3,338,49,4,0,3,0,0.6582,5156.0,4317.0,0.0,4448.0,1,0,0,0
2014-12-05,Friday,7899,556,1803.0,1407.0,665.0,4431.0,3468,183976,145480,110747,28,No,2014,12,4,339,49,4,0,4,0,0.289,4996.0,4327.0,7899.0,4101.0,2,0,0,0
2014-12-06,Saturday,3468,612,2104.0,1641.0,1061.0,5418.0,0,224668,181575,96737,1,Yes,2014,12,5,340,49,4,1,5,1,0.0,4857.0,4650.0,3468.0,4431.0,0,0,0,0
2014-12-07,Sunday,12000,618,1926.0,1465.0,1042.0,5051.0,6949,239331,168395,111675,57,No,2014,12,6,341,49,4,1,6,0,0.5791,4638.0,4967.0,0.0,5418.0,1,0,0,0
2014-12-08,Monday,6949,576,1706.0,1258.0,711.0,4251.0,2698,200947,127709,93209,22,No,2014,12,0,342,50,4,0,0,0,0.2248,4586.0,4907.0,6949.0,5051.0,2,0,0,0
2014-12-09,Tuesday,2698,513,1637.0,1376.0,974.0,4500.0,0,198053,127424,97685,1,Yes,2014,12,1,343,50,4,0,1,1,0.0,4600.0,4601.0,2698.0,4251.0,0,0,0,0
2014-12-10,Wednesday,12000,652,1967.0,1508.0,711.0,4838.0,7162,206850,169987,114673,59,No,2014,12,2,344,50,4,0,2,0,0.5968,4656.0,4530.0,0.0,4500.0,1,0,0,0
2014-12-11,Thursday,7162,537,1856.0,1353.0,921.0,4667.0,2495,200374,138862,95568,20,No,2014,12,3,345,50,4,0,3,0,0.2079,4737.0,4668.0,7162.0,4838.0,2,0,0,0
2014-12-12,Friday,2495,591,1914.0,1471.0,993.0,4969.0,0,207701,172709,92542,1,Yes,2014,12,4,346,50,4,0,4,1,0.0,4813.0,4825.0,2495.0,4667.0,0,0,0,0
2014-12-13,Saturday,12000,692,2265.0,1613.0,996.0,5566.0,6434,237596,165625,134208,53,No,2014,12,5,347,50,4,1,5,0,0.5362,4835.0,5067.0,0.0,4969.0,1,0,0,0
2014-12-14,Sunday,6434,614,1753.0,1642.0,993.0,5002.0,1432,196943,170933,121279,11,Yes,2014,12,6,348,50,4,1,6,1,0.1193,4828.0,5179.0,6434.0,5566.0,0,0,0,0
2014-12-15,Monday,12000,552,1649.0,1325.0,666.0,4192.0,7808,162009,133575,93348,65,No,2014,12,0,349,51,4,0,0,0,0.6507,4819.0,4920.0,1432.0,5002.0,1,0,0,0
2014-12-16,Tuesday,7808,479,1633.0,1429.0,884.0,4425.0,3383,190196,147985,92151,28,No,2014,12,1,350,51,4,0,1,0,0.2819,4808.0,4540.0,7808.0,4192.0,2,0,0,0
2014-12-17,Wednesday,3383,535,1721.0,1275.0,932.0,4463.0,0,180676,136981,113008,1,Yes,2014,12,2,351,51,4,0,2,1,0.0,4755.0,4360.0,3383.0,4425.0,0,0,0,0
2014-12-18,Thursday,12000,542,1501.0,1342.0,713.0,4098.0,7902,183144,124109,73066,65,No,2014,12,3,352,51,4,0,3,0,0.6585,4674.0,4329.0,0.0,4463.0,1,0,0,0
2014-12-19,Friday,7902,618,1849.0,1402.0,947.0,4816.0,3086,197622,146590,102548,25,No,2014,12,4,353,51,4,0,4,0,0.2572,4652.0,4459.0,7902.0,4098.0,2,0,0,0
2014-12-20,Saturday,3086,632,2307.0,1862.0,1241.0,6042.0,0,262855,188666,153516,1,Yes,2014,12,5,354,51,4,1,5,1,0.0,4720.0,4985.0,3086.0,4816.0,0,0,0,0
2014-12-21,Sunday,12000,558,2167.0,1528.0,1206.0,5459.0,6541,230437,167324,95218,54,No,2014,12,6,355,51,4,1,6,0,0.5451,4785.0,5439.0,0.0,6042.0,1,0,0,0
2014-12-22,Monday,6541,402,1497.0,1141.0,923.0,3963.0,2578,166753,131318,79989,21,No,2014,12,0,356,52,4,0,0,0,0.2148,4752.0,5155.0,6541.0,5459.0,2,0,0,0
2014-12-23,Tuesday,2578,555,1796.0,1306.0,1171.0,4828.0,0,222840,136816,102289,1,Yes,2014,12,1,357,52,4,0,1,1,0.0,4810.0,4750.0,2578.0,3963.0,0,0,0,0
2014-12-24,Wednesday,12000,530,1640.0,1233.0,817.0,4220.0,7780,180573,133651,94929,64,No,2014,12,2,358,52,4,0,2,0,0.6483,4775.0,4337.0,0.0,4828.0,1,0,0,0
2014-12-25,Thursday,7780,583,1664.0,1438.0,734.0,4419.0,3361,185392,150282,97272,28,No,2014,12,3,359,52,4,0,3,0,0.2801,4821.0,4489.0,7780.0,4220.0,2,0,0,0
2014-12-26,Friday,3361,648,2087.0,1437.0,926.0,5098.0,0,232911,162932,104725,1,Yes,2014,12,4,360,52,4,0,4,1,0.0,4861.0,4579.0,3361.0,4419.0,0,0,0,0
2014-12-27,Saturday,12000,709,2403.0,1695.0,1254.0,6061.0,5939,255842,195736,152293,49,No,2014,12,5,361,52,4,1,5,0,0.4949,4864.0,5193.0,0.0,5098.0,1,0,0,0
2014-12-28,Sunday,5939,639,1898.0,1455.0,1322.0,5314.0,625,221608,148752,126250,5,Yes,2014,12,6,362,52,4,1,6,1,0.0521,4843.0,5491.0,5939.0,6061.0,0,0,0,0
2014-12-29,Monday,12000,393,1390.0,1036.0,893.0,3703.0,8297,150122,104875,74334,69,No,2014,12,0,363,1,4,0,0,0,0.6914,4806.0,5026.0,625.0,5314.0,1,0,0,0
2014-12-30,Tuesday,8297,548,1929.0,1326.0,1039.0,4842.0,3455,215467,153047,98756,28,No,2014,12,1,364,1,4,0,1,0,0.2879,4808.0,4620.0,8297.0,3703.0,2,0,0,0
2014-12-31,Wednesday,3455,456,1535.0,1239.0,1099.0,4329.0,0,201482,145347,102287,1,Yes,2014,12,2,365,1,4,0,2,1,0.0,4824.0,4291.0,3455.0,4842.0,0,0,0,0
2015-01-01,Thursday,12000,562,1944.0,1479.0,1077.0,5062.0,6938,210312,158201,120705,57,No,2015,1,3,1,1,1,0,3,0,0.5782,4916.0,4744.0,0.0,4329.0,1,0,0,0
2015-01-02,Friday,6938,601,1639.0,1222.0,1029.0,4491.0,2447,189759,145556,94432,20,No,2015,1,4,2,1,1,0,4,0,0.2039,4829.0,4627.0,6938.0,5062.0,2,0,0,0
2015-01-03,Saturday,2447,723,2299.0,1627.0,1186.0,5835.0,0,242760,189887,143517,1,Yes,2015,1,5,3,1,1,1,5,1,0.0,4797.0,5129.0,2447.0,4491.0,0,0,0,0
2015-01-04,Sunday,12000,605,2233.0,1564.0,1386.0,5788.0,6212,250693,181056,149046,51,No,2015,1,6,4,1,1,1,6,0,0.5177,4864.0,5371.0,0.0,5835.0,1,0,0,0
2015-01-05,Monday,6212,545,1970.0,1336.0,1052.0,4903.0,1309,203793,166454,117952,10,Yes,2015,1,0,5,2,1,0,0,1,0.1091,5036.0,5509.0,6212.0,5788.0,0,0,0,0
2015-01-06,Tuesday,12000,617,1969.0,1526.0,721.0,4833.0,7167,191512,149493,96503,59,No,2015,1,1,6,2,1,0,1,0,0.5972,5034.0,5175.0,1309.0,4903.0,1,0,0,0
2015-01-07,Wednesday,7167,629,1619.0,1249.0,1062.0,4559.0,2608,191102,137851,100894,21,No,2015,1,2,7,2,1,0,2,0,0.2173,5067.0,4765.0,7167.0,4833.0,2,0,0,0
2015-01-08,Thursday,2608,583,1672.0,1284.0,1046.0,4585.0,0,188543,150719,114598,1,Yes,2015,1,3,8,2,1,0,3,1,0.0,4999.0,4659.0,2608.0,4559.0,0,0,0,0
2015-01-09,Friday,12000,671,2155.0,1585.0,998.0,5409.0,6591,244683,160503,116369,54,No,2015,1,4,9,2,1,0,4,0,0.5492,5130.0,4851.0,0.0,4585.0,1,0,0,0
2015-01-10,Saturday,6591,635,2328.0,2006.0,1248.0,6217.0,374,263035,196815,115721,3,Yes,2015,1,5,10,2,1,1,5,1,0.0312,5185.0,5404.0,6591.0,5409.0,0,0,0,0
2015-01-11,Sunday,12000,608,2212.0,1703.0,982.0,5505.0,6495,243208,177938,135502,54,No,2015,1,6,11,2,1,1,6,0,0.5412,5144.0,5710.0,374.0,6217.0,1,0,0,0
2015-01-12,Monday,6495,463,1679.0,1377.0,1118.0,4637.0,1858,210837,148355,111721,15,Yes,2015,1,0,12,3,1,0,0,1,0.1548,5106.0,5453.0,6495.0,5505.0,0,0,0,0
2015-01-13,Tuesday,12000,533,1712.0,1310.0,1177.0,4732.0,7268,206290,135934,111277,60,No,2015,1,1,13,3,1,0,1,0,0.6057,5092.0,4958.0,1858.0,4637.0,1,0,0,0
2015-01-14,Wednesday,7268,556,1767.0,1391.0,915.0,4629.0,2639,193491,141355,110249,21,No,2015,1,2,14,3,1,0,2,0,0.2199,5102.0,4666.0,7268.0,4732.0,2,0,0,0
2015-01-15,Thursday,2639,632,1623.0,1266.0,1107.0,4628.0,0,185190,162990,108128,1,Yes,2015,1,3,15,3,1,0,3,1,0.0,5108.0,4663.0,2639.0,4629.0,0,0,0,0
2015-01-16,Friday,12000,623,1957.0,1560.0,748.0,4888.0,7112,211868,151213,119579,59,No,2015,1,4,16,3,1,0,4,0,0.5927,5034.0,4715.0,0.0,4628.0,1,0,0,0
2015-01-17,Saturday,7112,609,2337.0,1973.0,1149.0,6068.0,1044,247782,176180,113736,8,Yes,2015,1,5,17,3,1,1,5,1,0.087,5012.0,5195.0,7112.0,4888.0,0,0,0,0
2015-01-18,Sunday,12000,679,2188.0,1806.0,940.0,5613.0,6387,239278,169185,144077,53,No,2015,1,6,18,3,1,1,6,0,0.5322,5028.0,5523.0,1044.0,6068.0,1,0,0,0
2015-01-19,Monday,6387,600,1753.0,1502.0,740.0,4595.0,1792,202590,134174,119400,14,Yes,2015,1,0,19,4,1,0,0,1,0.1493,5022.0,5425.0,6387.0,5613.0,0,0,0,0
2015-01-20,Tuesday,12000,614,1961.0,1343.0,929.0,4847.0,7153,209024,150266,115209,59,No,2015,1,1,20,4,1,0,1,0,0.5961,5038.0,5018.0,1792.0,4595.0,1,0,0,0
2015-01-21,Wednesday,7153,485,1757.0,1180.0,878.0,4300.0,2853,192706,127050,103683,23,No,2015,1,2,21,4,1,0,2,0,0.2378,4991.0,4581.0,7153.0,4847.0,2,0,0,0
2015-01-22,Thursday,2853,623,2046.0,1437.0,1059.0,5165.0,0,236481,145516,123568,1,Yes,2015,1,3,22,4,1,0,3,1,0.0,5068.0,4771.0,2853.0,4300.0,0,0,0,0
2015-01-23,Friday,12000,630,1793.0,1599.0,1023.0,5045.0,6955,228334,173397,129550,57,No,2015,1,4,23,4,1,0,4,0,0.5796,5090.0,4837.0,0.0,5165.0,1,0,0,0
2015-01-24,Saturday,6955,811,2416.0,1758.0,1019.0,6004.0,951,268525,208528,108802,7,Yes,2015,1,5,24,4,1,1,5,1,0.0792,5081.0,5405.0,6955.0,5045.0,0,0,0,0
2015-01-25,Sunday,12000,629,1961.0,1779.0,1085.0,5454.0,6546,211800,183221,129358,54,No,2015,1,6,25,4,1,1,6,0,0.5455,5059.0,5501.0,951.0,6004.0,1,0,0,0
2015-01-26,Monday,6546,609,1750.0,1222.0,912.0,4493.0,2053,186713,126240,90084,17,No,2015,1,0,26,5,1,0,0,0,0.1711,5044.0,5317.0,6546.0,5454.0,2,0,0,0
2015-01-27,Tuesday,2053,453,1703.0,1214.0,1107.0,4477.0,0,204321,153321,99376,1,Yes,2015,1,1,27,5,1,0,1,1,0.0,4991.0,4808.0,2053.0,4493.0,0,0,0,0
2015-01-28,Wednesday,12000,573,1724.0,1444.0,648.0,4389.0,7611,207011,146104,78620,63,No,2015,1,2,28,5,1,0,2,0,0.6342,5004.0,4453.0,0.0,4477.0,1,0,0,0
2015-01-29,Thursday,7611,668,1985.0,1551.0,765.0,4969.0,2642,204987,160357,115554,22,No,2015,1,3,29,5,1,0,3,0,0.2202,4976.0,4612.0,7611.0,4389.0,2,0,0,0
2015-01-30,Friday,2642,631,1718.0,1274.0,1089.0,4712.0,0,216231,153761,110713,1,Yes,2015,1,4,30,5,1,0,4,1,0.0,4928.0,4690.0,2642.0,4969.0,0,0,0,0
2015-01-31,Saturday,12000,712,2095.0,1851.0,1263.0,5921.0,6079,257611,163611,117246,50,No,2015,1,5,31,5,1,1,5,0,0.5066,4916.0,5201.0,0.0,4712.0,1,0,0,0
2015-02-01,Sunday,6079,687,1911.0,1403.0,1058.0,5059.0,1020,225300,156370,94540,8,Yes,2015,2,6,32,5,1,1,6,1,0.085,4860.0,5231.0,6079.0,5921.0,0,0,0,0
2015-02-02,Monday,12000,537,1761.0,1595.0,976.0,4869.0,7131,202542,156361,119842,59,No,2015,2,0,33,6,1,0,0,0,0.5942,4914.0,5283.0,1020.0,5059.0,1,0,0,0
2015-02-03,Tuesday,7131,526,1854.0,1274.0,883.0,4537.0,2594,211215,153376,101093,21,No,2015,2,1,34,6,1,0,1,0,0.2162,4922.0,4822.0,7131.0,4869.0,2,0,0,0
2015-02-04,Wednesday,2594,570,1574.0,1249.0,795.0,4188.0,0,187184,123969,84018,1,Yes,2015,2,2,35,6,1,0,2,1,0.0,4894.0,4531.0,2594.0,4537.0,0,0,0,0
2015-02-05,Thursday,12000,569,2057.0,1565.0,975.0,5166.0,6834,233713,176092,116685,56,No,2015,2,3,36,6,1,0,3,0,0.5695,4922.0,4630.0,0.0,4188.0,1,0,0,0
2015-02-06,Friday,6834,555,1904.0,1585.0,1322.0,5366.0,1468,232570,174205,101830,12,Yes,2015,2,4,37,6,1,0,4,1,0.1223,5015.0,4907.0,6834.0,5166.0,0,0,0,0
2015-02-07,Saturday,12000,554,2070.0,1493.0,1038.0,5155.0,6845,216315,169160,96908,57,No,2015,2,5,38,6,1,1,5,0,0.5704,4906.0,5229.0,1468.0,5366.0,1,0,0,0
2015-02-08,Sunday,6845,762,2350.0,1809.0,1344.0,6265.0,580,285201,189940,148971,4,Yes,2015,2,6,39,6,1,1,6,1,0.0483,5078.0,5595.0,6845.0,5155.0,0,0,0,0
2015-02-09,Monday,12000,528,1687.0,1319.0,811.0,4345.0,7655,179856,142494,88979,63,No,2015,2,0,40,7,1,0,0,0,0.6379,5003.0,5255.0,580.0,6265.0,1,0,0,0
2015-02-10,Tuesday,7655,471,1626.0,1240.0,998.0,4335.0,3320,170355,122316,82944,27,No,2015,2,1,41,7,1,0,1,0,0.2767,4974.0,4982.0,7655.0,4345.0,2,0,0,0
2015-02-11,Wednesday,3320,480,1481.0,1194.0,600.64,3655.0,0,168107,121260,67105,1,Yes,2015,2,2,42,7,1,0,2,1,0.0,4898.0,4112.0,3320.0,4335.0,0,0,0,0
2015-02-12,Thursday,12000,489,1858.0,1448.0,803.0,4598.0,7402,187078,128660,95111,61,No,2015,2,3,43,7,1,0,3,0,0.6168,4817.0,4196.0,0.0,3655.0,1,0,0,0
2015-02-13,Friday,7402,522,2043.0,1656.0,806.0,5027.0,2375,239905,150993,114239,19,No,2015,2,4,44,7,1,0,4,0,0.1979,4769.0,4427.0,7402.0,4598.0,2,0,0,0
2015-02-14,Saturday,2375,781,2467.0,1994.0,914.0,6156.0,0,281659,220189,120689,1,Yes,2015,2,5,45,7,1,1,5,1,0.0,4912.0,5260.0,2375.0,5027.0,0,0,0,0
2015-02-15,Sunday,12000,714,2237.0,1576.0,1107.0,5634.0,6366,248533,178727,107277,53,No,2015,2,6,46,7,1,1,6,0,0.5305,4821.0,5606.0,0.0,6156.0,1,0,0,0
2015-02-16,Monday,6366,520,1674.0,1143.0,842.0,4179.0,2187,185996,128998,85617,18,No,2015,2,0,47,8,1,0,0,0,0.1822,4798.0,5323.0,6366.0,5634.0,2,0,0,0
2015-02-17,Tuesday,2187,500,1593.0,1328.0,879.0,4300.0,0,175395,147216,95448,1,Yes,2015,2,1,48,8,1,0,1,1,0.0,4793.0,4704.0,2187.0,4179.0,0,0,0,0
2015-02-18,Wednesday,12000,453,1604.0,1181.0,886.0,4124.0,7876,163222,140936,94091,65,No,2015,2,2,49,8,1,0,2,0,0.6563,4860.0,4201.0,0.0,4300.0,1,0,0,0
2015-02-19,Thursday,7876,514,1851.0,1445.0,1286.0,5096.0,2780,219328,160933,112936,23,No,2015,2,3,50,8,1,0,3,0,0.2317,4931.0,4507.0,7876.0,4124.0,2,0,0,0
2015-02-20,Friday,2780,563,1799.0,1337.0,1198.0,4897.0,0,199613,134687,111121,1,Yes,2015,2,4,51,8,1,0,4,1,0.0,4912.0,4706.0,2780.0,5096.0,0,0,0,0
2015-02-21,Saturday,12000,635,2136.0,1712.0,789.0,5272.0,6728,241373,158528,100554,56,No,2015,2,5,52,8,1,1,5,0,0.5607,4786.0,5088.0,0.0,4897.0,1,0,0,0
2015-02-22,Sunday,6728,579,1892.0,1430.0,1306.0,5207.0,1521,238897,164571,125301,12,Yes,2015,2,6,53,8,1,1,6,1,0.1268,4725.0,5125.0,6728.0,5272.0,0,0,0,0
2015-02-23,Monday,12000,436,1538.0,1297.0,970.0,4241.0,7759,170723,118939,81337,64,No,2015,2,0,54,9,1,0,0,0,0.6466,4734.0,4907.0,1521.0,5207.0,1,0,0,0
2015-02-24,Tuesday,7759,546,1620.0,1175.0,949.0,4290.0,3469,174411,137105,86892,28,No,2015,2,1,55,9,1,0,1,0,0.2891,4732.0,4579.0,7759.0,4241.0,2,0,0,0
2015-02-25,Wednesday,3469,560,1503.0,1302.0,704.0,4069.0,0,163055,121315,74628,1,Yes,2015,2,2,56,9,1,0,2,1,0.0,4725.0,4200.0,3469.0,4290.0,0,0,0,0
2015-02-26,Thursday,12000,478,1649.0,1329.0,1009.0,4465.0,7535,209506,154638,92540,62,No,2015,2,3,57,9,1,0,3,0,0.6279,4634.0,4275.0,0.0,4069.0,1,0,0,0
2015-02-27,Friday,7535,600,1696.0,1291.0,1104.0,4691.0,2844,208240,160602,96680,23,No,2015,2,4,58,9,1,0,4,0,0.237,4605.0,4408.0,7535.0,4465.0,2,0,0,0
2015-02-28,Saturday,2844,702,2007.0,1823.0,1142.0,5674.0,0,229393,165790,99481,1,Yes,2015,2,5,59,9,1,1,5,1,0.0,4662.0,4943.0,2844.0,4691.0,0,0,0,0
2015-03-01,Sunday,12000,850,2554.0,1967.0,862.0,6233.0,5767,252403,208592,130367,48,No,2015,3,6,60,9,1,1,6,0,0.4806,4809.0,5533.0,0.0,5674.0,1,0,0,1
2015-03-02,Monday,5767,548,2042.0,1526.0,978.0,5094.0,673,230248,171858,112611,5,Yes,2015,3,0,61,10,1,0,0,1,0.0561,4931.0,5667.0,5767.0,6233.0,0,0,0,1
2015-03-03,Tuesday,12000,674,1925.0,1617.0,687.0,4903.0,7097,230622,150325,112052,59,No,2015,3,1,62,10,1,0,1,0,0.5914,5018.0,5410.0,673.0,5094.0,1,0,0,1
2015-03-04,Wednesday,7097,685,1850.0,1490.0,1020.0,5045.0,2052,219272,178566,111612,17,No,2015,3,2,63,10,1,0,2,0,0.171,5158.0,5014.0,7097.0,4903.0,2,0,0,1
2015-03-05,Thursday,2052,649,2030.0,1729.0,842.0,5250.0,0,218449,163553,118866,1,Yes,2015,3,3,64,10,1,0,3,1,0.0,5270.0,5066.0,2052.0,5045.0,0,0,0,1
2015-03-06,Friday,12000,772,2424.0,1707.0,1154.0,6057.0,5943,245087,200305,142743,49,No,2015,3,4,65,10,1,0,4,0,0.4952,5465.0,5451.0,0.0,5250.0,1,0,0,1
2015-03-07,Saturday,5943,702,2377.0,2066.0,1549.0,6694.0,0,299517,233253,160931,1,Yes,2015,3,5,66,10,1,1,5,1,0.0,5611.0,6000.0,5943.0,6057.0,0,0,0,1
2015-03-08,Sunday,12000,619,2306.0,1602.0,1403.0,5930.0,6070,250909,170148,119324,50,No,2015,3,6,67,10,1,1,6,0,0.5058,5568.0,6227.0,0.0,6694.0,1,0,0,1
2015-03-09,Monday,6070,625,1720.0,1500.0,871.0,4716.0,1354,210253,159548,108631,11,Yes,2015,3,0,68,11,1,0,0,1,0.1128,5514.0,5780.0,6070.0,5930.0,0,0,0,1
2015-03-10,Tuesday,12000,615,1884.0,1596.0,1077.0,5172.0,6828,220010,180807,119360,56,No,2015,3,1,69,11,1,0,1,0,0.569,5552.0,5273.0,1354.0,4716.0,1,0,0,1
2015-03-11,Wednesday,6828,634,1685.0,1427.0,846.0,4592.0,2236,193812,149956,104225,18,No,2015,3,2,70,11,1,0,2,0,0.1863,5487.0,4827.0,6828.0,5172.0,2,0,0,1
2015-03-12,Thursday,2236,544,1757.0,1332.0,1184.0,4817.0,0,210990,151987,90509,1,Yes,2015,3,3,71,11,1,0,3,1,0.0,5425.0,4860.0,2236.0,4592.0,0,0,0,1
2015-03-13,Friday,12000,722,2322.0,1913.0,842.0,5799.0,6201,243395,186554,124839,51,No,2015,3,4,72,11,1,0,4,0,0.5168,5389.0,5069.0,0.0,4817.0,1,0,0,1
2015-03-14,Saturday,6201,735,2143.0,1814.0,1146.0,5838.0,363,243679,178870,128755,3,Yes,2015,3,5,73,11,1,1,5,1,0.0302,5266.0,5485.0,6201.0,5799.0,0,0,0,1
2015-03-15,Sunday,12000,759,2403.0,1958.0,1003.0,6123.0,5877,268629,175374,134645,48,No,2015,3,6,74,11,1,1,6,0,0.4898,5294.0,5920.0,363.0,5838.0,1,0,0,1
2015-03-16,Monday,5877,626,1661.0,1422.0,804.0,4513.0,1364,187231,141303,103529,11,Yes,2015,3,0,75,12,1,0,0,1,0.1137,5265.0,5491.0,5877.0,6123.0,0,0,0,1
2015-03-17,Tuesday,12000,497,1772.0,1322.0,1136.0,4727.0,7273,191994,164279,114632,60,No,2015,3,1,76,12,1,0,1,0,0.6061,5201.0,5121.0,1364.0,4513.0,1,0,0,1
2015-03-18,Wednesday,7273,631,1684.0,1491.0,864.0,4670.0,2603,194859,167361,91300,21,No,2015,3,2,77,12,1,0,2,0,0.2169,5212.0,4637.0,7273.0,4727.0,2,0,0,1
2015-03-19,Thursday,2603,639,1967.0,1566.0,1236.0,5408.0,0,227821,170290,116422,1,Yes,2015,3,3,78,12,1,0,3,1,0.0,5297.0,4935.0,2603.0,4670.0,0,0,0,1
2015-03-20,Friday,12000,740,2287.0,1902.0,1127.0,6056.0,5944,252809,168622,109185,49,No,2015,3,4,79,12,1,0,4,0,0.4953,5334.0,5378.0,0.0,5408.0,1,0,0,1
2015-03-21,Saturday,5944,868,2525.0,2112.0,1054.0,6559.0,0,297550,200273,157856,1,Yes,2015,3,5,80,12,1,1,5,1,0.0,5437.0,6008.0,5944.0,6056.0,0,0,0,1
2015-03-22,Sunday,12000,647,2238.0,1872.0,1369.0,6126.0,5874,256371,181895,138670,48,No,2015,3,6,81,12,1,1,6,0,0.4895,5437.0,6247.0,0.0,6559.0,1,0,0,1
2015-03-23,Monday,5874,671,1992.0,1409.0,1029.0,5101.0,773,233250,172149,108971,6,Yes,2015,3,0,82,13,1,0,0,1,0.0644,5521.0,5929.0,5874.0,6126.0,0,0,0,1
2015-03-24,Tuesday,12000,640,1829.0,1531.0,1145.0,5145.0,6855,229530,142416,96968,57,No,2015,3,1,83,13,1,0,1,0,0.5712,5581.0,5457.0,773.0,5101.0,1,0,0,1
2015-03-25,Wednesday,6855,631,1876.0,1400.0,738.0,4645.0,2210,193785,130853,106103,18,No,2015,3,2,84,13,1,0,2,0,0.1842,5577.0,4964.0,6855.0,5145.0,2,0,0,1
2015-03-26,Thursday,2210,700,2026.0,1851.0,1081.0,5658.0,0,242456,185159,116497,1,Yes,2015,3,3,85,13,1,0,3,1,0.0,5613.0,5149.0,2210.0,4645.0,0,0,0,1
2015-03-27,Friday,12000,597,2124.0,1818.0,1185.0,5724.0,6276,231339,194004,106146,52,No,2015,3,4,86,13,1,0,4,0,0.523,5565.0,5342.0,0.0,5658.0,1,0,0,1
2015-03-28,Saturday,6276,772,2499.0,1969.0,933.0,6173.0,103,239495,187264,145454,1,Yes,2015,3,5,87,13,1,1,5,1,0.0086,5510.0,5852.0,6276.0,5724.0,0,0,0,1
2015-03-29,Sunday,12000,653,2270.0,1795.0,1064.0,5782.0,6218,248963,167524,113573,51,No,2015,3,6,88,13,1,1,6,0,0.5182,5461.0,5893.0,103.0,6173.0,1,0,0,1
2015-03-30,Monday,6218,707,2002.0,1548.0,803.0,5060.0,1158,211257,164454,110418,9,Yes,2015,3,0,89,14,1,0,0,1,0.0965,5455.0,5672.0,6218.0,5782.0,0,0,0,1
2015-03-31,Tuesday,12000,530,1869.0,1465.0,1100.0,4964.0,7036,206912,168927,113501,58,No,2015,3,1,90,14,1,0,1,0,0.5863,5429.0,5269.0,1158.0,5060.0,1,0,0,1
2015-04-01,Wednesday,7036,564,1841.0,1446.0,669.0,4520.0,2516,210169,136868,83853,20,No,2015,4,2,91,14,2,0,2,0,0.2097,5412.0,4848.0,7036.0,4964.0,2,0,0,1
2015-04-02,Thursday,2516,663,1861.0,1465.0,1058.0,5047.0,0,211096,147293,117904,1,Yes,2015,4,3,92,14,2,0,3,1,0.0,5324.0,4844.0,2516.0,4520.0,0,0,0,1
2015-04-03,Friday,12000,694,1931.0,1482.0,1288.0,5395.0,6605,228821,172565,110389,55,No,2015,4,4,93,14,2,0,4,0,0.5504,5277.0,4987.0,0.0,5047.0,1,0,0,1
2015-04-04,Saturday,6605,824,2203.0,1728.0,1232.0,5987.0,618,278758,200372,137388,5,Yes,2015,4,5,94,14,2,1,5,1,0.0515,5251.0,5476.0,6605.0,5395.0,0,0,0,1
2015-04-05,Sunday,12000,720,2344.0,1756.0,1126.0,5946.0,6054,262985,191850,141216,50,No,2015,4,6,95,14,2,1,6,0,0.5045,5274.0,5776.0,618.0,5987.0,1,0,0,1
2015-04-06,Monday,6054,478,1676.0,1284.0,1049.0,4487.0,1567,202224,142130,94995,13,Yes,2015,4,0,96,15,2,0,0,1,0.1306,5192.0,5473.0,6054.0,5946.0,0,0,0,1
2015-04-07,Tuesday,12000,510,1769.0,1523.0,900.0,4702.0,7298,180969,161554,107204,60,No,2015,4,1,97,15,2,0,1,0,0.6082,5155.0,5045.0,1567.0,4487.0,1,0,0,1
2015-04-08,Wednesday,7298,459,1752.0,1314.0,1059.0,4584.0,2714,182437,154569,90990,22,No,2015,4,2,98,15,2,0,2,0,0.2262,5164.0,4591.0,7298.0,4702.0,2,0,0,1
2015-04-09,Thursday,2714,638,1804.0,1311.0,845.0,4598.0,0,187132,135969,114995,1,Yes,2015,4,3,99,15,2,0,3,1,0.0,5100.0,4628.0,2714.0,4584.0,0,0,0,1
2015-04-10,Friday,12000,709,2049.0,1597.0,752.0,5107.0,6893,230386,156860,95708,57,No,2015,4,4,100,15,2,0,4,0,0.5744,5059.0,4763.0,0.0,4598.0,1,0,0,1
2015-04-11,Saturday,6893,747,2155.0,1660.0,1573.0,6135.0,758,291195,175347,128741,6,Yes,2015,4,5,101,15,2,1,5,1,0.0632,5080.0,5280.0,6893.0,5107.0,0,0,0,1
2015-04-12,Sunday,12000,707,2024.0,1653.0,1349.0,5733.0,6267,263882,177864,114167,52,No,2015,4,6,102,15,2,1,6,0,0.5222,5049.0,5658.0,758.0,6135.0,1,0,0,1
2015-04-13,Monday,6267,560,1553.0,1186.0,1070.0,4369.0,1898,178455,122011,94659,15,Yes,2015,4,0,103,16,2,0,0,1,0.1582,5033.0,5412.0,6267.0,5733.0,0,0,0,1
2015-04-14,Tuesday,12000,668,1891.0,1526.0,1086.0,5171.0,6829,234075,169153,118319,56,No,2015,4,1,104,16,2,0,1,0,0.5691,5100.0,5091.0,1898.0,4369.0,1,0,0,1
2015-04-15,Wednesday,6829,508,1905.0,1408.0,938.0,4759.0,2070,199234,161816,92880,17,No,2015,4,2,105,16,2,0,2,0,0.1725,5125.0,4766.0,6829.0,5171.0,2,0,0,1
2015-04-16,Thursday,2070,578,1974.0,1482.0,1442.0,5476.0,0,248834,166602,130011,1,Yes,2015,4,3,106,16,2,0,3,1,0.0,5250.0,5135.0,2070.0,4759.0,0,0,0,1
2015-04-17,Friday,12000,582,2088.0,1645.0,1189.0,5504.0,6496,225179,156999,107405,54,No,2015,4,4,107,16,2,0,4,0,0.5413,5307.0,5246.0,0.0,5476.0,1,0,0,1
2015-04-18,Saturday,6496,828,2357.0,1841.0,1649.0,6733.0,0,288201,197547,165967,1,Yes,2015,4,5,108,16,2,1,5,1,0.0,5392.0,5904.0,6496.0,5504.0,0,0,0,1
2015-04-19,Sunday,12000,839,2362.0,2000.0,1086.0,6287.0,5713,267948,194303,136085,47,No,2015,4,6,109,16,2,1,6,0,0.4761,5471.0,6175.0,0.0,6733.0,1,0,0,1
2015-04-20,Monday,5713,535,1746.0,1554.0,877.0,4712.0,1001,204967,158322,118751,8,Yes,2015,4,0,110,17,2,0,0,1,0.0834,5520.0,5911.0,5713.0,6287.0,0,0,0,1
2015-04-21,Tuesday,12000,623,1805.0,1345.0,1045.0,4818.0,7182,191343,167576,111693,59,No,2015,4,1,111,17,2,0,1,0,0.5985,5470.0,5272.0,1001.0,4712.0,1,0,0,1
2015-04-22,Wednesday,7182,573,1678.0,1346.0,926.0,4523.0,2659,186973,145449,110951,22,No,2015,4,2,112,17,2,0,2,0,0.2216,5436.0,4684.0,7182.0,4818.0,2,0,0,1
2015-04-23,Thursday,2659,570,1693.0,1334.0,892.0,4489.0,0,199172,140926,95905,1,Yes,2015,4,3,113,17,2,0,3,1,0.0,5295.0,4610.0,2659.0,4523.0,0,0,0,1
2015-04-24,Friday,12000,590,2173.0,1637.0,1100.0,5500.0,6500,231695,168350,119676,54,No,2015,4,4,114,17,2,0,4,0,0.5417,5295.0,4837.0,0.0,4489.0,1,0,0,1
2015-04-25,Saturday,6500,691,2320.0,2026.0,1501.0,6538.0,0,278352,207675,134540,1,Yes,2015,4,5,115,17,2,1,5,1,0.0,5267.0,5509.0,6500.0,5500.0,0,0,0,1
2015-04-26,Sunday,12000,641,2153.0,1646.0,1538.0,5978.0,6022,262754,173494,137369,50,No,2015,4,6,116,17,2,1,6,0,0.5018,5223.0,6005.0,0.0,6538.0,1,0,0,1
2015-04-27,Monday,6022,518,1659.0,1374.0,947.0,4498.0,1524,178603,138021,101363,12,Yes,2015,4,0,117,18,2,0,0,1,0.127,5192.0,5671.0,6022.0,5978.0,0,0,0,1
2015-04-28,Tuesday,12000,566,1957.0,1443.0,913.0,4879.0,7121,212980,136825,84597,59,No,2015,4,1,118,18,2,0,1,0,0.5934,5201.0,5118.0,1524.0,4498.0,1,0,0,1
2015-04-29,Wednesday,7121,738,1973.0,1642.0,971.0,5324.0,1797,239435,143610,109503,14,Yes,2015,4,2,119,18,2,0,2,1,0.1498,5315.0,4900.0,7121.0,4879.0,0,0,0,1
2015-04-30,Thursday,12000,594,1607.0,1256.0,1110.0,4567.0,7433,174872,155905,86576,61,No,2015,4,3,120,18,2,0,3,0,0.6194,5326.0,4923.0,1797.0,5324.0,1,0,0,1
2015-05-01,Friday,7433,755,2063.0,1746.0,840.0,5404.0,2029,219849,149432,114458,16,No,2015,5,4,121,18,2,0,4,0,0.1691,5313.0,5098.0,7433.0,4567.0,2,0,0,1
2015-05-02,Saturday,2029,649,2381.0,1810.0,1198.0,6038.0,0,248101,212659,139037,1,Yes,2015,5,5,122,18,2,1,5,1,0.0,5241.0,5336.0,2029.0,5404.0,0,0,0,1
2015-05-03,Sunday,12000,743,2320.0,1859.0,983.0,5905.0,6095,266175,203201,136031,50,No,2015,5,6,123,18,2,1,6,0,0.5079,5231.0,5782.0,0.0,6038.0,1,0,0,1
2015-05-04,Monday,6095,567,1676.0,1531.0,890.0,4664.0,1431,180140,159387,114528,11,Yes,2015,5,0,124,19,2,0,0,1,0.1192,5254.0,5536.0,6095.0,5905.0,0,0,0,1
2015-05-05,Tuesday,12000,642,2004.0,1479.0,965.0,5090.0,6910,221696,152195,131153,57,No,2015,5,1,125,19,2,0,1,0,0.5758,5285.0,5220.0,1431.0,4664.0,1,0,0,1
2015-05-06,Wednesday,6910,600,1659.0,1539.0,904.0,4702.0,2208,190229,139975,87506,18,No,2015,5,2,126,19,2,0,2,0,0.184,5196.0,4819.0,6910.0,5090.0,2,0,0,1
2015-05-07,Thursday,2208,531,2008.0,1457.0,1253.0,5249.0,0,233308,158238,108533,1,Yes,2015,5,3,127,19,2,0,3,1,0.0,5293.0,5014.0,2208.0,4702.0,0,0,0,1
2015-05-08,Friday,12000,657,2381.0,1733.0,1105.0,5876.0,6124,237501,188811,120983,51,No,2015,5,4,128,19,2,0,4,0,0.5103,5361.0,5276.0,0.0,5249.0,1,0,0,1
2015-05-09,Saturday,6124,745,2484.0,1842.0,1649.0,6782.0,0,271690,222687,166558,1,Yes,2015,5,5,129,19,2,1,5,1,0.0,5467.0,5969.0,6124.0,5876.0,0,0,0,1
2015-05-10,Sunday,12000,690,2498.0,2024.0,1097.0,6309.0,5691,287957,227602,132349,47,No,2015,5,6,130,19,2,1,6,0,0.4742,5525.0,6322.0,0.0,6782.0,1,0,0,1
2015-05-11,Monday,5691,504,1687.0,1228.0,867.0,4286.0,1405,192910,126513,97286,11,Yes,2015,5,0,131,20,2,0,0,1,0.1171,5471.0,5792.0,5691.0,6309.0,0,0,0,1
2015-05-12,Tuesday,12000,735,2064.0,1703.0,783.0,5285.0,6715,221503,157575,102797,55,No,2015,5,1,132,20,2,0,1,0,0.5596,5498.0,5293.0,1405.0,4286.0,1,0,0,1
2015-05-13,Wednesday,6715,618,1974.0,1592.0,1398.0,5582.0,1133,256298,190107,136849,9,Yes,2015,5,2,133,20,2,0,2,1,0.0944,5624.0,5051.0,6715.0,5285.0,0,0,0,1
2015-05-14,Thursday,12000,645,1905.0,1458.0,933.0,4941.0,7059,216700,161474,113420,58,No,2015,5,3,134,20,2,0,3,0,0.5883,5580.0,5269.0,1133.0,5582.0,1,0,0,1
2015-05-15,Friday,7059,597,2031.0,1516.0,1004.0,5148.0,1911,230633,171779,100581,15,Yes,2015,5,4,135,20,2,0,4,1,0.1592,5476.0,5224.0,7059.0,4941.0,0,0,0,1
2015-05-16,Saturday,12000,836,2261.0,1908.0,1322.0,6327.0,5673,298437,186617,143154,47,No,2015,5,5,136,20,2,1,5,0,0.4728,5411.0,5472.0,1911.0,5148.0,1,0,0,1
2015-05-17,Sunday,5673,881,2640.0,1806.0,1158.0,6485.0,0,281462,196877,125900,1,Yes,2015,5,6,137,20,2,1,6,1,0.0,5436.0,5987.0,5673.0,6327.0,0,0,0,1
2015-05-18,Monday,12000,449,1737.0,1324.0,919.0,4429.0,7571,183497,147891,82507,63,No,2015,5,0,138,21,2,0,0,0,0.6309,5457.0,5747.0,0.0,6485.0,1,0,0,1
2015-05-19,Tuesday,7571,641,1669.0,1259.0,1069.0,4638.0,2933,195506,151958,113398,24,No,2015,5,1,139,21,2,0,1,0,0.2444,5364.0,5184.0,7571.0,4429.0,2,0,0,1
2015-05-20,Wednesday,2933,579,1700.0,1313.0,1071.0,4663.0,0,194391,143696,86416,1,Yes,2015,5,2,140,21,2,0,2,1,0.0,5233.0,4577.0,2933.0,4638.0,0,0,0,1
2015-05-21,Thursday,12000,460,1508.0,1309.0,695.0,3972.0,8028,174344,137900,92659,66,No,2015,5,3,141,21,2,0,3,0,0.669,5095.0,4424.0,0.0,4663.0,1,0,0,1
2015-05-22,Friday,8028,698,2029.0,1541.0,755.0,5023.0,3005,223595,162674,103322,25,No,2015,5,4,142,21,2,0,4,0,0.2504,5077.0,4553.0,8028.0,3972.0,2,0,0,1
2015-05-23,Saturday,3005,744,2553.0,1912.0,1135.0,6344.0,0,279907,189501,136816,1,Yes,2015,5,5,143,21,2,1,5,1,0.0,5079.0,5113.0,3005.0,5023.0,0,0,0,1
2015-05-24,Sunday,12000,775,2503.0,1979.0,902.0,6159.0,5841,281884,180392,115648,48,No,2015,5,6,144,21,2,1,6,0,0.4868,5033.0,5842.0,0.0,6344.0,1,0,0,1
2015-05-25,Monday,5841,639,1675.0,1520.0,891.0,4725.0,1116,205081,143782,86076,9,Yes,2015,5,0,145,22,2,0,0,1,0.093,5075.0,5743.0,5841.0,6159.0,0,0,0,1
2015-05-26,Tuesday,12000,566,1632.0,1249.0,793.0,4240.0,7760,187495,129255,89850,64,No,2015,5,1,146,22,2,0,1,0,0.6467,5018.0,5041.0,1116.0,4725.0,1,0,0,1
2015-05-27,Wednesday,7760,482,1887.0,1350.0,990.0,4709.0,3051,210731,160065,101496,25,No,2015,5,2,147,22,2,0,2,0,0.2542,5025.0,4558.0,7760.0,4240.0,2,0,0,1
2015-05-28,Thursday,3051,534,1963.0,1554.0,800.0,4851.0,0,201209,169319,96479,1,Yes,2015,5,3,148,22,2,0,3,1,0.0,5150.0,4600.0,3051.0,4709.0,0,0,0,1
2015-05-29,Friday,12000,688,2089.0,1715.0,825.0,5317.0,6683,216153,152528,95402,55,No,2015,5,4,149,22,2,0,4,0,0.5569,5192.0,4959.0,0.0,4851.0,1,0,0,1
2015-05-30,Saturday,6683,778,2512.0,1981.0,1370.0,6641.0,42,302666,200820,153020,1,Yes,2015,5,5,150,22,2,1,5,1,0.0035,5235.0,5603.0,6683.0,5317.0,0,0,0,1
2015-05-31,Sunday,12000,679,2174.0,1977.0,1163.0,5993.0,6007,267814,188690,110150,50,No,2015,5,6,151,22,2,1,6,0,0.5006,5211.0,5984.0,42.0,6641.0,1,0,0,1
2015-06-01,Monday,6007,433,1312.76,1106.0,724.0,3512.0,2495,147143,106827,60985,20,No,2015,6,0,152,23,2,0,0,0,0.2079,5038.0,5382.0,6007.0,5993.0,2,0,1,0
2015-06-02,Tuesday,2495,509,1480.0,1053.0,621.0,3663.0,0,148533,117937,82557,1,Yes,2015,6,1,153,23,2,0,1,1,0.0,4955.0,4389.0,2495.0,3512.0,0,0,1,0
2015-06-03,Wednesday,12000,490,1632.0,1375.0,786.0,4283.0,7717,191153,142273,83412,64,No,2015,6,2,154,23,2,0,2,0,0.6431,4894.0,3819.0,0.0,3663.0,1,0,1,0
2015-06-04,Thursday,7717,415,1429.0,1127.0,1103.0,4074.0,3643,156125,135376,80057,30,No,2015,6,3,155,23,2,0,3,0,0.3036,4783.0,4007.0,7717.0,4283.0,2,0,1,0
2015-06-05,Friday,3643,494,1676.0,1367.0,1118.0,4655.0,0,185273,154643,83315,1,Yes,2015,6,4,156,23,2,0,4,1,0.0,4689.0,4337.0,3643.0,4074.0,0,0,1,0
2015-06-06,Saturday,12000,692,1977.0,1782.0,1167.0,5618.0,6382,249003,166614,106107,53,No,2015,6,5,157,23,2,1,5,0,0.5318,4543.0,4782.0,0.0,4655.0,1,0,1,0
2015-06-07,Sunday,6382,568,1990.0,1543.0,975.0,5076.0,1306,200387,184695,124228,10,Yes,2015,6,6,158,23,2,1,6,1,0.1088,4412.0,5116.0,6382.0,5618.0,0,0,1,0
2015-06-08,Monday,12000,442,1604.0,1098.0,918.0,4062.0,7938,179263,130416,95977,66,No,2015,6,0,159,24,2,0,0,0,0.6615,4490.0,4919.0,1306.0,5076.0,1,0,1,0
2015-06-09,Tuesday,7938,524,1362.0,1031.0,901.0,3818.0,4120,160850,115615,93070,34,No,2015,6,1,160,24,2,0,1,0,0.3433,4512.0,4319.0,7938.0,4062.0,2,0,1,0
2015-06-10,Wednesday,4120,393,1442.0,1066.0,745.0,3630.0,490,145503,113438,77388,4,Yes,2015,6,2,161,24,2,0,2,1,0.0408,4419.0,3837.0,4120.0,3818.0,0,0,1,0
2015-06-11,Thursday,12000,581,1539.0,1257.0,909.0,4286.0,7714,180520,140210,97194,64,No,2015,6,3,162,24,2,0,3,0,0.6428,4449.0,3911.0,490.0,3630.0,1,0,1,0
2015-06-12,Friday,7714,556,1502.0,1251.0,681.0,3990.0,3724,162548,125391,92732,31,No,2015,6,4,163,24,2,0,4,0,0.3103,4354.0,3969.0,7714.0,4286.0,2,0,1,0
2015-06-13,Saturday,3724,622,2211.0,1687.0,979.0,5499.0,0,251681,162100,137023,1,Yes,2015,6,5,164,24,2,1,5,1,0.0,4337.0,4592.0,3724.0,3990.0,0,0,1,0
2015-06-14,Sunday,12000,568,1849.0,1433.0,1041.0,4891.0,7109,232746,160430,123518,59,No,2015,6,6,165,24,2,1,6,0,0.5924,4311.0,4793.0,0.0,5499.0,1,0,1,0
2015-06-15,Monday,7109,431,1325.0,1235.0,793.0,3784.0,3325,176821,112092,88007,27,No,2015,6,0,166,25,2,0,0,0,0.2771,4271.0,4725.0,7109.0,4891.0,2,0,1,0
2015-06-16,Tuesday,3325,437,1476.0,1095.0,980.0,3988.0,0,166002,111461,81107,1,Yes,2015,6,1,167,25,2,0,1,1,0.0,4295.0,4221.0,3325.0,3784.0,0,0,1,0
2015-06-17,Wednesday,12000,435,1419.0,1181.0,999.0,4034.0,7966,175947,127241,76248,66,No,2015,6,2,168,25,2,0,2,0,0.6638,4353.0,3935.0,0.0,3988.0,1,0,1,0
2015-06-18,Thursday,7966,537,1524.0,1106.0,719.0,3886.0,4080,153616,109703,78016,34,No,2015,6,3,169,25,2,0,3,0,0.34,4296.0,3969.0,7966.0,4034.0,2,0,1,0
2015-06-19,Friday,4080,503,1767.0,1341.0,899.0,4510.0,0,183058,153908,97705,1,Yes,2015,6,4,170,25,2,0,4,1,0.0,4370.0,4143.0,4080.0,3886.0,0,0,1,0
2015-06-20,Saturday,12000,541,1914.0,1490.0,1145.0,5090.0,6910,232095,144440,120451,57,No,2015,6,5,171,25,2,1,5,0,0.5758,4312.0,4495.0,0.0,4510.0,1,0,1,0
2015-06-21,Sunday,6910,492,1815.0,1285.0,860.0,4452.0,2458,202648,129202,97313,20,No,2015,6,6,172,25,2,1,6,0,0.2048,4249.0,4684.0,6910.0,5090.0,2,0,1,0
2015-06-22,Monday,2458,556,1443.0,1165.0,816.0,3980.0,0,175511,125638,73896,1,Yes,2015,6,0,173,26,2,0,0,1,0.0,4277.0,4507.0,2458.0,4452.0,0,0,1,0
2015-06-23,Tuesday,12000,532,1569.0,1191.0,1034.0,4326.0,7674,190411,137576,94786,63,No,2015,6,1,174,26,2,0,1,0,0.6395,4325.0,4253.0,0.0,3980.0,1,0,1,0
2015-06-24,Wednesday,7674,393,1312.76,1055.0,636.0,3480.52,4316,135347,111619,84496,35,No,2015,6,2,175,26,2,0,2,0,0.3597,4229.0,3888.0,7674.0,4326.0,2,0,1,0
2015-06-25,Thursday,4316,453,1380.0,1053.0,865.0,3751.0,565,163891,106066,89188,4,Yes,2015,6,3,176,26,2,0,3,1,0.0471,4210.0,3812.0,4316.0,3358.0,0,0,1,0
2015-06-26,Friday,12000,461,1434.0,1115.0,1011.0,4021.0,7979,175254,107140,78806,66,No,2015,6,4,177,26,2,0,4,0,0.6649,4140.0,3710.0,565.0,3751.0,1,0,1,0
2015-06-27,Saturday,7979,641,1816.0,1595.0,1026.0,5078.0,2901,210424,162535,116325,24,No,2015,6,5,178,26,2,1,5,0,0.2418,4138.0,4283.0,7979.0,4021.0,2,0,1,0
2015-06-28,Sunday,2901,661,1985.0,1468.0,851.0,4965.0,0,198829,166574,96183,1,Yes,2015,6,6,179,26,2,1,6,1,0.0,4211.0,4688.0,2901.0,5078.0,0,0,1,0
2015-06-29,Monday,12000,494,1694.0,1273.0,678.0,4139.0,7861,182169,146532,82420,65,No,2015,6,0,180,27,2,0,0,0,0.6551,4234.0,4727.0,0.0,4965.0,1,0,1,0
2015-06-30,Tuesday,7861,470,1319.0,1081.0,844.0,3714.0,4147,151660,110162,94367,34,No,2015,6,1,181,27,2,0,1,0,0.3456,4147.0,4273.0,7861.0,4139.0,2,0,1,0
2015-07-01,Wednesday,4147,464,1449.0,1218.0,756.0,3887.0,260,172848,134712,94449,2,Yes,2015,7,2,182,27,3,0,2,1,0.0217,4222.0,3913.0,4147.0,3714.0,0,0,1,0
2015-07-02,Thursday,12000,460,1457.0,1269.0,726.0,3912.0,8088,170854,127317,70149,67,No,2015,7,3,183,27,3,0,3,0,0.674,4245.0,3838.0,260.0,3887.0,1,0,1,0
2015-07-03,Friday,8088,536,1574.0,1219.0,858.0,4187.0,3901,176907,135188,76730,32,No,2015,7,4,184,27,3,0,4,0,0.3251,4269.0,3995.0,8088.0,3912.0,2,0,1,0
2015-07-04,Saturday,3901,521,1998.0,1432.0,1008.0,4959.0,0,218042,171361,113002,1,Yes,2015,7,5,185,27,3,1,5,1,0.0,4252.0,4353.0,3901.0,4187.0,0,0,1,0
2015-07-05,Sunday,12000,511,1965.0,1626.0,908.0,5010.0,6990,204128,146262,109563,58,No,2015,7,6,186,27,3,1,6,0,0.5825,4258.0,4719.0,0.0,4959.0,1,0,1,0
2015-07-06,Monday,6990,529,1512.0,1064.0,836.0,3941.0,3049,178212,114808,89859,25,No,2015,7,0,187,28,3,0,0,0,0.2541,4230.0,4637.0,6990.0,5010.0,2,0,1,0
2015-07-07,Tuesday,3049,393,1335.0,1213.0,821.0,3752.0,0,159570,131204,73243,1,Yes,2015,7,1,188,28,3,0,1,1,0.0,4235.0,4234.0,3049.0,3941.0,0,0,1,0
2015-07-08,Wednesday,12000,460,1458.0,1109.0,600.64,3622.0,8378,155453,120987,64371,69,No,2015,7,2,189,28,3,0,2,0,0.6982,4198.0,3772.0,0.0,3752.0,1,0,1,0
2015-07-09,Thursday,8378,530,1590.0,1295.0,659.0,4074.0,4304,179946,135962,77210,35,No,2015,7,3,190,28,3,0,3,0,0.3587,4221.0,3816.0,8378.0,3622.0,2,0,1,0
2015-07-10,Friday,4304,430,1489.0,1321.0,828.0,4068.0,236,177603,131961,73016,1,Yes,2015,7,4,191,28,3,0,4,1,0.0197,4204.0,3921.0,4304.0,4074.0,0,0,1,0
2015-07-11,Saturday,12000,653,1963.0,1573.0,1067.0,5256.0,6744,219241,170591,97802,56,No,2015,7,5,192,28,3,1,5,0,0.562,4246.0,4466.0,236.0,4068.0,1,0,1,0
2015-07-12,Sunday,6744,574,1950.0,1416.0,1055.0,4995.0,1749,220667,158975,124975,14,Yes,2015,7,6,193,28,3,1,6,1,0.1458,4244.0,4773.0,6744.0,5256.0,0,0,1,0
2015-07-13,Monday,12000,463,1388.0,1250.0,830.0,3931.0,8069,170916,120774,84127,67,No,2015,7,0,194,29,3,0,0,0,0.6724,4243.0,4727.0,1749.0,4995.0,1,0,1,0
2015-07-14,Tuesday,8069,563,1639.0,1158.0,820.0,4180.0,3889,174230,130850,99866,32,No,2015,7,1,195,29,3,0,1,0,0.3241,4304.0,4369.0,8069.0,3931.0,2,0,1,0
2015-07-15,Wednesday,3889,420,1509.0,1247.0,906.0,4082.0,0,158758,121809,89727,1,Yes,2015,7,2,196,29,3,0,2,1,0.0,4369.0,4064.0,3889.0,4180.0,0,0,1,0
2015-07-16,Thursday,12000,545,1557.0,1176.0,848.0,4126.0,7874,188280,118862,89806,65,No,2015,7,3,197,29,3,0,3,0,0.6562,4377.0,4129.0,0.0,4082.0,1,0,1,0
2015-07-17,Friday,7874,554,1782.0,1543.0,1059.0,4938.0,2936,222021,146559,121614,24,No,2015,7,4,198,29,3,0,4,0,0.2447,4501.0,4382.0,7874.0,4126.0,2,0,1,0
2015-07-18,Saturday,2936,673,2024.0,1527.0,810.0,5034.0,0,226041,155858,128717,1,Yes,2015,7,5,199,29,3,1,5,1,0.0,4469.0,4699.0,2936.0,4938.0,0,0,1,0
2015-07-19,Sunday,12000,585,1896.0,1333.0,1010.0,4824.0,7176,212246,170448,110349,59,No,2015,7,6,200,29,3,1,6,0,0.598,4445.0,4932.0,0.0,5034.0,1,0,1,0
2015-07-20,Monday,7176,524,1479.0,1323.0,807.0,4133.0,3043,180820,118551,97705,25,No,2015,7,0,201,30,3,0,0,0,0.2536,4474.0,4664.0,7176.0,4824.0,2,0,1,0
2015-07-21,Tuesday,3043,417,1423.0,1123.0,1065.0,4028.0,0,177839,123194,101799,1,Yes,2015,7,1,202,30,3,0,1,1,0.0,4452.0,4328.0,3043.0,4133.0,0,0,1,0
2015-07-22,Wednesday,12000,614,1732.0,1334.0,819.0,4499.0,7501,198281,151713,114439,62,No,2015,7,2,203,30,3,0,2,0,0.6251,4512.0,4220.0,0.0,4028.0,1,0,1,0
2015-07-23,Thursday,7501,575,1659.0,1230.0,696.0,4160.0,3341,177461,126312,90335,27,No,2015,7,3,204,30,3,0,3,0,0.2784,4517.0,4229.0,7501.0,4499.0,2,0,1,0
2015-07-24,Friday,3341,574,2089.0,1511.0,943.0,5117.0,0,231106,169151,103442,1,Yes,2015,7,4,205,30,3,0,4,1,0.0,4542.0,4592.0,3341.0,4160.0,0,0,1,0
2015-07-25,Saturday,12000,583,1916.0,1667.0,1176.0,5342.0,6658,222731,170785,106108,55,No,2015,7,5,206,30,3,1,5,0,0.5548,4586.0,4873.0,0.0,5117.0,1,0,1,0
2015-07-26,Sunday,6658,635,2108.0,1536.0,1021.0,5300.0,1358,219357,145888,120176,11,Yes,2015,7,6,207,30,3,1,6,1,0.1132,4654.0,5253.0,6658.0,5342.0,0,0,1,0
2015-07-27,Monday,12000,518,1345.0,1112.0,791.0,3766.0,8234,171182,124623,74631,68,No,2015,7,0,208,31,3,0,0,0,0.6862,4602.0,4803.0,1358.0,5300.0,1,0,1,0
2015-07-28,Tuesday,8234,605,1624.0,1304.0,972.0,4505.0,3729,196364,134088,106852,31,No,2015,7,1,209,31,3,0,1,0,0.3108,4670.0,4524.0,8234.0,3766.0,2,0,1,0
2015-07-29,Wednesday,3729,454,1349.0,1135.0,821.0,3759.0,0,162759,123291,78246,1,Yes,2015,7,2,210,31,3,0,2,1,0.0,4564.0,4010.0,3729.0,4505.0,0,0,1,0
2015-07-30,Thursday,12000,538,1591.0,1337.0,906.0,4372.0,7628,190746,133453,104725,63,No,2015,7,3,211,31,3,0,3,0,0.6357,4594.0,4212.0,0.0,3759.0,1,0,1,0
2015-07-31,Friday,7628,430,1594.0,1307.0,876.0,4207.0,3421,187429,132233,107030,28,No,2015,7,4,212,31,3,0,4,0,0.2851,4464.0,4113.0,7628.0,4372.0,2,0,1,0
2015-08-01,Saturday,3421,726,2083.0,1750.0,883.0,5442.0,0,237765,165913,119130,1,Yes,2015,8,5,213,31,3,1,5,1,0.0,4479.0,4674.0,3421.0,4207.0,0,0,1,0
2015-08-02,Sunday,12000,540,1950.0,1538.0,1095.0,5123.0,6877,222810,168672,98291,57,No,2015,8,6,214,31,3,1,6,0,0.5731,4453.0,4924.0,0.0,5442.0,1,0,1,0
2015-08-03,Monday,6877,395,1389.0,1053.0,772.0,3609.0,3268,156441,110412,91561,27,No,2015,8,0,215,32,3,0,0,0,0.2723,4431.0,4725.0,6877.0,5123.0,2,0,1,0
2015-08-04,Tuesday,3268,451,1437.0,1338.0,865.0,4091.0,0,163450,136125,72915,1,Yes,2015,8,1,216,32,3,0,1,1,0.0,4372.0,4274.0,3268.0,3609.0,0,0,1,0
2015-08-05,Wednesday,12000,419,1439.0,1119.0,1052.0,4029.0,7971,175004,120949,86844,66,No,2015,8,2,217,32,3,0,2,0,0.6642,4410.0,3910.0,0.0,4091.0,1,0,1,0
2015-08-06,Thursday,7971,571,1466.0,1337.0,777.0,4151.0,3820,191385,118365,98945,31,No,2015,8,3,218,32,3,0,3,0,0.3183,4379.0,4090.0,7971.0,4029.0,2,0,1,0
2015-08-07,Friday,3820,453,1577.0,1416.0,959.0,4405.0,0,188982,125805,98128,1,Yes,2015,8,4,219,32,3,0,4,1,0.0,4407.0,4195.0,3820.0,4151.0,0,0,1,0
2015-08-08,Saturday,12000,542,1876.0,1556.0,985.0,4959.0,7041,206369,141717,108151,58,No,2015,8,5,220,32,3,1,5,0,0.5868,4338.0,4505.0,0.0,4405.0,1,0,1,0
2015-08-09,Sunday,7041,619,1716.0,1483.0,938.0,4756.0,2285,201633,141000,87257,19,No,2015,8,6,221,32,3,1,6,0,0.1904,4286.0,4707.0,7041.0,4959.0,2,0,1,0
2015-08-10,Monday,2285,497,1496.0,1062.0,713.0,3768.0,0,162406,107621,77266,1,Yes,2015,8,0,222,33,3,0,0,1,0.0,4308.0,4494.0,2285.0,4756.0,0,0,1,0
2015-08-11,Tuesday,12000,562,1506.0,1281.0,714.0,4063.0,7937,182579,117769,85037,66,No,2015,8,1,223,33,3,0,1,0,0.6614,4304.0,4196.0,0.0,3768.0,1,0,1,0
2015-08-12,Wednesday,7937,393,1463.0,1166.0,822.0,3835.0,4102,172647,125493,94504,34,No,2015,8,2,224,33,3,0,2,0,0.3418,4277.0,3889.0,7937.0,4063.0,2,0,1,0
2015-08-13,Thursday,4102,518,1508.0,1271.0,754.0,4051.0,51,176855,119746,80374,1,Yes,2015,8,3,225,33,3,0,3,1,0.0042,4262.0,3983.0,4102.0,3835.0,0,0,1,0
2015-08-14,Friday,12000,634,1777.0,1268.0,929.0,4608.0,7392,205314,163729,117529,61,No,2015,8,4,226,33,3,0,4,0,0.616,4291.0,4165.0,51.0,4051.0,1,0,1,0
2015-08-15,Saturday,7392,541,1963.0,1545.0,778.0,4827.0,2565,208888,159682,100830,21,No,2015,8,5,227,33,3,1,5,0,0.2138,4273.0,4495.0,7392.0,4608.0,2,0,1,0
2015-08-16,Sunday,2565,656,2126.0,1804.0,1008.0,5594.0,0,245321,163977,120834,1,Yes,2015,8,6,228,33,3,1,6,1,0.0,4392.0,5010.0,2565.0,4827.0,0,0,1,0
2015-08-17,Monday,12000,512,1586.0,1215.0,882.0,4195.0,7805,179892,139983,96890,65,No,2015,8,0,229,34,3,0,0,0,0.6504,4453.0,4872.0,0.0,5594.0,1,0,1,0
2015-08-18,Tuesday,7805,417,1538.0,1168.0,696.0,3819.0,3986,164552,135773,90529,33,No,2015,8,1,230,34,3,0,1,0,0.3322,4418.0,4536.0,7805.0,4195.0,2,0,1,0
2015-08-19,Wednesday,3986,393,1360.0,1081.0,893.0,3713.0,273,149777,117368,72871,2,Yes,2015,8,2,231,34,3,0,2,1,0.0228,4401.0,3909.0,3986.0,3819.0,0,0,1,0
2015-08-20,Thursday,12000,565,1483.0,1254.0,769.0,4071.0,7929,178851,136086,84586,66,No,2015,8,3,232,34,3,0,3,0,0.6607,4404.0,3868.0,273.0,3713.0,1,0,1,0
2015-08-21,Friday,7929,493,1576.0,1312.0,803.0,4184.0,3745,174298,140359,98094,31,No,2015,8,4,233,34,3,0,4,0,0.3121,4343.0,3989.0,7929.0,4071.0,2,0,1,0
2015-08-22,Saturday,3745,609,1842.0,1595.0,989.0,5035.0,0,194990,172674,125164,1,Yes,2015,8,5,234,34,3,1,5,1,0.0,4373.0,4430.0,3745.0,4184.0,0,0,1,0
2015-08-23,Sunday,12000,455,1740.0,1316.0,918.0,4429.0,7571,198992,145655,84929,63,No,2015,8,6,235,34,3,1,6,0,0.6309,4207.0,4549.0,0.0,5035.0,1,0,1,0
2015-08-24,Monday,7571,432,1670.0,1218.0,871.0,4191.0,3380,186852,129951,100800,28,No,2015,8,0,236,35,3,0,0,0,0.2817,4206.0,4552.0,7571.0,4429.0,2,0,1,0
2015-08-25,Tuesday,3380,438,1623.0,1294.0,607.0,3962.0,0,174079,138667,80291,1,Yes,2015,8,1,237,35,3,0,1,1,0.0,4226.0,4194.0,3380.0,4191.0,0,0,1,0
2015-08-26,Wednesday,12000,420,1480.0,1173.0,1006.0,4079.0,7921,188339,128073,78546,66,No,2015,8,2,238,35,3,0,2,0,0.6601,4279.0,4077.0,0.0,3962.0,1,0,1,0
2015-08-27,Thursday,7921,590,1712.0,1400.0,610.0,4312.0,3609,183614,139875,76982,30,No,2015,8,3,239,35,3,0,3,0,0.3008,4313.0,4118.0,7921.0,4079.0,2,0,1,0
2015-08-28,Friday,3609,681,1862.0,1593.0,972.0,5108.0,0,221957,147054,107374,1,Yes,2015,8,4,240,35,3,0,4,1,0.0,4445.0,4500.0,3609.0,4312.0,0,0,1,0
2015-08-29,Saturday,12000,676,2261.0,1671.0,913.0,5521.0,6479,221113,159708,98368,53,No,2015,8,5,241,35,3,1,5,0,0.5399,4515.0,4980.0,0.0,5108.0,1,0,1,0
2015-08-30,Sunday,6479,637,1923.0,1294.0,893.0,4747.0,1732,188021,160816,108758,14,Yes,2015,8,6,242,35,3,1,6,1,0.1443,4560.0,5125.0,6479.0,5521.0,0,0,1,0
2015-08-31,Monday,12000,542,1558.0,1130.0,827.0,4057.0,7943,171442,129282,75601,66,No,2015,8,0,243,36,3,0,0,0,0.6619,4541.0,4775.0,1732.0,4747.0,1,0,1,0
2015-09-01,Tuesday,7943,544,1907.0,1354.0,1098.0,4903.0,3040,209195,169540,96199,25,No,2015,9,1,244,36,3,0,1,0,0.2533,4675.0,4569.0,7943.0,4057.0,2,0,0,0
2015-09-02,Wednesday,3040,584,1714.0,1221.0,680.0,4199.0,0,187344,149479,90214,1,Yes,2015,9,2,245,36,3,0,2,1,0.0,4692.0,4386.0,3040.0,4903.0,0,0,0,0
2015-09-03,Thursday,12000,469,1579.0,1192.0,1111.0,4351.0,7649,173253,132312,84517,63,No,2015,9,3,246,36,3,0,3,0,0.6374,4698.0,4484.0,0.0,4199.0,1,0,0,0
2015-09-04,Friday,7649,599,1997.0,1396.0,880.0,4872.0,2777,210072,152801,103080,23,No,2015,9,4,247,36,3,0,4,0,0.2314,4664.0,4474.0,7649.0,4351.0,2,0,0,0
2015-09-05,Saturday,2777,752,2193.0,1869.0,1035.0,5849.0,0,262136,168081,121178,1,Yes,2015,9,5,248,36,3,1,5,1,0.0,4711.0,5024.0,2777.0,4872.0,0,0,0,0
2015-09-06,Sunday,12000,551,2004.0,1685.0,1167.0,5407.0,6593,237365,183547,103436,54,No,2015,9,6,249,36,3,1,6,0,0.5494,4805.0,5376.0,0.0,5849.0,1,0,0,0
2015-09-07,Monday,6593,560,1643.0,1348.0,975.0,4526.0,2067,197135,145516,80227,17,No,2015,9,0,250,37,3,0,0,0,0.1722,4872.0,5261.0,6593.0,5407.0,2,0,0,0
2015-09-08,Tuesday,2067,532,1508.0,1348.0,890.0,4278.0,0,192325,136951,96378,1,Yes,2015,9,1,251,37,3,0,1,1,0.0,4783.0,4737.0,2067.0,4526.0,0,0,0,0
2015-09-09,Wednesday,12000,475,1565.0,1282.0,751.0,4073.0,7927,169970,112184,79987,66,No,2015,9,2,252,37,3,0,2,0,0.6606,4765.0,4292.0,0.0,4278.0,1,0,0,0
2015-09-10,Thursday,7927,483,1457.0,1295.0,897.0,4132.0,3795,160469,134478,78266,31,No,2015,9,3,253,37,3,0,3,0,0.3162,4734.0,4161.0,7927.0,4073.0,2,0,0,0
2015-09-11,Friday,3795,524,1739.0,1322.0,1017.0,4602.0,0,206800,154090,113576,1,Yes,2015,9,4,254,37,3,0,4,1,0.0,4695.0,4269.0,3795.0,4132.0,0,0,0,0
2015-09-12,Saturday,12000,731,2131.0,1634.0,1048.0,5544.0,6456,231416,170385,135573,53,No,2015,9,5,255,37,3,1,5,0,0.538,4652.0,4759.0,0.0,4602.0,1,0,0,0
2015-09-13,Sunday,6456,736,1853.0,1455.0,1236.0,5280.0,1176,231699,162696,112340,9,Yes,2015,9,6,256,37,3,1,6,1,0.098,4634.0,5142.0,6456.0,5544.0,0,0,0,0
2015-09-14,Monday,12000,580,1780.0,1256.0,882.0,4498.0,7502,200503,133370,107448,62,No,2015,9,0,257,38,3,0,0,0,0.6252,4630.0,5107.0,1176.0,5280.0,1,0,0,0
2015-09-15,Tuesday,7502,439,1704.0,1255.0,939.0,4337.0,3165,175355,155712,99976,26,No,2015,9,1,258,38,3,0,1,0,0.2638,4638.0,4705.0,7502.0,4498.0,2,0,0,0
2015-09-16,Wednesday,3165,580,1657.0,1203.0,959.0,4399.0,0,174784,151175,92975,1,Yes,2015,9,2,259,38,3,0,2,1,0.0,4685.0,4411.0,3165.0,4337.0,0,0,0,0
2015-09-17,Thursday,12000,518,1920.0,1387.0,929.0,4754.0,7246,196436,135643,94846,60,No,2015,9,3,260,38,3,0,3,0,0.6038,4773.0,4497.0,0.0,4399.0,1,0,0,0
2015-09-18,Friday,7246,612,1730.0,1500.0,950.0,4792.0,2454,206379,160871,96164,20,No,2015,9,4,261,38,3,0,4,0,0.2045,4801.0,4648.0,7246.0,4754.0,2,0,0,0
2015-09-19,Saturday,2454,614,2224.0,1786.0,1210.0,5834.0,0,259584,172894,129503,1,Yes,2015,9,5,262,38,3,1,5,1,0.0,4842.0,5127.0,2454.0,4792.0,0,0,0,0
2015-09-20,Sunday,12000,558,1744.0,1427.0,1042.0,4771.0,7229,192499,159125,85828,60,No,2015,9,6,263,38,3,1,6,0,0.6024,4769.0,5132.0,0.0,5834.0,1,0,0,0
2015-09-21,Monday,7229,501,1949.0,1440.0,903.0,4793.0,2436,187050,149038,95106,20,No,2015,9,0,264,39,3,0,0,0,0.203,4811.0,5133.0,7229.0,4771.0,2,0,0,0
2015-09-22,Tuesday,2436,536,1528.0,1393.0,850.0,4307.0,0,192804,147287,88386,1,Yes,2015,9,1,265,39,3,0,1,1,0.0,4807.0,4624.0,2436.0,4793.0,0,0,0,0
2015-09-23,Wednesday,12000,541,1592.0,1332.0,951.0,4416.0,7584,180254,143005,88791,63,No,2015,9,2,266,39,3,0,2,0,0.632,4810.0,4505.0,0.0,4307.0,1,0,0,0
2015-09-24,Thursday,7584,497,1649.0,1388.0,905.0,4439.0,3145,201825,130215,110021,26,No,2015,9,3,267,39,3,0,3,0,0.2621,4765.0,4387.0,7584.0,4416.0,2,0,0,0
2015-09-25,Friday,3145,636,1704.0,1295.0,941.0,4576.0,0,199694,134780,97186,1,Yes,2015,9,4,268,39,3,0,4,1,0.0,4734.0,4477.0,3145.0,4439.0,0,0,0,0
2015-09-26,Saturday,12000,667,2046.0,1817.0,1246.0,5776.0,6224,272108,166700,121713,51,No,2015,9,5,269,39,3,1,5,0,0.5187,4725.0,4930.0,0.0,4576.0,1,0,0,0
2015-09-27,Sunday,6224,588,2219.0,1720.0,944.0,5471.0,753,254360,176988,138461,6,Yes,2015,9,6,270,39,3,1,6,1,0.0628,4825.0,5274.0,6224.0,5776.0,0,0,0,0
2015-09-28,Monday,12000,395,1591.0,1229.0,732.0,3947.0,8053,160240,116884,95098,67,No,2015,9,0,271,40,3,0,0,0,0.6711,4705.0,5065.0,753.0,5471.0,1,0,0,0
2015-09-29,Tuesday,8053,661,1959.0,1517.0,653.0,4790.0,3263,207376,146630,108199,27,No,2015,9,1,272,40,3,0,1,0,0.2719,4774.0,4736.0,8053.0,3947.0,2,0,0,0
2015-09-30,Wednesday,3263,553,1530.0,1255.0,857.0,4195.0,0,175001,121180,89481,1,Yes,2015,9,2,273,40,3,0,2,1,0.0,4742.0,4311.0,3263.0,4790.0,0,0,0,0
2015-10-01,Thursday,12000,568,1954.0,1563.0,1457.0,5542.0,6458,224026,171853,125477,53,No,2015,10,3,274,40,4,0,3,0,0.5382,4900.0,4842.0,0.0,4195.0,1,1,0,0
2015-10-02,Friday,6458,609,1918.0,1663.0,1199.0,5389.0,1069,249005,170879,130463,8,Yes,2015,10,4,275,40,4,0,4,1,0.0891,5016.0,5042.0,6458.0,5542.0,0,1,0,0
2015-10-03,Saturday,12000,933,2382.0,2052.0,1403.0,6770.0,5230,281618,205144,159888,43,No,2015,10,5,276,40,4,1,5,0,0.4358,5158.0,5900.0,1069.0,5389.0,1,1,0,0
2015-10-04,Sunday,5230,674,2348.0,1995.0,1188.0,6205.0,0,273198,190231,142700,1,Yes,2015,10,6,277,40,4,1,6,1,0.0,5263.0,6121.0,5230.0,6770.0,0,1,0,0
2015-10-05,Monday,12000,526,1853.0,1503.0,1324.0,5206.0,6794,230205,151068,108849,56,No,2015,10,0,278,41,4,0,0,0,0.5662,5442.0,6060.0,0.0,6205.0,1,1,0,0
2015-10-06,Tuesday,6794,614,1905.0,1568.0,1201.0,5288.0,1506,245165,177753,128337,12,Yes,2015,10,1,279,41,4,0,1,1,0.1255,5514.0,5566.0,6794.0,5206.0,0,1,0,0
2015-10-07,Wednesday,12000,558,1953.0,1466.0,1222.0,5199.0,6801,238530,152302,123178,56,No,2015,10,2,280,41,4,0,2,0,0.5668,5657.0,5231.0,1506.0,5288.0,1,1,0,0
2015-10-08,Thursday,6801,722,1973.0,1459.0,1005.0,5159.0,1642,215711,159247,105104,13,Yes,2015,10,3,281,41,4,0,3,1,0.1368,5602.0,5215.0,6801.0,5199.0,0,1,0,0
2015-10-09,Friday,12000,757,1999.0,1702.0,1051.0,5509.0,6491,232560,155324,122357,54,No,2015,10,4,282,41,4,0,4,0,0.5409,5619.0,5289.0,1642.0,5159.0,1,1,0,0
2015-10-10,Saturday,6491,843,2377.0,1990.0,1160.0,6370.0,121,263121,212955,158052,1,Yes,2015,10,5,283,41,4,1,5,1,0.0101,5562.0,5679.0,6491.0,5509.0,0,1,0,0
2015-10-11,Sunday,12000,821,2469.0,2009.0,1643.0,6942.0,5058,310358,223525,148047,42,No,2015,10,6,284,41,4,1,6,0,0.4215,5668.0,6274.0,121.0,6370.0,1,1,0,0
2015-10-12,Monday,5058,718,2111.0,1476.0,864.0,5169.0,0,222773,148697,103905,1,Yes,2015,10,0,285,42,4,0,0,1,0.0,5662.0,6160.0,5058.0,6942.0,0,1,0,0
2015-10-13,Tuesday,12000,570,1664.0,1462.0,1003.0,4699.0,7301,199573,135682,103849,60,No,2015,10,1,286,42,4,0,1,0,0.6084,5578.0,5603.0,0.0,5169.0,1,1,0,0
2015-10-14,Wednesday,7301,729,1853.0,1440.0,1255.0,5277.0,2024,234238,176289,121889,16,No,2015,10,2,287,42,4,0,2,0,0.1687,5589.0,5048.0,7301.0,4699.0,2,1,0,0
2015-10-15,Thursday,2024,676,2264.0,1754.0,937.0,5631.0,0,226305,159401,109877,1,Yes,2015,10,3,288,42,4,0,3,1,0.0,5657.0,5202.0,2024.0,5277.0,0,1,0,0
2015-10-16,Friday,12000,586,2323.0,1735.0,1043.0,5687.0,6313,246868,164693,110758,52,No,2015,10,4,289,42,4,0,4,0,0.5261,5682.0,5532.0,0.0,5631.0,1,1,0,0
2015-10-17,Saturday,6313,862,2509.0,1839.0,1244.0,6454.0,0,283960,184697,140442,1,Yes,2015,10,5,290,42,4,1,5,1,0.0,5694.0,5924.0,6313.0,5687.0,0,1,0,0
2015-10-18,Sunday,12000,781,2257.0,1734.0,1599.0,6371.0,5629,277493,183158,133162,46,No,2015,10,6,291,42,4,1,6,0,0.4691,5613.0,6171.0,0.0,6454.0,1,1,0,0
2015-10-19,Monday,5629,578,1936.0,1456.0,1330.0,5300.0,329,228759,164938,106345,2,Yes,2015,10,0,292,43,4,0,0,1,0.0274,5631.0,6042.0,5629.0,6371.0,0,1,0,0
2015-10-20,Tuesday,12000,675,2213.0,1582.0,941.0,5411.0,6589,222604,171165,124493,54,No,2015,10,1,293,43,4,0,1,0,0.5491,5733.0,5694.0,329.0,5300.0,1,1,0,0
2015-10-21,Wednesday,6589,626,2111.0,1844.0,1054.0,5635.0,954,263566,163927,109827,7,Yes,2015,10,2,294,43,4,0,2,1,0.0795,5784.0,5449.0,6589.0,5411.0,0,1,0,0
2015-10-22,Thursday,12000,672,1784.0,1648.0,966.0,5070.0,6930,236205,149211,106017,57,No,2015,10,3,295,43,4,0,3,0,0.5775,5704.0,5372.0,954.0,5635.0,1,1,0,0
2015-10-23,Friday,6930,640,2169.0,1693.0,1597.0,6099.0,831,282896,204197,146535,6,Yes,2015,10,4,296,43,4,0,4,1,0.0693,5763.0,5601.0,6930.0,5070.0,0,1,0,0
2015-10-24,Saturday,12000,734,2690.0,2162.0,1534.0,7120.0,4880,307163,216795,180224,40,No,2015,10,5,297,43,4,1,5,0,0.4067,5858.0,6096.0,831.0,6099.0,1,1,0,0
2015-10-25,Sunday,4880,714,2012.0,1744.0,880.0,5350.0,0,204660,161689,115657,1,Yes,2015,10,6,298,43,4,1,6,1,0.0,5712.0,6190.0,4880.0,7120.0,0,1,0,0
2015-10-26,Monday,12000,650,1769.0,1448.0,1101.0,4968.0,7032,213875,169774,96695,58,No,2015,10,0,299,44,4,0,0,0,0.586,5665.0,5813.0,0.0,5350.0,1,1,0,0
2015-10-27,Tuesday,7032,604,1835.0,1380.0,988.0,4807.0,2225,190374,157536,109905,18,No,2015,10,1,300,44,4,0,1,0,0.1854,5578.0,5042.0,7032.0,4968.0,2,1,0,0
2015-10-28,Wednesday,2225,600,1966.0,1431.0,827.0,4824.0,0,226022,154533,98739,1,Yes,2015,10,2,301,44,4,0,2,1,0.0,5463.0,4866.0,2225.0,4807.0,0,1,0,0
2015-10-29,Thursday,12000,668,2065.0,1654.0,965.0,5352.0,6648,225888,152237,107808,55,No,2015,10,3,302,44,4,0,3,0,0.554,5503.0,4994.0,0.0,4824.0,1,1,0,0
2015-10-30,Friday,6648,617,2154.0,1533.0,1273.0,5577.0,1071,240930,156701,131592,8,Yes,2015,10,4,303,44,4,0,4,1,0.0892,5428.0,5251.0,6648.0,5352.0,0,1,0,0
2015-10-31,Saturday,12000,687,2583.0,2146.0,1291.0,6707.0,5293,304048,188757,155658,44,No,2015,10,5,304,44,4,1,5,0,0.4411,5369.0,5879.0,1071.0,5577.0,1,1,0,0
2015-11-01,Sunday,5293,739,2116.0,1846.0,1253.0,5954.0,0,258685,184782,110331,1,Yes,2015,11,6,305,44,4,1,6,1,0.0,5456.0,6079.0,5293.0,6707.0,0,1,0,0
2015-11-02,Monday,12000,530,1727.0,1482.0,962.0,4701.0,7299,193583,151604,117056,60,No,2015,11,0,306,45,4,0,0,0,0.6082,5417.0,5787.0,0.0,5954.0,1,1,0,0
2015-11-03,Tuesday,7299,542,2059.0,1460.0,1286.0,5347.0,1952,245142,186866,133527,16,Yes,2015,11,1,307,45,4,0,1,1,0.1627,5495.0,5334.0,7299.0,4701.0,0,1,0,0
2015-11-04,Wednesday,12000,577,1785.0,1548.0,888.0,4798.0,7202,225101,157090,100626,60,No,2015,11,2,308,45,4,0,2,0,0.6002,5491.0,4949.0,1952.0,5347.0,1,1,0,0
2015-11-05,Thursday,7202,653,2216.0,1734.0,1285.0,5888.0,1314,239599,161520,111148,10,Yes,2015,11,3,309,45,4,0,3,1,0.1095,5567.0,5344.0,7202.0,4798.0,0,1,0,0
2015-11-06,Friday,12000,562,2180.0,1623.0,1136.0,5501.0,6499,230731,157432,135213,54,No,2015,11,4,310,45,4,0,4,0,0.5416,5557.0,5396.0,1314.0,5888.0,1,1,0,0
2015-11-07,Saturday,6499,889,2411.0,1973.0,1219.0,6492.0,7,284981,206943,122722,1,Yes,2015,11,5,311,45,4,1,5,1,0.0006,5526.0,5960.0,6499.0,5501.0,0,1,0,0
2015-11-08,Sunday,12000,817,2236.0,1734.0,1586.0,6373.0,5627,258035,184783,117308,46,No,2015,11,6,312,45,4,1,6,0,0.4689,5586.0,6122.0,7.0,6492.0,1,1,0,0
2015-11-09,Monday,5627,655,1815.0,1525.0,924.0,4919.0,708,225355,136073,106581,5,Yes,2015,11,0,313,46,4,0,0,1,0.059,5617.0,5928.0,5627.0,6373.0,0,1,0,0
2015-11-10,Tuesday,12000,554,1892.0,1506.0,870.0,4822.0,7178,193058,156912,87576,59,No,2015,11,1,314,46,4,0,1,0,0.5982,5542.0,5371.0,708.0,4919.0,1,1,0,0
2015-11-11,Wednesday,7178,698,2028.0,1441.0,910.0,5077.0,2101,215432,172306,102880,17,No,2015,11,2,315,46,4,0,2,0,0.1751,5582.0,4939.0,7178.0,4822.0,2,1,0,0
2015-11-12,Thursday,2101,544,2142.0,1723.0,939.0,5348.0,0,232266,173838,102955,1,Yes,2015,11,3,316,46,4,0,3,1,0.0,5505.0,5082.0,2101.0,5077.0,0,1,0,0
2015-11-13,Friday,12000,690,2062.0,1719.0,1373.0,5844.0,6156,264988,180196,129510,51,No,2015,11,4,317,46,4,0,4,0,0.513,5554.0,5423.0,0.0,5348.0,1,1,0,0
2015-11-14,Saturday,6156,870,2601.0,1807.0,1183.0,6461.0,0,282732,215635,143673,1,Yes,2015,11,5,318,46,4,1,5,1,0.0,5549.0,5884.0,6156.0,5844.0,0,1,0,0
2015-11-15,Sunday,12000,698,2357.0,1829.0,1649.0,6681.0,5319,288622,188413,163336,44,No,2015,11,6,319,46,4,1,6,0,0.4432,5593.0,6329.0,0.0,6461.0,1,1,0,0
2015-11-16,Monday,5319,572,1737.0,1418.0,757.0,4484.0,835,203457,148531,96020,6,Yes,2015,11,0,320,47,4,0,0,1,0.0696,5531.0,5875.0,5319.0,6681.0,0,1,0,0
2015-11-17,Tuesday,12000,616,1813.0,1537.0,1134.0,5100.0,6900,201619,151742,125069,57,No,2015,11,1,321,47,4,0,1,0,0.575,5571.0,5422.0,835.0,4484.0,1,1,0,0
2015-11-18,Wednesday,6900,650,2150.0,1598.0,1061.0,5459.0,1441,224786,176360,142324,12,Yes,2015,11,2,322,47,4,0,2,1,0.1201,5625.0,5014.0,6900.0,5100.0,0,1,0,0
2015-11-19,Thursday,12000,591,1825.0,1499.0,1228.0,5143.0,6857,233333,153203,107992,57,No,2015,11,3,323,47,4,0,3,0,0.5714,5596.0,5234.0,1441.0,5459.0,1,1,0,0
2015-11-20,Friday,6857,678,2305.0,1682.0,1026.0,5691.0,1166,236675,168950,135315,9,Yes,2015,11,4,324,47,4,0,4,1,0.0972,5574.0,5431.0,6857.0,5143.0,0,1,0,0
2015-11-21,Saturday,12000,713,2394.0,1962.0,1649.0,6778.0,5222,283288,193302,150448,43,No,2015,11,5,325,47,4,1,5,0,0.4352,5619.0,5871.0,1166.0,5691.0,1,1,0,0
2015-11-22,Sunday,5222,576,2193.0,1500.0,1225.0,5494.0,0,242026,147510,108198,1,Yes,2015,11,6,326,47,4,1,6,1,0.0,5450.0,5988.0,5222.0,6778.0,0,1,0,0
2015-11-23,Monday,12000,554,1816.0,1634.0,1018.0,5022.0,6978,209771,156504,107947,58,No,2015,11,0,327,48,4,0,0,0,0.5815,5527.0,5765.0,0.0,5494.0,1,1,0,0
2015-11-24,Tuesday,6978,650,1930.0,1426.0,1192.0,5198.0,1780,204315,158940,105704,14,Yes,2015,11,1,328,48,4,0,1,1,0.1483,5541.0,5238.0,6978.0,5022.0,0,1,0,0
2015-11-25,Wednesday,12000,640,1866.0,1434.0,1093.0,5033.0,6967,218923,150300,119274,58,No,2015,11,2,329,48,4,0,2,0,0.5806,5480.0,5084.0,1780.0,5198.0,1,1,0,0
2015-11-26,Thursday,6967,631,1842.0,1575.0,830.0,4878.0,2089,210870,159611,118352,17,No,2015,11,3,330,48,4,0,3,0,0.1741,5442.0,5036.0,6967.0,5033.0,2,1,0,0
2015-11-27,Friday,2089,686,2094.0,1879.0,1278.0,5937.0,0,245405,191536,144953,1,Yes,2015,11,4,331,48,4,0,4,1,0.0,5477.0,5283.0,2089.0,4878.0,0,1,0,0
2015-11-28,Saturday,12000,821,2398.0,1948.0,1464.0,6631.0,5369,308831,229318,137527,44,No,2015,11,5,332,48,4,1,5,0,0.4474,5456.0,5815.0,0.0,5937.0,1,1,0,0
2015-11-29,Sunday,5369,777,2356.0,2138.0,1325.0,6596.0,0,282997,202926,148258,1,Yes,2015,11,6,333,48,4,1,6,1,0.0,5614.0,6388.0,5369.0,6631.0,0,1,0,0
2015-11-30,Monday,12000,558,2093.0,1459.0,1194.0,5304.0,6696,238148,184289,131262,55,No,2015,11,0,334,49,4,0,0,0,0.558,5654.0,6177.0,0.0,6596.0,1,1,0,0
2015-12-01,Tuesday,6696,446,1764.0,1389.0,722.0,4321.0,2375,180816,142622,79476,19,No,2015,12,1,335,49,4,0,1,0,0.1979,5529.0,5407.0,6696.0,5304.0,2,0,0,0
2015-12-02,Wednesday,2375,543,1607.0,1400.0,957.0,4507.0,0,206437,139034,96860,1,Yes,2015,12,2,336,49,4,0,2,1,0.0,5453.0,4711.0,2375.0,4321.0,0,0,0,0
2015-12-03,Thursday,12000,559,1711.0,1298.0,1055.0,4623.0,7377,212819,130559,95460,61,No,2015,12,3,337,49,4,0,3,0,0.6148,5417.0,4484.0,0.0,4507.0,1,0,0,0
2015-12-04,Friday,7377,636,1977.0,1423.0,1149.0,5185.0,2192,226972,165675,118773,18,No,2015,12,4,338,49,4,0,4,0,0.1827,5310.0,4772.0,7377.0,4623.0,2,0,0,0
2015-12-05,Saturday,2192,656,2260.0,1894.0,1030.0,5840.0,0,259989,179114,135664,1,Yes,2015,12,5,339,49,4,1,5,1,0.0,5197.0,5216.0,2192.0,5185.0,0,0,0,0
2015-12-06,Sunday,12000,583,2025.0,1472.0,995.0,5075.0,6925,221945,147522,96857,57,No,2015,12,6,340,49,4,1,6,0,0.5771,4979.0,5367.0,0.0,5840.0,1,0,0,0
2015-12-07,Monday,6925,531,1811.0,1427.0,828.0,4597.0,2328,194104,155706,111273,19,No,2015,12,0,341,50,4,0,0,0,0.194,4878.0,5171.0,6925.0,5075.0,2,0,0,0
2015-12-08,Tuesday,2328,585,1756.0,1391.0,931.0,4663.0,0,212856,152535,106472,1,Yes,2015,12,1,342,50,4,0,1,1,0.0,4927.0,4778.0,2328.0,4597.0,0,0,0,0
2015-12-09,Wednesday,12000,522,1497.0,1198.0,815.0,4032.0,7968,162338,132436,80773,66,No,2015,12,2,343,50,4,0,2,0,0.664,4859.0,4431.0,0.0,4663.0,1,0,0,0
2015-12-10,Thursday,7968,544,1504.0,1305.0,853.0,4206.0,3762,190567,148763,77434,31,No,2015,12,3,344,50,4,0,3,0,0.3135,4800.0,4300.0,7968.0,4032.0,2,0,0,0
2015-12-11,Friday,3762,551,2007.0,1470.0,1103.0,5131.0,0,207824,171679,100366,1,Yes,2015,12,4,345,50,4,0,4,1,0.0,4792.0,4456.0,3762.0,4206.0,0,0,0,0
2015-12-12,Saturday,12000,688,2232.0,1885.0,1362.0,6167.0,5833,266711,210117,134239,48,No,2015,12,5,346,50,4,1,5,0,0.4861,4839.0,5168.0,0.0,5131.0,1,0,0,0
2015-12-13,Sunday,5833,683,2085.0,1759.0,1221.0,5748.0,85,262636,178880,129980,1,Yes,2015,12,6,347,50,4,1,6,1,0.0071,4935.0,5682.0,5833.0,6167.0,0,0,0,0
2015-12-14,Monday,12000,550,1645.0,1253.0,649.0,4097.0,7903,169344,114268,78133,65,No,2015,12,0,348,51,4,0,0,0,0.6586,4863.0,5337.0,85.0,5748.0,1,0,0,0
2015-12-15,Tuesday,7903,559,1564.0,1271.0,1041.0,4435.0,3468,179531,142391,93755,28,No,2015,12,1,349,51,4,0,1,0,0.289,4831.0,4760.0,7903.0,4097.0,2,0,0,0
2015-12-16,Wednesday,3468,467,1847.0,1472.0,786.0,4572.0,0,200551,134594,92730,1,Yes,2015,12,2,350,51,4,0,2,1,0.0,4908.0,4368.0,3468.0,4435.0,0,0,0,0
2015-12-17,Thursday,12000,614,1781.0,1452.0,624.0,4471.0,7529,179901,127089,96171,62,No,2015,12,3,351,51,4,0,3,0,0.6274,4946.0,4493.0,0.0,4572.0,1,0,0,0
2015-12-18,Friday,7529,571,1732.0,1317.0,919.0,4539.0,2990,207532,148581,90789,24,No,2015,12,4,352,51,4,0,4,0,0.2492,4861.0,4527.0,7529.0,4471.0,2,0,0,0
2015-12-19,Saturday,2990,587,2272.0,1741.0,976.0,5576.0,0,229850,161926,123793,1,Yes,2015,12,5,353,51,4,1,5,1,0.0,4777.0,4862.0,2990.0,4539.0,0,0,0,0
2015-12-20,Sunday,12000,546,1929.0,1567.0,968.0,5010.0,6990,223475,141289,112718,58,No,2015,12,6,354,51,4,1,6,0,0.5825,4671.0,5042.0,0.0,5576.0,1,0,0,0
2015-12-21,Monday,6990,482,1688.0,1335.0,724.0,4229.0,2761,179957,144533,97207,23,No,2015,12,0,355,52,4,0,0,0,0.2301,4690.0,4938.0,6990.0,5010.0,2,0,0,0
2015-12-22,Tuesday,2761,607,1701.0,1482.0,795.0,4585.0,0,195947,145547,96712,1,Yes,2015,12,1,356,52,4,0,1,1,0.0,4712.0,4608.0,2761.0,4229.0,0,0,0,0
2015-12-23,Wednesday,12000,548,1707.0,1427.0,906.0,4588.0,7412,181407,154831,93589,61,No,2015,12,2,357,52,4,0,2,0,0.6177,4714.0,4467.0,0.0,4585.0,1,0,0,0
2015-12-24,Thursday,7412,545,1721.0,1323.0,825.0,4414.0,2998,185489,149699,109435,24,No,2015,12,3,358,52,4,0,3,0,0.2498,4706.0,4529.0,7412.0,4588.0,2,0,0,0
2015-12-25,Friday,2998,563,1976.0,1498.0,830.0,4867.0,0,213480,147521,101102,1,Yes,2015,12,4,359,52,4,0,4,1,0.0,4753.0,4623.0,2998.0,4414.0,0,0,0,0
2015-12-26,Saturday,12000,604,2058.0,1609.0,1334.0,5605.0,6395,228001,166748,104973,53,No,2015,12,5,360,52,4,1,5,0,0.5329,4757.0,4962.0,0.0,4867.0,1,0,0,0
2015-12-27,Sunday,6395,686,2163.0,1573.0,875.0,5297.0,1098,229539,172566,93941,9,Yes,2015,12,6,361,52,4,1,6,1,0.0915,4798.0,5256.0,6395.0,5605.0,0,0,0,0
2015-12-28,Monday,12000,468,1661.0,1179.0,782.0,4090.0,7910,182924,140658,84869,65,No,2015,12,0,362,53,4,0,0,0,0.6592,4778.0,4997.0,1098.0,5297.0,1,0,0,0
2015-12-29,Tuesday,7910,605,1683.0,1317.0,727.0,4332.0,3578,192272,144632,83079,29,No,2015,12,1,363,53,4,0,1,0,0.2982,4742.0,4573.0,7910.0,4090.0,2,0,0,0
2015-12-30,Wednesday,3578,430,1732.0,1261.0,839.0,4262.0,0,194755,133084,82093,1,Yes,2015,12,2,364,53,4,0,2,1,0.0,4695.0,4228.0,3578.0,4332.0,0,0,0,0
2015-12-31,Thursday,12000,487,1783.0,1283.0,1141.0,4694.0,7306,206476,161685,83177,60,No,2015,12,3,365,53,4,0,3,0,0.6088,4735.0,4429.0,0.0,4262.0,1,0,0,0
2016-01-01,Friday,7306,653,1857.0,1626.0,893.0,5029.0,2277,227233,168245,104058,18,No,2016,1,4,1,53,1,0,4,0,0.1898,4758.0,4662.0,7306.0,4694.0,2,0,0,0
2016-01-02,Saturday,2277,674,2304.0,1757.0,1305.0,6040.0,0,239904,181603,118820,1,Yes,2016,1,5,2,53,1,1,5,1,0.0,4821.0,5254.0,2277.0,5029.0,0,0,0,0
2016-01-03,Sunday,12000,810,2355.0,2045.0,1090.0,6300.0,5700,288655,214471,149630,47,No,2016,1,6,3,53,1,1,6,0,0.475,4964.0,5790.0,0.0,6040.0,1,0,0,0
2016-01-04,Monday,5700,593,1560.0,1340.0,932.0,4425.0,1275,176245,146523,83266,10,Yes,2016,1,0,4,1,1,0,0,1,0.1062,5012.0,5588.0,5700.0,6300.0,0,0,0,0
2016-01-05,Tuesday,12000,484,1631.0,1365.0,993.0,4473.0,7527,177472,145108,111937,62,No,2016,1,1,5,1,1,0,1,0,0.6272,5032.0,5066.0,1275.0,4425.0,1,0,0,0
2016-01-06,Wednesday,7527,559,1959.0,1457.0,823.0,4798.0,2729,218218,139523,99440,22,No,2016,1,2,6,1,1,0,2,0,0.2274,5108.0,4565.0,7527.0,4473.0,2,0,0,0
2016-01-07,Thursday,2729,533,1945.0,1589.0,781.0,4848.0,0,209174,162926,93130,1,Yes,2016,1,3,7,1,1,0,3,1,0.0,5130.0,4706.0,2729.0,4798.0,0,0,0,0
2016-01-08,Friday,12000,510,1755.0,1335.0,1217.0,4817.0,7183,204087,173368,102160,59,No,2016,1,4,8,1,1,0,4,0,0.5986,5100.0,4821.0,0.0,4848.0,1,0,0,0
2016-01-09,Saturday,7183,725,2153.0,1629.0,1276.0,5783.0,1400,235079,178993,108519,11,Yes,2016,1,5,9,1,1,1,5,1,0.1167,5063.0,5149.0,7183.0,4817.0,0,0,0,0
2016-01-10,Sunday,12000,584,1826.0,1512.0,1258.0,5180.0,6820,206480,179538,107906,56,No,2016,1,6,10,1,1,1,6,0,0.5683,4903.0,5260.0,1400.0,5783.0,1,0,0,0
2016-01-11,Monday,6820,450,1726.0,1276.0,834.0,4286.0,2534,184926,137905,108864,21,No,2016,1,0,11,2,1,0,0,0,0.2112,4884.0,5083.0,6820.0,5180.0,2,0,0,0
2016-01-12,Tuesday,2534,616,1849.0,1374.0,993.0,4832.0,0,211850,138013,94328,1,Yes,2016,1,1,12,2,1,0,1,1,0.0,4935.0,4766.0,2534.0,4286.0,0,0,0,0
2016-01-13,Wednesday,12000,553,1584.0,1294.0,1090.0,4521.0,7479,189063,149880,89524,62,No,2016,1,2,13,2,1,0,2,0,0.6232,4895.0,4546.0,0.0,4832.0,1,0,0,0
2016-01-14,Thursday,7479,533,1700.0,1357.0,1154.0,4744.0,2735,209498,163614,91280,22,No,2016,1,3,14,2,1,0,3,0,0.2279,4880.0,4699.0,7479.0,4521.0,2,0,0,0
2016-01-15,Friday,2735,570,2018.0,1732.0,1152.0,5472.0,0,225114,168140,137291,1,Yes,2016,1,4,15,2,1,0,4,1,0.0,4974.0,4912.0,2735.0,4744.0,0,0,0,0
2016-01-16,Saturday,12000,901,2617.0,1903.0,1134.0,6555.0,5445,300263,188380,142271,45,No,2016,1,5,16,2,1,1,5,0,0.4538,5084.0,5590.0,0.0,5472.0,1,0,0,0
2016-01-17,Sunday,5445,711,2289.0,1816.0,1236.0,6052.0,0,272314,181485,116512,1,Yes,2016,1,6,17,2,1,1,6,1,0.0,5209.0,6026.0,5445.0,6555.0,0,0,0,0
2016-01-18,Monday,12000,571,1976.0,1427.0,1235.0,5209.0,6791,230304,176171,131337,56,No,2016,1,0,18,3,1,0,0,0,0.5659,5341.0,5939.0,0.0,6052.0,1,0,0,0
2016-01-19,Tuesday,6791,514,1741.0,1228.0,981.0,4464.0,2327,189001,139323,84615,19,No,2016,1,1,19,3,1,0,1,0,0.1939,5288.0,5242.0,6791.0,5209.0,2,0,0,0
2016-01-20,Wednesday,2327,451,1608.0,1165.0,882.0,4106.0,0,182249,128473,88934,1,Yes,2016,1,2,20,3,1,0,2,1,0.0,5229.0,4593.0,2327.0,4464.0,0,0,0,0
2016-01-21,Thursday,12000,592,1905.0,1503.0,862.0,4862.0,7138,217180,133009,109534,59,No,2016,1,3,21,3,1,0,3,0,0.5948,5246.0,4477.0,0.0,4106.0,1,0,0,0
2016-01-22,Friday,7138,604,1831.0,1355.0,929.0,4719.0,2419,218890,153224,88873,20,No,2016,1,4,22,3,1,0,4,0,0.2016,5138.0,4562.0,7138.0,4862.0,2,0,0,0
2016-01-23,Saturday,2419,540,2102.0,1615.0,962.0,5219.0,0,233583,148425,96340,1,Yes,2016,1,5,23,3,1,1,5,1,0.0,4947.0,4933.0,2419.0,4719.0,0,0,0,0
2016-01-24,Sunday,12000,610,2183.0,1701.0,1368.0,5862.0,6138,240444,176889,140587,51,No,2016,1,6,24,3,1,1,6,0,0.5115,4920.0,5267.0,0.0,5219.0,1,0,0,0
2016-01-25,Monday,6138,532,1760.0,1407.0,874.0,4573.0,1565,196365,149859,89266,13,Yes,2016,1,0,25,4,1,0,0,1,0.1304,4829.0,5218.0,6138.0,5862.0,0,0,0,0
2016-01-26,Tuesday,12000,645,1959.0,1590.0,1039.0,5233.0,6767,217393,142679,132163,56,No,2016,1,1,26,4,1,0,1,0,0.5639,4939.0,5223.0,1565.0,4573.0,1,0,0,0
2016-01-27,Wednesday,6767,465,1708.0,1301.0,1072.0,4546.0,2221,191868,138740,100026,18,No,2016,1,2,27,4,1,0,2,0,0.1851,5002.0,4784.0,6767.0,5233.0,2,0,0,0
2016-01-28,Thursday,2221,544,1720.0,1483.0,882.0,4629.0,0,200553,146004,86879,1,Yes,2016,1,3,28,4,1,0,3,1,0.0,4969.0,4803.0,2221.0,4546.0,0,0,0,0
2016-01-29,Friday,12000,509,1781.0,1517.0,1001.0,4808.0,7192,219362,167976,119116,59,No,2016,1,4,29,4,1,0,4,0,0.5993,4981.0,4661.0,0.0,4629.0,1,0,0,0
2016-01-30,Saturday,7192,834,2255.0,1882.0,1239.0,6210.0,982,240248,224808,123654,8,Yes,2016,1,5,30,4,1,1,5,1,0.0818,5123.0,5216.0,7192.0,4808.0,0,0,0,0
2016-01-31,Sunday,12000,549,1820.0,1587.0,884.0,4840.0,7160,220099,138405,105066,59,No,2016,1,6,31,4,1,1,6,0,0.5967,4977.0,5286.0,982.0,6210.0,1,0,0,0
2016-02-01,Monday,7160,509,1685.0,1284.0,943.0,4421.0,2739,200843,152229,84313,22,No,2016,2,0,32,5,1,0,0,0,0.2282,4955.0,5157.0,7160.0,4840.0,2,0,0,0
2016-02-02,Tuesday,2739,555,1714.0,1385.0,953.0,4607.0,0,202022,164542,99579,1,Yes,2016,2,1,33,5,1,0,1,1,0.0,4866.0,4623.0,2739.0,4421.0,0,0,0,0
2016-02-03,Wednesday,12000,405,1355.0,1184.0,900.0,3844.0,8156,165260,122715,77308,67,No,2016,2,2,34,5,1,0,2,0,0.6797,4766.0,4291.0,0.0,4607.0,1,0,0,0
2016-02-04,Thursday,8156,505,1861.0,1497.0,1152.0,5015.0,3141,214697,135767,123338,26,No,2016,2,3,35,5,1,0,3,0,0.2618,4821.0,4489.0,8156.0,3844.0,2,0,0,0
2016-02-05,Friday,3141,652,1985.0,1630.0,808.0,5075.0,0,222213,158287,113006,1,Yes,2016,2,4,36,5,1,0,4,1,0.0,4859.0,4645.0,3141.0,5015.0,0,0,0,0
2016-02-06,Saturday,12000,677,2473.0,1682.0,1272.0,6104.0,5896,237276,175501,148435,49,No,2016,2,5,37,5,1,1,5,0,0.4913,4844.0,5398.0,0.0,5075.0,1,0,0,0
2016-02-07,Sunday,5896,725,2008.0,1641.0,1193.0,5567.0,329,247101,179406,134254,2,Yes,2016,2,6,38,5,1,1,6,1,0.0274,4948.0,5582.0,5896.0,6104.0,0,0,0,0
2016-02-08,Monday,12000,619,1710.0,1455.0,927.0,4711.0,7289,213061,161348,89930,60,No,2016,2,0,39,6,1,0,0,0,0.6074,4989.0,5461.0,329.0,5567.0,1,0,0,0
2016-02-09,Tuesday,7289,473,1654.0,1275.0,1082.0,4484.0,2805,190032,156593,94389,23,No,2016,2,1,40,6,1,0,1,0,0.2338,4971.0,4921.0,7289.0,4711.0,2,0,0,0
2016-02-10,Wednesday,2805,577,1672.0,1364.0,857.0,4470.0,0,204813,134914,93856,1,Yes,2016,2,2,41,6,1,0,2,1,0.0,5061.0,4555.0,2805.0,4484.0,0,0,0,0
2016-02-11,Thursday,12000,559,1831.0,1459.0,704.0,4553.0,7447,208251,139670,102112,62,No,2016,2,3,42,6,1,0,3,0,0.6206,4995.0,4502.0,0.0,4470.0,1,0,0,0
2016-02-12,Friday,7447,722,1872.0,1633.0,939.0,5166.0,2281,232090,148649,119695,19,No,2016,2,4,43,6,1,0,4,0,0.1901,5008.0,4730.0,7447.0,4553.0,2,0,0,0
2016-02-13,Saturday,2281,724,1962.0,1538.0,1155.0,5379.0,0,240673,170580,106513,1,Yes,2016,2,5,44,6,1,1,5,1,0.0,4904.0,5033.0,2281.0,5166.0,0,0,0,0
2016-02-14,Sunday,12000,760,2213.0,1516.0,1104.0,5593.0,6407,248971,170020,107220,53,No,2016,2,6,45,6,1,1,6,0,0.5339,4908.0,5379.0,0.0,5379.0,1,0,0,0
2016-02-15,Monday,6407,480,1708.0,1165.0,875.0,4228.0,2179,172051,141000,86668,18,No,2016,2,0,46,7,1,0,0,0,0.1816,4839.0,5067.0,6407.0,5593.0,2,0,0,0
2016-02-16,Tuesday,2179,589,1789.0,1449.0,1072.0,4899.0,0,201993,165235,101730,1,Yes,2016,2,1,47,7,1,0,1,1,0.0,4898.0,4907.0,2179.0,4228.0,0,0,0,0
2016-02-17,Wednesday,12000,547,1551.0,1197.0,934.0,4229.0,7771,187348,133126,81069,64,No,2016,2,2,48,7,1,0,2,0,0.6476,4864.0,4452.0,0.0,4899.0,1,0,0,0
2016-02-18,Thursday,7771,661,1787.0,1622.0,1023.0,5093.0,2678,232303,173783,123970,22,No,2016,2,3,49,7,1,0,3,0,0.2232,4941.0,4740.0,7771.0,4229.0,2,0,0,0
2016-02-19,Friday,2678,582,2188.0,1729.0,929.0,5428.0,0,236975,156486,118512,1,Yes,2016,2,4,50,7,1,0,4,1,0.0,4978.0,4917.0,2678.0,5093.0,0,0,0,0
2016-02-20,Saturday,12000,859,2520.0,2106.0,909.0,6394.0,5606,272966,204583,153824,46,No,2016,2,5,51,7,1,1,5,0,0.4672,5123.0,5638.0,0.0,5428.0,1,0,0,0
2016-02-21,Sunday,5606,676,2035.0,1524.0,1082.0,5317.0,289,206538,166295,135317,2,Yes,2016,2,6,52,7,1,1,6,1,0.0241,5084.0,5713.0,5606.0,6394.0,0,0,0,0
2016-02-22,Monday,12000,661,1714.0,1313.0,1073.0,4761.0,7239,198867,140768,104086,60,No,2016,2,0,53,8,1,0,0,0,0.6032,5160.0,5491.0,289.0,5317.0,1,0,0,0
2016-02-23,Tuesday,7239,540,1730.0,1300.0,839.0,4409.0,2830,199527,135255,90400,23,No,2016,2,1,54,8,1,0,1,0,0.2358,5090.0,4829.0,7239.0,4761.0,2,0,0,0
2016-02-24,Wednesday,2830,474,1430.0,1280.0,761.0,3945.0,0,165541,138699,76426,1,Yes,2016,2,2,55,8,1,0,2,1,0.0,5050.0,4372.0,2830.0,4409.0,0,0,0,0
2016-02-25,Thursday,12000,638,1757.0,1466.0,742.0,4603.0,7397,184666,141836,101757,61,No,2016,2,3,56,8,1,0,3,0,0.6164,4980.0,4319.0,0.0,3945.0,1,0,0,0
2016-02-26,Friday,7397,556,1768.0,1264.0,786.0,4374.0,3023,186240,142555,103402,25,No,2016,2,4,57,8,1,0,4,0,0.2519,4829.0,4307.0,7397.0,4603.0,2,0,0,0
2016-02-27,Saturday,3023,750,2110.0,1774.0,1391.0,6025.0,0,290052,172360,138630,1,Yes,2016,2,5,58,8,1,1,5,1,0.0,4776.0,5001.0,3023.0,4374.0,0,0,0,0
2016-02-28,Sunday,12000,720,2155.0,1615.0,1312.0,5802.0,6198,258617,175812,126301,51,No,2016,2,6,59,8,1,1,6,0,0.5165,4846.0,5400.0,0.0,6025.0,1,0,0,0
2016-02-29,Monday,6198,570,1646.0,1357.0,785.0,4358.0,1840,171417,139275,95038,15,Yes,2016,2,0,60,9,1,0,0,1,0.1533,4788.0,5395.0,6198.0,5802.0,0,0,0,0
2016-03-01,Tuesday,12000,516,1647.0,1508.0,1034.0,4705.0,7295,194498,150625,114069,60,No,2016,3,1,61,9,1,0,1,0,0.6079,4830.0,4955.0,1840.0,4358.0,1,0,0,1
2016-03-02,Wednesday,7295,515,1763.0,1402.0,885.0,4565.0,2730,189531,134032,106502,22,No,2016,3,2,62,9,1,0,2,0,0.2275,4919.0,4543.0,7295.0,4705.0,2,0,0,1
2016-03-03,Thursday,2730,695,2168.0,1582.0,1003.0,5448.0,0,250231,161336,124335,1,Yes,2016,3,3,63,9,1,0,3,1,0.0,5040.0,4906.0,2730.0,4565.0,0,0,0,1
2016-03-04,Friday,12000,697,2125.0,1645.0,1096.0,5563.0,6437,229921,194377,124722,53,No,2016,3,4,64,9,1,0,4,0,0.5364,5209.0,5192.0,0.0,5448.0,1,0,0,1
2016-03-05,Saturday,6437,640,2425.0,1994.0,1025.0,6084.0,353,253076,191735,113491,2,Yes,2016,3,5,65,9,1,1,5,1,0.0294,5218.0,5698.0,6437.0,5563.0,0,0,0,1
2016-03-06,Sunday,12000,711,2420.0,1744.0,1244.0,6119.0,5881,261829,171888,121188,49,No,2016,3,6,66,9,1,1,6,0,0.4901,5263.0,5922.0,353.0,6084.0,1,0,0,1
2016-03-07,Monday,5881,573,1451.0,1218.0,879.0,4121.0,1760,184335,114808,80253,14,Yes,2016,3,0,67,10,1,0,0,1,0.1467,5229.0,5441.0,5881.0,6119.0,0,0,0,1
2016-03-08,Tuesday,12000,657,2036.0,1651.0,850.0,5194.0,6806,217836,172166,126814,56,No,2016,3,1,68,10,1,0,1,0,0.5672,5299.0,5145.0,1760.0,4121.0,1,0,0,1
2016-03-09,Wednesday,6806,531,1952.0,1634.0,1089.0,5206.0,1600,240271,157105,103957,13,Yes,2016,3,2,69,10,1,0,2,1,0.1333,5391.0,4840.0,6806.0,5194.0,0,0,0,1
2016-03-10,Thursday,12000,677,1967.0,1455.0,757.0,4856.0,7144,200179,138181,117645,59,No,2016,3,3,70,10,1,0,3,0,0.5953,5306.0,5085.0,1600.0,5206.0,1,0,0,1
2016-03-11,Friday,7144,785,2342.0,1720.0,1095.0,5942.0,1202,235508,191719,132189,10,Yes,2016,3,4,71,10,1,0,4,1,0.1002,5360.0,5335.0,7144.0,4856.0,0,0,0,1
2016-03-12,Saturday,12000,622,2087.0,1608.0,1362.0,5679.0,6321,259215,189372,108928,52,No,2016,3,5,72,10,1,1,5,0,0.5268,5302.0,5492.0,1202.0,5942.0,1,0,0,1
2016-03-13,Sunday,6321,676,2326.0,1615.0,1058.0,5675.0,646,259102,191567,115037,5,Yes,2016,3,6,73,10,1,1,6,1,0.0538,5239.0,5765.0,6321.0,5679.0,0,0,0,1
2016-03-14,Monday,12000,654,2041.0,1699.0,800.0,5194.0,6806,220410,155653,104535,56,No,2016,3,0,74,11,1,0,0,0,0.5672,5392.0,5516.0,646.0,5675.0,1,0,0,1
2016-03-15,Tuesday,6806,549,1931.0,1365.0,878.0,4723.0,2083,186786,145769,96876,17,No,2016,3,1,75,11,1,0,1,0,0.1736,5325.0,5197.0,6806.0,5194.0,2,0,0,1
2016-03-16,Wednesday,2083,564,2141.0,1708.0,1036.0,5449.0,0,219167,183039,133425,1,Yes,2016,3,2,76,11,1,0,2,1,0.0,5360.0,5122.0,2083.0,4723.0,0,0,0,1
2016-03-17,Thursday,12000,591,1936.0,1388.0,1216.0,5131.0,6869,227824,156465,118068,57,No,2016,3,3,77,11,1,0,3,0,0.5724,5399.0,5101.0,0.0,5449.0,1,0,0,1
2016-03-18,Friday,6869,601,2012.0,1522.0,1131.0,5266.0,1603,216004,179249,107093,13,Yes,2016,3,4,78,11,1,0,4,1,0.1336,5302.0,5282.0,6869.0,5131.0,0,0,0,1
2016-03-19,Saturday,12000,915,2441.0,1929.0,1582.0,6867.0,5133,276867,245352,152065,42,No,2016,3,5,79,11,1,1,5,0,0.4278,5472.0,5755.0,1603.0,5266.0,1,0,0,1
2016-03-20,Sunday,5133,820,2082.0,1681.0,1285.0,5868.0,0,251138,188083,132728,1,Yes,2016,3,6,80,11,1,1,6,1,0.0,5500.0,6000.0,5133.0,6867.0,0,0,0,1
2016-03-21,Monday,12000,568,1746.0,1457.0,921.0,4692.0,7308,214790,127183,85237,60,No,2016,3,0,81,12,1,0,0,0,0.609,5428.0,5809.0,0.0,5868.0,1,0,0,1
2016-03-22,Tuesday,7308,491,1702.0,1407.0,1257.0,4857.0,2451,219600,142123,92587,20,No,2016,3,1,82,12,1,0,1,0,0.2042,5447.0,5139.0,7308.0,4692.0,2,0,0,1
2016-03-23,Wednesday,2451,609,2151.0,1496.0,1046.0,5302.0,0,218808,169374,124497,1,Yes,2016,3,2,83,12,1,0,2,1,0.0,5426.0,4950.0,2451.0,4857.0,0,0,0,1
2016-03-24,Thursday,12000,599,1728.0,1341.0,1213.0,4881.0,7119,205718,144386,86141,59,No,2016,3,3,84,12,1,0,3,0,0.5933,5390.0,5013.0,0.0,5302.0,1,0,0,1
2016-03-25,Friday,7119,676,2005.0,1819.0,1026.0,5526.0,1593,230480,199320,140186,13,Yes,2016,3,4,85,12,1,0,4,1,0.1328,5428.0,5236.0,7119.0,4881.0,0,0,0,1
2016-03-26,Saturday,12000,831,2279.0,1739.0,1408.0,6257.0,5743,268521,174440,145131,47,No,2016,3,5,86,12,1,1,5,0,0.4786,5340.0,5555.0,1593.0,5526.0,1,0,0,1
2016-03-27,Sunday,5743,795,2084.0,1682.0,1134.0,5695.0,48,261110,190600,131900,1,Yes,2016,3,6,87,12,1,1,6,1,0.004,5316.0,5826.0,5743.0,6257.0,0,0,0,1
2016-03-28,Monday,12000,619,1830.0,1310.0,1057.0,4816.0,7184,209843,166226,115795,59,No,2016,3,0,88,13,1,0,0,0,0.5987,5333.0,5589.0,48.0,5695.0,1,0,0,1
2016-03-29,Tuesday,7184,660,1942.0,1524.0,982.0,5108.0,2076,215512,168249,111337,17,No,2016,3,1,89,13,1,0,1,0,0.173,5369.0,5206.0,7184.0,4816.0,2,0,0,1
2016-03-30,Wednesday,2076,637,1802.0,1518.0,944.0,4901.0,0,213584,159679,100144,1,Yes,2016,3,2,90,13,1,0,2,1,0.0,5312.0,4942.0,2076.0,5108.0,0,0,0,1
2016-03-31,Thursday,12000,550,1788.0,1258.0,975.0,4571.0,7429,200296,161771,99927,61,No,2016,3,3,91,13,1,0,3,0,0.6191,5268.0,4860.0,0.0,4901.0,1,0,0,1
2016-04-01,Friday,7429,647,2128.0,1755.0,1257.0,5787.0,1642,249929,167075,117979,13,Yes,2016,4,4,92,13,2,0,4,1,0.1368,5305.0,5086.0,7429.0,4571.0,0,0,0,1
2016-04-02,Saturday,12000,734,2407.0,2193.0,1480.0,6814.0,5186,312662,200419,163078,43,No,2016,4,5,93,13,2,1,5,0,0.4322,5385.0,5724.0,1642.0,5787.0,1,0,0,1
2016-04-03,Sunday,5186,793,2534.0,1942.0,1209.0,6478.0,0,269503,224634,163014,1,Yes,2016,4,6,94,13,2,1,6,1,0.0,5496.0,6360.0,5186.0,6814.0,0,0,0,1
2016-04-04,Monday,12000,573,1761.0,1200.0,877.0,4411.0,7589,184602,125764,89808,63,No,2016,4,0,95,14,2,0,0,0,0.6324,5439.0,5901.0,0.0,6478.0,1,0,0,1
2016-04-05,Tuesday,7589,702,2040.0,1701.0,991.0,5434.0,2155,238710,178868,102729,17,No,2016,4,1,96,14,2,0,1,0,0.1796,5485.0,5441.0,7589.0,4411.0,2,0,0,1
2016-04-06,Wednesday,2155,606,1837.0,1352.0,758.0,4553.0,0,190446,149448,87931,1,Yes,2016,4,2,97,14,2,0,2,1,0.0,5435.0,4799.0,2155.0,5434.0,0,0,0,1
2016-04-07,Thursday,12000,498,1916.0,1390.0,1174.0,4978.0,7022,215059,151312,117722,58,No,2016,4,3,98,14,2,0,3,0,0.5852,5494.0,4988.0,0.0,4553.0,1,0,0,1
2016-04-08,Friday,7022,575,2264.0,1819.0,924.0,5582.0,1440,234552,158642,143882,12,Yes,2016,4,4,99,14,2,0,4,1,0.12,5464.0,5038.0,7022.0,4978.0,0,0,0,1
2016-04-09,Saturday,12000,754,2430.0,1740.0,1251.0,6175.0,5825,282712,181859,120980,48,No,2016,4,5,100,14,2,1,5,0,0.4854,5373.0,5578.0,1440.0,5582.0,1,0,0,1
2016-04-10,Sunday,5825,833,2212.0,1908.0,1076.0,6029.0,0,250800,207842,135989,1,Yes,2016,4,6,101,14,2,1,6,1,0.0,5309.0,5929.0,5825.0,6175.0,0,0,0,1
2016-04-11,Monday,12000,507,1964.0,1472.0,998.0,4941.0,7059,204306,153969,116241,58,No,2016,4,0,102,15,2,0,0,0,0.5883,5385.0,5715.0,0.0,6029.0,1,0,0,1
2016-04-12,Tuesday,7059,617,1732.0,1472.0,1125.0,4946.0,2113,210174,164227,110076,17,No,2016,4,1,103,15,2,0,1,0,0.1761,5315.0,5305.0,7059.0,4941.0,2,0,0,1
2016-04-13,Wednesday,2113,489,1784.0,1443.0,948.0,4664.0,0,199357,151311,111364,1,Yes,2016,4,2,104,15,2,0,2,1,0.0,5331.0,4850.0,2113.0,4946.0,0,0,0,1
2016-04-14,Thursday,12000,677,1949.0,1755.0,1119.0,5500.0,6500,231695,185450,124848,54,No,2016,4,3,105,15,2,0,3,0,0.5417,5405.0,5037.0,0.0,4664.0,1,0,0,1
2016-04-15,Friday,6500,682,2093.0,1843.0,1155.0,5773.0,727,260892,186688,133472,6,Yes,2016,4,4,106,15,2,0,4,1,0.0606,5433.0,5312.0,6500.0,5500.0,0,0,0,1
2016-04-16,Saturday,12000,734,2287.0,1720.0,888.0,5629.0,6371,250151,191139,109762,53,No,2016,4,5,107,15,2,1,5,0,0.5309,5355.0,5634.0,727.0,5773.0,1,0,0,1
2016-04-17,Sunday,6371,795,2062.0,1556.0,1295.0,5708.0,663,238598,191367,104361,5,Yes,2016,4,6,108,15,2,1,6,1,0.0552,5309.0,5703.0,6371.0,5629.0,0,0,0,1
2016-04-18,Monday,12000,647,1826.0,1383.0,805.0,4661.0,7339,205254,159646,88792,61,No,2016,4,0,109,16,2,0,0,0,0.6116,5269.0,5333.0,663.0,5708.0,1,0,0,1
2016-04-19,Tuesday,7339,668,1862.0,1533.0,1159.0,5222.0,2117,203520,158954,110534,17,No,2016,4,1,110,16,2,0,1,0,0.1764,5308.0,5197.0,7339.0,4661.0,2,0,0,1
2016-04-20,Wednesday,2117,692,2038.0,1652.0,655.0,5037.0,0,217463,151245,104841,1,Yes,2016,4,2,111,16,2,0,2,1,0.0,5361.0,4973.0,2117.0,5222.0,0,0,0,1
2016-04-21,Thursday,12000,506,1797.0,1533.0,1152.0,4988.0,7012,215724,166996,93702,58,No,2016,4,3,112,16,2,0,3,0,0.5843,5288.0,5082.0,0.0,5037.0,1,0,0,1
2016-04-22,Friday,7012,618,1998.0,1714.0,1275.0,5605.0,1407,237639,189194,126811,11,Yes,2016,4,4,113,16,2,0,4,1,0.1172,5264.0,5210.0,7012.0,4988.0,0,0,0,1
2016-04-23,Saturday,12000,888,2419.0,2205.0,1300.0,6812.0,5188,274279,215722,153877,43,No,2016,4,5,114,16,2,1,5,0,0.4323,5433.0,5802.0,1407.0,5605.0,1,0,0,1
2016-04-24,Sunday,5188,674,2173.0,1597.0,1166.0,5610.0,0,223941,158717,123992,1,Yes,2016,4,6,115,16,2,1,6,1,0.0,5419.0,6009.0,5188.0,6812.0,0,0,0,1
2016-04-25,Monday,12000,606,1619.0,1174.0,943.0,4342.0,7658,191706,125552,76291,63,No,2016,4,0,116,17,2,0,0,0,0.6382,5374.0,5588.0,0.0,5610.0,1,0,0,1
2016-04-26,Tuesday,7658,711,1955.0,1644.0,926.0,5236.0,2422,210630,158716,104169,20,No,2016,4,1,117,17,2,0,1,0,0.2018,5376.0,5063.0,7658.0,4342.0,2,0,0,1
2016-04-27,Wednesday,2422,565,1990.0,1529.0,1293.0,5377.0,0,241444,150983,100622,1,Yes,2016,4,2,118,17,2,0,2,1,0.0,5424.0,4985.0,2422.0,5236.0,0,0,0,1
2016-04-28,Thursday,12000,708,1893.0,1616.0,934.0,5151.0,6849,216447,161812,122170,57,No,2016,4,3,119,17,2,0,3,0,0.5708,5448.0,5255.0,0.0,5377.0,1,0,0,1
2016-04-29,Friday,6849,585,2006.0,1730.0,1155.0,5476.0,1373,238286,159097,129339,11,Yes,2016,4,4,120,17,2,0,4,1,0.1144,5429.0,5335.0,6849.0,5151.0,0,0,0,1
2016-04-30,Saturday,12000,827,2668.0,2157.0,1005.0,6657.0,5343,294426,212190,119455,44,No,2016,4,5,121,17,2,1,5,0,0.4452,5407.0,5761.0,1373.0,5476.0,1,0,0,1
2016-05-01,Sunday,5343,640,2502.0,2008.0,1174.0,6324.0,0,279389,205095,144741,1,Yes,2016,5,6,122,17,2,1,6,1,0.0,5509.0,6152.0,5343.0,6657.0,0,0,0,1
2016-05-02,Monday,12000,498,1834.0,1456.0,1010.0,4798.0,7202,203719,140491,97601,60,No,2016,5,0,123,18,2,0,0,0,0.6002,5574.0,5926.0,0.0,6324.0,1,0,0,1
2016-05-03,Tuesday,7202,507,1780.0,1380.0,1096.0,4763.0,2439,198553,155847,97162,20,No,2016,5,1,124,18,2,0,1,0,0.2032,5507.0,5295.0,7202.0,4798.0,2,0,0,1
2016-05-04,Wednesday,2439,494,1757.0,1415.0,1044.0,4710.0,0,186620,151379,88322,1,Yes,2016,5,2,125,18,2,0,2,1,0.0,5411.0,4757.0,2439.0,4763.0,0,0,0,1
2016-05-05,Thursday,12000,505,1818.0,1486.0,773.0,4582.0,7418,198916,153339,83893,61,No,2016,5,3,126,18,2,0,3,0,0.6182,5330.0,4685.0,0.0,4710.0,1,0,0,1
2016-05-06,Friday,7418,739,1870.0,1482.0,1235.0,5326.0,2092,226354,147419,111083,17,No,2016,5,4,127,18,2,0,4,0,0.1743,5309.0,4873.0,7418.0,4582.0,2,0,0,1
2016-05-07,Saturday,2092,655,2163.0,1724.0,1628.0,6170.0,0,254198,207433,147888,1,Yes,2016,5,5,128,18,2,1,5,1,0.0,5239.0,5359.0,2092.0,5326.0,0,0,0,1
2016-05-08,Sunday,12000,798,2308.0,1841.0,1188.0,6135.0,5865,256772,198767,120101,48,No,2016,5,6,129,18,2,1,6,0,0.4888,5212.0,5877.0,0.0,6170.0,1,0,0,1
2016-05-09,Monday,5865,517,1793.0,1616.0,1169.0,5095.0,770,220475,156254,114293,6,Yes,2016,5,0,130,19,2,0,0,1,0.0642,5254.0,5800.0,5865.0,6135.0,0,0,0,1
2016-05-10,Tuesday,12000,553,2007.0,1564.0,990.0,5114.0,6886,218149,182508,114296,57,No,2016,5,1,131,19,2,0,1,0,0.5738,5305.0,5448.0,770.0,5095.0,1,0,0,1
2016-05-11,Wednesday,6886,583,1800.0,1227.0,799.0,4409.0,2477,187422,150051,104455,20,No,2016,5,2,132,19,2,0,2,0,0.2064,5262.0,4873.0,6886.0,5114.0,2,0,0,1
2016-05-12,Thursday,2477,627,1796.0,1571.0,1124.0,5118.0,0,200184,163801,96073,1,Yes,2016,5,3,133,19,2,0,3,1,0.0,5338.0,4880.0,2477.0,4409.0,0,0,0,1
2016-05-13,Friday,12000,643,2243.0,1820.0,1066.0,5772.0,6228,266692,180705,123213,51,No,2016,5,4,134,19,2,0,4,0,0.519,5402.0,5100.0,0.0,5118.0,1,0,0,1
2016-05-14,Saturday,6228,784,2230.0,1624.0,1125.0,5763.0,465,236589,177230,144611,3,Yes,2016,5,5,135,19,2,1,5,1,0.0388,5344.0,5551.0,6228.0,5772.0,0,0,0,1
2016-05-15,Sunday,12000,763,2330.0,1836.0,1342.0,6271.0,5729,258441,183134,153857,47,No,2016,5,6,136,19,2,1,6,0,0.4774,5363.0,5935.0,465.0,5763.0,1,0,0,1
2016-05-16,Monday,5729,529,1681.0,1301.0,1194.0,4705.0,1024,192287,137323,103525,8,Yes,2016,5,0,137,20,2,0,0,1,0.0853,5307.0,5580.0,5729.0,6271.0,0,0,0,1
2016-05-17,Tuesday,12000,613,1965.0,1471.0,960.0,5009.0,6991,199273,161601,110828,58,No,2016,5,1,138,20,2,0,1,0,0.5826,5292.0,5328.0,1024.0,4705.0,1,0,0,1
2016-05-18,Wednesday,6991,503,1816.0,1391.0,881.0,4591.0,2400,209798,144999,113147,20,No,2016,5,2,139,20,2,0,2,0,0.2,5318.0,4768.0,6991.0,5009.0,2,0,0,1
2016-05-19,Thursday,2400,665,2009.0,1508.0,899.0,5081.0,0,218235,169243,102700,1,Yes,2016,5,3,140,20,2,0,3,1,0.0,5313.0,4894.0,2400.0,4591.0,0,0,0,1
2016-05-20,Friday,12000,526,1952.0,1662.0,931.0,5071.0,6929,227410,167586,96467,57,No,2016,5,4,141,20,2,0,4,0,0.5774,5213.0,4914.0,0.0,5081.0,1,0,0,1
2016-05-21,Saturday,6929,862,2595.0,1950.0,1455.0,6862.0,67,287551,228300,168973,1,Yes,2016,5,5,142,20,2,1,5,1,0.0056,5370.0,5671.0,6929.0,5071.0,0,0,0,1
2016-05-22,Sunday,12000,685,2196.0,1739.0,1345.0,5965.0,6035,241744,173113,128802,50,No,2016,5,6,143,20,2,1,6,0,0.5029,5326.0,5966.0,67.0,6862.0,1,0,0,1
2016-05-23,Monday,6035,629,1818.0,1472.0,740.0,4659.0,1376,194066,161783,96243,11,Yes,2016,5,0,144,21,2,0,0,1,0.1147,5320.0,5829.0,6035.0,5965.0,0,0,0,1
2016-05-24,Tuesday,12000,586,1987.0,1573.0,1066.0,5212.0,6788,231937,152135,108317,56,No,2016,5,1,145,21,2,0,1,0,0.5657,5349.0,5279.0,1376.0,4659.0,1,0,0,1
2016-05-25,Wednesday,6788,608,2012.0,1406.0,1167.0,5193.0,1595,218790,155261,120452,13,Yes,2016,5,2,146,21,2,0,2,1,0.1329,5435.0,5021.0,6788.0,5212.0,0,0,0,1
2016-05-26,Thursday,12000,547,1799.0,1517.0,1144.0,5007.0,6993,220390,165484,93137,58,No,2016,5,3,147,21,2,0,3,0,0.5828,5424.0,5137.0,1595.0,5193.0,1,0,0,1
2016-05-27,Friday,6993,550,1747.0,1356.0,1194.0,4847.0,2146,196295,138984,96773,17,No,2016,5,4,148,21,2,0,4,0,0.1788,5392.0,5016.0,6993.0,5007.0,2,0,0,1
2016-05-28,Saturday,2146,729,2449.0,1892.0,1612.0,6682.0,0,313849,190449,127924,1,Yes,2016,5,5,149,21,2,1,5,1,0.0,5366.0,5512.0,2146.0,4847.0,0,0,0,1
2016-05-29,Sunday,12000,710,2074.0,1747.0,1088.0,5619.0,6381,266621,163865,140342,53,No,2016,5,6,150,21,2,1,6,0,0.5317,5317.0,5716.0,0.0,6682.0,1,0,0,1
2016-05-30,Monday,6381,473,1650.0,1444.0,893.0,4460.0,1921,185355,149804,108931,16,Yes,2016,5,0,151,22,2,0,0,1,0.1601,5289.0,5587.0,6381.0,5619.0,0,0,0,1
2016-05-31,Tuesday,12000,602,1695.0,1360.0,1135.0,4792.0,7208,212434,172442,90950,60,No,2016,5,1,152,22,2,0,1,0,0.6007,5229.0,4957.0,1921.0,4460.0,1,0,0,1
2016-06-01,Wednesday,7208,393,1433.0,1050.0,684.0,3526.0,3682,160656,100201,66749,30,No,2016,6,2,153,22,2,0,2,0,0.3068,4990.0,4259.0,7208.0,4792.0,2,0,1,0
2016-06-02,Thursday,3682,426,1463.0,1063.0,837.0,3789.0,0,167851,113800,87405,1,Yes,2016,6,3,154,22,2,0,3,1,0.0,4816.0,4036.0,3682.0,3526.0,0,0,1,0
2016-06-03,Friday,12000,525,1616.0,1394.0,879.0,4414.0,7586,187509,139817,103858,63,No,2016,6,4,155,22,2,0,4,0,0.6322,4755.0,3910.0,0.0,3789.0,1,0,1,0
2016-06-04,Saturday,7586,622,1864.0,1395.0,817.0,4698.0,2888,187946,159569,111995,24,No,2016,6,5,156,22,2,1,5,0,0.2407,4471.0,4300.0,7586.0,4414.0,2,0,1,0
2016-06-05,Sunday,2888,599,1866.0,1669.0,934.0,5068.0,0,239266,156649,121642,1,Yes,2016,6,6,157,22,2,1,6,1,0.0,4392.0,4727.0,2888.0,4698.0,0,0,1,0
2016-06-06,Monday,12000,442,1467.0,1256.0,795.0,3960.0,8040,164542,115663,89873,67,No,2016,6,0,158,23,2,0,0,0,0.67,4321.0,4575.0,0.0,5068.0,1,0,1,0
2016-06-07,Tuesday,8040,494,1400.0,1204.0,880.0,3978.0,4062,178869,117168,99897,33,No,2016,6,1,159,23,2,0,1,0,0.3385,4205.0,4335.0,8040.0,3960.0,2,0,1,0
2016-06-08,Wednesday,4062,436,1504.0,1126.0,768.0,3834.0,228,179013,127971,72906,1,Yes,2016,6,2,160,23,2,0,2,1,0.019,4249.0,3924.0,4062.0,3978.0,0,0,1,0
2016-06-09,Thursday,12000,527,1644.0,1439.0,826.0,4436.0,7564,189581,139226,79003,63,No,2016,6,3,161,23,2,0,3,0,0.6303,4341.0,4083.0,228.0,3834.0,1,0,1,0
2016-06-10,Friday,7564,542,1689.0,1272.0,804.0,4307.0,3257,185489,141062,85668,27,No,2016,6,4,162,23,2,0,4,0,0.2714,4326.0,4192.0,7564.0,4436.0,2,0,1,0
2016-06-11,Saturday,3257,674,1817.0,1388.0,1212.0,5091.0,0,228269,138550,93733,1,Yes,2016,6,5,163,23,2,1,5,1,0.0,4382.0,4611.0,3257.0,4307.0,0,0,1,0
2016-06-12,Sunday,12000,537,1771.0,1462.0,878.0,4648.0,7352,192610,150019,102047,61,No,2016,6,6,164,23,2,1,6,0,0.6127,4322.0,4682.0,0.0,5091.0,1,0,1,0
2016-06-13,Monday,7352,495,1583.0,1287.0,688.0,4053.0,3299,182553,144525,91958,27,No,2016,6,0,165,24,2,0,0,0,0.2749,4335.0,4597.0,7352.0,4648.0,2,0,1,0
2016-06-14,Tuesday,3299,504,1516.0,1173.0,600.64,3771.0,0,150970,115642,76437,1,Yes,2016,6,1,166,24,2,0,1,1,0.0,4306.0,4157.0,3299.0,4053.0,0,0,1,0
2016-06-15,Wednesday,12000,393,1312.76,1031.0,891.0,3489.0,8511,143816,114265,80045,70,No,2016,6,2,167,24,2,0,2,0,0.7093,4256.0,3771.0,0.0,3771.0,1,0,1,0
2016-06-16,Thursday,8511,519,1484.0,1323.0,736.0,4062.0,4449,164343,129375,77533,37,No,2016,6,3,168,24,2,0,3,0,0.3708,4203.0,3774.0,8511.0,3489.0,2,0,1,0
2016-06-17,Friday,4449,686,1916.0,1519.0,929.0,5050.0,0,212860,171848,103403,1,Yes,2016,6,4,169,24,2,0,4,1,0.0,4309.0,4200.0,4449.0,4062.0,0,0,1,0
2016-06-18,Saturday,12000,488,1575.0,1316.0,1123.0,4502.0,7498,178151,142746,90231,62,No,2016,6,5,170,24,2,1,5,0,0.6248,4225.0,4538.0,0.0,5050.0,1,0,1,0
2016-06-19,Sunday,7498,601,1567.0,1246.0,928.0,4342.0,3156,181437,120370,89020,26,No,2016,6,6,171,24,2,1,6,0,0.263,4181.0,4631.0,7498.0,4502.0,2,0,1,0
2016-06-20,Monday,3156,408,1312.76,1118.0,763.0,3552.0,0,152332,117886,65515,1,Yes,2016,6,0,172,25,2,0,0,1,0.0,4110.0,4132.0,3156.0,4342.0,0,0,1,0
2016-06-21,Tuesday,12000,477,1419.0,1067.0,939.0,3902.0,8098,155742,134540,90927,67,No,2016,6,1,173,25,2,0,1,0,0.6748,4128.0,3932.0,0.0,3552.0,1,0,1,0
2016-06-22,Wednesday,8098,511,1408.0,1197.0,827.0,3943.0,4155,160436,139048,88187,34,No,2016,6,2,174,25,2,0,2,0,0.3462,4193.0,3799.0,8098.0,3902.0,2,0,1,0
2016-06-23,Thursday,4155,577,1495.0,1236.0,860.0,4168.0,0,173529,124377,90807,1,Yes,2016,6,3,175,25,2,0,3,1,0.0,4208.0,4004.0,4155.0,3943.0,0,0,1,0
2016-06-24,Friday,12000,565,1778.0,1404.0,727.0,4474.0,7526,175723,137833,97449,62,No,2016,6,4,176,25,2,0,4,0,0.6272,4126.0,4195.0,0.0,4168.0,1,0,1,0
2016-06-25,Saturday,7526,688,2126.0,1694.0,687.0,5195.0,2331,218904,183528,111204,19,No,2016,6,5,177,25,2,1,5,0,0.1942,4225.0,4612.0,7526.0,4474.0,2,0,1,0
2016-06-26,Sunday,2331,488,1799.0,1369.0,764.0,4420.0,0,192273,141235,81596,1,Yes,2016,6,6,178,25,2,1,6,1,0.0,4236.0,4696.0,2331.0,5195.0,0,0,1,0
2016-06-27,Monday,12000,393,1394.0,1057.0,658.0,3480.52,8526,140955,101397,72273,71,No,2016,6,0,179,26,2,0,0,0,0.7105,4225.0,4363.0,0.0,4420.0,1,0,1,0
2016-06-28,Tuesday,8526,535,1703.0,1314.0,742.0,4294.0,4232,180726,138690,89622,35,No,2016,6,1,180,26,2,0,1,0,0.3527,4281.0,4063.0,8526.0,3474.0,2,0,1,0
2016-06-29,Wednesday,4232,544,1693.0,1174.0,831.0,4242.0,0,201512,119908,101864,1,Yes,2016,6,2,181,26,2,0,2,1,0.0,4324.0,4003.0,4232.0,4294.0,0,0,1,0
2016-06-30,Thursday,12000,476,1793.0,1440.0,735.0,4444.0,7556,199795,139991,96343,62,No,2016,6,3,182,26,2,0,3,0,0.6297,4363.0,4327.0,0.0,4242.0,1,0,1,0
2016-07-01,Friday,7556,558,1810.0,1424.0,899.0,4691.0,2865,204656,159791,99571,23,No,2016,7,4,183,26,3,0,4,0,0.2388,4394.0,4459.0,7556.0,4444.0,2,0,1,0
2016-07-02,Saturday,2865,637,2200.0,1713.0,1235.0,5785.0,0,257450,184827,142776,1,Yes,2016,7,5,184,26,3,1,5,1,0.0,4479.0,4973.0,2865.0,4691.0,0,0,1,0
2016-07-03,Sunday,12000,479,1847.0,1561.0,885.0,4772.0,7228,207366,137297,89025,60,No,2016,7,6,185,26,3,1,6,0,0.6023,4529.0,5083.0,0.0,5785.0,1,0,1,0
2016-07-04,Monday,7228,436,1620.0,1230.0,700.0,3986.0,3242,185839,110072,80006,27,No,2016,7,0,186,27,3,0,0,0,0.2702,4602.0,4848.0,7228.0,4772.0,2,0,1,0
2016-07-05,Tuesday,3242,549,1523.0,1260.0,982.0,4314.0,0,169543,143139,80469,1,Yes,2016,7,1,187,27,3,0,1,1,0.0,4605.0,4357.0,3242.0,3986.0,0,0,1,0
2016-07-06,Wednesday,12000,540,1808.0,1388.0,675.0,4411.0,7589,203434,132801,89464,63,No,2016,7,2,188,27,3,0,2,0,0.6324,4629.0,4237.0,0.0,4314.0,1,0,1,0
2016-07-07,Thursday,7589,469,1657.0,1328.0,608.0,4062.0,3527,165574,122215,83773,29,No,2016,7,3,189,27,3,0,3,0,0.2939,4574.0,4262.0,7589.0,4411.0,2,0,1,0
2016-07-08,Friday,3527,665,1782.0,1328.0,997.0,4772.0,0,197693,162384,105279,1,Yes,2016,7,4,190,27,3,0,4,1,0.0,4586.0,4415.0,3527.0,4062.0,0,0,1,0
2016-07-09,Saturday,12000,663,2224.0,1656.0,1238.0,5781.0,6219,263646,176211,118349,51,No,2016,7,5,191,27,3,1,5,0,0.5182,4585.0,4872.0,0.0,4772.0,1,0,1,0
2016-07-10,Sunday,6219,609,2102.0,1578.0,1237.0,5526.0,693,225289,164393,129786,5,Yes,2016,7,6,192,27,3,1,6,1,0.0578,4693.0,5360.0,6219.0,5781.0,0,0,1,0
2016-07-11,Monday,12000,393,1423.0,1111.0,685.0,3588.0,8412,167289,123843,90700,70,No,2016,7,0,193,28,3,0,0,0,0.701,4636.0,4965.0,693.0,5526.0,1,0,1,0
2016-07-12,Tuesday,8412,423,1473.0,1227.0,956.0,4079.0,4333,169863,133229,88450,36,No,2016,7,1,194,28,3,0,1,0,0.3611,4603.0,4398.0,8412.0,3588.0,2,0,1,0
2016-07-13,Wednesday,4333,514,1528.0,1193.0,940.0,4175.0,158,196073,127899,89375,1,Yes,2016,7,2,195,28,3,0,2,1,0.0132,4569.0,3947.0,4333.0,4079.0,0,0,1,0
2016-07-14,Thursday,12000,409,1420.0,1289.0,927.0,4045.0,7955,162156,123873,82945,66,No,2016,7,3,196,28,3,0,3,0,0.6629,4567.0,4100.0,158.0,4175.0,1,0,1,0
2016-07-15,Friday,7955,529,1571.0,1292.0,1095.0,4487.0,3468,195519,132431,83014,28,No,2016,7,4,197,28,3,0,4,0,0.289,4526.0,4236.0,7955.0,4045.0,2,0,1,0
2016-07-16,Saturday,3468,688,1875.0,1530.0,889.0,4982.0,0,230045,147620,120822,1,Yes,2016,7,5,198,28,3,1,5,1,0.0,4412.0,4505.0,3468.0,4487.0,0,0,1,0
2016-07-17,Sunday,12000,673,1864.0,1398.0,1075.0,5010.0,6990,214933,140346,110844,58,No,2016,7,6,199,28,3,1,6,0,0.5825,4338.0,4826.0,0.0,4982.0,1,0,1,0
2016-07-18,Monday,6990,454,1638.0,1240.0,938.0,4270.0,2720,175052,126818,98093,22,No,2016,7,0,200,29,3,0,0,0,0.2267,4435.0,4754.0,6990.0,5010.0,2,0,1,0
2016-07-19,Tuesday,2720,434,1402.0,1054.0,911.0,3801.0,0,159507,111938,71498,1,Yes,2016,7,1,201,29,3,0,1,1,0.0,4396.0,4360.0,2720.0,4270.0,0,0,1,0
2016-07-20,Wednesday,12000,546,1663.0,1167.0,847.0,4223.0,7777,176293,125060,78179,64,No,2016,7,2,202,29,3,0,2,0,0.6481,4403.0,4098.0,0.0,3801.0,1,0,1,0
2016-07-21,Thursday,7777,493,1315.0,1095.0,849.0,3752.0,4025,178607,110097,76289,33,No,2016,7,3,203,29,3,0,3,0,0.3354,4361.0,3925.0,7777.0,4223.0,2,0,1,0
2016-07-22,Friday,4025,653,1964.0,1542.0,729.0,4888.0,0,191248,176711,112416,1,Yes,2016,7,4,204,29,3,0,4,1,0.0,4418.0,4288.0,4025.0,3752.0,0,0,1,0
2016-07-23,Saturday,12000,524,2055.0,1466.0,1080.0,5125.0,6875,222189,153437,91764,57,No,2016,7,5,205,29,3,1,5,0,0.5729,4438.0,4588.0,0.0,4888.0,1,0,1,0
2016-07-24,Sunday,6875,548,1793.0,1397.0,1230.0,4968.0,1907,203064,143005,89212,15,Yes,2016,7,6,206,29,3,1,6,1,0.1589,4432.0,4994.0,6875.0,5125.0,0,0,1,0
2016-07-25,Monday,12000,442,1312.76,1031.0,739.0,3480.52,8604,143084,119064,60901,71,No,2016,7,0,207,30,3,0,0,0,0.717,4308.0,4496.0,1907.0,4968.0,1,0,1,0
2016-07-26,Tuesday,8604,507,1529.0,1317.0,926.0,4279.0,4325,189108,125399,97168,36,No,2016,7,1,208,30,3,0,1,0,0.3604,4376.0,4214.0,8604.0,3396.0,2,0,1,0
2016-07-27,Wednesday,4325,456,1328.0,1102.0,767.0,3653.0,672,162195,112585,86842,5,Yes,2016,7,2,209,30,3,0,2,1,0.056,4294.0,3776.0,4325.0,4279.0,0,0,1,0
2016-07-28,Thursday,12000,423,1330.0,1111.0,911.0,3775.0,8225,161736,131384,82066,68,No,2016,7,3,210,30,3,0,3,0,0.6854,4298.0,3902.0,672.0,3653.0,1,0,1,0
2016-07-29,Friday,8225,576,1572.0,1395.0,715.0,4258.0,3967,175495,142129,82101,33,No,2016,7,4,211,30,3,0,4,0,0.3306,4208.0,3895.0,8225.0,3775.0,2,0,1,0
2016-07-30,Saturday,3967,542,2043.0,1538.0,1065.0,5188.0,0,227168,155625,108413,1,Yes,2016,7,5,212,30,3,1,5,1,0.0,4217.0,4407.0,3967.0,4258.0,0,0,1,0
2016-07-31,Sunday,12000,633,2110.0,1661.0,968.0,5372.0,6628,236565,185093,113053,55,No,2016,7,6,213,30,3,1,6,0,0.5523,4274.0,4939.0,0.0,5188.0,1,0,1,0
2016-08-01,Monday,6628,480,1692.0,1184.0,784.0,4140.0,2488,191924,126092,80497,20,No,2016,8,0,214,31,3,0,0,0,0.2073,4381.0,4900.0,6628.0,5372.0,2,0,1,0
2016-08-02,Tuesday,2488,556,1552.0,1243.0,862.0,4213.0,0,182079,146198,96706,1,Yes,2016,8,1,215,31,3,0,1,1,0.0,4371.0,4575.0,2488.0,4140.0,0,0,1,0
2016-08-03,Wednesday,12000,596,1587.0,1227.0,899.0,4309.0,7691,189544,126299,94670,64,No,2016,8,2,216,31,3,0,2,0,0.6409,4465.0,4221.0,0.0,4213.0,1,0,1,0
2016-08-04,Thursday,7691,555,1414.0,1213.0,817.0,3999.0,3692,163301,134778,85045,30,No,2016,8,3,217,31,3,0,3,0,0.3077,4497.0,4174.0,7691.0,4309.0,2,0,1,0
2016-08-05,Friday,3692,418,1621.0,1334.0,723.0,4096.0,0,172946,132960,80780,1,Yes,2016,8,4,218,31,3,0,4,1,0.0,4474.0,4135.0,3692.0,3999.0,0,0,1,0
2016-08-06,Saturday,12000,573,1658.0,1207.0,749.0,4187.0,7813,188401,138163,86799,65,No,2016,8,5,219,31,3,1,5,0,0.6511,4331.0,4094.0,0.0,4096.0,1,0,1,0
2016-08-07,Sunday,7813,725,2191.0,1922.0,1090.0,5928.0,1885,236231,187136,134105,15,Yes,2016,8,6,220,31,3,1,6,1,0.1571,4410.0,4737.0,7813.0,4187.0,0,0,1,0
2016-08-08,Monday,12000,447,1359.0,1045.0,620.0,3480.52,8529,148862,123071,72912,71,No,2016,8,0,221,32,3,0,0,0,0.7108,4315.0,4529.0,1885.0,5928.0,1,0,1,0
2016-08-09,Tuesday,8529,393,1330.0,1116.0,620.0,3480.52,5094,146863,108888,70176,42,No,2016,8,1,222,32,3,0,1,0,0.4245,4204.0,4278.0,8529.0,3471.0,2,0,1,0
2016-08-10,Wednesday,5094,426,1507.0,1140.0,761.0,3834.0,1260,169167,123198,75220,10,Yes,2016,8,2,223,32,3,0,2,1,0.105,4136.0,3580.0,5094.0,3435.0,0,0,1,0
2016-08-11,Thursday,12000,574,1680.0,1389.0,679.0,4322.0,7678,197072,130624,94967,63,No,2016,8,3,224,32,3,0,3,0,0.6398,4182.0,3864.0,1260.0,3834.0,1,0,1,0
2016-08-12,Friday,7678,540,1544.0,1222.0,782.0,4088.0,3590,172441,135220,84592,29,No,2016,8,4,225,32,3,0,4,0,0.2992,4181.0,4081.0,7678.0,4322.0,2,0,1,0
2016-08-13,Saturday,3590,474,1825.0,1532.0,893.0,4724.0,0,215961,147570,115244,1,Yes,2016,8,5,226,32,3,1,5,1,0.0,4257.0,4378.0,3590.0,4088.0,0,0,1,0
2016-08-14,Sunday,12000,550,1962.0,1344.0,973.0,4829.0,7171,205514,146620,86962,59,No,2016,8,6,227,32,3,1,6,0,0.5976,4100.0,4547.0,0.0,4724.0,1,0,1,0
2016-08-15,Monday,7171,401,1451.0,1174.0,987.0,4013.0,3158,189468,128642,85504,26,No,2016,8,0,228,33,3,0,0,0,0.2632,4178.0,4522.0,7171.0,4829.0,2,0,1,0
2016-08-16,Tuesday,3158,580,1711.0,1360.0,600.64,4219.0,0,170593,138938,101010,1,Yes,2016,8,1,229,33,3,0,1,1,0.0,4290.0,4354.0,3158.0,4013.0,0,0,1,0
2016-08-17,Wednesday,12000,507,1526.0,1204.0,719.0,3956.0,8044,160950,120018,82402,67,No,2016,8,2,230,33,3,0,2,0,0.6703,4307.0,4063.0,0.0,4219.0,1,0,1,0
2016-08-18,Thursday,8044,678,1887.0,1416.0,945.0,4926.0,3118,202606,137452,107381,25,No,2016,8,3,231,33,3,0,3,0,0.2598,4394.0,4367.0,8044.0,3956.0,2,0,1,0
2016-08-19,Friday,3118,425,1510.0,1102.0,922.0,3959.0,0,173764,112801,83901,1,Yes,2016,8,4,232,33,3,0,4,1,0.0,4375.0,4280.0,3118.0,4926.0,0,0,1,0
2016-08-20,Saturday,12000,608,1903.0,1391.0,1178.0,5080.0,6920,219649,147315,118400,57,No,2016,8,5,233,33,3,1,5,0,0.5767,4426.0,4655.0,0.0,3959.0,1,0,1,0
2016-08-21,Sunday,6920,494,1754.0,1602.0,1045.0,4895.0,2025,208908,150459,94168,16,No,2016,8,6,234,33,3,1,6,0,0.1688,4435.0,4645.0,6920.0,5080.0,2,0,1,0
2016-08-22,Monday,2025,426,1488.0,1116.0,700.0,3730.0,0,146417,102848,87880,1,Yes,2016,8,0,235,34,3,0,0,1,0.0,4395.0,4568.0,2025.0,4895.0,0,0,1,0
2016-08-23,Tuesday,12000,451,1788.0,1297.0,850.0,4386.0,7614,175690,135254,83557,63,No,2016,8,1,236,34,3,0,1,0,0.6345,4419.0,4337.0,0.0,3730.0,1,0,1,0
2016-08-24,Wednesday,7614,501,1447.0,1189.0,970.0,4107.0,3507,190786,124932,90923,29,No,2016,8,2,237,34,3,0,2,0,0.2922,4440.0,4074.0,7614.0,4386.0,2,0,1,0
2016-08-25,Thursday,3507,562,1789.0,1533.0,773.0,4657.0,0,207319,150548,83480,1,Yes,2016,8,3,238,34,3,0,3,1,0.0,4402.0,4383.0,3507.0,4107.0,0,0,1,0
2016-08-26,Friday,12000,443,1493.0,1218.0,788.0,3942.0,8058,170057,129499,92628,67,No,2016,8,4,239,34,3,0,4,0,0.6715,4400.0,4235.0,0.0,4657.0,1,0,1,0
2016-08-27,Saturday,8058,570,1863.0,1421.0,999.0,4853.0,3205,207967,164866,121304,26,No,2016,8,5,240,34,3,1,5,0,0.2671,4367.0,4484.0,8058.0,3942.0,2,0,1,0
2016-08-28,Sunday,3205,573,1970.0,1524.0,859.0,4926.0,0,221817,138209,128350,1,Yes,2016,8,6,241,34,3,1,6,1,0.0,4372.0,4574.0,3205.0,4853.0,0,0,1,0
2016-08-29,Monday,12000,516,1534.0,1281.0,628.0,3959.0,8041,177339,119472,72021,67,No,2016,8,0,242,35,3,0,0,0,0.6701,4404.0,4579.0,0.0,4926.0,1,0,1,0
2016-08-30,Tuesday,8041,404,1587.0,1074.0,857.0,3922.0,4119,167657,125147,101546,34,No,2016,8,1,243,35,3,0,1,0,0.3432,4338.0,4269.0,8041.0,3959.0,2,0,1,0
2016-08-31,Wednesday,4119,414,1432.0,1031.0,801.0,3660.0,459,146035,110807,70980,3,Yes,2016,8,2,244,35,3,0,2,1,0.0382,4274.0,3847.0,4119.0,3922.0,0,0,1,0
2016-09-01,Thursday,12000,473,1832.0,1526.0,820.0,4651.0,7349,186643,169674,93298,61,No,2016,9,3,245,35,3,0,3,0,0.6124,4273.0,4078.0,459.0,3660.0,1,0,0,0
2016-09-02,Friday,7349,587,2025.0,1588.0,1023.0,5223.0,2126,228995,144514,107206,17,No,2016,9,4,246,35,3,0,4,0,0.1772,4456.0,4511.0,7349.0,4651.0,2,0,0,0
2016-09-03,Saturday,2126,752,2117.0,1819.0,1232.0,5920.0,0,267135,170535,115925,1,Yes,2016,9,5,247,35,3,1,5,1,0.0,4609.0,5265.0,2126.0,5223.0,0,0,0,0
2016-09-04,Sunday,12000,550,1881.0,1699.0,1164.0,5294.0,6706,231847,189325,135571,55,No,2016,9,6,248,35,3,1,6,0,0.5588,4661.0,5479.0,0.0,5920.0,1,0,0,0
2016-09-05,Monday,6706,619,1695.0,1355.0,827.0,4496.0,2210,202861,148820,98799,18,No,2016,9,0,249,36,3,0,0,0,0.1842,4738.0,5237.0,6706.0,5294.0,2,0,0,0
2016-09-06,Tuesday,2210,607,1782.0,1274.0,819.0,4482.0,0,173864,155456,91400,1,Yes,2016,9,1,250,36,3,0,1,1,0.0,4818.0,4757.0,2210.0,4496.0,0,0,0,0
2016-09-07,Wednesday,12000,616,1804.0,1277.0,763.0,4460.0,7540,193371,129123,111759,62,No,2016,9,2,251,36,3,0,2,0,0.6283,4932.0,4479.0,0.0,4482.0,1,0,0,0
2016-09-08,Thursday,7540,527,1786.0,1487.0,856.0,4656.0,2884,206075,141688,95589,24,No,2016,9,3,252,36,3,0,3,0,0.2403,4933.0,4533.0,7540.0,4460.0,2,0,0,0
2016-09-09,Friday,2884,682,1933.0,1663.0,912.0,5190.0,0,208457,156390,115941,1,Yes,2016,9,4,253,36,3,0,4,1,0.0,4928.0,4769.0,2884.0,4656.0,0,0,0,0
2016-09-10,Saturday,12000,935,2388.0,2047.0,1450.0,6820.0,5180,268037,218409,135995,43,No,2016,9,5,254,36,3,1,5,0,0.4317,5057.0,5555.0,0.0,5190.0,1,0,0,0
2016-09-11,Sunday,5180,820,2253.0,1656.0,1163.0,5892.0,0,240651,213377,130977,1,Yes,2016,9,6,255,36,3,1,6,1,0.0,5142.0,5967.0,5180.0,6820.0,0,0,0,0
2016-09-12,Monday,12000,489,1836.0,1449.0,863.0,4637.0,7363,205689,136842,87723,61,No,2016,9,0,256,37,3,0,0,0,0.6136,5162.0,5783.0,0.0,5892.0,1,0,0,0
2016-09-13,Tuesday,7363,581,1707.0,1269.0,947.0,4504.0,2859,196731,136831,84129,23,No,2016,9,1,257,37,3,0,1,0,0.2382,5166.0,5011.0,7363.0,4637.0,2,0,0,0
2016-09-14,Wednesday,2859,439,1722.0,1363.0,804.0,4328.0,0,181277,122638,86770,1,Yes,2016,9,2,258,37,3,0,2,1,0.0,5147.0,4490.0,2859.0,4504.0,0,0,0,0
2016-09-15,Thursday,12000,459,1640.0,1445.0,851.0,4395.0,7605,183513,123681,84704,63,No,2016,9,3,259,37,3,0,3,0,0.6338,5109.0,4409.0,0.0,4328.0,1,0,0,0
2016-09-16,Friday,7605,569,2161.0,1604.0,1310.0,5644.0,1961,245849,156741,107745,16,Yes,2016,9,4,260,37,3,0,4,1,0.1634,5174.0,4789.0,7605.0,4395.0,0,0,0,0
2016-09-17,Saturday,12000,620,2358.0,1611.0,1366.0,5955.0,6045,250932,174167,119127,50,No,2016,9,5,261,37,3,1,5,0,0.5038,5051.0,5331.0,1961.0,5644.0,1,0,0,0
2016-09-18,Sunday,6045,700,2244.0,1777.0,912.0,5633.0,412,242912,193943,101353,3,Yes,2016,9,6,262,37,3,1,6,1,0.0343,5014.0,5744.0,6045.0,5955.0,0,0,0,0
2016-09-19,Monday,12000,551,1717.0,1469.0,1113.0,4850.0,7150,216327,141798,88010,59,No,2016,9,0,263,38,3,0,0,0,0.5958,5044.0,5479.0,412.0,5633.0,1,0,0,0
2016-09-20,Tuesday,7150,602,1677.0,1336.0,781.0,4396.0,2754,195808,144560,86124,22,No,2016,9,1,264,38,3,0,1,0,0.2295,5029.0,4960.0,7150.0,4850.0,2,0,0,0
2016-09-21,Wednesday,2754,650,1928.0,1345.0,881.0,4804.0,0,223338,135385,102738,1,Yes,2016,9,2,265,38,3,0,2,1,0.0,5097.0,4683.0,2754.0,4396.0,0,0,0,0
2016-09-22,Thursday,12000,490,1668.0,1515.0,1050.0,4723.0,7277,209687,141062,101532,60,No,2016,9,3,266,38,3,0,3,0,0.6064,5144.0,4641.0,0.0,4804.0,1,0,0,0
2016-09-23,Friday,7277,531,1920.0,1407.0,1263.0,5121.0,2156,232039,180049,123610,17,No,2016,9,4,267,38,3,0,4,0,0.1797,5069.0,4883.0,7277.0,4723.0,2,0,0,0
2016-09-24,Saturday,2156,707,2239.0,1929.0,1298.0,6173.0,0,288780,173724,140827,1,Yes,2016,9,5,268,38,3,1,5,1,0.0,5100.0,5339.0,2156.0,5121.0,0,0,0,0
2016-09-25,Sunday,12000,686,1991.0,1629.0,1181.0,5487.0,6513,218109,151298,114114,54,No,2016,9,6,269,38,3,1,6,0,0.5428,5079.0,5594.0,0.0,6173.0,1,0,0,0
2016-09-26,Monday,6513,529,1571.0,1260.0,962.0,4322.0,2191,179591,120342,91549,18,No,2016,9,0,270,39,3,0,0,0,0.1826,5004.0,5327.0,6513.0,5487.0,2,0,0,0
2016-09-27,Tuesday,2191,575,1788.0,1459.0,716.0,4538.0,0,199331,151767,103557,1,Yes,2016,9,1,271,39,3,0,1,1,0.0,5024.0,4782.0,2191.0,4322.0,0,0,0,0
2016-09-28,Wednesday,12000,529,1709.0,1171.0,865.0,4274.0,7726,170434,133984,86335,64,No,2016,9,2,272,39,3,0,2,0,0.6438,4948.0,4378.0,0.0,4538.0,1,0,0,0
2016-09-29,Thursday,7726,533,1744.0,1373.0,789.0,4439.0,3287,178988,140852,98821,27,No,2016,9,3,273,39,3,0,3,0,0.2739,4908.0,4417.0,7726.0,4274.0,2,0,0,0
2016-09-30,Friday,3287,578,1804.0,1439.0,1132.0,4953.0,0,206342,152620,93693,1,Yes,2016,9,4,274,39,3,0,4,1,0.0,4884.0,4555.0,3287.0,4439.0,0,0,0,0
2016-10-01,Saturday,12000,836,2475.0,1728.0,1311.0,6350.0,5650,264641,171445,120853,47,No,2016,10,5,275,39,4,1,5,0,0.4708,4909.0,5247.0,0.0,4953.0,1,1,0,0
2016-10-02,Sunday,5650,911,2591.0,1928.0,1120.0,6550.0,0,276065,200767,127861,1,Yes,2016,10,6,276,39,4,1,6,1,0.0,5061.0,5951.0,5650.0,6350.0,0,1,0,0
2016-10-03,Monday,12000,567,1771.0,1499.0,985.0,4822.0,7178,214797,139443,107591,59,No,2016,10,0,277,40,4,0,0,0,0.5982,5132.0,5907.0,0.0,6550.0,1,1,0,0
2016-10-04,Tuesday,7178,606,2077.0,1749.0,891.0,5323.0,1855,250604,156964,93925,15,Yes,2016,10,1,278,40,4,0,1,1,0.1546,5244.0,5565.0,7178.0,4822.0,0,1,0,0
2016-10-05,Wednesday,12000,727,2005.0,1479.0,1099.0,5310.0,6690,221410,189890,101368,55,No,2016,10,2,279,40,4,0,2,0,0.5575,5392.0,5152.0,1855.0,5323.0,1,1,0,0
2016-10-06,Thursday,6690,760,1969.0,1749.0,1126.0,5604.0,1086,267693,183220,115471,9,Yes,2016,10,3,280,40,4,0,3,1,0.0905,5559.0,5412.0,6690.0,5310.0,0,1,0,0
2016-10-07,Friday,12000,611,2366.0,1851.0,948.0,5776.0,6224,237532,162337,142414,51,No,2016,10,4,281,40,4,0,4,0,0.5187,5676.0,5563.0,1086.0,5604.0,1,1,0,0
2016-10-08,Saturday,6224,796,2329.0,1791.0,1319.0,6235.0,0,263275,185703,149632,1,Yes,2016,10,5,282,40,4,1,5,1,0.0,5660.0,5872.0,6224.0,5776.0,0,1,0,0
2016-10-09,Sunday,12000,779,2343.0,1890.0,1380.0,6392.0,5608,292984,182356,114979,46,No,2016,10,6,283,40,4,1,6,0,0.4673,5637.0,6134.0,0.0,6235.0,1,1,0,0
2016-10-10,Monday,5608,653,1691.0,1454.0,912.0,4710.0,898,198630,140651,99153,7,Yes,2016,10,0,284,41,4,0,0,1,0.0748,5621.0,5779.0,5608.0,6392.0,0,1,0,0
2016-10-11,Tuesday,12000,638,1955.0,1365.0,1002.0,4960.0,7040,213151,142806,126108,58,No,2016,10,1,285,41,4,0,1,0,0.5867,5570.0,5354.0,898.0,4710.0,1,1,0,0
2016-10-12,Wednesday,7040,718,2173.0,1803.0,833.0,5527.0,1513,244755,189187,104160,12,Yes,2016,10,2,286,41,4,0,2,1,0.1261,5601.0,5066.0,7040.0,4960.0,0,1,0,0
2016-10-13,Thursday,12000,627,2010.0,1423.0,1172.0,5232.0,6768,245558,174142,112359,56,No,2016,10,3,287,41,4,0,3,0,0.564,5547.0,5240.0,1513.0,5527.0,1,1,0,0
2016-10-14,Friday,6768,745,2258.0,1631.0,889.0,5523.0,1245,241450,180036,128015,10,Yes,2016,10,4,288,41,4,0,4,1,0.1038,5511.0,5427.0,6768.0,5232.0,0,1,0,0
2016-10-15,Saturday,12000,704,2620.0,1834.0,1437.0,6595.0,5405,284420,198029,132525,45,No,2016,10,5,289,41,4,1,5,0,0.4504,5563.0,5783.0,1245.0,5523.0,1,1,0,0
2016-10-16,Sunday,5405,803,2447.0,2006.0,1050.0,6306.0,0,250051,203285,122217,1,Yes,2016,10,6,290,41,4,1,6,1,0.0,5550.0,6141.0,5405.0,6595.0,0,1,0,0
2016-10-17,Monday,12000,558,1992.0,1588.0,730.0,4868.0,7132,207125,160398,88099,59,No,2016,10,0,291,42,4,0,0,0,0.5943,5573.0,5923.0,0.0,6306.0,1,1,0,0
2016-10-18,Tuesday,7132,566,1791.0,1468.0,745.0,4570.0,2562,197995,129393,84269,21,No,2016,10,1,292,42,4,0,1,0,0.2135,5517.0,5248.0,7132.0,4868.0,2,1,0,0
2016-10-19,Wednesday,2562,636,2095.0,1439.0,1139.0,5309.0,0,215687,163749,117577,1,Yes,2016,10,2,293,42,4,0,2,1,0.0,5486.0,4916.0,2562.0,4570.0,0,1,0,0
2016-10-20,Thursday,12000,640,2203.0,1747.0,835.0,5425.0,6575,228600,154492,133070,54,No,2016,10,3,294,42,4,0,3,0,0.5479,5514.0,5101.0,0.0,5309.0,1,1,0,0
2016-10-21,Friday,6575,747,2411.0,1910.0,1529.0,6597.0,0,308351,189694,124051,1,Yes,2016,10,4,295,42,4,0,4,1,0.0,5667.0,5777.0,6575.0,5425.0,0,1,0,0
2016-10-22,Saturday,12000,728,2446.0,1793.0,1186.0,6153.0,5847,271799,181135,147813,48,No,2016,10,5,296,42,4,1,5,0,0.4872,5604.0,6058.0,0.0,6597.0,1,1,0,0
2016-10-23,Sunday,5847,806,2616.0,2061.0,975.0,6458.0,0,284137,182793,123772,1,Yes,2016,10,6,297,42,4,1,6,1,0.0,5626.0,6403.0,5847.0,6153.0,0,1,0,0
2016-10-24,Monday,12000,677,2126.0,1665.0,1294.0,5762.0,6238,266807,171546,138990,51,No,2016,10,0,298,43,4,0,0,0,0.5198,5753.0,6124.0,0.0,6458.0,1,1,0,0
2016-10-25,Tuesday,6238,699,1865.0,1742.0,997.0,5303.0,935,229694,177160,125066,7,Yes,2016,10,1,299,43,4,0,1,1,0.0779,5858.0,5841.0,6238.0,5762.0,0,1,0,0
2016-10-26,Wednesday,12000,676,1809.0,1336.0,1111.0,4932.0,7068,215332,138116,108569,58,No,2016,10,2,300,43,4,0,2,0,0.589,5804.0,5332.0,935.0,5303.0,1,1,0,0
2016-10-27,Thursday,7068,619,2143.0,1765.0,1106.0,5633.0,1435,230996,167136,138080,11,Yes,2016,10,3,301,43,4,0,3,1,0.1196,5834.0,5289.0,7068.0,4932.0,0,1,0,0
2016-10-28,Friday,12000,714,2021.0,1634.0,1369.0,5738.0,6262,257836,187968,108033,52,No,2016,10,4,302,43,4,0,4,0,0.5218,5711.0,5434.0,1435.0,5633.0,1,1,0,0
2016-10-29,Saturday,6262,651,2410.0,1887.0,1539.0,6487.0,0,276701,214356,120930,1,Yes,2016,10,5,303,43,4,1,5,1,0.0,5759.0,5953.0,6262.0,5738.0,0,1,0,0
2016-10-30,Sunday,12000,790,2416.0,2065.0,1371.0,6642.0,5358,296686,217751,155169,44,No,2016,10,6,304,43,4,1,6,0,0.4465,5785.0,6289.0,0.0,6487.0,1,1,0,0
2016-10-31,Monday,5358,627,2061.0,1755.0,1293.0,5736.0,0,268677,184794,115645,1,Yes,2016,10,0,305,44,4,0,0,1,0.0,5782.0,6288.0,5358.0,6642.0,0,1,0,0
2016-11-01,Tuesday,12000,596,1747.0,1395.0,1070.0,4808.0,7192,225979,143572,94859,59,No,2016,11,1,306,44,4,0,1,0,0.5993,5711.0,5729.0,0.0,5736.0,1,1,0,0
2016-11-02,Wednesday,7192,527,1684.0,1405.0,1046.0,4662.0,2530,192064,147629,84933,21,No,2016,11,2,307,44,4,0,2,0,0.2108,5672.0,5069.0,7192.0,4808.0,2,1,0,0
2016-11-03,Thursday,2530,698,2085.0,1535.0,1308.0,5626.0,0,251172,159302,115543,1,Yes,2016,11,3,308,44,4,0,3,1,0.0,5671.0,5032.0,2530.0,4662.0,0,1,0,0
2016-11-04,Friday,12000,790,2347.0,1798.0,1238.0,6173.0,5827,280920,179121,150667,48,No,2016,11,4,309,44,4,0,4,0,0.4856,5733.0,5487.0,0.0,5626.0,1,1,0,0
2016-11-05,Saturday,5827,879,2625.0,1937.0,1402.0,6843.0,0,316581,219738,139973,1,Yes,2016,11,5,310,44,4,1,5,1,0.0,5784.0,6214.0,5827.0,6173.0,0,1,0,0
2016-11-06,Sunday,12000,644,2369.0,1667.0,1295.0,5975.0,6025,249057,160980,111624,50,No,2016,11,6,311,44,4,1,6,0,0.5021,5689.0,6330.0,0.0,6843.0,1,1,0,0
2016-11-07,Monday,6025,579,1808.0,1401.0,994.0,4782.0,1243,212909,134312,95892,10,Yes,2016,11,0,312,45,4,0,0,1,0.1036,5553.0,5867.0,6025.0,5975.0,0,1,0,0
2016-11-08,Tuesday,12000,720,2072.0,1507.0,946.0,5245.0,6755,242367,168589,100746,56,No,2016,11,1,313,45,4,0,1,0,0.5629,5615.0,5334.0,1243.0,4782.0,1,1,0,0
2016-11-09,Wednesday,6755,692,2033.0,1757.0,1076.0,5558.0,1197,250556,182919,141213,9,Yes,2016,11,2,314,45,4,0,2,1,0.0998,5743.0,5195.0,6755.0,5245.0,0,1,0,0
2016-11-10,Thursday,12000,760,2154.0,1784.0,815.0,5513.0,6487,234596,176560,126212,54,No,2016,11,3,315,45,4,0,3,0,0.5406,5727.0,5439.0,1197.0,5558.0,1,1,0,0
2016-11-11,Friday,6487,719,2225.0,1690.0,1364.0,5998.0,489,286093,193148,153817,4,Yes,2016,11,4,316,45,4,0,4,1,0.0408,5702.0,5690.0,6487.0,5513.0,0,1,0,0
2016-11-12,Saturday,12000,756,2547.0,2085.0,1523.0,6911.0,5089,313247,198892,133686,42,No,2016,11,5,317,45,4,1,5,0,0.4241,5712.0,6141.0,489.0,5998.0,1,1,0,0
2016-11-13,Sunday,5089,800,2605.0,1974.0,1263.0,6642.0,0,288023,214613,155766,1,Yes,2016,11,6,318,45,4,1,6,1,0.0,5807.0,6517.0,5089.0,6911.0,0,1,0,0
2016-11-14,Monday,12000,680,1997.0,1630.0,949.0,5256.0,6744,242364,167920,124814,56,No,2016,11,0,319,46,4,0,0,0,0.562,5875.0,6270.0,0.0,6642.0,1,1,0,0
2016-11-15,Tuesday,6744,618,1905.0,1610.0,964.0,5097.0,1647,202291,162275,127097,13,Yes,2016,11,1,320,46,4,0,1,1,0.1372,5854.0,5665.0,6744.0,5256.0,0,1,0,0
2016-11-16,Wednesday,12000,659,1926.0,1712.0,1052.0,5349.0,6651,246636,147548,122760,55,No,2016,11,2,321,46,4,0,2,0,0.5542,5824.0,5234.0,1647.0,5097.0,1,1,0,0
2016-11-17,Thursday,6651,545,1934.0,1603.0,1077.0,5159.0,1492,214809,179312,117268,12,Yes,2016,11,3,322,46,4,0,3,1,0.1243,5773.0,5202.0,6651.0,5349.0,0,1,0,0
2016-11-18,Friday,12000,688,2305.0,2004.0,1493.0,6490.0,5510,275588,229688,147634,45,No,2016,11,4,323,46,4,0,4,0,0.4592,5843.0,5666.0,1492.0,5159.0,1,1,0,0
2016-11-19,Saturday,5510,860,2591.0,1870.0,1090.0,6411.0,0,285193,212892,126174,1,Yes,2016,11,5,324,46,4,1,5,1,0.0,5772.0,6020.0,5510.0,6490.0,0,1,0,0
2016-11-20,Sunday,12000,786,2508.0,1888.0,1214.0,6396.0,5604,254871,199710,144299,46,No,2016,11,6,325,46,4,1,6,0,0.467,5737.0,6432.0,0.0,6411.0,1,1,0,0
2016-11-21,Monday,5604,598,1942.0,1698.0,1153.0,5391.0,213,240091,157946,107763,1,Yes,2016,11,0,326,47,4,0,0,1,0.0177,5756.0,6066.0,5604.0,6396.0,0,1,0,0
2016-11-22,Tuesday,12000,547,2089.0,1392.0,1094.0,5122.0,6878,196793,142941,111261,57,No,2016,11,1,327,47,4,0,1,0,0.5732,5760.0,5636.0,213.0,5391.0,1,1,0,0
2016-11-23,Wednesday,6878,493,1911.0,1513.0,999.0,4916.0,1962,205632,152982,115869,16,Yes,2016,11,2,328,47,4,0,2,1,0.1635,5698.0,5143.0,6878.0,5122.0,0,1,0,0
2016-11-24,Thursday,12000,787,2110.0,1876.0,1032.0,5805.0,6195,253999,195305,128198,51,No,2016,11,3,329,47,4,0,3,0,0.5162,5790.0,5281.0,1962.0,4916.0,1,1,0,0
2016-11-25,Friday,6195,612,2089.0,1484.0,996.0,5181.0,1014,215518,150887,98518,8,Yes,2016,11,4,330,47,4,0,4,1,0.0845,5603.0,5301.0,6195.0,5805.0,0,1,0,0
2016-11-26,Saturday,12000,834,2527.0,2037.0,1649.0,7196.0,4804,304424,220123,180260,40,No,2016,11,5,331,47,4,1,5,0,0.4003,5715.0,6061.0,1014.0,5181.0,1,1,0,0
2016-11-27,Sunday,4804,820,2288.0,2004.0,1249.0,6361.0,0,251264,189979,149227,1,Yes,2016,11,6,332,47,4,1,6,1,0.0,5710.0,6246.0,4804.0,7196.0,0,1,0,0
2016-11-28,Monday,12000,748,2183.0,1613.0,956.0,5500.0,6500,255705,184393,106809,54,No,2016,11,0,333,48,4,0,0,0,0.5417,5726.0,6352.0,0.0,6361.0,1,1,0,0
2016-11-29,Tuesday,6500,601,2237.0,1839.0,934.0,5611.0,889,237529,155892,100941,7,Yes,2016,11,1,334,48,4,0,1,1,0.0741,5796.0,5824.0,6500.0,5500.0,0,1,0,0
2016-11-30,Wednesday,12000,701,2053.0,1394.0,958.0,5106.0,6894,227565,182367,121860,57,No,2016,11,2,335,48,4,0,2,0,0.5745,5823.0,5406.0,889.0,5611.0,1,1,0,0
2016-12-01,Thursday,6894,523,1961.0,1346.0,1097.0,4927.0,1967,201343,172047,100445,16,Yes,2016,12,3,336,48,4,0,3,1,0.1639,5697.0,5215.0,6894.0,5106.0,0,0,0,0
2016-12-02,Friday,12000,631,1791.0,1443.0,802.0,4667.0,7333,201194,136267,104144,61,No,2016,12,4,337,48,4,0,4,0,0.6111,5624.0,4900.0,1967.0,4927.0,1,0,0,0
2016-12-03,Saturday,7333,685,2245.0,1825.0,1123.0,5878.0,1455,245540,166373,148649,12,Yes,2016,12,5,338,48,4,1,5,1,0.1212,5436.0,5157.0,7333.0,4667.0,0,0,0,0
2016-12-04,Sunday,12000,695,2148.0,1542.0,885.0,5270.0,6730,240699,175268,111030,56,No,2016,12,6,339,48,4,1,6,0,0.5608,5280.0,5272.0,1455.0,5878.0,1,0,0,0
2016-12-05,Monday,6730,480,1495.0,1212.0,612.0,3799.0,2931,166700,118555,86375,24,No,2016,12,0,340,49,4,0,0,0,0.2442,5037.0,4982.0,6730.0,5270.0,2,0,0,0
2016-12-06,Tuesday,2931,599,1845.0,1422.0,1022.0,4888.0,0,208649,166141,96276,1,Yes,2016,12,1,341,49,4,0,1,1,0.0,4934.0,4652.0,2931.0,3799.0,0,0,0,0
2016-12-07,Wednesday,12000,641,1755.0,1409.0,903.0,4708.0,7292,213602,167880,109411,60,No,2016,12,2,342,49,4,0,2,0,0.6077,4877.0,4465.0,0.0,4888.0,1,0,0,0
2016-12-08,Thursday,7292,471,1811.0,1310.0,867.0,4459.0,2833,182830,137400,110668,23,No,2016,12,3,343,49,4,0,3,0,0.2361,4810.0,4685.0,7292.0,4708.0,2,0,0,0
2016-12-09,Friday,2833,521,1900.0,1423.0,1172.0,5016.0,0,238173,162905,105326,1,Yes,2016,12,4,344,49,4,0,4,1,0.0,4860.0,4728.0,2833.0,4459.0,0,0,0,0
2016-12-10,Saturday,12000,859,2368.0,2080.0,1342.0,6649.0,5351,271930,203452,155824,44,No,2016,12,5,345,49,4,1,5,0,0.4459,4970.0,5375.0,0.0,5016.0,1,0,0,0
2016-12-11,Sunday,5351,540,1921.0,1715.0,1088.0,5264.0,87,220684,177135,96478,1,Yes,2016,12,6,346,49,4,1,6,1,0.0072,4969.0,5643.0,5351.0,6649.0,0,0,0,0
2016-12-12,Monday,12000,521,1537.0,1199.0,1061.0,4318.0,7682,183098,143099,101661,64,No,2016,12,0,347,50,4,0,0,0,0.6402,5043.0,5410.0,87.0,5264.0,1,0,0,0
2016-12-13,Tuesday,7682,562,1854.0,1530.0,904.0,4850.0,2832,187807,154767,101598,23,No,2016,12,1,348,50,4,0,1,0,0.236,5038.0,4811.0,7682.0,4318.0,2,0,0,0
2016-12-14,Wednesday,2832,501,1739.0,1241.0,952.0,4433.0,0,187845,145976,85496,1,Yes,2016,12,2,349,50,4,0,2,1,0.0,4998.0,4534.0,2832.0,4850.0,0,0,0,0
2016-12-15,Thursday,12000,595,1840.0,1394.0,1290.0,5119.0,6881,223534,139448,121057,57,No,2016,12,3,350,50,4,0,3,0,0.5734,5093.0,4801.0,0.0,4433.0,1,0,0,0
2016-12-16,Friday,6881,548,2017.0,1338.0,1035.0,4938.0,1943,198945,160031,121349,16,Yes,2016,12,4,351,50,4,0,4,1,0.1619,5082.0,4830.0,6881.0,5119.0,0,0,0,0
2016-12-17,Saturday,12000,625,2227.0,1882.0,1320.0,6054.0,5946,266508,196649,114812,49,No,2016,12,5,352,50,4,1,5,0,0.4955,4997.0,5370.0,1943.0,4938.0,1,0,0,0
2016-12-18,Sunday,5946,812,2228.0,1761.0,1025.0,5826.0,120,269078,198066,133560,1,Yes,2016,12,6,353,50,4,1,6,1,0.01,5077.0,5606.0,5946.0,6054.0,0,0,0,0
2016-12-19,Monday,12000,589,1687.0,1329.0,708.0,4313.0,7687,182960,147162,101481,64,No,2016,12,0,354,51,4,0,0,0,0.6406,5076.0,5398.0,120.0,5826.0,1,0,0,0
2016-12-20,Tuesday,7687,557,1933.0,1423.0,1216.0,5129.0,2558,227703,166619,93800,21,No,2016,12,1,355,51,4,0,1,0,0.2132,5116.0,5089.0,7687.0,4313.0,2,0,0,0
2016-12-21,Wednesday,2558,530,1699.0,1445.0,718.0,4392.0,0,185607,140321,87348,1,Yes,2016,12,2,356,51,4,0,2,1,0.0,5110.0,4611.0,2558.0,5129.0,0,0,0,0
2016-12-22,Thursday,12000,464,1767.0,1319.0,906.0,4456.0,7544,200889,129061,87682,62,No,2016,12,3,357,51,4,0,3,0,0.6287,5015.0,4659.0,0.0,4392.0,1,0,0,0
2016-12-23,Friday,7544,656,1811.0,1561.0,1135.0,5163.0,2381,211281,153567,115478,19,No,2016,12,4,358,51,4,0,4,0,0.1984,5048.0,4670.0,7544.0,4456.0,2,0,0,0
2016-12-24,Saturday,2381,886,2534.0,1857.0,1188.0,6465.0,0,259526,209802,153030,1,Yes,2016,12,5,359,51,4,1,5,1,0.0,5106.0,5361.0,2381.0,5163.0,0,0,0,0
2016-12-25,Sunday,12000,645,2391.0,1736.0,1196.0,5968.0,6032,241892,203141,111973,50,No,2016,12,6,360,51,4,1,6,0,0.5027,5127.0,5865.0,0.0,6465.0,1,0,0,0
2016-12-26,Monday,6032,428,1630.0,1317.0,657.0,4032.0,2000,176000,135339,81600,16,No,2016,12,0,361,52,4,0,0,0,0.1667,5086.0,5488.0,6032.0,5968.0,2,0,0,0
2016-12-27,Tuesday,2000,654,1947.0,1389.0,861.0,4851.0,0,206603,149830,93057,1,Yes,2016,12,1,362,52,4,0,1,1,0.0,5047.0,4950.0,2000.0,4032.0,0,0,0,0
2016-12-28,Wednesday,12000,515,1543.0,1346.0,744.0,4148.0,7852,178533,134628,83150,65,No,2016,12,2,363,52,4,0,2,0,0.6543,5012.0,4344.0,0.0,4851.0,1,0,0,0
2016-12-29,Thursday,7852,656,1912.0,1456.0,1176.0,5200.0,2652,226102,151553,106040,22,No,2016,12,3,364,52,4,0,3,0,0.221,5118.0,4733.0,7852.0,4148.0,2,0,0,0
2016-12-30,Friday,2652,554,2217.0,1785.0,884.0,5440.0,0,226582,179870,129314,1,Yes,2016,12,4,365,52,4,0,4,1,0.0,5158.0,4929.0,2652.0,5200.0,0,0,0,0
2016-12-31,Saturday,12000,618,2187.0,1900.0,1383.0,6088.0,5912,253066,186083,133924,49,No,2016,12,5,366,52,4,1,5,0,0.4927,5104.0,5576.0,0.0,5440.0,1,0,0,0
2017-01-01,Sunday,5912,629,2218.0,1671.0,1291.0,5809.0,103,253813,166734,134089,1,Yes,2017,1,6,1,52,1,1,6,1,0.0086,5081.0,5779.0,5912.0,6088.0,0,0,0,0
2017-01-02,Monday,12000,472,1569.0,1161.0,865.0,4067.0,7933,166481,125345,85588,66,No,2017,1,0,2,1,1,0,0,0,0.6611,5086.0,5321.0,103.0,5809.0,1,0,0,0
2017-01-03,Tuesday,7933,666,2022.0,1383.0,867.0,4938.0,2995,215381,158394,115736,24,No,2017,1,1,3,1,1,0,1,0,0.2496,5099.0,4938.0,7933.0,4067.0,2,0,0,0
2017-01-04,Wednesday,2995,440,1726.0,1379.0,821.0,4366.0,0,200567,142297,77619,1,Yes,2017,1,2,4,1,1,0,2,1,0.0,5130.0,4457.0,2995.0,4938.0,0,0,0,0
2017-01-05,Thursday,12000,741,1964.0,1711.0,1095.0,5511.0,6489,225935,174799,103094,54,No,2017,1,3,5,1,1,0,3,0,0.5407,5174.0,4938.0,0.0,4366.0,1,0,0,0
2017-01-06,Friday,6489,582,1951.0,1677.0,957.0,5167.0,1322,227013,157887,94045,11,Yes,2017,1,4,6,1,1,0,4,1,0.1102,5135.0,5015.0,6489.0,5511.0,0,0,0,0
2017-01-07,Saturday,12000,746,2569.0,1785.0,1290.0,6390.0,5610,286325,204467,146955,46,No,2017,1,5,7,1,1,1,5,0,0.4675,5178.0,5689.0,1322.0,5167.0,1,0,0,0
2017-01-08,Sunday,5610,724,1882.0,1653.0,1035.0,5294.0,316,237893,168216,112121,2,Yes,2017,1,6,8,1,1,1,6,1,0.0263,5105.0,5617.0,5610.0,6390.0,0,0,0,0
2017-01-09,Monday,12000,607,1698.0,1352.0,976.0,4633.0,7367,203275,136424,112929,61,No,2017,1,0,9,2,1,0,0,0,0.6139,5186.0,5439.0,316.0,5294.0,1,0,0,0
2017-01-10,Tuesday,7367,452,1653.0,1332.0,1008.0,4445.0,2922,184126,152363,95836,24,No,2017,1,1,10,2,1,0,1,0,0.2435,5115.0,4791.0,7367.0,4633.0,2,0,0,0
2017-01-11,Wednesday,2922,531,1855.0,1303.0,1125.0,4814.0,0,224905,135724,103397,1,Yes,2017,1,2,11,2,1,0,2,1,0.0,5179.0,4631.0,2922.0,4445.0,0,0,0,0
2017-01-12,Thursday,12000,530,1609.0,1335.0,1108.0,4582.0,7418,198143,151168,105494,61,No,2017,1,3,12,2,1,0,3,0,0.6182,5046.0,4614.0,0.0,4814.0,1,0,0,0
2017-01-13,Friday,7418,521,2002.0,1506.0,1152.0,5181.0,2237,212035,167989,112680,18,No,2017,1,4,13,2,1,0,4,0,0.1864,5048.0,4859.0,7418.0,4582.0,2,0,0,0
2017-01-14,Saturday,2237,645,2102.0,1784.0,1382.0,5913.0,0,260349,178585,130959,1,Yes,2017,1,5,14,2,1,1,5,1,0.0,4980.0,5225.0,2237.0,5181.0,0,0,0,0
2017-01-15,Sunday,12000,658,2448.0,1977.0,1160.0,6243.0,5757,267772,208576,114566,47,No,2017,1,6,15,2,1,1,6,0,0.4798,5116.0,5779.0,0.0,5913.0,1,0,0,0
2017-01-16,Monday,5757,523,1771.0,1459.0,1071.0,4824.0,933,195975,161570,105720,7,Yes,2017,1,0,16,3,1,0,0,1,0.0778,5143.0,5660.0,5757.0,6243.0,0,0,0,0
2017-01-17,Tuesday,12000,664,1787.0,1378.0,920.0,4749.0,7251,181475,151018,119492,60,No,2017,1,1,17,3,1,0,1,0,0.6042,5187.0,5272.0,933.0,4824.0,1,0,0,0
2017-01-18,Wednesday,7251,651,1885.0,1574.0,975.0,5085.0,2166,198567,152228,113444,18,No,2017,1,2,18,3,1,0,2,0,0.1805,5225.0,4886.0,7251.0,4749.0,2,0,0,0
2017-01-19,Thursday,2166,586,2035.0,1736.0,987.0,5344.0,0,225878,145269,112493,1,Yes,2017,1,3,19,3,1,0,3,1,0.0,5334.0,5059.0,2166.0,5085.0,0,0,0,0
2017-01-20,Friday,12000,718,2094.0,1423.0,1011.0,5246.0,6754,222547,169817,121604,56,No,2017,1,4,20,3,1,0,4,0,0.5628,5343.0,5225.0,0.0,5344.0,1,0,0,0
2017-01-21,Saturday,6754,602,1910.0,1706.0,1209.0,5427.0,1327,252622,156463,108292,11,Yes,2017,1,5,21,3,1,1,5,1,0.1106,5274.0,5339.0,6754.0,5246.0,0,0,0,0
2017-01-22,Sunday,12000,671,2253.0,1527.0,1173.0,5624.0,6376,269352,161119,111420,53,No,2017,1,6,22,3,1,1,6,0,0.5313,5186.0,5432.0,1327.0,5427.0,1,0,0,0
2017-01-23,Monday,6376,610,1914.0,1284.0,944.0,4752.0,1624,185686,150701,99517,13,Yes,2017,1,0,23,4,1,0,0,1,0.1353,5175.0,5268.0,6376.0,5624.0,0,0,0,0
2017-01-24,Tuesday,12000,576,1744.0,1309.0,949.0,4578.0,7422,202787,145058,106176,61,No,2017,1,1,24,4,1,0,1,0,0.6185,5151.0,4985.0,1624.0,4752.0,1,0,0,0
2017-01-25,Wednesday,7422,500,1676.0,1386.0,1034.0,4596.0,2826,187165,161004,114314,23,No,2017,1,2,25,4,1,0,2,0,0.2355,5081.0,4642.0,7422.0,4578.0,2,0,0,0
2017-01-26,Thursday,2826,688,2018.0,1548.0,850.0,5104.0,0,242647,139332,121289,1,Yes,2017,1,3,26,4,1,0,3,1,0.0,5047.0,4759.0,2826.0,4596.0,0,0,0,0
2017-01-27,Friday,12000,634,2088.0,1562.0,1053.0,5337.0,6663,254062,145283,113423,55,No,2017,1,4,27,4,1,0,4,0,0.5552,5060.0,5012.0,0.0,5104.0,1,0,0,0
2017-01-28,Saturday,6663,642,2179.0,1875.0,1497.0,6193.0,470,254818,203399,140198,3,Yes,2017,1,5,28,4,1,1,5,1,0.0392,5169.0,5545.0,6663.0,5337.0,0,0,0,0
2017-01-29,Sunday,12000,774,2638.0,2045.0,989.0,6446.0,5554,249320,183125,145398,46,No,2017,1,6,29,4,1,1,6,0,0.4628,5287.0,5992.0,470.0,6193.0,1,0,0,0
2017-01-30,Monday,5554,590,1733.0,1371.0,807.0,4501.0,1053,180367,142446,114994,8,Yes,2017,1,0,30,5,1,0,0,1,0.0878,5251.0,5713.0,5554.0,6446.0,0,0,0,0
2017-01-31,Tuesday,12000,514,1892.0,1396.0,833.0,4635.0,7365,185366,150996,102186,61,No,2017,1,1,31,5,1,0,1,0,0.6138,5259.0,5194.0,1053.0,4501.0,1,0,0,0
2017-02-01,Wednesday,7365,692,1955.0,1524.0,862.0,5033.0,2332,210217,173433,99752,19,No,2017,2,2,32,5,1,0,2,0,0.1943,5321.0,4723.0,7365.0,4635.0,2,0,0,0
2017-02-02,Thursday,2332,498,1880.0,1442.0,930.0,4750.0,0,205074,141760,90327,1,Yes,2017,2,3,33,5,1,0,3,1,0.0,5271.0,4806.0,2332.0,5033.0,0,0,0,0
2017-02-03,Friday,12000,653,2056.0,1497.0,962.0,5168.0,6832,241958,146905,116610,56,No,2017,2,4,34,5,1,0,4,0,0.5693,5247.0,4984.0,0.0,4750.0,1,0,0,0
2017-02-04,Saturday,6832,839,2424.0,1784.0,1016.0,6063.0,769,251497,209861,156987,6,Yes,2017,2,5,35,5,1,1,5,1,0.0641,5228.0,5327.0,6832.0,5168.0,0,0,0,0
2017-02-05,Sunday,12000,651,2362.0,1739.0,1185.0,5937.0,6063,264817,179786,138781,50,No,2017,2,6,36,5,1,1,6,0,0.5052,5155.0,5723.0,769.0,6063.0,1,0,0,0
2017-02-06,Monday,6063,581,1817.0,1480.0,807.0,4685.0,1378,200388,139736,98643,11,Yes,2017,2,0,37,6,1,0,0,1,0.1148,5182.0,5562.0,6063.0,5937.0,0,0,0,0
2017-02-07,Tuesday,12000,563,2031.0,1478.0,1075.0,5147.0,6853,229978,148762,101985,57,No,2017,2,1,38,6,1,0,1,0,0.5711,5255.0,5256.0,1378.0,4685.0,1,0,0,0
2017-02-08,Wednesday,6853,488,1869.0,1386.0,896.0,4639.0,2214,191530,135314,83838,18,No,2017,2,2,39,6,1,0,2,0,0.1845,5198.0,4824.0,6853.0,5147.0,2,0,0,0
2017-02-09,Thursday,2214,537,1859.0,1289.0,892.0,4577.0,0,187289,163064,99412,1,Yes,2017,2,3,40,6,1,0,3,1,0.0,5174.0,4788.0,2214.0,4639.0,0,0,0,0
2017-02-10,Friday,12000,725,2089.0,1589.0,805.0,5208.0,6792,223522,160999,126518,56,No,2017,2,4,41,6,1,0,4,0,0.566,5179.0,4808.0,0.0,4577.0,1,0,0,0
2017-02-11,Saturday,6792,902,2648.0,2002.0,964.0,6516.0,276,293535,225071,151739,2,Yes,2017,2,5,42,6,1,1,5,1,0.023,5244.0,5434.0,6792.0,5208.0,0,0,0,0
2017-02-12,Sunday,12000,696,2092.0,1794.0,909.0,5491.0,6509,243254,164690,107078,54,No,2017,2,6,43,6,1,1,6,0,0.5424,5180.0,5738.0,276.0,6516.0,1,0,0,0
2017-02-13,Monday,6509,487,1611.0,1364.0,877.0,4339.0,2170,169671,131609,80579,18,No,2017,2,0,44,7,1,0,0,0,0.1808,5131.0,5449.0,6509.0,5491.0,2,0,0,0
2017-02-14,Tuesday,2170,476,1726.0,1377.0,731.0,4310.0,0,177836,142608,82033,1,Yes,2017,2,1,45,7,1,0,1,1,0.0,5011.0,4713.0,2170.0,4339.0,0,0,0,0
2017-02-15,Wednesday,12000,530,1677.0,1271.0,862.0,4340.0,7660,188846,153721,105925,63,No,2017,2,2,46,7,1,0,2,0,0.6383,4969.0,4330.0,0.0,4310.0,1,0,0,0
2017-02-16,Thursday,7660,536,2033.0,1386.0,1142.0,5097.0,2563,218308,182060,106366,21,No,2017,2,3,47,7,1,0,3,0,0.2136,5043.0,4582.0,7660.0,4340.0,2,0,0,0
2017-02-17,Friday,2563,572,2125.0,1549.0,1196.0,5442.0,0,238153,145422,108960,1,Yes,2017,2,4,48,7,1,0,4,1,0.0,5076.0,4960.0,2563.0,5097.0,0,0,0,0
2017-02-18,Saturday,12000,703,2412.0,1867.0,1346.0,6328.0,5672,252219,188739,126534,47,No,2017,2,5,49,7,1,1,5,0,0.4727,5050.0,5622.0,0.0,5442.0,1,0,0,0
2017-02-19,Sunday,5672,718,2133.0,1720.0,1356.0,5927.0,0,260730,172648,112276,1,Yes,2017,2,6,50,7,1,1,6,1,0.0,5112.0,5899.0,5672.0,6328.0,0,0,0,0
2017-02-20,Monday,12000,493,1547.0,1205.0,1169.0,4414.0,7586,203132,149368,89464,63,No,2017,2,0,51,8,1,0,0,0,0.6322,5123.0,5556.0,0.0,5927.0,1,0,0,0
2017-02-21,Tuesday,7586,492,1693.0,1543.0,1095.0,4823.0,2763,203526,157535,96640,23,No,2017,2,1,52,8,1,0,1,0,0.2302,5196.0,5055.0,7586.0,4414.0,2,0,0,0
2017-02-22,Wednesday,2763,528,1562.0,1415.0,891.0,4396.0,0,186799,128303,107147,1,Yes,2017,2,2,53,8,1,0,2,1,0.0,5204.0,4544.0,2763.0,4823.0,0,0,0,0
2017-02-23,Thursday,12000,478,1857.0,1254.0,1029.0,4618.0,7382,203851,146721,87205,61,No,2017,2,3,54,8,1,0,3,0,0.6152,5135.0,4612.0,0.0,4396.0,1,0,0,0
2017-02-24,Friday,7382,700,2055.0,1510.0,1219.0,5484.0,1898,249341,186369,136140,15,Yes,2017,2,4,55,8,1,0,4,1,0.1582,5141.0,4833.0,7382.0,4618.0,0,0,0,0
2017-02-25,Saturday,12000,710,2250.0,1749.0,1417.0,6126.0,5874,268341,202344,142110,48,No,2017,2,5,56,8,1,1,5,0,0.4895,5113.0,5409.0,1898.0,5484.0,1,0,0,0
2017-02-26,Sunday,5874,646,2031.0,1809.0,1016.0,5502.0,372,225772,162151,110841,3,Yes,2017,2,6,57,8,1,1,6,1,0.031,5052.0,5704.0,5874.0,6126.0,0,0,0,0
2017-02-27,Monday,12000,663,1956.0,1437.0,947.0,5003.0,6997,201021,166262,96678,58,No,2017,2,0,58,9,1,0,0,0,0.5831,5136.0,5544.0,372.0,5502.0,1,0,0,0
2017-02-28,Tuesday,6997,572,1901.0,1378.0,912.0,4763.0,2234,201300,171146,102236,18,No,2017,2,1,59,9,1,0,1,0,0.1862,5127.0,5089.0,6997.0,5003.0,2,0,0,0
2017-03-01,Wednesday,2234,540,1874.0,1434.0,1036.0,4884.0,0,209061,160627,90684,1,Yes,2017,3,2,60,9,1,0,2,1,0.0,5197.0,4883.0,2234.0,4763.0,0,0,0,1
2017-03-02,Thursday,12000,584,2046.0,1655.0,1342.0,5627.0,6373,261622,161332,104298,53,No,2017,3,3,61,9,1,0,3,0,0.5311,5341.0,5091.0,0.0,4884.0,1,0,0,1
2017-03-03,Friday,6373,684,2016.0,1766.0,1091.0,5557.0,816,237159,170808,128745,6,Yes,2017,3,4,62,9,1,0,4,1,0.068,5352.0,5356.0,6373.0,5627.0,0,0,0,1
2017-03-04,Saturday,12000,720,2346.0,2033.0,1126.0,6225.0,5775,291976,188340,135257,48,No,2017,3,5,63,9,1,1,5,0,0.4812,5366.0,5803.0,816.0,5557.0,1,0,0,1
2017-03-05,Sunday,5775,756,2162.0,1691.0,1114.0,5723.0,52,247199,170000,122848,1,Yes,2017,3,6,64,9,1,1,6,1,0.0043,5397.0,5835.0,5775.0,6225.0,0,0,0,1
2017-03-06,Monday,12000,708,2111.0,1437.0,964.0,5220.0,6780,226549,170981,131596,56,No,2017,3,0,65,10,1,0,0,0,0.565,5428.0,5723.0,52.0,5723.0,1,0,0,1
2017-03-07,Tuesday,6780,554,2042.0,1707.0,945.0,5248.0,1532,234462,181580,121141,12,Yes,2017,3,1,66,10,1,0,1,1,0.1277,5498.0,5397.0,6780.0,5220.0,0,0,0,1
2017-03-08,Wednesday,12000,648,1959.0,1446.0,863.0,4916.0,7084,201708,141266,107209,59,No,2017,3,2,67,10,1,0,2,0,0.5903,5502.0,5128.0,1532.0,5248.0,1,0,0,1
2017-03-09,Thursday,7084,645,1857.0,1551.0,926.0,4979.0,2105,222131,170061,92880,17,No,2017,3,3,68,10,1,0,3,0,0.1754,5410.0,5048.0,7084.0,4916.0,2,0,0,1
2017-03-10,Friday,2105,767,2124.0,1639.0,1357.0,5887.0,0,263570,182374,140073,1,Yes,2017,3,4,69,10,1,0,4,1,0.0,5457.0,5261.0,2105.0,4979.0,0,0,0,1
2017-03-11,Saturday,12000,845,2387.0,1744.0,1478.0,6454.0,5546,276107,217796,128760,46,No,2017,3,5,70,10,1,1,5,0,0.4622,5490.0,5773.0,0.0,5887.0,1,0,0,1
2017-03-12,Sunday,5546,556,2274.0,1756.0,965.0,5551.0,0,248527,169280,111399,1,Yes,2017,3,6,71,10,1,1,6,1,0.0,5465.0,5964.0,5546.0,6454.0,0,0,0,1
2017-03-13,Monday,12000,617,1955.0,1528.0,712.0,4812.0,7188,223495,164380,85637,59,No,2017,3,0,72,11,1,0,0,0,0.599,5407.0,5606.0,0.0,5551.0,1,0,0,1
2017-03-14,Tuesday,7188,590,1796.0,1444.0,1174.0,5004.0,2184,193928,168719,115594,18,No,2017,3,1,73,11,1,0,1,0,0.182,5372.0,5122.0,7188.0,4812.0,2,0,0,1
2017-03-15,Wednesday,2184,669,1881.0,1446.0,1122.0,5118.0,0,240534,167941,119068,1,Yes,2017,3,2,74,11,1,0,2,1,0.0,5401.0,4978.0,2184.0,5004.0,0,0,0,1
2017-03-16,Thursday,12000,660,1856.0,1488.0,874.0,4878.0,7122,207415,156008,103501,59,No,2017,3,3,75,11,1,0,3,0,0.5935,5386.0,5000.0,0.0,5118.0,1,0,0,1
2017-03-17,Friday,7122,684,2237.0,1610.0,1314.0,5845.0,1277,239343,196043,133683,10,Yes,2017,3,4,76,11,1,0,4,1,0.1064,5380.0,5280.0,7122.0,4878.0,0,0,0,1
2017-03-18,Saturday,12000,760,2429.0,2085.0,1318.0,6592.0,5408,289011,211247,125694,45,No,2017,3,5,77,11,1,1,5,0,0.4507,5400.0,5772.0,1277.0,5845.0,1,0,0,1
2017-03-19,Sunday,5408,631,2226.0,1690.0,1466.0,6013.0,0,253967,170230,153469,1,Yes,2017,3,6,78,11,1,1,6,1,0.0,5466.0,6150.0,5408.0,6592.0,0,0,0,1
2017-03-20,Monday,12000,563,1877.0,1624.0,1167.0,5231.0,6769,233340,148868,101478,56,No,2017,3,0,79,12,1,0,0,0,0.5641,5526.0,5945.0,0.0,6013.0,1,0,0,1
2017-03-21,Tuesday,6769,660,1825.0,1417.0,991.0,4893.0,1876,224421,168103,99061,15,Yes,2017,3,1,80,12,1,0,1,1,0.1563,5510.0,5379.0,6769.0,5231.0,0,0,0,1
2017-03-22,Wednesday,12000,471,1749.0,1325.0,1119.0,4664.0,7336,199446,136751,97669,61,No,2017,3,2,81,12,1,0,2,0,0.6113,5445.0,4929.0,1876.0,4893.0,1,0,0,1
2017-03-23,Thursday,7336,659,1744.0,1335.0,1065.0,4803.0,2533,210795,163541,87911,21,No,2017,3,3,82,12,1,0,3,0,0.2111,5434.0,4787.0,7336.0,4664.0,2,0,0,1
2017-03-24,Friday,2533,748,2029.0,1875.0,1059.0,5711.0,0,246263,170421,135406,1,Yes,2017,3,4,83,12,1,0,4,1,0.0,5415.0,5059.0,2533.0,4803.0,0,0,0,1
2017-03-25,Saturday,12000,813,2792.0,2060.0,1299.0,6964.0,5036,297228,236042,143200,41,No,2017,3,5,84,12,1,1,5,0,0.4197,5468.0,5826.0,0.0,5711.0,1,0,0,1
2017-03-26,Sunday,5036,699,2346.0,1975.0,1365.0,6385.0,0,290424,201263,124529,1,Yes,2017,3,6,85,12,1,1,6,1,0.0,5522.0,6353.0,5036.0,6964.0,0,0,0,1
2017-03-27,Monday,12000,564,1858.0,1577.0,1304.0,5303.0,6697,227134,159264,100114,55,No,2017,3,0,86,13,1,0,0,0,0.5581,5532.0,6217.0,0.0,6385.0,1,0,0,1
2017-03-28,Tuesday,6697,698,2008.0,1494.0,810.0,5010.0,1687,216886,153835,118572,14,Yes,2017,3,1,87,13,1,0,1,1,0.1406,5549.0,5566.0,6697.0,5303.0,0,0,0,1
2017-03-29,Wednesday,12000,658,1855.0,1447.0,1016.0,4976.0,7024,214164,165027,109188,58,No,2017,3,2,88,13,1,0,2,0,0.5853,5593.0,5096.0,1687.0,5010.0,1,0,0,1
2017-03-30,Thursday,7024,788,2346.0,1822.0,776.0,5732.0,1292,258852,199004,128270,10,Yes,2017,3,3,89,13,1,0,3,1,0.1077,5726.0,5239.0,7024.0,4976.0,0,0,0,1
2017-03-31,Friday,12000,674,2463.0,2078.0,1106.0,6321.0,5679,266514,197421,117280,47,No,2017,3,4,90,13,1,0,4,0,0.4732,5813.0,5676.0,1292.0,5732.0,1,0,0,1
2017-04-01,Saturday,5679,641,2092.0,1744.0,1394.0,5871.0,0,232418,179379,127444,1,Yes,2017,4,5,91,13,2,1,5,1,0.0,5657.0,5975.0,5679.0,6321.0,0,0,0,1
2017-04-02,Sunday,12000,738,2712.0,2151.0,1040.0,6641.0,5359,265502,187754,128305,44,No,2017,4,6,92,13,2,1,6,0,0.4466,5693.0,6278.0,0.0,5871.0,1,0,0,1
2017-04-03,Monday,5359,667,1812.0,1446.0,898.0,4823.0,536,198899,159224,91993,4,Yes,2017,4,0,93,14,2,0,0,1,0.0447,5625.0,5778.0,5359.0,6641.0,0,0,0,1
2017-04-04,Tuesday,12000,606,2071.0,1641.0,788.0,5106.0,6894,223915,143764,108845,57,No,2017,4,1,94,14,2,0,1,0,0.5745,5639.0,5523.0,536.0,4823.0,1,0,0,1
2017-04-05,Wednesday,6894,526,1918.0,1677.0,1029.0,5150.0,1744,230044,145485,97249,14,Yes,2017,4,2,95,14,2,0,2,1,0.1453,5663.0,5026.0,6894.0,5106.0,0,0,0,1
2017-04-06,Thursday,12000,626,1821.0,1386.0,1177.0,5010.0,6990,208075,175087,102756,58,No,2017,4,3,96,14,2,0,3,0,0.5825,5560.0,5089.0,1744.0,5150.0,1,0,0,1
2017-04-07,Friday,6990,807,2483.0,1746.0,1215.0,6251.0,739,243736,215326,114779,6,Yes,2017,4,4,97,14,2,0,4,1,0.0616,5550.0,5470.0,6990.0,5010.0,0,0,0,1
2017-04-08,Saturday,12000,941,2612.0,2279.8399999999992,1365.0,7255.0,4745,316272,242854,139402,39,No,2017,4,5,98,14,2,1,5,0,0.3954,5748.0,6172.0,739.0,6251.0,1,0,0,1
2017-04-09,Sunday,4745,659,2546.0,2075.0,1051.0,6331.0,0,266076,185420,125468,1,Yes,2017,4,6,99,14,2,1,6,1,0.0,5704.0,6612.0,4745.0,7255.0,0,0,0,1
2017-04-10,Monday,12000,588,1888.0,1473.0,770.0,4719.0,7281,197646,128085,100940,60,No,2017,4,0,100,15,2,0,0,0,0.6068,5689.0,6102.0,0.0,6331.0,1,0,0,1
2017-04-11,Tuesday,7281,664,2218.0,1767.0,878.0,5527.0,1754,231115,157157,121013,14,Yes,2017,4,1,101,15,2,0,1,1,0.1462,5749.0,5526.0,7281.0,4719.0,0,0,0,1
2017-04-12,Wednesday,12000,672,2279.0,1613.0,1012.0,5576.0,6424,252177,191596,117775,53,No,2017,4,2,102,15,2,0,2,0,0.5353,5810.0,5274.0,1754.0,5527.0,1,0,0,1
2017-04-13,Thursday,6424,743,2028.0,1721.0,1097.0,5589.0,835,220480,159031,101628,6,Yes,2017,4,3,103,15,2,0,3,1,0.0696,5893.0,5564.0,6424.0,5576.0,0,0,0,1
2017-04-14,Friday,12000,622,1850.0,1656.0,991.0,5119.0,6881,228618,160649,125744,57,No,2017,4,4,104,15,2,0,4,0,0.5734,5731.0,5428.0,835.0,5589.0,1,0,0,1
2017-04-15,Saturday,6881,942,2438.0,1927.0,1512.0,6819.0,62,265231,225894,158522,1,Yes,2017,4,5,105,15,2,1,5,1,0.0052,5669.0,5842.0,6881.0,5119.0,0,0,0,1
2017-04-16,Sunday,12000,817,2510.0,1794.0,1039.0,6160.0,5840,292102,189123,150031,48,No,2017,4,6,106,15,2,1,6,0,0.4867,5644.0,6033.0,62.0,6819.0,1,0,0,1
2017-04-17,Monday,5840,649,1770.0,1543.0,877.0,4839.0,1001,214945,163327,104944,8,Yes,2017,4,0,107,16,2,0,0,1,0.0834,5661.0,5939.0,5840.0,6160.0,0,0,0,1
2017-04-18,Tuesday,12000,619,1835.0,1642.0,1134.0,5230.0,6770,227498,177846,123092,56,No,2017,4,1,108,16,2,0,1,0,0.5642,5619.0,5410.0,1001.0,4839.0,1,0,0,1
2017-04-19,Wednesday,6770,645,1988.0,1384.0,1068.0,5085.0,1685,215849,145624,125242,14,Yes,2017,4,2,109,16,2,0,2,1,0.1404,5549.0,5051.0,6770.0,5230.0,0,0,0,1
2017-04-20,Thursday,12000,569,2063.0,1596.0,916.0,5144.0,6856,213725,164019,100836,57,No,2017,4,3,110,16,2,0,3,0,0.5713,5485.0,5153.0,1685.0,5085.0,1,0,0,1
2017-04-21,Friday,6856,575,2143.0,1637.0,1092.0,5447.0,1409,233433,176609,119573,11,Yes,2017,4,4,111,16,2,0,4,1,0.1174,5532.0,5225.0,6856.0,5144.0,0,0,0,1
2017-04-22,Saturday,12000,800,2494.0,1838.0,1601.0,6733.0,5267,311249,184858,147585,43,No,2017,4,5,112,16,2,1,5,0,0.4389,5520.0,5775.0,1409.0,5447.0,1,0,0,1
2017-04-23,Sunday,5267,621,2360.0,1628.0,1355.0,5964.0,0,259835,214275,141278,1,Yes,2017,4,6,113,16,2,1,6,1,0.0,5492.0,6048.0,5267.0,6733.0,0,0,0,1
2017-04-24,Monday,12000,516,1742.0,1341.0,671.0,4270.0,7730,184002,130124,87916,64,No,2017,4,0,114,17,2,0,0,0,0.6442,5410.0,5656.0,0.0,5964.0,1,0,0,1
2017-04-25,Tuesday,7730,608,2243.0,1534.0,1212.0,5597.0,2133,240817,175552,126770,17,No,2017,4,1,115,17,2,0,1,0,0.1778,5463.0,5277.0,7730.0,4270.0,2,0,0,1
2017-04-26,Wednesday,2133,562,2063.0,1468.0,1114.0,5207.0,0,218593,160650,125426,1,Yes,2017,4,2,116,17,2,0,2,1,0.0,5480.0,5025.0,2133.0,5597.0,0,0,0,1
2017-04-27,Thursday,12000,621,1995.0,1505.0,1224.0,5345.0,6655,247106,156708,132712,55,No,2017,4,3,117,17,2,0,3,0,0.5546,5509.0,5383.0,0.0,5207.0,1,0,0,1
2017-04-28,Friday,6655,634,2096.0,1757.0,968.0,5455.0,1200,232717,172580,138690,10,Yes,2017,4,4,118,17,2,0,4,1,0.1,5510.0,5336.0,6655.0,5345.0,0,0,0,1
2017-04-29,Saturday,12000,673,2536.0,2004.0,994.0,6207.0,5793,255629,203746,132535,48,No,2017,4,5,119,17,2,1,5,0,0.4828,5435.0,5669.0,1200.0,5455.0,1,0,0,1
2017-04-30,Sunday,5793,760,2281.0,1983.0,1128.0,6152.0,0,245986,191678,111528,1,Yes,2017,4,6,120,17,2,1,6,1,0.0,5462.0,5938.0,5793.0,6207.0,0,0,0,1
2017-05-01,Monday,12000,563,1610.0,1199.0,977.0,4349.0,7651,179678,136039,105140,63,No,2017,5,0,121,18,2,0,0,0,0.6376,5473.0,5569.0,0.0,6152.0,1,0,0,1
2017-05-02,Tuesday,7651,524,2021.0,1423.0,978.0,4946.0,2705,221649,147788,98192,22,No,2017,5,1,122,18,2,0,1,0,0.2254,5380.0,5149.0,7651.0,4349.0,2,0,0,1
2017-05-03,Wednesday,2705,480,1848.0,1342.0,987.0,4657.0,0,205833,151470,90665,1,Yes,2017,5,2,123,18,2,0,2,1,0.0,5302.0,4651.0,2705.0,4946.0,0,0,0,1
2017-05-04,Thursday,12000,729,1856.0,1495.0,1157.0,5237.0,6763,249612,155145,127364,56,No,2017,5,3,124,18,2,0,3,0,0.5636,5286.0,4947.0,0.0,4657.0,1,0,0,1
2017-05-05,Friday,6763,791,2101.0,1640.0,1427.0,5959.0,804,263533,175004,127325,6,Yes,2017,5,4,125,18,2,0,4,1,0.067,5358.0,5284.0,6763.0,5237.0,0,0,0,1
2017-05-06,Saturday,12000,747,2565.0,2156.0,1411.0,6879.0,5121,318747,192002,143904,42,No,2017,5,5,126,18,2,1,5,0,0.4268,5454.0,6025.0,804.0,5959.0,1,0,0,1
2017-05-07,Sunday,5121,670,2038.0,1634.0,1436.0,5778.0,0,226752,181681,125092,1,Yes,2017,5,6,127,18,2,1,6,1,0.0,5401.0,6205.0,5121.0,6879.0,0,0,0,1
2017-05-08,Monday,12000,703,1894.0,1520.0,1050.0,5167.0,6833,230043,177581,98499,56,No,2017,5,0,128,19,2,0,0,0,0.5694,5518.0,5941.0,0.0,5778.0,1,0,0,1
2017-05-09,Tuesday,6833,720,2024.0,1631.0,1044.0,5419.0,1414,232239,178625,105921,11,Yes,2017,5,1,129,19,2,0,1,1,0.1178,5585.0,5455.0,6833.0,5167.0,0,0,0,1
2017-05-10,Wednesday,12000,616,1806.0,1487.0,762.0,4671.0,7329,203866,132129,98761,61,No,2017,5,2,130,19,2,0,2,0,0.6108,5587.0,5086.0,1414.0,5419.0,1,0,0,1
2017-05-11,Thursday,7329,660,1785.0,1577.0,852.0,4874.0,2455,219428,154657,115907,20,No,2017,5,3,131,19,2,0,3,0,0.2046,5535.0,4988.0,7329.0,4671.0,2,0,0,1
2017-05-12,Friday,2455,723,2025.0,1746.0,802.0,5296.0,0,218220,148149,112428,1,Yes,2017,5,4,132,19,2,0,4,1,0.0,5441.0,4947.0,2455.0,4874.0,0,0,0,1
2017-05-13,Saturday,12000,702,2394.0,1827.0,938.0,5861.0,6139,247107,173473,122196,51,No,2017,5,5,133,19,2,1,5,0,0.5116,5295.0,5344.0,0.0,5296.0,1,0,0,1
2017-05-14,Sunday,6139,640,2365.0,1703.0,1433.0,6141.0,0,240195,213020,141286,1,Yes,2017,5,6,134,19,2,1,6,1,0.0,5347.0,5766.0,6139.0,5861.0,0,0,0,1
2017-05-15,Monday,12000,700,1946.0,1599.0,804.0,5049.0,6951,208300,181338,119059,57,No,2017,5,0,135,20,2,0,0,0,0.5792,5330.0,5684.0,0.0,6141.0,1,0,0,1
2017-05-16,Tuesday,6951,676,2170.0,1549.0,1145.0,5540.0,1411,243440,150753,126237,11,Yes,2017,5,1,136,20,2,0,1,1,0.1176,5347.0,5577.0,6951.0,5049.0,0,0,0,1
2017-05-17,Wednesday,12000,628,1867.0,1433.0,1322.0,5250.0,6750,210606,147628,119345,56,No,2017,5,2,137,20,2,0,2,0,0.5625,5430.0,5280.0,1411.0,5540.0,1,0,0,1
2017-05-18,Thursday,6750,609,1975.0,1753.0,1029.0,5366.0,1384,252175,173113,119615,11,Yes,2017,5,3,138,20,2,0,3,1,0.1153,5500.0,5385.0,6750.0,5250.0,0,0,0,1
2017-05-19,Friday,12000,658,2144.0,1671.0,1001.0,5474.0,6526,225611,175626,131380,54,No,2017,5,4,139,20,2,0,4,0,0.5438,5526.0,5363.0,1384.0,5366.0,1,0,0,1
2017-05-20,Saturday,6526,845,2736.0,2088.0,1547.0,7216.0,0,335239,204399,152413,1,Yes,2017,5,5,140,20,2,1,5,1,0.0,5719.0,6019.0,6526.0,5474.0,0,0,0,1
2017-05-21,Sunday,12000,666,2438.0,1671.0,1310.0,6085.0,5915,255671,171175,146103,49,No,2017,5,6,141,20,2,1,6,0,0.4929,5711.0,6258.0,0.0,7216.0,1,0,0,1
2017-05-22,Monday,5915,551,1741.0,1306.0,962.0,4560.0,1355,194119,159515,100299,11,Yes,2017,5,0,142,21,2,0,0,1,0.1129,5642.0,5954.0,5915.0,6085.0,0,0,0,1
2017-05-23,Tuesday,12000,588,1633.0,1261.0,1078.0,4560.0,7440,196476,156064,100020,62,No,2017,5,1,143,21,2,0,1,0,0.62,5502.0,5068.0,1355.0,4560.0,1,0,0,1
2017-05-24,Wednesday,7440,691,2014.0,1425.0,1095.0,5225.0,2215,205823,171867,112462,18,No,2017,5,2,144,21,2,0,2,0,0.1846,5498.0,4782.0,7440.0,4560.0,2,0,0,1
2017-05-25,Thursday,2215,775,2386.0,1613.0,1091.0,5865.0,0,236774,159951,119099,1,Yes,2017,5,3,145,21,2,0,3,1,0.0,5569.0,5217.0,2215.0,5225.0,0,0,0,1
2017-05-26,Friday,12000,576,2198.0,1749.0,967.0,5490.0,6510,220982,167154,138273,54,No,2017,5,4,146,21,2,0,4,0,0.5425,5572.0,5527.0,0.0,5865.0,1,0,0,1
2017-05-27,Saturday,6510,686,2207.0,1808.0,1327.0,6028.0,482,252145,191026,132579,4,Yes,2017,5,5,147,21,2,1,5,1,0.0402,5402.0,5794.0,6510.0,5490.0,0,0,0,1
2017-05-28,Sunday,12000,729,2418.0,1814.0,1620.0,6581.0,5419,279748,192406,145165,45,No,2017,5,6,148,21,2,1,6,0,0.4516,5473.0,6033.0,482.0,6028.0,1,0,0,1
2017-05-29,Monday,5419,551,1838.0,1309.0,1075.0,4773.0,646,200258,141199,98329,5,Yes,2017,5,0,149,22,2,0,0,1,0.0538,5503.0,5794.0,5419.0,6581.0,0,0,0,1
2017-05-30,Tuesday,12000,512,1755.0,1386.0,937.0,4590.0,7410,186316,157056,94572,61,No,2017,5,1,150,22,2,0,1,0,0.6175,5507.0,5315.0,646.0,4773.0,1,0,0,1
2017-05-31,Wednesday,7410,610,1653.0,1435.0,971.0,4669.0,2741,195594,140892,108833,22,No,2017,5,2,151,22,2,0,2,0,0.2284,5428.0,4677.0,7410.0,4590.0,2,0,0,1
2017-06-01,Thursday,2741,478,1672.0,1297.0,1061.0,4508.0,0,196129,150852,101050,1,Yes,2017,6,3,152,22,2,0,3,1,0.0,5234.0,4589.0,2741.0,4669.0,0,0,1,0
2017-06-02,Friday,12000,537,1616.0,1459.0,823.0,4435.0,7565,182747,155297,98337,63,No,2017,6,4,153,22,2,0,4,0,0.6304,5083.0,4537.0,0.0,4508.0,1,0,1,0
2017-06-03,Saturday,7565,542,1783.0,1467.0,1199.0,4991.0,2574,204662,148193,119467,21,No,2017,6,5,154,22,2,1,5,0,0.2145,4935.0,4645.0,7565.0,4435.0,2,0,1,0
2017-06-04,Sunday,2574,662,1874.0,1557.0,673.0,4766.0,0,223695,132914,94485,1,Yes,2017,6,6,155,22,2,1,6,1,0.0,4676.0,4731.0,2574.0,4991.0,0,0,1,0
2017-06-05,Monday,12000,538,1466.0,1302.0,863.0,4169.0,7831,182348,124181,78937,65,No,2017,6,0,156,23,2,0,0,0,0.6526,4590.0,4642.0,0.0,4766.0,1,0,1,0
2017-06-06,Tuesday,7831,490,1588.0,1179.0,700.0,3957.0,3874,179628,130217,88585,32,No,2017,6,1,157,23,2,0,1,0,0.3228,4499.0,4297.0,7831.0,4169.0,2,0,1,0
2017-06-07,Wednesday,3874,466,1420.0,1148.0,754.0,3788.0,86,165042,129357,79749,1,Yes,2017,6,2,158,23,2,0,2,1,0.0072,4373.0,3971.0,3874.0,3957.0,0,0,1,0
2017-06-08,Thursday,12000,502,1715.0,1371.0,659.0,4247.0,7753,169363,122856,100842,64,No,2017,6,3,159,23,2,0,3,0,0.6461,4336.0,3997.0,86.0,3788.0,1,0,1,0
2017-06-09,Friday,7753,597,1647.0,1319.0,849.0,4412.0,3341,190952,140321,83424,27,No,2017,6,4,160,23,2,0,4,0,0.2784,4333.0,4149.0,7753.0,4247.0,2,0,1,0
2017-06-10,Saturday,3341,647,2072.0,1380.0,959.0,5058.0,0,218220,159797,124246,1,Yes,2017,6,5,161,23,2,1,5,1,0.0,4342.0,4572.0,3341.0,4412.0,0,0,1,0
2017-06-11,Sunday,12000,483,1926.0,1452.0,905.0,4766.0,7234,204004,132373,86529,60,No,2017,6,6,162,23,2,1,6,0,0.6028,4342.0,4745.0,0.0,5058.0,1,0,1,0
2017-06-12,Monday,7234,464,1657.0,1247.0,1079.0,4447.0,2787,174976,140753,107816,23,No,2017,6,0,163,24,2,0,0,0,0.2322,4382.0,4757.0,7234.0,4766.0,2,0,1,0
2017-06-13,Tuesday,2787,523,1555.0,1262.0,698.0,4038.0,0,161790,136813,94628,1,Yes,2017,6,1,164,24,2,0,1,1,0.0,4394.0,4417.0,2787.0,4447.0,0,0,1,0
2017-06-14,Wednesday,12000,507,1511.0,1158.0,672.0,3848.0,8152,156430,129793,84041,67,No,2017,6,2,165,24,2,0,2,0,0.6793,4402.0,4111.0,0.0,4038.0,1,0,1,0
2017-06-15,Thursday,8152,567,1563.0,1318.0,774.0,4222.0,3930,190080,123632,77807,32,No,2017,6,3,166,24,2,0,3,0,0.3275,4399.0,4036.0,8152.0,3848.0,2,0,1,0
2017-06-16,Friday,3930,548,1752.0,1304.0,907.0,4511.0,0,202904,146589,101133,1,Yes,2017,6,4,167,24,2,0,4,1,0.0,4413.0,4194.0,3930.0,4222.0,0,0,1,0
2017-06-17,Saturday,12000,608,1941.0,1495.0,711.0,4755.0,7245,224896,159471,88388,60,No,2017,6,5,168,24,2,1,5,0,0.6038,4370.0,4496.0,0.0,4511.0,1,0,1,0
2017-06-18,Sunday,7245,613,1851.0,1626.0,916.0,5006.0,2239,215744,162914,121510,18,No,2017,6,6,169,24,2,1,6,0,0.1866,4404.0,4757.0,7245.0,4755.0,2,0,1,0
2017-06-19,Monday,2239,506,1644.0,1258.0,677.0,4085.0,0,170728,133809,94757,1,Yes,2017,6,0,170,25,2,0,0,1,0.0,4352.0,4615.0,2239.0,5006.0,0,0,1,0
2017-06-20,Tuesday,12000,468,1655.0,1328.0,768.0,4219.0,7781,184278,133938,98717,64,No,2017,6,1,171,25,2,0,1,0,0.6484,4378.0,4437.0,0.0,4085.0,1,0,1,0
2017-06-21,Wednesday,7781,502,1555.0,1114.0,841.0,4012.0,3769,175976,127001,96139,31,No,2017,6,2,172,25,2,0,2,0,0.3141,4401.0,4105.0,7781.0,4219.0,2,0,1,0
2017-06-22,Thursday,3769,587,1949.0,1334.0,917.0,4787.0,0,221969,163965,119082,1,Yes,2017,6,3,173,25,2,0,3,1,0.0,4482.0,4339.0,3769.0,4012.0,0,0,1,0
2017-06-23,Friday,12000,534,1961.0,1490.0,814.0,4799.0,7201,223196,166830,109407,60,No,2017,6,4,174,25,2,0,4,0,0.6001,4523.0,4533.0,0.0,4787.0,1,0,1,0
2017-06-24,Saturday,7201,475,1683.0,1204.0,1068.0,4430.0,2771,204041,141090,89160,23,No,2017,6,5,175,25,2,1,5,0,0.2309,4477.0,4672.0,7201.0,4799.0,2,0,1,0
2017-06-25,Sunday,2771,629,2011.0,1693.0,855.0,5188.0,0,232895,158232,107557,1,Yes,2017,6,6,176,25,2,1,6,1,0.0,4503.0,4806.0,2771.0,4430.0,0,0,1,0
2017-06-26,Monday,12000,501,1370.0,1176.0,808.0,3855.0,8145,171548,140899,78268,67,No,2017,6,0,177,26,2,0,0,0,0.6788,4470.0,4491.0,0.0,5188.0,1,0,1,0
2017-06-27,Tuesday,8145,583,1770.0,1580.0,871.0,4804.0,3341,206276,139922,85817,27,No,2017,6,1,178,26,2,0,1,0,0.2784,4554.0,4616.0,8145.0,3855.0,2,0,1,0
2017-06-28,Wednesday,3341,562,1584.0,1168.0,921.0,4235.0,0,167141,139650,92082,1,Yes,2017,6,2,179,26,2,0,2,1,0.0,4585.0,4298.0,3341.0,4804.0,0,0,1,0
2017-06-29,Thursday,12000,477,1662.0,1235.0,721.0,4095.0,7905,181320,127651,100530,65,No,2017,6,3,180,26,2,0,3,0,0.6587,4487.0,4378.0,0.0,4235.0,1,0,1,0
2017-06-30,Friday,7905,637,1810.0,1549.0,750.0,4746.0,3159,197159,134438,90891,26,No,2017,6,4,181,26,2,0,4,0,0.2632,4479.0,4359.0,7905.0,4095.0,2,0,1,0
2017-07-01,Saturday,3159,718,1918.0,1542.0,1089.0,5267.0,0,210898,157765,124418,1,Yes,2017,7,5,182,26,3,1,5,1,0.0,4599.0,4703.0,3159.0,4746.0,0,0,1,0
2017-07-02,Sunday,12000,576,1896.0,1598.0,839.0,4909.0,7091,207987,166989,100629,59,No,2017,7,6,183,26,3,1,6,0,0.5909,4559.0,4974.0,0.0,5267.0,1,0,1,0
2017-07-03,Monday,7091,476,1551.0,1106.0,850.0,3983.0,3108,174854,132860,77272,25,No,2017,7,0,184,27,3,0,0,0,0.259,4577.0,4720.0,7091.0,4909.0,2,0,1,0
2017-07-04,Tuesday,3108,540,1531.0,1306.0,834.0,4211.0,0,174746,129766,80607,1,Yes,2017,7,1,185,27,3,0,1,1,0.0,4492.0,4368.0,3108.0,3983.0,0,0,1,0
2017-07-05,Wednesday,12000,546,1636.0,1187.0,701.0,4070.0,7930,159730,112014,82691,66,No,2017,7,2,186,27,3,0,2,0,0.6608,4469.0,4088.0,0.0,4211.0,1,0,1,0
2017-07-06,Thursday,7930,530,1614.0,1220.0,988.0,4352.0,3578,184910,127076,83148,29,No,2017,7,3,187,27,3,0,3,0,0.2982,4505.0,4211.0,7930.0,4070.0,2,0,1,0
2017-07-07,Friday,3578,540,1743.0,1347.0,709.0,4339.0,0,176883,128411,104065,1,Yes,2017,7,4,188,27,3,0,4,1,0.0,4447.0,4254.0,3578.0,4352.0,0,0,1,0
2017-07-08,Saturday,12000,759,2117.0,1762.0,1104.0,5742.0,6258,231623,192881,121930,52,No,2017,7,5,189,27,3,1,5,0,0.5215,4515.0,4811.0,0.0,4339.0,1,0,1,0
2017-07-09,Sunday,6258,677,2010.0,1475.0,849.0,5011.0,1247,214392,155402,118187,10,Yes,2017,7,6,190,27,3,1,6,1,0.1039,4530.0,5031.0,6258.0,5742.0,0,0,1,0
2017-07-10,Monday,12000,456,1424.0,1082.0,910.0,3872.0,8128,177695,137034,93167,67,No,2017,7,0,191,28,3,0,0,0,0.6773,4514.0,4875.0,1247.0,5011.0,1,0,1,0
2017-07-11,Tuesday,8128,569,1578.0,1144.0,809.0,4100.0,4028,165311,140442,77267,33,No,2017,7,1,192,28,3,0,1,0,0.3357,4498.0,4328.0,8128.0,3872.0,2,0,1,0
2017-07-12,Wednesday,4028,546,1687.0,1478.0,932.0,4643.0,0,198852,150937,87026,1,Yes,2017,7,2,193,28,3,0,2,1,0.0,4580.0,4205.0,4028.0,4100.0,0,0,1,0
2017-07-13,Thursday,12000,541,1545.0,1348.0,860.0,4294.0,7706,181927,119658,79145,64,No,2017,7,3,194,28,3,0,3,0,0.6422,4572.0,4346.0,0.0,4643.0,1,0,1,0
2017-07-14,Friday,7706,513,1739.0,1476.0,972.0,4700.0,3006,189281,150704,108319,25,No,2017,7,4,195,28,3,0,4,0,0.2505,4623.0,4546.0,7706.0,4294.0,2,0,1,0
2017-07-15,Saturday,3006,746,1970.0,1606.0,1117.0,5439.0,0,245851,164131,126809,1,Yes,2017,7,5,196,28,3,1,5,1,0.0,4580.0,4811.0,3006.0,4700.0,0,0,1,0
2017-07-16,Sunday,12000,611,1706.0,1536.0,894.0,4747.0,7253,204863,147936,101969,60,No,2017,7,6,197,28,3,1,6,0,0.6044,4542.0,4962.0,0.0,5439.0,1,0,1,0
2017-07-17,Monday,7253,449,1517.0,1199.0,602.0,3767.0,3486,165585,111069,78767,29,No,2017,7,0,198,29,3,0,0,0,0.2905,4527.0,4651.0,7253.0,4747.0,2,0,1,0
2017-07-18,Tuesday,3486,517,1797.0,1404.0,684.0,4402.0,0,180684,124281,101436,1,Yes,2017,7,1,199,29,3,0,1,1,0.0,4570.0,4305.0,3486.0,3767.0,0,0,1,0
2017-07-19,Wednesday,12000,484,1438.0,1230.0,820.0,3972.0,8028,163690,129892,87922,66,No,2017,7,2,200,29,3,0,2,0,0.669,4474.0,4047.0,0.0,4402.0,1,0,1,0
2017-07-20,Thursday,8028,585,1592.0,1217.0,815.0,4209.0,3819,176610,127634,91988,31,No,2017,7,3,201,29,3,0,3,0,0.3182,4462.0,4194.0,8028.0,3972.0,2,0,1,0
2017-07-21,Friday,3819,504,1535.0,1312.0,700.0,4051.0,0,163513,117563,96830,1,Yes,2017,7,4,202,29,3,0,4,1,0.0,4370.0,4077.0,3819.0,4209.0,0,0,1,0
2017-07-22,Saturday,12000,625,1751.0,1369.0,1045.0,4790.0,7210,215085,140054,101937,60,No,2017,7,5,203,29,3,1,5,0,0.6008,4277.0,4350.0,0.0,4051.0,1,0,1,0
2017-07-23,Sunday,7210,617,1773.0,1461.0,991.0,4842.0,2368,216838,146940,96968,19,No,2017,7,6,204,29,3,1,6,0,0.1973,4290.0,4561.0,7210.0,4790.0,2,0,1,0
2017-07-24,Monday,2368,509,1522.0,1225.0,600.64,3776.0,0,155677,119528,94313,1,Yes,2017,7,0,205,30,3,0,0,1,0.0,4292.0,4469.0,2368.0,4842.0,0,0,1,0
2017-07-25,Tuesday,12000,473,1570.0,1218.0,600.64,3831.0,8169,162042,113001,88895,68,No,2017,7,1,206,30,3,0,1,0,0.6808,4210.0,4150.0,0.0,3776.0,1,0,1,0
2017-07-26,Wednesday,8169,439,1587.0,1196.0,1042.0,4264.0,3905,187189,127999,90814,32,No,2017,7,2,207,30,3,0,2,0,0.3254,4252.0,3957.0,8169.0,3831.0,2,0,1,0
2017-07-27,Thursday,3905,471,1488.0,1111.0,927.0,3997.0,0,189285,133984,81910,1,Yes,2017,7,3,208,30,3,0,3,1,0.0,4222.0,4031.0,3905.0,4264.0,0,0,1,0
2017-07-28,Friday,12000,627,1856.0,1366.0,776.0,4625.0,7375,190296,128970,88935,61,No,2017,7,4,209,30,3,0,4,0,0.6146,4304.0,4295.0,0.0,3997.0,1,0,1,0
2017-07-29,Saturday,7375,625,1963.0,1670.0,830.0,5088.0,2287,220535,160072,114366,19,No,2017,7,5,210,30,3,1,5,0,0.1906,4346.0,4570.0,7375.0,4625.0,2,0,1,0
2017-07-30,Sunday,2287,513,1771.0,1273.0,1047.0,4604.0,0,210191,145894,101936,1,Yes,2017,7,6,211,30,3,1,6,1,0.0,4312.0,4772.0,2287.0,5088.0,0,0,1,0
2017-07-31,Monday,12000,415,1357.0,1031.0,901.0,3678.0,8322,146473,132959,86253,69,No,2017,7,0,212,31,3,0,0,0,0.6935,4298.0,4457.0,0.0,4604.0,1,0,1,0
2017-08-01,Tuesday,8322,468,1606.0,1255.0,970.0,4299.0,4023,192837,133869,76476,33,No,2017,8,1,213,31,3,0,1,0,0.3352,4365.0,4194.0,8322.0,3678.0,2,0,1,0
2017-08-02,Wednesday,4023,439,1551.0,1165.0,683.0,3838.0,185,177511,114372,79020,1,Yes,2017,8,2,214,31,3,0,2,1,0.0154,4304.0,3938.0,4023.0,4299.0,0,0,1,0
2017-08-03,Thursday,12000,640,1843.0,1342.0,822.0,4647.0,7353,203691,156899,103978,61,No,2017,8,3,215,31,3,0,3,0,0.6128,4397.0,4261.0,185.0,3838.0,1,0,1,0
2017-08-04,Friday,7353,422,1584.0,1285.0,672.0,3963.0,3390,184082,124768,81715,28,No,2017,8,4,216,31,3,0,4,0,0.2825,4302.0,4149.0,7353.0,4647.0,2,0,1,0
2017-08-05,Saturday,3390,767,2109.0,1513.0,1210.0,5599.0,0,231899,168841,128472,1,Yes,2017,8,5,217,31,3,1,5,1,0.0,4375.0,4736.0,3390.0,3963.0,0,0,1,0
2017-08-06,Sunday,12000,804,2054.0,1732.0,1184.0,5774.0,6226,255143,198954,139092,51,No,2017,8,6,218,31,3,1,6,0,0.5188,4543.0,5112.0,0.0,5599.0,1,0,1,0
2017-08-07,Monday,6226,472,1619.0,1244.0,878.0,4213.0,2013,163227,136368,103910,16,No,2017,8,0,219,32,3,0,0,0,0.1678,4619.0,5195.0,6226.0,5774.0,2,0,1,0
2017-08-08,Tuesday,2013,572,1540.0,1209.0,889.0,4210.0,0,167125,139053,99049,1,Yes,2017,8,1,220,32,3,0,1,1,0.0,4606.0,4732.0,2013.0,4213.0,0,0,1,0
2017-08-09,Wednesday,12000,542,1608.0,1235.0,823.0,4208.0,7792,179483,129019,83865,64,No,2017,8,2,221,32,3,0,2,0,0.6493,4659.0,4210.0,0.0,4210.0,1,0,1,0
2017-08-10,Thursday,7792,514,1385.0,1093.0,705.0,3697.0,4095,160736,115878,74445,34,No,2017,8,3,222,32,3,0,3,0,0.3412,4523.0,4038.0,7792.0,4208.0,2,0,1,0
2017-08-11,Friday,4095,445,1642.0,1106.0,851.0,4044.0,51,175184,114459,82508,1,Yes,2017,8,4,223,32,3,0,4,1,0.0042,4535.0,3983.0,4095.0,3697.0,0,0,1,0
2017-08-12,Saturday,12000,689,1980.0,1734.0,1138.0,5541.0,6459,227983,162051,118530,53,No,2017,8,5,224,32,3,1,5,0,0.5382,4527.0,4427.0,51.0,4044.0,1,0,1,0
2017-08-13,Sunday,6459,472,1627.0,1483.0,928.0,4510.0,1949,182369,143693,115797,16,Yes,2017,8,6,225,32,3,1,6,1,0.1624,4346.0,4698.0,6459.0,5541.0,0,0,1,0
2017-08-14,Monday,12000,556,1573.0,1317.0,600.64,4013.0,7987,171297,135057,90082,66,No,2017,8,0,226,33,3,0,0,0,0.6656,4318.0,4688.0,1949.0,4510.0,1,0,1,0
2017-08-15,Tuesday,7987,487,1574.0,1319.0,1034.0,4414.0,3573,200129,152821,80316,29,No,2017,8,1,227,33,3,0,1,0,0.2978,4347.0,4312.0,7987.0,4013.0,2,0,1,0
2017-08-16,Wednesday,3573,479,1600.0,1212.0,970.0,4261.0,0,163845,133110,99042,1,Yes,2017,8,2,228,33,3,0,2,1,0.0,4354.0,4229.0,3573.0,4414.0,0,0,1,0
2017-08-17,Thursday,12000,516,1583.0,1220.0,873.0,4192.0,7808,186840,131509,88512,65,No,2017,8,3,229,33,3,0,3,0,0.6507,4425.0,4289.0,0.0,4261.0,1,0,1,0
2017-08-18,Friday,7808,547,1724.0,1359.0,942.0,4572.0,3236,183165,130181,91421,26,No,2017,8,4,230,33,3,0,4,0,0.2697,4500.0,4342.0,7808.0,4192.0,2,0,1,0
2017-08-19,Saturday,3236,673,2118.0,1691.0,855.0,5337.0,0,231839,149292,115934,1,Yes,2017,8,5,231,33,3,1,5,1,0.0,4471.0,4700.0,3236.0,4572.0,0,0,1,0
2017-08-20,Sunday,12000,726,2181.0,1625.0,1195.0,5727.0,6273,251069,191666,138628,52,No,2017,8,6,232,33,3,1,6,0,0.5228,4645.0,5212.0,0.0,5337.0,1,0,1,0
2017-08-21,Monday,6273,422,1493.0,1323.0,860.0,4098.0,2175,162552,148911,95936,18,No,2017,8,0,233,34,3,0,0,0,0.1812,4657.0,5054.0,6273.0,5727.0,2,0,1,0
2017-08-22,Tuesday,2175,539,1548.0,1338.0,754.0,4179.0,0,173846,133401,90238,1,Yes,2017,8,1,234,34,3,0,1,1,0.0,4624.0,4668.0,2175.0,4098.0,0,0,1,0
2017-08-23,Wednesday,12000,393,1346.0,1108.0,720.0,3554.0,8446,164038,110071,84712,70,No,2017,8,2,235,34,3,0,2,0,0.7038,4523.0,3944.0,0.0,4179.0,1,0,1,0
2017-08-24,Thursday,8446,540,1851.0,1459.0,721.0,4571.0,3875,184752,156799,106182,32,No,2017,8,3,236,34,3,0,3,0,0.3229,4577.0,4101.0,8446.0,3554.0,2,0,1,0
2017-08-25,Friday,3875,575,1766.0,1406.0,614.0,4361.0,0,171816,124942,91001,1,Yes,2017,8,4,237,34,3,0,4,1,0.0,4547.0,4162.0,3875.0,4571.0,0,0,1,0
2017-08-26,Saturday,12000,699,2293.0,1881.0,982.0,5855.0,6145,260657,170886,148647,51,No,2017,8,5,238,34,3,1,5,0,0.5121,4621.0,4929.0,0.0,4361.0,1,0,1,0
2017-08-27,Sunday,6145,606,1962.0,1638.0,769.0,4975.0,1170,224837,146887,123737,9,Yes,2017,8,6,239,34,3,1,6,1,0.0975,4513.0,5064.0,6145.0,5855.0,0,0,1,0
2017-08-28,Monday,12000,503,1533.0,1204.0,752.0,3992.0,8008,176642,132053,89702,66,No,2017,8,0,240,35,3,0,0,0,0.6673,4498.0,4941.0,1170.0,4975.0,1,0,1,0
2017-08-29,Tuesday,8008,490,1440.0,1130.0,600.64,3594.0,4414,153893,115619,83489,36,No,2017,8,1,241,35,3,0,1,0,0.3678,4415.0,4187.0,8008.0,3992.0,2,0,1,0
2017-08-30,Wednesday,4414,519,1506.0,1232.0,609.0,3866.0,548,174622,114790,90404,4,Yes,2017,8,2,242,35,3,0,2,1,0.0457,4459.0,3817.0,4414.0,3594.0,0,0,1,0
2017-08-31,Thursday,12000,584,1861.0,1497.0,689.0,4631.0,7369,182730,160448,105102,61,No,2017,8,3,243,35,3,0,3,0,0.6141,4468.0,4030.0,548.0,3866.0,1,0,1,0
2017-09-01,Friday,7369,727,2180.0,1735.0,713.0,5355.0,2014,231822,177743,100969,16,No,2017,9,4,244,35,3,0,4,0,0.1678,4610.0,4617.0,7369.0,4631.0,2,0,0,0
2017-09-02,Saturday,2014,665,2559.0,2089.0,1051.0,6364.0,0,280566,181608,120683,1,Yes,2017,9,5,245,35,3,1,5,1,0.0,4682.0,5450.0,2014.0,5355.0,0,0,0,0
2017-09-03,Sunday,12000,561,1937.0,1669.0,1250.0,5417.0,6583,220895,159794,99954,54,No,2017,9,6,246,35,3,1,6,0,0.5486,4746.0,5712.0,0.0,6364.0,1,0,0,0
2017-09-04,Monday,6583,650,1829.0,1344.0,944.0,4767.0,1816,207617,155726,108765,15,Yes,2017,9,0,247,36,3,0,0,1,0.1513,4856.0,5516.0,6583.0,5417.0,0,0,0,0
2017-09-05,Tuesday,12000,428,1700.0,1198.0,843.0,4169.0,7831,176949,140383,96844,65,No,2017,9,1,248,36,3,0,1,0,0.6526,4938.0,4784.0,1816.0,4767.0,1,0,0,0
2017-09-06,Wednesday,7831,485,1754.0,1532.0,969.0,4740.0,3091,214671,155275,87429,25,No,2017,9,2,249,36,3,0,2,0,0.2576,5063.0,4559.0,7831.0,4169.0,2,0,0,0
2017-09-07,Thursday,3091,588,1791.0,1551.0,980.0,4910.0,0,217312,170995,115875,1,Yes,2017,9,3,250,36,3,0,3,1,0.0,5103.0,4606.0,3091.0,4740.0,0,0,0,0
2017-09-08,Friday,12000,735,1992.0,1693.0,1083.0,5503.0,6497,260724,177913,126437,54,No,2017,9,4,251,36,3,0,4,0,0.5414,5124.0,5051.0,0.0,4910.0,1,0,0,0
2017-09-09,Saturday,6497,682,2200.0,1694.0,1649.0,6268.0,229,255287,182750,133176,1,Yes,2017,9,5,252,36,3,1,5,1,0.0191,5111.0,5560.0,6497.0,5503.0,0,0,0,0
2017-09-10,Sunday,12000,723,2237.0,1661.0,1366.0,5987.0,6013,250089,195560,129571,50,No,2017,9,6,253,36,3,1,6,0,0.5011,5192.0,5919.0,229.0,6268.0,1,0,0,0
2017-09-11,Monday,6013,442,1584.0,1134.0,859.0,4019.0,1994,171455,117165,86644,16,Yes,2017,9,0,254,37,3,0,0,1,0.1662,5085.0,5425.0,6013.0,5987.0,0,0,0,0
2017-09-12,Tuesday,12000,683,1923.0,1463.0,855.0,4924.0,7076,209153,161640,109363,58,No,2017,9,1,255,37,3,0,1,0,0.5897,5193.0,4977.0,1994.0,4019.0,1,0,0,0
2017-09-13,Wednesday,7076,604,1871.0,1353.0,1104.0,4932.0,2144,193728,162051,111608,17,No,2017,9,2,256,37,3,0,2,0,0.1787,5220.0,4625.0,7076.0,4924.0,2,0,0,0
2017-09-14,Thursday,2144,543,1649.0,1226.0,941.0,4359.0,0,197262,150804,104605,1,Yes,2017,9,3,257,37,3,0,3,1,0.0,5142.0,4738.0,2144.0,4932.0,0,0,0,0
2017-09-15,Friday,12000,699,2079.0,1495.0,949.0,5222.0,6778,216471,159553,124857,56,No,2017,9,4,258,37,3,0,4,0,0.5648,5102.0,4838.0,0.0,4359.0,1,0,0,0
2017-09-16,Saturday,6778,696,2312.0,1638.0,1327.0,5973.0,805,250148,196633,136813,6,Yes,2017,9,5,259,37,3,1,5,1,0.0671,5059.0,5185.0,6778.0,5222.0,0,0,0,0
2017-09-17,Sunday,12000,641,2380.0,1777.0,1055.0,5853.0,6147,274854,179953,135471,51,No,2017,9,6,260,37,3,1,6,0,0.5122,5040.0,5683.0,805.0,5973.0,1,0,0,0
2017-09-18,Monday,6147,674,1910.0,1504.0,752.0,4840.0,1307,200442,155524,104658,10,Yes,2017,9,0,261,38,3,0,0,1,0.1089,5158.0,5555.0,6147.0,5853.0,0,0,0,0
2017-09-19,Tuesday,12000,634,1926.0,1585.0,860.0,5005.0,6995,195494,173483,95109,58,No,2017,9,1,262,38,3,0,1,0,0.5829,5169.0,5233.0,1307.0,4840.0,1,0,0,0
2017-09-20,Wednesday,6995,582,1584.0,1349.0,722.0,4237.0,2758,177225,135272,84526,22,No,2017,9,2,263,38,3,0,2,0,0.2298,5070.0,4694.0,6995.0,5005.0,2,0,0,0
2017-09-21,Thursday,2758,554,2136.0,1595.0,1231.0,5516.0,0,243307,183585,117988,1,Yes,2017,9,3,264,38,3,0,3,1,0.0,5235.0,4919.0,2758.0,4237.0,0,0,0,0
2017-09-22,Friday,12000,575,2101.0,1438.0,1019.0,5133.0,6867,214730,163999,122342,57,No,2017,9,4,265,38,3,0,4,0,0.5722,5222.0,4962.0,0.0,5516.0,1,0,0,0
2017-09-23,Saturday,6867,632,1966.0,1706.0,1215.0,5519.0,1348,251293,152363,110708,11,Yes,2017,9,5,266,38,3,1,5,1,0.1123,5158.0,5389.0,6867.0,5133.0,0,0,0,0
2017-09-24,Sunday,12000,687,1960.0,1622.0,654.0,4923.0,7077,200357,163869,106352,58,No,2017,9,6,267,38,3,1,6,0,0.5898,5025.0,5192.0,1348.0,5519.0,1,0,0,0
2017-09-25,Monday,7077,511,1488.0,1265.0,941.0,4205.0,2872,181387,139893,87626,23,No,2017,9,0,268,39,3,0,0,0,0.2393,4934.0,4882.0,7077.0,4923.0,2,0,0,0
2017-09-26,Tuesday,2872,536,1836.0,1476.0,726.0,4574.0,0,193993,156297,97946,1,Yes,2017,9,1,269,39,3,0,1,1,0.0,4872.0,4567.0,2872.0,4205.0,0,0,0,0
2017-09-27,Wednesday,12000,486,1671.0,1464.0,1022.0,4643.0,7357,200948,132744,95666,61,No,2017,9,2,270,39,3,0,2,0,0.6131,4930.0,4474.0,0.0,4574.0,1,0,0,0
2017-09-28,Thursday,7357,636,1725.0,1520.0,911.0,4792.0,2565,191917,141783,92970,21,No,2017,9,3,271,39,3,0,3,0,0.2138,4827.0,4670.0,7357.0,4643.0,2,0,0,0
2017-09-29,Friday,2565,652,1764.0,1584.0,909.0,4909.0,0,213817,151662,108655,1,Yes,2017,9,4,272,39,3,0,4,1,0.0,4795.0,4781.0,2565.0,4792.0,0,0,0,0
2017-09-30,Saturday,12000,800,2406.0,1943.0,991.0,6140.0,5860,281772,209484,108777,48,No,2017,9,5,273,39,3,1,5,0,0.4883,4884.0,5280.0,0.0,4909.0,1,0,0,0
2017-10-01,Sunday,5860,732,2772.0,2005.0,1525.0,7034.0,0,310070,223816,130340,1,Yes,2017,10,6,274,39,4,1,6,1,0.0,5185.0,6028.0,5860.0,6140.0,0,1,0,0
2017-10-02,Monday,12000,655,1880.0,1630.0,917.0,5082.0,6918,236439,167701,120213,57,No,2017,10,0,275,40,4,0,0,0,0.5765,5311.0,6085.0,0.0,7034.0,1,1,0,0
2017-10-03,Tuesday,6918,714,1949.0,1587.0,863.0,5113.0,1805,225288,169090,112035,15,Yes,2017,10,1,276,40,4,0,1,1,0.1504,5388.0,5743.0,6918.0,5082.0,0,1,0,0
2017-10-04,Wednesday,12000,630,2164.0,1625.0,979.0,5398.0,6602,232480,175403,117460,55,No,2017,10,2,277,40,4,0,2,0,0.5502,5495.0,5198.0,1805.0,5113.0,1,1,0,0
2017-10-05,Thursday,6602,808,2318.0,1864.0,840.0,5830.0,772,245011,181829,115903,6,Yes,2017,10,3,278,40,4,0,3,1,0.0643,5644.0,5447.0,6602.0,5398.0,0,1,0,0
2017-10-06,Friday,12000,827,2284.0,1949.0,1220.0,6280.0,5720,277104,187640,124252,47,No,2017,10,4,279,40,4,0,4,0,0.4767,5840.0,5836.0,772.0,5830.0,1,1,0,0
2017-10-07,Saturday,5720,826,2551.0,2132.0,1464.0,6973.0,0,303210,235487,167426,1,Yes,2017,10,5,280,40,4,1,5,1,0.0,5959.0,6361.0,5720.0,6280.0,0,1,0,0
2017-10-08,Sunday,12000,885,2386.0,2063.0,1360.0,6694.0,5306,263343,203052,142801,44,No,2017,10,6,281,40,4,1,6,0,0.4422,5910.0,6649.0,0.0,6973.0,1,1,0,0
2017-10-09,Monday,5306,588,2155.0,1528.0,1151.0,5422.0,0,231881,183588,104721,1,Yes,2017,10,0,282,41,4,0,0,1,0.0,5959.0,6363.0,5306.0,6694.0,0,1,0,0
2017-10-10,Tuesday,12000,562,1941.0,1615.0,1407.0,5525.0,6475,258599,199424,114701,53,No,2017,10,1,283,41,4,0,1,0,0.5396,6017.0,5880.0,0.0,5422.0,1,1,0,0
2017-10-11,Wednesday,6475,635,1763.0,1277.0,894.0,4569.0,1906,189990,139714,99443,15,Yes,2017,10,2,284,41,4,0,2,1,0.1588,5899.0,5172.0,6475.0,5525.0,0,1,0,0
2017-10-12,Thursday,12000,656,1954.0,1727.0,1236.0,5573.0,6427,222653,192187,133557,53,No,2017,10,3,285,41,4,0,3,0,0.5356,5862.0,5222.0,1906.0,4569.0,1,1,0,0
2017-10-13,Friday,6427,661,2322.0,1931.0,1121.0,6035.0,392,279497,195225,127519,3,Yes,2017,10,4,286,41,4,0,4,1,0.0327,5827.0,5392.0,6427.0,5573.0,0,1,0,0
2017-10-14,Saturday,12000,734,2533.0,2176.0,1649.0,7194.0,4806,309271,245314,144347,40,No,2017,10,5,287,41,4,1,5,0,0.4005,5859.0,6267.0,392.0,6035.0,1,1,0,0
2017-10-15,Sunday,4806,744,2725.0,2043.0,1649.0,7190.0,0,292687,204702,147417,1,Yes,2017,10,6,288,41,4,1,6,1,0.0,5930.0,6806.0,4806.0,7194.0,0,1,0,0
2017-10-16,Monday,12000,608,1992.0,1733.0,987.0,5320.0,6680,223534,169252,132088,55,No,2017,10,0,289,42,4,0,0,0,0.5567,5915.0,6568.0,0.0,7190.0,1,1,0,0
2017-10-17,Tuesday,6680,513,1914.0,1542.0,1028.0,4997.0,1683,205179,145750,113372,14,Yes,2017,10,1,290,42,4,0,1,1,0.1403,5840.0,5836.0,6680.0,5320.0,0,1,0,0
2017-10-18,Wednesday,12000,593,2316.0,1637.0,1175.0,5721.0,6279,250666,189340,141346,52,No,2017,10,2,291,42,4,0,2,0,0.5232,6004.0,5346.0,1683.0,4997.0,1,1,0,0
2017-10-19,Thursday,6279,629,2014.0,1678.0,775.0,5096.0,1183,215379,179167,121428,9,Yes,2017,10,3,292,42,4,0,3,1,0.0986,5936.0,5271.0,6279.0,5721.0,0,1,0,0
2017-10-20,Friday,12000,621,2128.0,1801.0,1489.0,6039.0,5961,278189,191523,119007,49,No,2017,10,4,293,42,4,0,4,0,0.4968,5937.0,5619.0,1183.0,5096.0,1,1,0,0
2017-10-21,Saturday,5961,944,2531.0,2032.0,1507.0,7048.0,0,308911,225514,163270,1,Yes,2017,10,5,294,42,4,1,5,1,0.0,5916.0,6061.0,5961.0,6039.0,0,1,0,0
2017-10-22,Sunday,12000,887,2656.0,2248.0,1091.0,6882.0,5118,315604,198155,164705,42,No,2017,10,6,295,42,4,1,6,0,0.4265,5872.0,6656.0,0.0,7048.0,1,1,0,0
2017-10-23,Monday,5118,719,2221.0,1839.0,969.0,5748.0,0,263230,169285,109729,1,Yes,2017,10,0,296,43,4,0,0,1,0.0,5933.0,6559.0,5118.0,6882.0,0,1,0,0
2017-10-24,Tuesday,12000,625,1923.0,1735.0,1038.0,5321.0,6679,238565,155092,127609,55,No,2017,10,1,297,43,4,0,1,0,0.5566,5979.0,5984.0,0.0,5748.0,1,1,0,0
2017-10-25,Wednesday,6679,693,2146.0,1479.0,937.0,5255.0,1424,228701,168099,97135,11,Yes,2017,10,2,298,43,4,0,2,1,0.1187,5913.0,5441.0,6679.0,5321.0,0,1,0,0
2017-10-26,Thursday,12000,596,2065.0,1601.0,1478.0,5740.0,6260,259506,200950,113170,52,No,2017,10,3,299,43,4,0,3,0,0.5217,6005.0,5439.0,1424.0,5255.0,1,1,0,0
2017-10-27,Friday,6260,772,2419.0,1871.0,1270.0,6332.0,0,283263,177421,143944,1,Yes,2017,10,4,300,43,4,0,4,1,0.0,6047.0,5776.0,6260.0,5740.0,0,1,0,0
2017-10-28,Saturday,12000,688,2308.0,1809.0,1471.0,6276.0,5724,268100,190096,125694,47,No,2017,10,5,301,43,4,1,5,0,0.477,5936.0,6116.0,0.0,6332.0,1,1,0,0
2017-10-29,Sunday,5724,741,2484.0,1903.0,1368.0,6496.0,0,269793,228773,142502,1,Yes,2017,10,6,302,43,4,1,6,1,0.0,5881.0,6368.0,5724.0,6276.0,0,1,0,0
2017-10-30,Monday,12000,596,1822.0,1327.0,1079.0,4824.0,7176,193539,169295,109759,59,No,2017,10,0,303,44,4,0,0,0,0.598,5749.0,5865.0,0.0,6496.0,1,1,0,0
2017-10-31,Tuesday,7176,619,2109.0,1703.0,1231.0,5662.0,1514,224063,192452,109456,12,Yes,2017,10,1,304,44,4,0,1,1,0.1262,5798.0,5661.0,7176.0,4824.0,0,1,0,0
2017-11-01,Wednesday,12000,533,2153.0,1716.0,875.0,5277.0,6723,207438,162294,109549,56,No,2017,11,2,305,44,4,0,2,0,0.5602,5801.0,5254.0,1514.0,5662.0,1,1,0,0
2017-11-02,Thursday,6723,624,2019.0,1829.0,1239.0,5711.0,1012,234433,185064,130901,8,Yes,2017,11,3,306,44,4,0,3,1,0.0843,5797.0,5550.0,6723.0,5277.0,0,1,0,0
2017-11-03,Friday,12000,778,2034.0,1596.0,1294.0,5702.0,6298,237067,191489,139669,52,No,2017,11,4,307,44,4,0,4,0,0.5248,5707.0,5563.0,1012.0,5711.0,1,1,0,0
2017-11-04,Saturday,6298,804,2369.0,2086.0,1325.0,6584.0,0,277674,226356,127324,1,Yes,2017,11,5,308,44,4,1,5,1,0.0,5751.0,5999.0,6298.0,5702.0,0,1,0,0
2017-11-05,Sunday,12000,721,2302.0,1641.0,1345.0,6009.0,5991,259384,201607,112539,49,No,2017,11,6,309,44,4,1,6,0,0.4992,5681.0,6098.0,0.0,6584.0,1,1,0,0
2017-11-06,Monday,5991,574,2069.0,1707.0,907.0,5257.0,734,238492,168138,111053,6,Yes,2017,11,0,310,45,4,0,0,1,0.0612,5743.0,5950.0,5991.0,6009.0,0,1,0,0
2017-11-07,Tuesday,12000,660,2109.0,1627.0,1076.0,5472.0,6528,213181,161736,121945,54,No,2017,11,1,311,45,4,0,1,0,0.544,5716.0,5579.0,734.0,5257.0,1,1,0,0
2017-11-08,Wednesday,6528,641,2055.0,1432.0,1128.0,5256.0,1272,216610,161642,110187,10,Yes,2017,11,2,312,45,4,0,2,1,0.106,5713.0,5328.0,6528.0,5472.0,0,1,0,0
2017-11-09,Thursday,12000,758,2004.0,1612.0,1302.0,5676.0,6324,243582,174902,129742,52,No,2017,11,3,313,45,4,0,3,0,0.527,5708.0,5468.0,1272.0,5256.0,1,1,0,0
2017-11-10,Friday,6324,781,2258.0,1844.0,1001.0,5884.0,440,237819,161770,108124,3,Yes,2017,11,4,314,45,4,0,4,1,0.0367,5734.0,5605.0,6324.0,5676.0,0,1,0,0
2017-11-11,Saturday,12000,756,2438.0,1860.0,1473.0,6527.0,5473,284228,207304,138637,45,No,2017,11,5,315,45,4,1,5,0,0.4561,5726.0,6029.0,440.0,5884.0,1,1,0,0
2017-11-12,Sunday,5473,669,2391.0,1823.0,1330.0,6213.0,0,243344,194099,112234,1,Yes,2017,11,6,316,45,4,1,6,1,0.0,5755.0,6208.0,5473.0,6527.0,0,1,0,0
2017-11-13,Monday,12000,629,2051.0,1710.0,967.0,5357.0,6643,217714,174852,99295,55,No,2017,11,0,317,46,4,0,0,0,0.5536,5769.0,6032.0,0.0,6213.0,1,1,0,0
2017-11-14,Tuesday,6643,675,1970.0,1480.0,1056.0,5181.0,1462,230795,167759,109258,12,Yes,2017,11,1,318,46,4,0,1,1,0.1218,5728.0,5584.0,6643.0,5357.0,0,1,0,0
2017-11-15,Wednesday,12000,663,1769.0,1469.0,1020.0,4921.0,7079,212638,166372,105771,58,No,2017,11,2,319,46,4,0,2,0,0.5899,5680.0,5153.0,1462.0,5181.0,1,1,0,0
2017-11-16,Thursday,7079,696,2133.0,1656.0,1341.0,5826.0,1253,258235,180242,119165,10,Yes,2017,11,3,320,46,4,0,3,1,0.1044,5701.0,5309.0,7079.0,4921.0,0,1,0,0
2017-11-17,Friday,12000,833,2433.0,1677.0,1088.0,6031.0,5969,264902,203077,148061,49,No,2017,11,4,321,46,4,0,4,0,0.4974,5722.0,5593.0,1253.0,5826.0,1,1,0,0
2017-11-18,Saturday,5969,765,2344.0,1793.0,1649.0,6578.0,0,279336,214271,150858,1,Yes,2017,11,5,322,46,4,1,5,1,0.0,5730.0,6145.0,5969.0,6031.0,0,1,0,0
2017-11-19,Sunday,12000,872,2365.0,1903.0,1481.0,6621.0,5379,272062,203633,140413,44,No,2017,11,6,323,46,4,1,6,0,0.4482,5788.0,6410.0,0.0,6578.0,1,1,0,0
2017-11-20,Monday,5379,726,1940.0,1588.0,1108.0,5362.0,17,223426,143413,119675,1,Yes,2017,11,0,324,47,4,0,0,1,0.0014,5789.0,6187.0,5379.0,6621.0,0,1,0,0
2017-11-21,Tuesday,12000,572,2061.0,1731.0,1125.0,5489.0,6511,240986,164844,140906,54,No,2017,11,1,325,47,4,0,1,0,0.5426,5833.0,5824.0,17.0,5362.0,1,1,0,0
2017-11-22,Wednesday,6511,584,1897.0,1556.0,721.0,4758.0,1753,215611,150838,86616,14,Yes,2017,11,2,326,47,4,0,2,1,0.1461,5809.0,5203.0,6511.0,5489.0,0,1,0,0
2017-11-23,Thursday,12000,588,2251.0,1848.0,980.0,5667.0,6333,264487,192498,144185,52,No,2017,11,3,327,47,4,0,3,0,0.5278,5787.0,5305.0,1753.0,4758.0,1,1,0,0
2017-11-24,Friday,6333,636,2205.0,1584.0,1363.0,5788.0,545,251116,174623,116722,4,Yes,2017,11,4,328,47,4,0,4,1,0.0454,5752.0,5404.0,6333.0,5667.0,0,1,0,0
2017-11-25,Saturday,12000,706,2487.0,2118.0,1649.0,7004.0,4996,306330,224975,167759,41,No,2017,11,5,329,47,4,1,5,0,0.4163,5813.0,6153.0,545.0,5788.0,1,1,0,0
2017-11-26,Sunday,4996,857,2540.0,2004.0,1217.0,6618.0,0,283926,210102,136800,1,Yes,2017,11,6,330,47,4,1,6,1,0.0,5812.0,6470.0,4996.0,7004.0,0,1,0,0
2017-11-27,Monday,12000,645,1975.0,1466.0,1127.0,5213.0,6787,234218,185894,103010,56,No,2017,11,0,331,48,4,0,0,0,0.5656,5791.0,6278.0,0.0,6618.0,1,1,0,0
2017-11-28,Tuesday,6787,721,1993.0,1645.0,1147.0,5506.0,1281,251572,158651,130721,10,Yes,2017,11,1,332,48,4,0,1,1,0.1068,5793.0,5779.0,6787.0,5213.0,0,1,0,0
2017-11-29,Wednesday,12000,659,2109.0,1467.0,1024.0,5259.0,6741,220010,171888,111810,56,No,2017,11,2,333,48,4,0,2,0,0.5618,5865.0,5326.0,1281.0,5506.0,1,1,0,0
2017-11-30,Thursday,6741,560,1853.0,1589.0,1151.0,5153.0,1588,212313,156994,99190,13,Yes,2017,11,3,334,48,4,0,3,1,0.1323,5792.0,5306.0,6741.0,5259.0,0,1,0,0
2017-12-01,Friday,12000,579,2006.0,1473.0,1175.0,5233.0,6767,232290,164578,103597,56,No,2017,12,4,335,48,4,0,4,0,0.5639,5712.0,5215.0,1588.0,5153.0,1,0,0,0
2017-12-02,Saturday,6767,855,2560.0,2040.0,951.0,6406.0,361,274746,206082,134753,3,Yes,2017,12,5,336,48,4,1,5,1,0.0301,5627.0,5597.0,6767.0,5233.0,0,0,0,0
2017-12-03,Sunday,12000,668,1888.0,1616.0,1124.0,5296.0,6704,216525,181864,106639,55,No,2017,12,6,337,48,4,1,6,0,0.5587,5438.0,5645.0,361.0,6406.0,1,0,0,0
2017-12-04,Monday,6704,465,1592.0,1390.0,816.0,4263.0,2441,178569,128525,98054,20,No,2017,12,0,338,49,4,0,0,0,0.2034,5302.0,5322.0,6704.0,5296.0,2,0,0,0
2017-12-05,Tuesday,2441,626,2052.0,1598.0,864.0,5140.0,0,226029,170452,128520,1,Yes,2017,12,1,339,49,4,0,1,1,0.0,5250.0,4900.0,2441.0,4263.0,0,0,0,0
2017-12-06,Wednesday,12000,625,1867.0,1500.0,944.0,4936.0,7064,223934,158445,102773,58,No,2017,12,2,340,49,4,0,2,0,0.5887,5204.0,4780.0,0.0,5140.0,1,0,0,0
2017-12-07,Thursday,7064,532,1871.0,1465.0,1001.0,4869.0,2195,198188,141157,115746,18,No,2017,12,3,341,49,4,0,3,0,0.1829,5163.0,4982.0,7064.0,4936.0,2,0,0,0
2017-12-08,Friday,2195,546,2083.0,1656.0,1085.0,5370.0,0,234193,157375,121965,1,Yes,2017,12,4,342,49,4,0,4,1,0.0,5183.0,5058.0,2195.0,4869.0,0,0,0,0
2017-12-09,Saturday,12000,771,2567.0,1968.0,1236.0,6542.0,5458,277258,217759,122325,45,No,2017,12,5,343,49,4,1,5,0,0.4548,5202.0,5594.0,0.0,5370.0,1,0,0,0
2017-12-10,Sunday,5458,672,1940.0,1721.0,1000.0,5333.0,125,237109,150473,98647,1,Yes,2017,12,6,344,49,4,1,6,1,0.0104,5208.0,5748.0,5458.0,6542.0,0,0,0,0
2017-12-11,Monday,12000,567,1556.0,1348.0,850.0,4321.0,7679,177641,135706,83709,63,No,2017,12,0,345,50,4,0,0,0,0.6399,5216.0,5399.0,125.0,5333.0,1,0,0,0
2017-12-12,Tuesday,7679,556,1852.0,1365.0,1129.0,4902.0,2777,192929,132919,114919,23,No,2017,12,1,346,50,4,0,1,0,0.2314,5182.0,4852.0,7679.0,4321.0,2,0,0,0
2017-12-13,Wednesday,2777,443,1566.0,1349.0,1031.0,4389.0,0,180862,147238,113733,1,Yes,2017,12,2,347,50,4,0,2,1,0.0,5104.0,4537.0,2777.0,4902.0,0,0,0,0
2017-12-14,Thursday,12000,548,1995.0,1430.0,977.0,4950.0,7050,198254,163101,106516,58,No,2017,12,3,348,50,4,0,3,0,0.5875,5115.0,4747.0,0.0,4389.0,1,0,0,0
2017-12-15,Friday,7050,581,2026.0,1823.0,1286.0,5716.0,1334,255424,172322,128221,11,Yes,2017,12,4,349,50,4,0,4,1,0.1112,5165.0,5018.0,7050.0,4950.0,0,0,0,0
2017-12-16,Saturday,12000,639,2079.0,1832.0,1294.0,5844.0,6156,258012,171562,121586,51,No,2017,12,5,350,50,4,1,5,0,0.513,5065.0,5503.0,1334.0,5716.0,1,0,0,0
2017-12-17,Sunday,6156,667,2164.0,1681.0,1051.0,5563.0,593,246918,169992,108708,4,Yes,2017,12,6,351,50,4,1,6,1,0.0494,5098.0,5708.0,6156.0,5844.0,0,0,0,0
2017-12-18,Monday,12000,639,1764.0,1289.0,1005.0,4697.0,7303,208949,147504,104691,60,No,2017,12,0,352,51,4,0,0,0,0.6086,5152.0,5368.0,593.0,5563.0,1,0,0,0
2017-12-19,Tuesday,7303,532,1970.0,1604.0,820.0,4926.0,2377,213591,175547,96946,19,No,2017,12,1,353,51,4,0,1,0,0.1981,5155.0,5062.0,7303.0,4697.0,2,0,0,0
2017-12-20,Wednesday,2377,588,1674.0,1275.0,1081.0,4618.0,0,192650,146930,93046,1,Yes,2017,12,2,354,51,4,0,2,1,0.0,5188.0,4747.0,2377.0,4926.0,0,0,0,0
2017-12-21,Thursday,12000,585,1750.0,1317.0,885.0,4537.0,7463,180265,151004,103127,62,No,2017,12,3,355,51,4,0,3,0,0.6219,5129.0,4694.0,0.0,4618.0,1,0,0,0
2017-12-22,Friday,7463,700,2115.0,1674.0,1273.0,5762.0,1701,252046,200427,126306,14,Yes,2017,12,4,356,51,4,0,4,1,0.1417,5135.0,4972.0,7463.0,4537.0,0,0,0,0
2017-12-23,Saturday,12000,777,2103.0,1757.0,940.0,5577.0,6423,217816,197672,111451,53,No,2017,12,5,357,51,4,1,5,0,0.5352,5097.0,5292.0,1701.0,5762.0,1,0,0,0
2017-12-24,Sunday,6423,631,2066.0,1538.0,1433.0,5668.0,755,239464,177686,113113,6,Yes,2017,12,6,358,51,4,1,6,1,0.0629,5112.0,5669.0,6423.0,5577.0,0,0,0,0
2017-12-25,Monday,12000,438,1653.0,1364.0,904.0,4359.0,7641,193361,145174,102130,63,No,2017,12,0,359,52,4,0,0,0,0.6368,5064.0,5201.0,755.0,5668.0,1,0,0,0
2017-12-26,Tuesday,7641,442,1763.0,1251.0,869.0,4325.0,3316,181285,141545,93865,27,No,2017,12,1,360,52,4,0,1,0,0.2763,4978.0,4784.0,7641.0,4359.0,2,0,0,0
2017-12-27,Wednesday,3316,482,1593.0,1257.0,1058.0,4390.0,0,203471,124479,90673,1,Yes,2017,12,2,361,52,4,0,2,1,0.0,4945.0,4358.0,3316.0,4325.0,0,0,0,0
2017-12-28,Thursday,12000,624,2000.0,1568.0,1172.0,5364.0,6636,220102,156609,115933,55,No,2017,12,3,362,52,4,0,3,0,0.553,5064.0,4693.0,0.0,4390.0,1,0,0,0
2017-12-29,Friday,6636,677,1934.0,1466.0,1331.0,5408.0,1228,257468,167426,99629,10,Yes,2017,12,4,363,52,4,0,4,1,0.1023,5013.0,5054.0,6636.0,5364.0,0,0,0,0
2017-12-30,Saturday,12000,733,2251.0,1884.0,1078.0,5946.0,6054,257703,180670,132100,50,No,2017,12,5,364,52,4,1,5,0,0.5045,5066.0,5573.0,1228.0,5408.0,1,0,0,0
2017-12-31,Sunday,6054,754,2231.0,1894.0,1086.0,5965.0,89,254205,207533,132510,1,Yes,2017,12,6,365,52,4,1,6,1,0.0074,5108.0,5773.0,6054.0,5946.0,0,0,0,0
2018-01-01,Monday,12000,465,1749.0,1351.0,822.0,4387.0,7613,183920,149052,91219,63,No,2018,1,0,1,1,1,0,0,0,0.6344,5112.0,5433.0,89.0,5965.0,1,0,0,0
2018-01-02,Tuesday,7613,596,1892.0,1442.0,901.0,4831.0,2782,214229,147066,126522,23,No,2018,1,1,2,1,1,0,1,0,0.2318,5184.0,5061.0,7613.0,4387.0,2,0,0,0
2018-01-03,Wednesday,2782,581,1857.0,1330.0,987.0,4755.0,0,210380,152984,83201,1,Yes,2018,1,2,3,1,1,0,2,1,0.0,5237.0,4658.0,2782.0,4831.0,0,0,0,0
2018-01-04,Thursday,12000,662,1955.0,1491.0,703.0,4811.0,7189,215650,153686,115665,59,No,2018,1,3,4,1,1,0,3,0,0.5991,5158.0,4799.0,0.0,4755.0,1,0,0,0
2018-01-05,Friday,7189,581,1988.0,1426.0,1269.0,5264.0,1925,223488,168621,99174,16,Yes,2018,1,4,5,1,1,0,4,1,0.1604,5137.0,4943.0,7189.0,4811.0,0,0,0,0
2018-01-06,Saturday,12000,656,2316.0,1750.0,1452.0,6174.0,5826,285831,185734,154256,48,No,2018,1,5,6,1,1,1,5,0,0.4855,5170.0,5416.0,1925.0,5264.0,1,0,0,0
2018-01-07,Sunday,5826,597,2130.0,1673.0,1465.0,5865.0,0,259330,172770,133302,1,Yes,2018,1,6,7,1,1,1,6,1,0.0,5155.0,5768.0,5826.0,6174.0,0,0,0,0
2018-01-08,Monday,12000,539,1668.0,1505.0,990.0,4702.0,7298,207831,154909,87932,60,No,2018,1,0,8,2,1,0,0,0,0.6082,5200.0,5580.0,0.0,5865.0,1,0,0,0
2018-01-09,Tuesday,7298,611,1749.0,1323.0,1015.0,4698.0,2600,191145,140725,88610,21,No,2018,1,1,9,2,1,0,1,0,0.2167,5181.0,5088.0,7298.0,4702.0,2,0,0,0
2018-01-10,Wednesday,2600,526,1679.0,1439.0,1134.0,4778.0,0,187788,164617,105504,1,Yes,2018,1,2,10,2,1,0,2,1,0.0,5185.0,4726.0,2600.0,4698.0,0,0,0,0
2018-01-11,Thursday,12000,533,2003.0,1542.0,1132.0,5210.0,6790,221494,149259,114654,56,No,2018,1,3,11,2,1,0,3,0,0.5658,5242.0,4895.0,0.0,4778.0,1,0,0,0
2018-01-12,Friday,6790,614,1912.0,1691.0,1046.0,5263.0,1527,218472,144530,99061,12,Yes,2018,1,4,12,2,1,0,4,1,0.1272,5241.0,5084.0,6790.0,5210.0,0,0,0,0
2018-01-13,Saturday,12000,661,2435.0,1995.0,1298.0,6389.0,5611,298357,188266,126515,46,No,2018,1,5,13,2,1,1,5,0,0.4676,5272.0,5621.0,1527.0,5263.0,1,0,0,0
2018-01-14,Sunday,5611,742,2212.0,1871.0,883.0,5708.0,0,242312,163184,144053,1,Yes,2018,1,6,14,2,1,1,6,1,0.0,5250.0,5787.0,5611.0,6389.0,0,0,0,0
2018-01-15,Monday,12000,515,1592.0,1481.0,953.0,4541.0,7459,200263,153901,86947,62,No,2018,1,0,15,3,1,0,0,0,0.6216,5227.0,5546.0,0.0,5708.0,1,0,0,0
2018-01-16,Tuesday,7459,602,1943.0,1414.0,1103.0,5062.0,2397,210493,168469,108586,19,No,2018,1,1,16,3,1,0,1,0,0.1998,5279.0,5104.0,7459.0,4541.0,2,0,0,0
2018-01-17,Wednesday,2397,595,1830.0,1370.0,1201.0,4996.0,0,207046,165516,94696,1,Yes,2018,1,2,17,3,1,0,2,1,0.0,5310.0,4866.0,2397.0,5062.0,0,0,0,0
2018-01-18,Thursday,12000,699,1942.0,1653.0,893.0,5187.0,6813,225246,167022,114122,56,No,2018,1,3,18,3,1,0,3,0,0.5678,5307.0,5082.0,0.0,4996.0,1,0,0,0
2018-01-19,Friday,6813,740,1923.0,1443.0,1200.0,5306.0,1507,233673,175394,116932,12,Yes,2018,1,4,19,3,1,0,4,1,0.1256,5313.0,5163.0,6813.0,5187.0,0,0,0,0
2018-01-20,Saturday,12000,712,2249.0,1754.0,1246.0,5961.0,6039,238679,196549,111997,50,No,2018,1,5,20,3,1,1,5,0,0.5032,5252.0,5485.0,1507.0,5306.0,1,0,0,0
2018-01-21,Sunday,6039,760,2111.0,1629.0,1291.0,5791.0,248,238445,161411,128715,2,Yes,2018,1,6,21,3,1,1,6,1,0.0207,5263.0,5686.0,6039.0,5961.0,0,0,0,0
2018-01-22,Monday,12000,496,1726.0,1206.0,995.0,4423.0,7577,180693,147436,95093,63,No,2018,1,0,22,4,1,0,0,0,0.6314,5247.0,5392.0,248.0,5791.0,1,0,0,0
2018-01-23,Tuesday,7577,550,1759.0,1480.0,1136.0,4925.0,2652,207194,143956,105534,22,No,2018,1,1,23,4,1,0,1,0,0.221,5227.0,5046.0,7577.0,4423.0,2,0,0,0
2018-01-24,Wednesday,2652,548,1660.0,1389.0,1033.0,4630.0,0,181798,148649,91456,1,Yes,2018,1,2,24,4,1,0,2,1,0.0,5175.0,4659.0,2652.0,4925.0,0,0,0,0
2018-01-25,Thursday,12000,611,1678.0,1467.0,979.0,4735.0,7265,196703,150362,113878,60,No,2018,1,3,25,4,1,0,3,0,0.6054,5110.0,4763.0,0.0,4630.0,1,0,0,0
2018-01-26,Friday,7265,619,1761.0,1558.0,878.0,4816.0,2449,209607,158136,94921,20,No,2018,1,4,26,4,1,0,4,0,0.2041,5040.0,4727.0,7265.0,4735.0,2,0,0,0
2018-01-27,Saturday,2449,782,2104.0,1716.0,1206.0,5808.0,0,263196,168321,134545,1,Yes,2018,1,5,27,4,1,1,5,1,0.0,5018.0,5120.0,2449.0,4816.0,0,0,0,0
2018-01-28,Sunday,12000,745,1916.0,1502.0,1212.0,5375.0,6625,239273,177613,110401,55,No,2018,1,6,28,4,1,1,6,0,0.5521,4959.0,5333.0,0.0,5808.0,1,0,0,0
2018-01-29,Monday,6625,572,1938.0,1478.0,807.0,4795.0,1830,212714,158937,105642,15,Yes,2018,1,0,29,5,1,0,0,1,0.1525,5012.0,5326.0,6625.0,5375.0,0,0,0,0
2018-01-30,Tuesday,12000,614,2053.0,1621.0,782.0,5070.0,6930,198827,167952,96479,57,No,2018,1,1,30,5,1,0,1,0,0.5775,5033.0,5080.0,1830.0,4795.0,1,0,0,0
2018-01-31,Wednesday,6930,530,1872.0,1547.0,1053.0,5002.0,1928,226104,161735,112670,16,Yes,2018,1,2,31,5,1,0,2,1,0.1607,5086.0,4956.0,6930.0,5070.0,0,0,0,0
2018-02-01,Thursday,12000,679,1844.0,1313.0,1025.0,4861.0,7139,226761,138719,95155,59,No,2018,2,3,32,5,1,0,3,0,0.5949,5104.0,4978.0,1928.0,5002.0,1,0,0,0
2018-02-02,Friday,7139,801,2345.0,1812.0,782.0,5740.0,1399,247044,178013,115771,11,Yes,2018,2,4,33,5,1,0,4,1,0.1166,5236.0,5201.0,7139.0,4861.0,0,0,0,0
2018-02-03,Saturday,12000,862,2608.0,1861.0,1039.0,6370.0,5630,258101,189473,153513,46,No,2018,2,5,34,5,1,1,5,0,0.4692,5316.0,5657.0,1399.0,5740.0,1,0,0,0
2018-02-04,Sunday,5630,779,2355.0,1839.0,825.0,5798.0,0,257349,187144,112654,1,Yes,2018,2,6,35,5,1,1,6,1,0.0,5377.0,5969.0,5630.0,6370.0,0,0,0,0
2018-02-05,Monday,12000,582,1838.0,1499.0,858.0,4777.0,7223,200658,145994,108733,60,No,2018,2,0,36,6,1,0,0,0,0.6019,5374.0,5648.0,0.0,5798.0,1,0,0,0
2018-02-06,Tuesday,7223,652,1852.0,1581.0,778.0,4863.0,2360,200341,149435,112276,19,No,2018,2,1,37,6,1,0,1,0,0.1967,5344.0,5146.0,7223.0,4777.0,2,0,0,0
2018-02-07,Wednesday,2360,495,1659.0,1395.0,1184.0,4733.0,0,197491,127829,103958,1,Yes,2018,2,2,38,6,1,0,2,1,0.0,5306.0,4791.0,2360.0,4863.0,0,0,0,0
2018-02-08,Thursday,12000,588,1687.0,1251.0,868.0,4394.0,7606,189266,123747,104534,63,No,2018,2,3,39,6,1,0,3,0,0.6338,5239.0,4663.0,0.0,4733.0,1,0,0,0
2018-02-09,Friday,7606,690,1936.0,1445.0,1231.0,5302.0,2304,226240,178822,126567,19,No,2018,2,4,40,6,1,0,4,0,0.192,5177.0,4810.0,7606.0,4394.0,2,0,0,0
2018-02-10,Saturday,2304,649,2274.0,1940.0,1284.0,6147.0,0,256333,172271,124861,1,Yes,2018,2,5,41,6,1,1,5,1,0.0,5145.0,5281.0,2304.0,5302.0,0,0,0,0
2018-02-11,Sunday,12000,775,2343.0,1693.0,1029.0,5840.0,6160,253119,165255,149076,51,No,2018,2,6,42,6,1,1,6,0,0.5133,5151.0,5763.0,0.0,6147.0,1,0,0,0
2018-02-12,Monday,6160,532,1554.0,1315.0,1008.0,4409.0,1751,187906,135828,106836,14,Yes,2018,2,0,43,7,1,0,0,1,0.1459,5098.0,5465.0,6160.0,5840.0,0,0,0,0
2018-02-13,Tuesday,12000,660,2070.0,1719.0,932.0,5381.0,6619,206331,164081,127325,55,No,2018,2,1,44,7,1,0,1,0,0.5516,5172.0,5210.0,1751.0,4409.0,1,0,0,0
2018-02-14,Wednesday,6619,568,1761.0,1274.0,1092.0,4695.0,1924,207579,153605,91382,16,Yes,2018,2,2,45,7,1,0,2,1,0.1603,5167.0,4828.0,6619.0,5381.0,0,0,0,0
2018-02-15,Thursday,12000,529,2005.0,1450.0,1111.0,5095.0,6905,225080,167993,118369,57,No,2018,2,3,46,7,1,0,3,0,0.5754,5267.0,5057.0,1924.0,4695.0,1,0,0,0
2018-02-16,Friday,6905,513,1973.0,1601.0,868.0,4955.0,1950,205796,164533,100030,16,Yes,2018,2,4,47,7,1,0,4,1,0.1625,5217.0,4915.0,6905.0,5095.0,0,0,0,0
2018-02-17,Saturday,12000,666,2557.0,1768.0,1273.0,6264.0,5736,283000,186118,145816,47,No,2018,2,5,48,7,1,1,5,0,0.478,5234.0,5438.0,1950.0,4955.0,1,0,0,0
2018-02-18,Sunday,5736,595,2067.0,1695.0,1253.0,5610.0,126,220110,157418,114455,1,Yes,2018,2,6,49,7,1,1,6,1,0.0105,5201.0,5610.0,5736.0,6264.0,0,0,0,0
2018-02-19,Monday,12000,401,1496.0,1103.0,686.0,3686.0,8314,168380,104607,86839,69,No,2018,2,0,50,8,1,0,0,0,0.6928,5098.0,5187.0,126.0,5610.0,1,0,0,0
2018-02-20,Tuesday,8314,510,1886.0,1297.0,927.0,4620.0,3694,190148,136777,90242,30,No,2018,2,1,51,8,1,0,1,0,0.3078,4989.0,4639.0,8314.0,3686.0,2,0,0,0
2018-02-21,Wednesday,3694,504,1745.0,1555.0,943.0,4747.0,0,208675,156034,109043,1,Yes,2018,2,2,52,8,1,0,2,1,0.0,4997.0,4351.0,3694.0,4620.0,0,0,0,0
2018-02-22,Thursday,12000,750,2051.0,1782.0,819.0,5402.0,6598,220514,173802,98295,54,No,2018,2,3,53,8,1,0,3,0,0.5498,5041.0,4923.0,0.0,4747.0,1,0,0,0
2018-02-23,Friday,6598,692,2241.0,1833.0,987.0,5753.0,845,246315,184419,116190,7,Yes,2018,2,4,54,8,1,0,4,1,0.0704,5155.0,5301.0,6598.0,5402.0,0,0,0,0
2018-02-24,Saturday,12000,717,2217.0,1736.0,1129.0,5799.0,6201,267552,169693,137315,51,No,2018,2,5,55,8,1,1,5,0,0.5168,5088.0,5651.0,845.0,5753.0,1,0,0,0
2018-02-25,Sunday,6201,655,2358.0,1948.0,1067.0,6028.0,173,260102,168292,111618,1,Yes,2018,2,6,56,8,1,1,6,1,0.0144,5148.0,5860.0,6201.0,5799.0,0,0,0,0
2018-02-26,Monday,12000,459,1764.0,1410.0,949.0,4582.0,7418,177011,161754,101309,61,No,2018,2,0,57,9,1,0,0,0,0.6182,5276.0,5470.0,173.0,6028.0,1,0,0,0
2018-02-27,Tuesday,7418,584,1710.0,1485.0,850.0,4629.0,2789,195497,159516,102471,23,No,2018,2,1,58,9,1,0,1,0,0.2324,5277.0,5080.0,7418.0,4582.0,2,0,0,0
2018-02-28,Wednesday,2789,673,1781.0,1640.0,897.0,4991.0,0,207995,137918,103640,1,Yes,2018,2,2,59,9,1,0,2,1,0.0,5312.0,4734.0,2789.0,4629.0,0,0,0,0
2018-03-01,Thursday,12000,625,2086.0,1576.0,1211.0,5498.0,6502,235162,155161,110298,54,No,2018,3,3,60,9,1,0,3,0,0.5418,5326.0,5039.0,0.0,4991.0,1,0,0,1
2018-03-02,Friday,6502,629,2070.0,1713.0,1047.0,5459.0,1043,246996,168963,140044,8,Yes,2018,3,4,61,9,1,0,4,1,0.0869,5284.0,5316.0,6502.0,5498.0,0,0,0,1
2018-03-03,Saturday,12000,893,2342.0,1839.0,1497.0,6571.0,5429,279680,205352,145954,45,No,2018,3,5,62,9,1,1,5,0,0.4524,5394.0,5843.0,1043.0,5459.0,1,0,0,1
2018-03-04,Sunday,5429,791,2375.0,1991.0,1456.0,6613.0,0,279274,199887,125631,1,Yes,2018,3,6,63,9,1,1,6,1,0.0,5478.0,6214.0,5429.0,6571.0,0,0,0,1
2018-03-05,Monday,12000,609,2069.0,1477.0,1052.0,5207.0,6793,222034,167143,127901,56,No,2018,3,0,64,10,1,0,0,0,0.5661,5567.0,6130.0,0.0,6613.0,1,0,0,1
2018-03-06,Tuesday,6793,737,2137.0,1493.0,955.0,5322.0,1471,207853,150654,130696,12,Yes,2018,3,1,65,10,1,0,1,1,0.1226,5666.0,5714.0,6793.0,5207.0,0,0,0,1
2018-03-07,Wednesday,12000,570,2194.0,1492.0,1118.0,5374.0,6626,254056,172670,103064,55,No,2018,3,2,66,10,1,0,2,0,0.5522,5721.0,5301.0,1471.0,5322.0,1,0,0,1
2018-03-08,Thursday,6626,647,2158.0,1783.0,846.0,5434.0,1192,225810,178986,111569,9,Yes,2018,3,3,67,10,1,0,3,1,0.0993,5711.0,5377.0,6626.0,5374.0,0,0,0,1
2018-03-09,Friday,12000,638,2237.0,1868.0,990.0,5733.0,6267,236431,196306,109905,52,No,2018,3,4,68,10,1,0,4,0,0.5222,5751.0,5514.0,1192.0,5434.0,1,0,0,1
2018-03-10,Saturday,6267,684,2380.0,1963.0,1328.0,6355.0,0,272074,191570,156294,1,Yes,2018,3,5,69,10,1,1,5,1,0.0,5720.0,5841.0,6267.0,5733.0,0,0,0,1
2018-03-11,Sunday,12000,824,2431.0,1920.0,1396.0,6571.0,5429,295384,180386,154190,45,No,2018,3,6,70,10,1,1,6,0,0.4524,5714.0,6220.0,0.0,6355.0,1,0,0,1
2018-03-12,Monday,5429,435,1605.0,1264.0,949.0,4253.0,1176,170232,119170,80390,9,Yes,2018,3,0,71,11,1,0,0,1,0.098,5577.0,5726.0,5429.0,6571.0,0,0,0,1
2018-03-13,Tuesday,12000,523,1873.0,1426.0,1205.0,5027.0,6973,211136,147536,118760,58,No,2018,3,1,72,11,1,0,1,0,0.5811,5535.0,5284.0,1176.0,4253.0,1,0,0,1
2018-03-14,Wednesday,6973,567,1827.0,1260.0,989.0,4643.0,2330,208835,133142,109738,19,No,2018,3,2,73,11,1,0,2,0,0.1942,5431.0,4641.0,6973.0,5027.0,2,0,0,1
2018-03-15,Thursday,2330,568,2211.0,1828.0,1036.0,5643.0,0,228749,178788,128218,1,Yes,2018,3,3,74,11,1,0,3,1,0.0,5461.0,5104.0,2330.0,4643.0,0,0,0,1
2018-03-16,Friday,12000,761,2329.0,1685.0,1337.0,6112.0,5888,244550,188887,148865,49,No,2018,3,4,75,11,1,0,4,0,0.4907,5515.0,5466.0,0.0,5643.0,1,0,0,1
2018-03-17,Saturday,5888,944,2860.12,2108.0,1255.0,7276.0,0,308393,218036,151949,1,Yes,2018,3,5,76,11,1,1,5,1,0.0,5646.0,6344.0,5888.0,6112.0,0,0,0,1
2018-03-18,Sunday,12000,638,2447.0,1952.0,1286.0,6323.0,5677,253953,224306,119311,47,No,2018,3,6,77,11,1,1,6,0,0.4731,5611.0,6570.0,0.0,7276.0,1,0,0,1
2018-03-19,Monday,5677,589,1897.0,1642.0,1101.0,5229.0,448,238258,173816,104320,3,Yes,2018,3,0,78,12,1,0,0,1,0.0373,5750.0,6276.0,5677.0,6323.0,0,0,0,1
2018-03-20,Tuesday,12000,538,1721.0,1450.0,1147.0,4856.0,7144,201755,164571,95798,59,No,2018,3,1,79,12,1,0,1,0,0.5953,5726.0,5469.0,448.0,5229.0,1,0,0,1
2018-03-21,Wednesday,7144,514,1638.0,1367.0,1042.0,4561.0,2583,184481,142797,103545,21,No,2018,3,2,80,12,1,0,2,0,0.2152,5714.0,4882.0,7144.0,4856.0,2,0,0,1
2018-03-22,Thursday,2583,570,2099.0,1560.0,1423.0,5652.0,0,236171,177925,137350,1,Yes,2018,3,3,81,12,1,0,3,1,0.0,5716.0,5023.0,2583.0,4561.0,0,0,0,1
2018-03-23,Friday,12000,695,2405.0,1890.0,888.0,5878.0,6122,269158,185310,108084,51,No,2018,3,4,82,12,1,0,4,0,0.5102,5682.0,5364.0,0.0,5652.0,1,0,0,1
2018-03-24,Saturday,6122,847,2626.0,2030.0,1032.0,6535.0,0,286671,190785,142374,1,Yes,2018,3,5,83,12,1,1,5,1,0.0,5576.0,6022.0,6122.0,5878.0,0,0,0,1
2018-03-25,Sunday,12000,883,2677.0,1920.0,1365.0,6845.0,5155,296913,197291,164040,42,No,2018,3,6,84,12,1,1,6,0,0.4296,5651.0,6419.0,0.0,6535.0,1,0,0,1
2018-03-26,Monday,5155,560,1792.0,1253.0,851.0,4456.0,699,187949,153099,97579,5,Yes,2018,3,0,85,13,1,0,0,1,0.0582,5540.0,5945.0,5155.0,6845.0,0,0,0,1
2018-03-27,Tuesday,12000,521,2005.0,1655.0,846.0,5027.0,6973,236137,173882,120863,58,No,2018,3,1,86,13,1,0,1,0,0.5811,5565.0,5443.0,699.0,4456.0,1,0,0,1
2018-03-28,Wednesday,6973,557,1786.0,1545.0,872.0,4760.0,2213,210763,133867,88118,18,No,2018,3,2,87,13,1,0,2,0,0.1844,5593.0,4748.0,6973.0,5027.0,2,0,0,1
2018-03-29,Thursday,2213,683,1895.0,1479.0,1246.0,5303.0,0,212624,146735,124829,1,Yes,2018,3,3,88,13,1,0,3,1,0.0,5543.0,5030.0,2213.0,4760.0,0,0,0,1
2018-03-30,Friday,12000,741,2221.0,1632.0,1104.0,5698.0,6302,248540,163846,106526,52,No,2018,3,4,89,13,1,0,4,0,0.5252,5518.0,5254.0,0.0,5303.0,1,0,0,1
2018-03-31,Saturday,6302,776,2397.0,2137.0,1456.0,6766.0,0,302680,204188,129207,1,Yes,2018,3,5,90,13,1,1,5,1,0.0,5551.0,5922.0,6302.0,5698.0,0,0,0,1
2018-04-01,Sunday,12000,858,2477.0,1927.0,1420.0,6682.0,5318,283046,217899,134826,44,No,2018,4,6,91,13,2,1,6,0,0.4432,5527.0,6382.0,0.0,6766.0,1,0,0,1
2018-04-02,Monday,5318,580,2007.0,1475.0,923.0,4985.0,333,202244,177755,115468,2,Yes,2018,4,0,92,14,2,0,0,1,0.0278,5603.0,6144.0,5318.0,6682.0,0,0,0,1
2018-04-03,Tuesday,12000,591,1990.0,1508.0,1128.0,5217.0,6783,230481,176115,119823,56,No,2018,4,1,93,14,2,0,1,0,0.5652,5630.0,5628.0,333.0,4985.0,1,0,0,1
2018-04-04,Wednesday,6783,672,1902.0,1747.0,1004.0,5325.0,1458,248069,186047,108857,12,Yes,2018,4,2,94,14,2,0,2,1,0.1215,5711.0,5176.0,6783.0,5217.0,0,0,0,1
2018-04-05,Thursday,12000,766,2375.0,1733.0,958.0,5832.0,6168,237937,178091,123658,51,No,2018,4,3,95,14,2,0,3,0,0.514,5786.0,5458.0,1458.0,5325.0,1,0,0,1
2018-04-06,Friday,6168,559,1980.0,1647.0,1361.0,5547.0,621,234440,200034,136032,5,Yes,2018,4,4,96,14,2,0,4,1,0.0518,5765.0,5568.0,6168.0,5832.0,0,0,0,1
2018-04-07,Saturday,12000,729,2444.0,1924.0,1509.0,6606.0,5394,273778,205708,133361,44,No,2018,4,5,97,14,2,1,5,0,0.4495,5742.0,5995.0,621.0,5547.0,1,0,0,1
2018-04-08,Sunday,5394,550,2117.0,1786.0,966.0,5419.0,0,221886,185642,125001,1,Yes,2018,4,6,98,14,2,1,6,1,0.0,5562.0,5857.0,5394.0,6606.0,0,0,0,1
2018-04-09,Monday,12000,483,1914.0,1329.0,1006.0,4732.0,7268,205316,143562,106963,60,No,2018,4,0,99,15,2,0,0,0,0.6057,5525.0,5586.0,0.0,5419.0,1,0,0,1
2018-04-10,Tuesday,7268,530,1783.0,1446.0,1071.0,4830.0,2438,192879,147050,96869,20,No,2018,4,1,100,15,2,0,1,0,0.2032,5470.0,4994.0,7268.0,4732.0,2,0,0,1
2018-04-11,Wednesday,2438,521,1726.0,1539.0,909.0,4695.0,0,216443,141999,92874,1,Yes,2018,4,2,101,15,2,0,2,1,0.0,5380.0,4752.0,2438.0,4830.0,0,0,0,1
2018-04-12,Thursday,12000,549,2206.0,1521.0,1167.0,5443.0,6557,217937,171069,93588,54,No,2018,4,3,102,15,2,0,3,0,0.5464,5325.0,4989.0,0.0,4695.0,1,0,0,1
2018-04-13,Friday,6557,615,2252.0,1866.0,1117.0,5850.0,707,229772,181908,140470,5,Yes,2018,4,4,103,15,2,0,4,1,0.0589,5368.0,5329.0,6557.0,5443.0,0,0,0,1
2018-04-14,Saturday,12000,897,2494.0,2086.0,1473.0,6950.0,5050,283622,209955,155883,42,No,2018,4,5,104,15,2,1,5,0,0.4208,5417.0,6081.0,707.0,5850.0,1,0,0,1
2018-04-15,Sunday,5050,841,2518.0,1903.0,1076.0,6338.0,0,272453,223247,145774,1,Yes,2018,4,6,105,15,2,1,6,1,0.0,5548.0,6379.0,5050.0,6950.0,0,0,0,1
2018-04-16,Monday,12000,445,1697.0,1149.0,949.0,4240.0,7760,184951,151341,99488,64,No,2018,4,0,106,16,2,0,0,0,0.6467,5478.0,5843.0,0.0,6338.0,1,0,0,1
2018-04-17,Tuesday,7760,651,2071.0,1478.0,1141.0,5341.0,2419,224194,162812,128104,20,No,2018,4,1,107,16,2,0,1,0,0.2016,5551.0,5306.0,7760.0,4240.0,2,0,0,1
2018-04-18,Wednesday,2419,720,1952.0,1503.0,1217.0,5392.0,0,234721,186821,101877,1,Yes,2018,4,2,108,16,2,0,2,1,0.0,5651.0,4991.0,2419.0,5341.0,0,0,0,1
2018-04-19,Thursday,12000,541,2063.0,1622.0,1024.0,5250.0,6750,234667,158371,108375,56,No,2018,4,3,109,16,2,0,3,0,0.5625,5623.0,5328.0,0.0,5392.0,1,0,0,1
2018-04-20,Friday,6750,795,2358.0,1895.0,718.0,5766.0,984,263546,167740,125170,8,Yes,2018,4,4,110,16,2,0,4,1,0.082,5611.0,5469.0,6750.0,5250.0,0,0,0,1
2018-04-21,Saturday,12000,749,2544.0,2034.0,1649.0,7182.0,4818,319707,227235,156944,40,No,2018,4,5,111,16,2,1,5,0,0.4015,5644.0,6066.0,984.0,5766.0,1,0,0,1
2018-04-22,Sunday,4818,765,2356.0,1968.0,1561.0,6650.0,0,295191,193361,171474,1,Yes,2018,4,6,112,16,2,1,6,1,0.0,5689.0,6533.0,4818.0,7182.0,0,0,0,1
2018-04-23,Monday,12000,572,1927.0,1476.0,1211.0,5186.0,6814,231971,149891,116782,56,No,2018,4,0,113,17,2,0,0,0,0.5678,5824.0,6339.0,0.0,6650.0,1,0,0,1
2018-04-24,Tuesday,6814,694,1949.0,1610.0,1008.0,5261.0,1553,228449,156828,113772,12,Yes,2018,4,1,114,17,2,0,1,1,0.1294,5812.0,5699.0,6814.0,5186.0,0,0,0,1
2018-04-25,Wednesday,12000,686,2027.0,1609.0,1011.0,5333.0,6667,246059,170415,95111,55,No,2018,4,2,115,17,2,0,2,0,0.5556,5804.0,5260.0,1553.0,5261.0,1,0,0,1
2018-04-26,Thursday,6667,636,1825.0,1442.0,1251.0,5154.0,1513,223249,176039,96682,12,Yes,2018,4,3,116,17,2,0,3,1,0.1261,5790.0,5249.0,6667.0,5333.0,0,0,0,1
2018-04-27,Friday,12000,709,2342.0,1754.0,991.0,5796.0,6204,252908,189648,135245,51,No,2018,4,4,117,17,2,0,4,0,0.517,5795.0,5428.0,1513.0,5154.0,1,0,0,1
2018-04-28,Saturday,6204,820,2550.0,1887.0,1438.0,6695.0,0,287045,203393,128430,1,Yes,2018,4,5,118,17,2,1,5,1,0.0,5725.0,5882.0,6204.0,5796.0,0,0,0,1
2018-04-29,Sunday,12000,669,2000.0,1766.0,1031.0,5466.0,6534,259215,172158,114610,54,No,2018,4,6,119,17,2,1,6,0,0.5445,5556.0,5986.0,0.0,6695.0,1,0,0,1
2018-04-30,Monday,6534,483,1919.0,1500.0,847.0,4749.0,1785,213143,145125,83228,14,Yes,2018,4,0,120,18,2,0,0,1,0.1488,5493.0,5637.0,6534.0,5466.0,0,0,0,1
2018-05-01,Tuesday,12000,534,1913.0,1554.0,1296.0,5297.0,6703,224047,164578,97851,55,No,2018,5,1,121,18,2,0,1,0,0.5586,5499.0,5171.0,1785.0,4749.0,1,0,0,1
2018-05-02,Wednesday,6703,644,1797.0,1364.0,957.0,4762.0,1941,196183,170723,90647,16,Yes,2018,5,2,122,18,2,0,2,1,0.1618,5417.0,4936.0,6703.0,5297.0,0,0,0,1
2018-05-03,Thursday,12000,742,2008.0,1483.0,1077.0,5310.0,6690,223677,149051,123525,55,No,2018,5,3,123,18,2,0,3,0,0.5575,5439.0,5123.0,1941.0,4762.0,1,0,0,1
2018-05-04,Friday,6690,632,2216.0,1684.0,1085.0,5617.0,1073,239266,204487,120563,8,Yes,2018,5,4,124,18,2,0,4,1,0.0894,5414.0,5230.0,6690.0,5310.0,0,0,0,1
2018-05-05,Saturday,12000,825,2503.0,2098.0,1230.0,6656.0,5344,261405,218814,168350,44,No,2018,5,5,125,18,2,1,5,0,0.4453,5408.0,5861.0,1073.0,5617.0,1,0,0,1
2018-05-06,Sunday,5344,697,2074.0,1710.0,1297.0,5778.0,0,250061,204424,135351,1,Yes,2018,5,6,126,18,2,1,6,1,0.0,5453.0,6017.0,5344.0,6656.0,0,0,0,1
2018-05-07,Monday,12000,575,1942.0,1412.0,1179.0,5108.0,6892,212820,149953,90982,57,No,2018,5,0,127,19,2,0,0,0,0.5743,5504.0,5847.0,0.0,5778.0,1,0,0,1
2018-05-08,Tuesday,6892,663,2073.0,1758.0,1348.0,5842.0,1050,271085,184089,134597,8,Yes,2018,5,1,128,19,2,0,1,1,0.0875,5582.0,5576.0,6892.0,5108.0,0,0,0,1
2018-05-09,Wednesday,12000,548,1968.0,1693.0,1101.0,5310.0,6690,237763,157645,113957,55,No,2018,5,2,129,19,2,0,2,0,0.5575,5660.0,5420.0,1050.0,5842.0,1,0,0,1
2018-05-10,Thursday,6690,623,2059.0,1445.0,1071.0,5198.0,1492,213890,179435,109570,12,Yes,2018,5,3,130,19,2,0,3,1,0.1243,5644.0,5450.0,6690.0,5310.0,0,0,0,1
2018-05-11,Friday,12000,708,2411.0,1725.0,1137.0,5981.0,6019,270126,168474,131311,50,No,2018,5,4,131,19,2,0,4,0,0.5016,5696.0,5496.0,1492.0,5198.0,1,0,0,1
2018-05-12,Saturday,6019,888,2817.0,1998.0,1391.0,7094.0,0,309184,231559,171139,1,Yes,2018,5,5,132,19,2,1,5,1,0.0,5759.0,6091.0,6019.0,5981.0,0,0,0,1
2018-05-13,Sunday,12000,613,2352.0,1869.0,1105.0,5939.0,6061,274068,171512,130197,50,No,2018,5,6,133,19,2,1,6,0,0.5051,5782.0,6338.0,0.0,7094.0,1,0,0,1
2018-05-14,Monday,6061,753,2402.0,1725.0,1035.0,5915.0,146,244660,193419,113809,1,Yes,2018,5,0,134,20,2,0,0,1,0.0122,5897.0,6316.0,6061.0,5939.0,0,0,0,1
2018-05-15,Tuesday,12000,507,1848.0,1483.0,1189.0,5027.0,6973,231293,176926,90784,58,No,2018,5,1,135,20,2,0,1,0,0.5811,5781.0,5627.0,146.0,5915.0,1,0,0,1
2018-05-16,Wednesday,6973,742,2021.0,1685.0,1110.0,5558.0,1415,236007,178656,131452,11,Yes,2018,5,2,136,20,2,0,2,1,0.1179,5816.0,5500.0,6973.0,5027.0,0,0,0,1
2018-05-17,Thursday,12000,658,2180.0,1519.0,1242.0,5599.0,6401,243650,170737,139404,53,No,2018,5,3,137,20,2,0,3,0,0.5334,5873.0,5395.0,1415.0,5558.0,1,0,0,1
2018-05-18,Friday,6401,744,2571.0,1904.0,1453.0,6672.0,0,263986,223072,129500,1,Yes,2018,5,4,138,20,2,0,4,1,0.0,5972.0,5943.0,6401.0,5599.0,0,0,0,1
2018-05-19,Saturday,12000,772,2325.0,2111.0,1282.0,6490.0,5510,293160,203779,139069,45,No,2018,5,5,139,20,2,1,5,0,0.4592,5886.0,6254.0,0.0,6672.0,1,0,0,1
2018-05-20,Sunday,5510,802,2121.0,1841.0,1233.0,5997.0,0,259695,207607,107548,1,Yes,2018,5,6,140,20,2,1,6,1,0.0,5894.0,6386.0,5510.0,6490.0,0,0,0,1
2018-05-21,Monday,12000,580,1858.0,1532.0,1285.0,5255.0,6745,228433,171889,120432,56,No,2018,5,0,141,21,2,0,0,0,0.5621,5800.0,5914.0,0.0,5997.0,1,0,0,1
2018-05-22,Tuesday,6745,630,2088.0,1755.0,962.0,5435.0,1310,237173,165436,126923,10,Yes,2018,5,1,142,21,2,0,1,1,0.1092,5858.0,5562.0,6745.0,5255.0,0,0,0,1
2018-05-23,Wednesday,12000,618,2056.0,1704.0,919.0,5297.0,6703,207900,160510,134213,55,No,2018,5,2,143,21,2,0,2,0,0.5586,5821.0,5329.0,1310.0,5435.0,1,0,0,1
2018-05-24,Thursday,6703,607,2099.0,1509.0,1132.0,5347.0,1356,221283,162980,97826,11,Yes,2018,5,3,144,21,2,0,3,1,0.113,5785.0,5360.0,6703.0,5297.0,0,0,0,1
2018-05-25,Friday,12000,716,2040.0,1807.0,1246.0,5809.0,6191,256187,178623,101725,51,No,2018,5,4,145,21,2,0,4,0,0.5159,5661.0,5484.0,1356.0,5347.0,1,0,0,1
2018-05-26,Saturday,6191,836,2724.0,2023.0,1151.0,6734.0,0,264869,195604,133160,1,Yes,2018,5,5,146,21,2,1,5,1,0.0,5696.0,5963.0,6191.0,5809.0,0,0,0,1
2018-05-27,Sunday,12000,743,2444.0,1778.0,1443.0,6408.0,5592,272776,210799,143651,46,No,2018,5,6,147,21,2,1,6,0,0.466,5755.0,6317.0,0.0,6734.0,1,0,0,1
2018-05-28,Monday,5592,623,1971.0,1652.0,990.0,5236.0,356,232112,162746,111693,2,Yes,2018,5,0,148,22,2,0,0,1,0.0297,5752.0,6126.0,5592.0,6408.0,0,0,0,1
2018-05-29,Tuesday,12000,621,1941.0,1431.0,861.0,4854.0,7146,201134,154401,102316,59,No,2018,5,1,149,22,2,0,1,0,0.5955,5669.0,5499.0,356.0,5236.0,1,0,0,1
2018-05-30,Wednesday,7146,665,2062.0,1797.0,942.0,5466.0,1680,245211,193563,114367,14,Yes,2018,5,2,150,22,2,0,2,1,0.14,5693.0,5185.0,7146.0,4854.0,0,0,0,1
2018-05-31,Thursday,12000,682,2093.0,1564.0,787.0,5126.0,6874,215871,168814,119813,57,No,2018,5,3,151,22,2,0,3,0,0.5728,5662.0,5149.0,1680.0,5466.0,1,0,0,1
2018-06-01,Friday,6874,588,1810.0,1246.0,782.0,4426.0,2448,192160,143632,99809,20,No,2018,6,4,152,22,2,0,4,0,0.204,5464.0,5006.0,6874.0,5126.0,2,0,1,0
2018-06-02,Saturday,2448,660,2212.0,1814.0,991.0,5677.0,0,252311,182077,107799,1,Yes,2018,6,5,153,22,2,1,5,1,0.0,5313.0,5076.0,2448.0,4426.0,0,0,1,0
2018-06-03,Sunday,12000,585,1962.0,1351.0,1021.0,4919.0,7081,218117,159149,114885,59,No,2018,6,6,154,22,2,1,6,0,0.5901,5101.0,5007.0,0.0,5677.0,1,0,1,0
2018-06-04,Monday,7081,432,1467.0,1217.0,842.0,3958.0,3123,173212,127457,87801,26,No,2018,6,0,155,23,2,0,0,0,0.2602,4918.0,4851.0,7081.0,4919.0,2,0,1,0
2018-06-05,Tuesday,3123,558,1682.0,1313.0,648.0,4201.0,0,181827,133667,105827,1,Yes,2018,6,1,156,23,2,0,1,1,0.0,4825.0,4359.0,3123.0,3958.0,0,0,1,0
2018-06-06,Wednesday,12000,547,1724.0,1424.0,798.0,4493.0,7507,197853,134474,93876,62,No,2018,6,2,157,23,2,0,2,0,0.6256,4686.0,4217.0,0.0,4201.0,1,0,1,0
2018-06-07,Thursday,7507,467,1500.0,1123.0,839.0,3929.0,3578,175595,135861,95764,29,No,2018,6,3,158,23,2,0,3,0,0.2982,4515.0,4208.0,7507.0,4493.0,2,0,1,0
2018-06-08,Friday,3578,463,1749.0,1481.0,920.0,4613.0,0,182878,151615,114580,1,Yes,2018,6,4,159,23,2,0,4,1,0.0,4541.0,4345.0,3578.0,3929.0,0,0,1,0
2018-06-09,Saturday,12000,745,2318.0,1569.0,1167.0,5799.0,6201,271732,195146,141309,51,No,2018,6,5,160,23,2,1,5,0,0.5168,4559.0,4780.0,0.0,4613.0,1,0,1,0
2018-06-10,Sunday,6201,564,2007.0,1573.0,1027.0,5171.0,1030,208931,157950,97171,8,Yes,2018,6,6,161,23,2,1,6,1,0.0858,4595.0,5194.0,6201.0,5799.0,0,0,1,0
2018-06-11,Monday,12000,526,1578.0,1267.0,608.0,3979.0,8021,177780,140171,74827,66,No,2018,6,0,162,24,2,0,0,0,0.6684,4598.0,4983.0,1030.0,5171.0,1,0,1,0
2018-06-12,Tuesday,8021,560,1765.0,1432.0,725.0,4482.0,3539,203634,142934,91105,29,No,2018,6,1,163,24,2,0,1,0,0.2949,4638.0,4544.0,8021.0,3979.0,2,0,1,0
2018-06-13,Wednesday,3539,437,1571.0,1130.0,939.0,4077.0,0,174840,131594,93564,1,Yes,2018,6,2,164,24,2,0,2,1,0.0,4579.0,4179.0,3539.0,4482.0,0,0,1,0
2018-06-14,Thursday,12000,560,1746.0,1507.0,848.0,4661.0,7339,181035,132059,90649,61,No,2018,6,3,165,24,2,0,3,0,0.6116,4683.0,4407.0,0.0,4077.0,1,0,1,0
2018-06-15,Friday,7339,469,1755.0,1378.0,891.0,4493.0,2846,195530,139472,90525,23,No,2018,6,4,166,24,2,0,4,0,0.2372,4666.0,4410.0,7339.0,4661.0,2,0,1,0
2018-06-16,Saturday,2846,560,2113.0,1421.0,1139.0,5233.0,0,227949,149125,114781,1,Yes,2018,6,5,167,24,2,1,5,1,0.0,4585.0,4796.0,2846.0,4493.0,0,0,1,0
2018-06-17,Sunday,12000,729,1871.0,1669.0,955.0,5224.0,6776,221668,153360,107892,56,No,2018,6,6,168,24,2,1,6,0,0.5647,4593.0,4983.0,0.0,5233.0,1,0,1,0
2018-06-18,Monday,6776,541,1544.0,1148.0,641.0,3874.0,2902,148238,121066,67266,24,No,2018,6,0,169,25,2,0,0,0,0.2418,4578.0,4777.0,6776.0,5224.0,2,0,1,0
2018-06-19,Tuesday,2902,454,1353.0,1228.0,704.0,3739.0,0,156239,113481,95155,1,Yes,2018,6,1,170,25,2,0,1,1,0.0,4472.0,4279.0,2902.0,3874.0,0,0,1,0
2018-06-20,Wednesday,12000,566,1602.0,1179.0,927.0,4274.0,7726,192925,139225,106039,64,No,2018,6,2,171,25,2,0,2,0,0.6438,4500.0,3962.0,0.0,3739.0,1,0,1,0
2018-06-21,Thursday,7726,561,1665.0,1218.0,708.0,4152.0,3574,174645,135550,82647,29,No,2018,6,3,172,25,2,0,3,0,0.2978,4427.0,4055.0,7726.0,4274.0,2,0,1,0
2018-06-22,Friday,3574,555,1871.0,1602.0,1309.0,5337.0,0,234222,165232,104165,1,Yes,2018,6,4,173,25,2,0,4,1,0.0,4548.0,4588.0,3574.0,4152.0,0,0,1,0
2018-06-23,Saturday,12000,645,2098.0,1681.0,1064.0,5488.0,6512,247270,182694,128282,54,No,2018,6,5,174,25,2,1,5,0,0.5427,4584.0,4992.0,0.0,5337.0,1,0,1,0
2018-06-24,Sunday,6512,710,1915.0,1570.0,954.0,5149.0,1363,207557,166227,95582,11,Yes,2018,6,6,175,25,2,1,6,1,0.1136,4573.0,5325.0,6512.0,5488.0,0,0,1,0
2018-06-25,Monday,12000,547,1798.0,1278.0,920.0,4543.0,7457,183310,142314,94027,62,No,2018,6,0,176,26,2,0,0,0,0.6214,4669.0,5060.0,1363.0,5149.0,1,0,1,0
2018-06-26,Tuesday,7457,595,1720.0,1254.0,737.0,4306.0,3151,182192,123297,102990,26,No,2018,6,1,177,26,2,0,1,0,0.2626,4750.0,4666.0,7457.0,4543.0,2,0,1,0
2018-06-27,Wednesday,3151,537,1617.0,1336.0,1002.0,4492.0,0,172475,144525,90121,1,Yes,2018,6,2,178,26,2,0,2,1,0.0,4781.0,4447.0,3151.0,4306.0,0,0,1,0
2018-06-28,Thursday,12000,506,1743.0,1378.0,972.0,4599.0,7401,187541,157032,96682,61,No,2018,6,3,179,26,2,0,3,0,0.6168,4845.0,4466.0,0.0,4492.0,1,0,1,0
2018-06-29,Friday,7401,511,1838.0,1568.0,887.0,4804.0,2597,192710,147095,91046,21,No,2018,6,4,180,26,2,0,4,0,0.2164,4769.0,4632.0,7401.0,4599.0,2,0,1,0
2018-06-30,Saturday,2597,637,2106.0,1737.0,849.0,5329.0,0,221536,161027,115186,1,Yes,2018,6,5,181,26,2,1,5,1,0.0,4746.0,4911.0,2597.0,4804.0,0,0,1,0
2018-07-01,Sunday,12000,564,1977.0,1551.0,1207.0,5299.0,6701,242664,174666,94494,55,No,2018,7,6,182,26,3,1,6,0,0.5584,4767.0,5144.0,0.0,5329.0,1,0,1,0
2018-07-02,Monday,6701,494,1312.76,1172.0,643.0,3597.0,3104,161146,106824,71230,25,No,2018,7,0,183,27,3,0,0,0,0.2587,4632.0,4742.0,6701.0,5299.0,2,0,1,0
2018-07-03,Tuesday,3104,499,1745.0,1427.0,864.0,4535.0,0,187973,143035,109053,1,Yes,2018,7,1,184,27,3,0,1,1,0.0,4665.0,4477.0,3104.0,3597.0,0,0,1,0
2018-07-04,Wednesday,12000,500,1548.0,1152.0,699.0,3899.0,8101,152451,117528,90485,67,No,2018,7,2,185,27,3,0,2,0,0.6751,4580.0,4010.0,0.0,4535.0,1,0,1,0
2018-07-05,Thursday,8101,466,1681.0,1498.0,918.0,4563.0,3538,195190,148515,82891,29,No,2018,7,3,186,27,3,0,3,0,0.2948,4575.0,4332.0,8101.0,3899.0,2,0,1,0
2018-07-06,Friday,3538,567,1633.0,1461.0,816.0,4477.0,0,194233,133195,102770,1,Yes,2018,7,4,187,27,3,0,4,1,0.0,4528.0,4313.0,3538.0,4563.0,0,0,1,0
2018-07-07,Saturday,12000,596,1824.0,1529.0,907.0,4856.0,7144,223520,136552,99762,59,No,2018,7,5,188,27,3,1,5,0,0.5953,4461.0,4632.0,0.0,4477.0,1,0,1,0
2018-07-08,Sunday,7144,676,1939.0,1672.0,853.0,5140.0,2004,222230,137668,96623,16,No,2018,7,6,189,27,3,1,6,0,0.167,4438.0,4824.0,7144.0,4856.0,2,0,1,0
2018-07-09,Monday,2004,552,1554.0,1169.0,740.0,4015.0,0,171575,126004,89846,1,Yes,2018,7,0,190,28,3,0,0,1,0.0,4498.0,4670.0,2004.0,5140.0,0,0,1,0
2018-07-10,Tuesday,12000,451,1514.0,1287.0,770.0,4022.0,7978,186720,124635,82880,66,No,2018,7,1,191,28,3,0,1,0,0.6648,4425.0,4392.0,0.0,4015.0,1,0,1,0
2018-07-11,Wednesday,7978,488,1830.0,1340.0,844.0,4502.0,3476,198452,149335,107481,28,No,2018,7,2,192,28,3,0,2,0,0.2897,4511.0,4180.0,7978.0,4022.0,2,0,1,0
2018-07-12,Thursday,3476,600,1714.0,1247.0,785.0,4346.0,0,187907,125026,93194,1,Yes,2018,7,3,193,28,3,0,3,1,0.0,4480.0,4290.0,3476.0,4502.0,0,0,1,0
2018-07-13,Friday,12000,651,1916.0,1291.0,875.0,4733.0,7267,193051,147651,89803,60,No,2018,7,4,194,28,3,0,4,0,0.6056,4516.0,4527.0,0.0,4346.0,1,0,1,0
2018-07-14,Saturday,7267,681,2280.0,1542.0,1067.0,5570.0,1697,262281,192775,109375,14,Yes,2018,7,5,195,28,3,1,5,1,0.1414,4618.0,4883.0,7267.0,4733.0,0,0,1,0
2018-07-15,Sunday,12000,482,1767.0,1208.0,856.0,4313.0,7687,175338,128190,105604,64,No,2018,7,6,196,28,3,1,6,0,0.6406,4500.0,4872.0,1697.0,5570.0,1,0,1,0
2018-07-16,Monday,7687,432,1420.0,1117.0,747.0,3716.0,3971,159276,109309,70053,33,No,2018,7,0,197,29,3,0,0,0,0.3309,4457.0,4533.0,7687.0,4313.0,2,0,1,0
2018-07-17,Tuesday,3971,460,1671.0,1315.0,662.0,4108.0,0,187302,119971,79197,1,Yes,2018,7,1,198,29,3,0,1,1,0.0,4470.0,4046.0,3971.0,3716.0,0,0,1,0
2018-07-18,Wednesday,12000,419,1480.0,1179.0,793.0,3871.0,8129,152033,106691,93971,67,No,2018,7,2,199,29,3,0,2,0,0.6774,4380.0,3898.0,0.0,4108.0,1,0,1,0
2018-07-19,Thursday,8129,499,1745.0,1410.0,1268.0,4922.0,3207,191436,136905,103123,26,No,2018,7,3,200,29,3,0,3,0,0.2672,4462.0,4300.0,8129.0,3871.0,2,0,1,0
2018-07-20,Friday,3207,540,1972.0,1608.0,779.0,4899.0,0,202502,151638,103992,1,Yes,2018,7,4,201,29,3,0,4,1,0.0,4486.0,4564.0,3207.0,4922.0,0,0,1,0
2018-07-21,Saturday,12000,756,2267.0,1949.0,985.0,5957.0,6043,253786,180476,127791,50,No,2018,7,5,202,29,3,1,5,0,0.5036,4541.0,5259.0,0.0,4899.0,1,0,1,0
2018-07-22,Sunday,6043,699,2106.0,1752.0,878.0,5435.0,608,240542,147671,127250,5,Yes,2018,7,6,203,29,3,1,6,1,0.0507,4701.0,5430.0,6043.0,5957.0,0,0,1,0
2018-07-23,Monday,12000,489,1531.0,1372.0,848.0,4240.0,7760,172556,146536,81277,64,No,2018,7,0,204,30,3,0,0,0,0.6467,4776.0,5211.0,608.0,5435.0,1,0,1,0
2018-07-24,Tuesday,7760,512,1495.0,1307.0,855.0,4169.0,3591,180440,137089,86164,29,No,2018,7,1,205,30,3,0,1,0,0.2992,4785.0,4615.0,7760.0,4240.0,2,0,1,0
2018-07-25,Wednesday,3591,414,1457.0,1043.0,814.0,3728.0,0,176642,121053,73772,1,Yes,2018,7,2,206,30,3,0,2,1,0.0,4764.0,4046.0,3591.0,4169.0,0,0,1,0
2018-07-26,Thursday,12000,628,1641.0,1340.0,1054.0,4663.0,7337,192084,146997,87999,61,No,2018,7,3,207,30,3,0,3,0,0.6114,4727.0,4187.0,0.0,3728.0,1,0,1,0
2018-07-27,Friday,7337,636,1980.0,1690.0,841.0,5147.0,2190,228076,163312,114398,18,No,2018,7,4,208,30,3,0,4,0,0.1825,4763.0,4513.0,7337.0,4663.0,2,0,1,0
2018-07-28,Saturday,2190,610,2192.0,1468.0,1091.0,5361.0,0,221337,156277,133013,1,Yes,2018,7,5,209,30,3,1,5,1,0.0,4678.0,5057.0,2190.0,5147.0,0,0,1,0
2018-07-29,Sunday,12000,649,1794.0,1420.0,1252.0,5115.0,6885,217867,152962,116717,57,No,2018,7,6,210,30,3,1,6,0,0.5738,4632.0,5208.0,0.0,5361.0,1,0,1,0
2018-07-30,Monday,6885,479,1544.0,1332.0,805.0,4160.0,2725,171784,131337,76076,22,No,2018,7,0,211,31,3,0,0,0,0.2271,4620.0,4879.0,6885.0,5115.0,2,0,1,0
2018-07-31,Tuesday,2725,395,1371.0,1113.0,943.0,3822.0,0,160337,121693,95143,1,Yes,2018,7,1,212,31,3,0,1,1,0.0,4571.0,4366.0,2725.0,4160.0,0,0,1,0
2018-08-01,Wednesday,12000,439,1329.0,1228.0,756.0,3752.0,8248,156207,125550,92075,68,No,2018,8,2,213,31,3,0,2,0,0.6873,4574.0,3911.0,0.0,3822.0,1,0,1,0
2018-08-02,Thursday,8248,568,1792.0,1394.0,642.0,4396.0,3852,194892,142583,110271,32,No,2018,8,3,214,31,3,0,3,0,0.321,4536.0,3990.0,8248.0,3752.0,2,0,1,0
2018-08-03,Friday,3852,632,2042.0,1670.0,998.0,5342.0,0,215884,168178,102248,1,Yes,2018,8,4,215,31,3,0,4,1,0.0,4564.0,4497.0,3852.0,4396.0,0,0,1,0
2018-08-04,Saturday,12000,750,2319.0,1744.0,982.0,5795.0,6205,271056,184241,107819,51,No,2018,8,5,216,31,3,1,5,0,0.5171,4626.0,5178.0,0.0,5342.0,1,0,1,0
2018-08-05,Sunday,6205,559,1710.0,1530.0,965.0,4764.0,1441,207270,164716,117564,12,Yes,2018,8,6,217,31,3,1,6,1,0.1201,4576.0,5300.0,6205.0,5795.0,0,0,1,0
2018-08-06,Monday,12000,420,1465.0,1210.0,1024.0,4119.0,7881,185994,148360,88432,65,No,2018,8,0,218,32,3,0,0,0,0.6567,4570.0,4893.0,1441.0,4764.0,1,0,1,0
2018-08-07,Tuesday,7881,522,1463.0,1137.0,1046.0,4168.0,3713,170774,120932,75692,30,No,2018,8,1,219,32,3,0,1,0,0.3094,4619.0,4350.0,7881.0,4119.0,2,0,1,0
2018-08-08,Wednesday,3713,518,1472.0,1166.0,1003.0,4159.0,0,172658,127469,89789,1,Yes,2018,8,2,220,32,3,0,2,1,0.0,4678.0,4149.0,3713.0,4168.0,0,0,1,0
2018-08-09,Thursday,12000,626,1755.0,1279.0,895.0,4555.0,7445,207102,152817,109074,62,No,2018,8,3,221,32,3,0,3,0,0.6204,4700.0,4294.0,0.0,4159.0,1,0,1,0
2018-08-10,Friday,7445,521,1493.0,1140.0,760.0,3914.0,3531,175359,140902,90873,29,No,2018,8,4,222,32,3,0,4,0,0.2942,4496.0,4209.0,7445.0,4555.0,2,0,1,0
2018-08-11,Saturday,3531,689,2149.0,1681.0,1201.0,5720.0,0,262121,181155,122256,1,Yes,2018,8,5,223,32,3,1,5,1,0.0,4486.0,4730.0,3531.0,3914.0,0,0,1,0
2018-08-12,Sunday,12000,540,2201.0,1545.0,1113.0,5399.0,6601,231422,151760,96669,55,No,2018,8,6,224,32,3,1,6,0,0.5501,4576.0,5011.0,0.0,5720.0,1,0,1,0
2018-08-13,Monday,6601,475,1571.0,1257.0,702.0,4005.0,2596,168268,139558,96876,21,No,2018,8,0,225,33,3,0,0,0,0.2163,4560.0,5041.0,6601.0,5399.0,2,0,1,0
2018-08-14,Tuesday,2596,566,1581.0,1188.0,1010.0,4345.0,0,172267,130441,102380,1,Yes,2018,8,1,226,33,3,0,1,1,0.0,4585.0,4583.0,2596.0,4005.0,0,0,1,0
2018-08-15,Wednesday,12000,432,1377.0,1098.0,924.0,3831.0,8169,155896,123866,73960,68,No,2018,8,2,227,33,3,0,2,0,0.6808,4538.0,4060.0,0.0,4345.0,1,0,1,0
2018-08-16,Thursday,8169,589,1620.0,1332.0,823.0,4364.0,3805,200505,141268,84335,31,No,2018,8,3,228,33,3,0,3,0,0.3171,4511.0,4180.0,8169.0,3831.0,2,0,1,0
2018-08-17,Friday,3805,673,1909.0,1420.0,913.0,4915.0,0,210748,151572,84729,1,Yes,2018,8,4,229,33,3,0,4,1,0.0,4654.0,4370.0,3805.0,4364.0,0,0,1,0
2018-08-18,Saturday,12000,618,1944.0,1628.0,847.0,5037.0,6963,201899,149016,108612,58,No,2018,8,5,230,33,3,1,5,0,0.5802,4557.0,4772.0,0.0,4915.0,1,0,1,0
2018-08-19,Sunday,6963,598,2026.0,1473.0,1274.0,5371.0,1592,248459,167072,98022,13,Yes,2018,8,6,231,33,3,1,6,1,0.1327,4553.0,5108.0,6963.0,5037.0,0,0,1,0
2018-08-20,Monday,12000,477,1312.76,1074.0,842.0,3684.0,8316,167583,119394,75038,69,No,2018,8,0,232,34,3,0,0,0,0.693,4507.0,4697.0,1592.0,5371.0,1,0,1,0
2018-08-21,Tuesday,8316,412,1412.0,1190.0,827.0,3841.0,4475,172230,133159,95078,37,No,2018,8,1,233,34,3,0,1,0,0.3729,4435.0,4299.0,8316.0,3684.0,2,0,1,0
2018-08-22,Wednesday,4475,393,1512.0,1184.0,703.0,3786.0,689,177796,133386,93273,5,Yes,2018,8,2,234,34,3,0,2,1,0.0574,4428.0,3770.0,4475.0,3841.0,0,0,1,0
2018-08-23,Thursday,12000,461,1486.0,1238.0,813.0,3998.0,8002,174838,116351,97910,66,No,2018,8,3,235,34,3,0,3,0,0.6668,4376.0,3875.0,689.0,3786.0,1,0,1,0
2018-08-24,Friday,8002,552,1922.0,1382.0,1095.0,4951.0,3051,230915,143597,106912,25,No,2018,8,4,236,34,3,0,4,0,0.2542,4381.0,4245.0,8002.0,3998.0,2,0,1,0
2018-08-25,Saturday,3051,536,1852.0,1686.0,1078.0,5152.0,0,223166,167681,95583,1,Yes,2018,8,5,237,34,3,1,5,1,0.0,4398.0,4700.0,3051.0,4951.0,0,0,1,0
2018-08-26,Sunday,12000,535,1971.0,1580.0,1015.0,5101.0,6899,231125,159504,102742,57,No,2018,8,6,238,34,3,1,6,0,0.5749,4359.0,5068.0,0.0,5152.0,1,0,1,0
2018-08-27,Monday,6899,569,1524.0,1194.0,900.0,4187.0,2712,192584,132154,99117,22,No,2018,8,0,239,35,3,0,0,0,0.226,4431.0,4813.0,6899.0,5101.0,2,0,1,0
2018-08-28,Tuesday,2712,487,1480.0,1095.0,616.0,3678.0,0,153226,117819,66959,1,Yes,2018,8,1,240,35,3,0,1,1,0.0,4408.0,4322.0,2712.0,4187.0,0,0,1,0
2018-08-29,Wednesday,12000,571,1887.0,1666.0,1018.0,5142.0,6858,226775,181250,93259,57,No,2018,8,2,241,35,3,0,2,0,0.5715,4601.0,4336.0,0.0,3678.0,1,0,1,0
2018-08-30,Thursday,6858,499,1692.0,1355.0,858.0,4404.0,2454,189512,132955,101827,20,No,2018,8,3,242,35,3,0,3,0,0.2045,4659.0,4408.0,6858.0,5142.0,2,0,1,0
2018-08-31,Friday,2454,563,1745.0,1246.0,730.0,4284.0,0,200498,127454,85164,1,Yes,2018,8,4,243,35,3,0,4,1,0.0,4564.0,4610.0,2454.0,4404.0,0,0,1,0
2018-09-01,Saturday,12000,871,2407.0,1948.0,1297.0,6523.0,5477,288806,187712,148718,45,No,2018,9,5,244,35,3,1,5,0,0.4564,4760.0,5070.0,0.0,4284.0,1,0,0,0
2018-09-02,Sunday,5477,804,2276.0,1905.0,876.0,5861.0,0,251301,165424,126374,1,Yes,2018,9,6,245,35,3,1,6,1,0.0,4868.0,5556.0,5477.0,6523.0,0,0,0,0
2018-09-03,Monday,12000,526,1696.0,1300.0,1263.0,4785.0,7215,205343,156251,119266,60,No,2018,9,0,246,36,3,0,0,0,0.6012,4954.0,5723.0,0.0,5861.0,1,0,0,0
2018-09-04,Tuesday,7215,546,1551.0,1169.0,1031.0,4297.0,2918,173126,144804,95600,24,No,2018,9,1,247,36,3,0,1,0,0.2432,5042.0,4981.0,7215.0,4785.0,2,0,0,0
2018-09-05,Wednesday,2918,527,1616.0,1387.0,992.0,4522.0,0,199290,150939,104072,1,Yes,2018,9,2,248,36,3,0,2,1,0.0,4954.0,4535.0,2918.0,4297.0,0,0,0,0
2018-09-06,Thursday,12000,568,2247.0,1726.0,1125.0,5666.0,6334,238892,170949,106058,52,No,2018,9,3,249,36,3,0,3,0,0.5278,5134.0,4828.0,0.0,4522.0,1,0,0,0
2018-09-07,Friday,6334,776,2125.0,1758.0,1069.0,5728.0,606,229821,158379,110062,5,Yes,2018,9,4,250,36,3,0,4,1,0.0505,5340.0,5305.0,6334.0,5666.0,0,0,0,0
2018-09-08,Saturday,12000,628,2148.0,1917.0,1419.0,6112.0,5888,245864,191518,114288,49,No,2018,9,5,251,36,3,1,5,0,0.4907,5282.0,5835.0,606.0,5728.0,1,0,0,0
2018-09-09,Sunday,5888,600,2184.0,1739.0,1121.0,5644.0,244,250870,162391,134973,2,Yes,2018,9,6,252,36,3,1,6,1,0.0203,5251.0,5828.0,5888.0,6112.0,0,0,0,0
2018-09-10,Monday,12000,607,1705.0,1518.0,844.0,4674.0,7326,192934,141055,103870,61,No,2018,9,0,253,37,3,0,0,0,0.6105,5235.0,5477.0,244.0,5644.0,1,0,0,0
2018-09-11,Tuesday,7326,664,1948.0,1432.0,861.0,4905.0,2421,200323,160823,114809,20,No,2018,9,1,254,37,3,0,1,0,0.2018,5322.0,5074.0,7326.0,4674.0,2,0,0,0
2018-09-12,Wednesday,2421,589,1720.0,1346.0,740.0,4395.0,0,188919,129778,87904,1,Yes,2018,9,2,255,37,3,0,2,1,0.0,5303.0,4658.0,2421.0,4905.0,0,0,0,0
2018-09-13,Thursday,12000,609,2035.0,1698.0,847.0,5189.0,6811,223775,151171,108640,56,No,2018,9,3,256,37,3,0,3,0,0.5676,5235.0,4830.0,0.0,4395.0,1,0,0,0
2018-09-14,Friday,6811,656,2281.0,1815.0,1059.0,5811.0,1000,248300,182443,127922,8,Yes,2018,9,4,257,37,3,0,4,1,0.0833,5247.0,5132.0,6811.0,5189.0,0,0,0,0
2018-09-15,Saturday,12000,794,2306.0,1956.0,1007.0,6063.0,5937,257274,194526,119381,49,No,2018,9,5,258,37,3,1,5,0,0.4948,5240.0,5688.0,1000.0,5811.0,1,0,0,0
2018-09-16,Sunday,5937,578,2169.0,1648.0,1152.0,5547.0,390,228619,166483,125338,3,Yes,2018,9,6,259,37,3,1,6,1,0.0325,5226.0,5807.0,5937.0,6063.0,0,0,0,0
2018-09-17,Monday,12000,498,1743.0,1153.0,869.0,4263.0,7737,179014,121406,105505,64,No,2018,9,0,260,38,3,0,0,0,0.6448,5168.0,5291.0,390.0,5547.0,1,0,0,0
2018-09-18,Tuesday,7737,527,1753.0,1383.0,1245.0,4908.0,2829,213878,163683,91873,23,No,2018,9,1,261,38,3,0,1,0,0.2358,5168.0,4906.0,7737.0,4263.0,2,0,0,0
2018-09-19,Wednesday,2829,559,1762.0,1284.0,944.0,4549.0,0,180653,145891,103862,1,Yes,2018,9,2,262,38,3,0,2,1,0.0,5190.0,4573.0,2829.0,4908.0,0,0,0,0
2018-09-20,Thursday,12000,632,2136.0,1670.0,865.0,5303.0,6697,219159,180449,129054,55,No,2018,9,3,263,38,3,0,3,0,0.5581,5206.0,4920.0,0.0,4549.0,1,0,0,0
2018-09-21,Friday,6697,685,1929.0,1769.0,1079.0,5462.0,1235,236940,183881,124541,10,Yes,2018,9,4,264,38,3,0,4,1,0.1029,5156.0,5105.0,6697.0,5303.0,0,0,0,0
2018-09-22,Saturday,12000,868,2536.0,1814.0,1287.0,6505.0,5495,291585,178471,129090,45,No,2018,9,5,265,38,3,1,5,0,0.4579,5220.0,5757.0,1235.0,5462.0,1,0,0,0
2018-09-23,Sunday,5495,784,2288.0,1645.0,884.0,5601.0,0,246997,188460,119560,1,Yes,2018,9,6,266,38,3,1,6,1,0.0,5227.0,5856.0,5495.0,6505.0,0,0,0,0
2018-09-24,Monday,12000,527,1667.0,1389.0,936.0,4519.0,7481,204004,152228,91718,62,No,2018,9,0,267,39,3,0,0,0,0.6234,5264.0,5542.0,0.0,5601.0,1,0,0,0
2018-09-25,Tuesday,7481,550,1508.0,1291.0,959.0,4308.0,3173,188690,134974,103690,26,No,2018,9,1,268,39,3,0,1,0,0.2644,5178.0,4809.0,7481.0,4519.0,2,0,0,0
2018-09-26,Wednesday,3173,649,1769.0,1508.0,934.0,4860.0,0,189700,162603,102392,1,Yes,2018,9,2,269,39,3,0,2,1,0.0,5223.0,4562.0,3173.0,4308.0,0,0,0,0
2018-09-27,Thursday,12000,633,1857.0,1328.0,1012.0,4830.0,7170,202501,158547,117585,59,No,2018,9,3,270,39,3,0,3,0,0.5975,5155.0,4666.0,0.0,4860.0,1,0,0,0
2018-09-28,Friday,7170,612,2087.0,1421.0,1103.0,5223.0,1947,220387,170432,97127,16,Yes,2018,9,4,271,39,3,0,4,1,0.1622,5121.0,4971.0,7170.0,4830.0,0,0,0,0
2018-09-29,Saturday,12000,660,2550.0,2137.0,1139.0,6486.0,5514,253638,192986,146440,45,No,2018,9,5,272,39,3,1,5,0,0.4595,5118.0,5513.0,1947.0,5223.0,1,0,0,0
2018-09-30,Sunday,5514,657,2239.0,1758.0,1138.0,5792.0,0,269554,188681,110147,1,Yes,2018,9,6,273,39,3,1,6,1,0.0,5145.0,5834.0,5514.0,6486.0,0,0,0,0
2018-10-01,Monday,12000,614,1894.0,1730.0,1167.0,5405.0,6595,234128,166798,113527,54,No,2018,10,0,274,40,4,0,0,0,0.5496,5272.0,5894.0,0.0,5792.0,1,1,0,0
2018-10-02,Tuesday,6595,593,2137.0,1596.0,975.0,5301.0,1294,235246,172610,100845,10,Yes,2018,10,1,275,40,4,0,1,1,0.1078,5414.0,5499.0,6595.0,5405.0,0,1,0,0
2018-10-03,Wednesday,12000,676,2132.0,1478.0,986.0,5272.0,6728,228467,178498,111522,56,No,2018,10,2,276,40,4,0,2,0,0.5607,5473.0,5326.0,1294.0,5301.0,1,1,0,0
2018-10-04,Thursday,6728,742,2077.0,1590.0,1186.0,5595.0,1133,245316,170456,129342,9,Yes,2018,10,3,277,40,4,0,3,1,0.0944,5582.0,5389.0,6728.0,5272.0,0,1,0,0
2018-10-05,Friday,12000,718,1861.0,1547.0,1190.0,5316.0,6684,230172,187878,110673,55,No,2018,10,4,278,40,4,0,4,0,0.557,5595.0,5394.0,1133.0,5595.0,1,1,0,0
2018-10-06,Saturday,6684,814,2730.0,2076.0,1327.0,6947.0,0,307310,234900,135323,1,Yes,2018,10,5,279,40,4,1,5,1,0.0,5661.0,5953.0,6684.0,5316.0,0,1,0,0
2018-10-07,Sunday,12000,722,2689.0,1864.0,1571.0,6846.0,5154,305799,222763,167204,42,No,2018,10,6,280,40,4,1,6,0,0.4295,5812.0,6370.0,0.0,6947.0,1,1,0,0
2018-10-08,Monday,5154,548,1992.0,1523.0,1019.0,5082.0,72,228491,146451,100844,1,Yes,2018,10,0,281,41,4,0,0,1,0.006,5766.0,6292.0,5154.0,6846.0,0,1,0,0
2018-10-09,Tuesday,12000,641,2182.0,1753.0,1161.0,5737.0,6263,243027,163454,147575,52,No,2018,10,1,282,41,4,0,1,0,0.5219,5828.0,5888.0,72.0,5082.0,1,1,0,0
2018-10-10,Wednesday,6263,552,2180.0,1662.0,1109.0,5503.0,760,243580,180371,118300,6,Yes,2018,10,2,283,41,4,0,2,1,0.0633,5861.0,5441.0,6263.0,5737.0,0,1,0,0
2018-10-11,Thursday,12000,671,2338.0,1655.0,1451.0,6115.0,5885,239877,171826,113198,49,No,2018,10,3,284,41,4,0,3,0,0.4904,5935.0,5785.0,760.0,5503.0,1,1,0,0
2018-10-12,Friday,5885,758,2722.0,2092.0,1105.0,6677.0,0,312940,211631,149040,1,Yes,2018,10,4,285,41,4,0,4,1,0.0,6130.0,6098.0,5885.0,6115.0,0,1,0,0
2018-10-13,Saturday,12000,944,2805.0,2091.0,1083.0,6927.0,5073,293184,212098,152517,42,No,2018,10,5,286,41,4,1,5,0,0.4228,6127.0,6573.0,0.0,6677.0,1,1,0,0
2018-10-14,Sunday,5073,624,2484.0,1878.0,1250.0,6236.0,0,277964,199177,148486,1,Yes,2018,10,6,287,41,4,1,6,1,0.0,6040.0,6613.0,5073.0,6927.0,0,1,0,0
2018-10-15,Monday,12000,571,1867.0,1482.0,1197.0,5117.0,6883,218179,169443,123308,57,No,2018,10,0,288,42,4,0,0,0,0.5736,6045.0,6093.0,0.0,6236.0,1,1,0,0
2018-10-16,Tuesday,6883,618,2094.0,1798.0,974.0,5484.0,1399,252447,166481,102626,11,Yes,2018,10,1,289,42,4,0,1,1,0.1166,6008.0,5612.0,6883.0,5117.0,0,1,0,0
2018-10-17,Wednesday,12000,589,2155.0,1476.0,1135.0,5355.0,6645,230385,147354,121977,55,No,2018,10,2,290,42,4,0,2,0,0.5538,5987.0,5319.0,1399.0,5484.0,1,1,0,0
2018-10-18,Thursday,6645,698,2184.0,1773.0,758.0,5413.0,1232,243827,153463,106716,10,Yes,2018,10,3,291,42,4,0,3,1,0.1027,5887.0,5417.0,6645.0,5355.0,0,1,0,0
2018-10-19,Friday,12000,692,2196.0,1958.0,1116.0,5962.0,6038,251776,177824,141090,50,No,2018,10,4,292,42,4,0,4,0,0.5032,5785.0,5577.0,1232.0,5413.0,1,1,0,0
2018-10-20,Saturday,6038,944,2774.0,2158.0,1503.0,7471.0,0,324951,219572,178496,1,Yes,2018,10,5,293,42,4,1,5,1,0.0,5863.0,6282.0,6038.0,5962.0,0,1,0,0
2018-10-21,Sunday,12000,837,2777.0,1953.0,1325.0,6892.0,5108,308791,224890,136748,42,No,2018,10,6,294,42,4,1,6,0,0.4257,5956.0,6775.0,0.0,7471.0,1,1,0,0
2018-10-22,Monday,5108,677,2280.0,1663.0,1490.0,6110.0,0,247749,204466,113122,1,Yes,2018,10,0,295,43,4,0,0,1,0.0,6098.0,6824.0,5108.0,6892.0,0,1,0,0
2018-10-23,Tuesday,12000,682,2060.0,1510.0,1243.0,5495.0,6505,230668,187778,133500,54,No,2018,10,1,296,43,4,0,1,0,0.5421,6100.0,6166.0,0.0,6110.0,1,1,0,0
2018-10-24,Wednesday,6505,566,2158.0,1508.0,1237.0,5469.0,1036,219996,178334,108599,8,Yes,2018,10,2,297,43,4,0,2,1,0.0863,6116.0,5691.0,6505.0,5495.0,0,1,0,0
2018-10-25,Thursday,12000,722,2045.0,1486.0,1181.0,5434.0,6566,241612,168101,132494,54,No,2018,10,3,298,43,4,0,3,0,0.5472,6119.0,5466.0,1036.0,5469.0,1,1,0,0
2018-10-26,Friday,6566,726,2519.0,2084.0,1250.0,6579.0,0,258713,196215,165235,1,Yes,2018,10,4,299,43,4,0,4,1,0.0,6207.0,5827.0,6566.0,5434.0,0,1,0,0
2018-10-27,Saturday,12000,847,2448.0,1886.0,1420.0,6601.0,5399,275886,196091,150658,44,No,2018,10,5,300,43,4,1,5,0,0.4499,6083.0,6205.0,0.0,6579.0,1,1,0,0
2018-10-28,Sunday,5399,852,2647.0,2153.0,1071.0,6723.0,0,263059,232521,136514,1,Yes,2018,10,6,301,43,4,1,6,1,0.0,6059.0,6634.0,5399.0,6601.0,0,1,0,0
2018-10-29,Monday,12000,634,2053.0,1555.0,1079.0,5321.0,6679,252663,172447,121771,55,No,2018,10,0,302,44,4,0,0,0,0.5566,5946.0,6215.0,0.0,6723.0,1,1,0,0
2018-10-30,Tuesday,6679,683,2157.0,1712.0,974.0,5526.0,1153,251713,193715,114548,9,Yes,2018,10,1,303,44,4,0,1,1,0.0961,5950.0,5857.0,6679.0,5321.0,0,1,0,0
2018-10-31,Wednesday,12000,762,2272.0,1784.0,1002.0,5820.0,6180,261257,207761,128528,51,No,2018,10,2,304,44,4,0,2,0,0.515,6001.0,5556.0,1153.0,5526.0,1,1,0,0
2018-11-01,Thursday,6180,673,1896.0,1589.0,1182.0,5340.0,840,236905,146294,127961,7,Yes,2018,11,3,305,44,4,0,3,1,0.07,5987.0,5562.0,6180.0,5820.0,0,1,0,0
2018-11-02,Friday,12000,688,2309.0,1876.0,1383.0,6256.0,5744,278125,208097,148672,47,No,2018,11,4,306,44,4,0,4,0,0.4787,5941.0,5805.0,840.0,5340.0,1,1,0,0
2018-11-03,Saturday,5744,780,2627.0,1857.0,1475.0,6739.0,0,294039,192065,139440,1,Yes,2018,11,5,307,44,4,1,5,1,0.0,5961.0,6112.0,5744.0,6256.0,0,1,0,0
2018-11-04,Sunday,12000,852,2347.0,1767.0,1353.0,6319.0,5681,282185,191991,155087,47,No,2018,11,6,308,44,4,1,6,0,0.4734,5903.0,6438.0,0.0,6739.0,1,1,0,0
2018-11-05,Monday,5681,676,2066.0,1465.0,1151.0,5358.0,323,212993,160222,125702,2,Yes,2018,11,0,309,45,4,0,0,1,0.0269,5908.0,6139.0,5681.0,6319.0,0,1,0,0
2018-11-06,Tuesday,12000,540,1812.0,1407.0,1346.0,5105.0,6895,234717,136346,108601,57,No,2018,11,1,310,45,4,0,1,0,0.5746,5848.0,5594.0,323.0,5358.0,1,1,0,0
2018-11-07,Wednesday,6895,696,2151.0,1680.0,1563.0,6090.0,805,281543,202077,141782,6,Yes,2018,11,2,311,45,4,0,2,1,0.0671,5887.0,5518.0,6895.0,5105.0,0,1,0,0
2018-11-08,Thursday,12000,604,1965.0,1643.0,1266.0,5478.0,6522,240136,162687,119296,54,No,2018,11,3,312,45,4,0,3,0,0.5435,5906.0,5558.0,805.0,6090.0,1,1,0,0
2018-11-09,Friday,6522,634,2219.0,1857.0,1028.0,5738.0,784,250125,167182,127494,6,Yes,2018,11,4,313,45,4,0,4,1,0.0653,5832.0,5769.0,6522.0,5478.0,0,1,0,0
2018-11-10,Saturday,12000,941,2667.0,2189.0,1301.0,7098.0,4902,322372,233215,133601,40,No,2018,11,5,314,45,4,1,5,0,0.4085,5884.0,6105.0,784.0,5738.0,1,1,0,0
2018-11-11,Sunday,4902,750,2692.0,2038.0,1560.0,7040.0,0,289938,228634,132563,1,Yes,2018,11,6,315,45,4,1,6,1,0.0,5987.0,6625.0,4902.0,7098.0,0,1,0,0
2018-11-12,Monday,12000,653,2092.0,1460.0,1083.0,5288.0,6712,212817,184228,122100,55,No,2018,11,0,316,46,4,0,0,0,0.5593,5977.0,6475.0,0.0,7040.0,1,1,0,0
2018-11-13,Tuesday,6712,629,2024.0,1629.0,722.0,5004.0,1708,215244,142998,101135,14,Yes,2018,11,1,317,46,4,0,1,1,0.1423,5962.0,5777.0,6712.0,5288.0,0,1,0,0
2018-11-14,Wednesday,12000,557,1874.0,1468.0,982.0,4881.0,7119,216661,169131,106236,59,No,2018,11,2,318,46,4,0,2,0,0.5933,5790.0,5058.0,1708.0,5004.0,1,1,0,0
2018-11-15,Thursday,7119,723,2156.0,1776.0,1169.0,5824.0,1295,266996,177169,106831,10,Yes,2018,11,3,319,46,4,0,3,1,0.1079,5839.0,5236.0,7119.0,4881.0,0,1,0,0
2018-11-16,Friday,12000,823,2555.0,1954.0,1177.0,6509.0,5491,289166,197140,129812,45,No,2018,11,4,320,46,4,0,4,0,0.4576,5949.0,5738.0,1295.0,5824.0,1,1,0,0
2018-11-17,Saturday,5491,718,2789.0,1945.0,1456.0,6908.0,0,328055,207023,130357,1,Yes,2018,11,5,321,46,4,1,5,1,0.0,5922.0,6414.0,5491.0,6509.0,0,1,0,0
2018-11-18,Sunday,12000,843,2288.0,1650.0,1257.0,6038.0,5962,251693,197034,120652,49,No,2018,11,6,322,46,4,1,6,0,0.4968,5779.0,6485.0,0.0,6908.0,1,1,0,0
2018-11-19,Monday,5962,677,1913.0,1706.0,1029.0,5325.0,637,256675,179554,116268,5,Yes,2018,11,0,323,47,4,0,0,1,0.0531,5784.0,6090.0,5962.0,6038.0,0,1,0,0
2018-11-20,Tuesday,12000,576,2007.0,1526.0,1153.0,5262.0,6738,242276,164636,118138,56,No,2018,11,1,324,47,4,0,1,0,0.5615,5821.0,5542.0,637.0,5325.0,1,1,0,0
2018-11-21,Wednesday,6738,686,2049.0,1444.0,956.0,5135.0,1603,218862,169032,111623,13,Yes,2018,11,2,325,47,4,0,2,1,0.1336,5857.0,5241.0,6738.0,5262.0,0,1,0,0
2018-11-22,Thursday,12000,571,2146.0,1563.0,1149.0,5429.0,6571,227223,174487,126783,54,No,2018,11,3,326,47,4,0,3,0,0.5476,5801.0,5275.0,1603.0,5135.0,1,1,0,0
2018-11-23,Friday,6571,775,2255.0,1917.0,1248.0,6195.0,376,264383,196387,139452,3,Yes,2018,11,4,327,47,4,0,4,1,0.0313,5756.0,5586.0,6571.0,5429.0,0,1,0,0
2018-11-24,Saturday,12000,744,2521.0,2055.0,1583.0,6903.0,5097,295408,234929,151711,42,No,2018,11,5,328,47,4,1,5,0,0.4248,5755.0,6176.0,376.0,6195.0,1,1,0,0
2018-11-25,Sunday,5097,922,2737.0,2197.0,928.0,6784.0,0,301278,223702,158544,1,Yes,2018,11,6,329,47,4,1,6,1,0.0,5862.0,6627.0,5097.0,6903.0,0,1,0,0
2018-11-26,Monday,12000,510,1827.0,1562.0,1173.0,5072.0,6928,215254,162700,108467,57,No,2018,11,0,330,48,4,0,0,0,0.5773,5826.0,6253.0,0.0,6784.0,1,1,0,0
2018-11-27,Tuesday,6928,607,2376.0,1872.0,982.0,5837.0,1091,253628,176106,147400,9,Yes,2018,11,1,331,48,4,0,1,1,0.0909,5908.0,5898.0,6928.0,5072.0,0,1,0,0
2018-11-28,Wednesday,12000,568,1882.0,1475.0,1216.0,5141.0,6859,215540,169226,103806,57,No,2018,11,2,332,48,4,0,2,0,0.5716,5909.0,5350.0,1091.0,5837.0,1,1,0,0
2018-11-29,Thursday,6859,604,1959.0,1527.0,933.0,5023.0,1836,219661,143338,100334,15,Yes,2018,11,3,333,48,4,0,3,1,0.153,5851.0,5334.0,6859.0,5141.0,0,1,0,0
2018-11-30,Friday,12000,875,2305.0,1732.0,1434.0,6346.0,5654,282078,213812,147754,47,No,2018,11,4,334,48,4,0,4,0,0.4712,5872.0,5503.0,1836.0,5023.0,1,1,0,0
2018-12-01,Saturday,5654,624,2347.0,1703.0,1367.0,6041.0,0,264307,184573,149096,1,Yes,2018,12,5,335,48,4,1,5,1,0.0,5749.0,5803.0,5654.0,6346.0,0,0,0,0
2018-12-02,Sunday,12000,672,2157.0,1660.0,1599.0,6088.0,5912,271791,174841,134861,49,No,2018,12,6,336,48,4,1,6,0,0.4927,5650.0,6158.0,0.0,6041.0,1,0,0,0
2018-12-03,Monday,5912,631,1801.0,1336.0,1143.0,4911.0,1001,211718,140313,92588,8,Yes,2018,12,0,337,49,4,0,0,1,0.0834,5627.0,5680.0,5912.0,6088.0,0,0,0,0
2018-12-04,Tuesday,12000,572,1867.0,1349.0,814.0,4602.0,7398,190141,152407,111846,61,No,2018,12,1,338,49,4,0,1,0,0.6165,5450.0,5200.0,1001.0,4911.0,1,0,0,0
2018-12-05,Wednesday,7398,523,1869.0,1606.0,1063.0,5061.0,2337,203248,183006,108762,19,No,2018,12,2,339,49,4,0,2,0,0.1948,5439.0,4858.0,7398.0,4602.0,2,0,0,0
2018-12-06,Thursday,2337,508,1846.0,1416.0,1279.0,5049.0,0,202606,162398,108969,1,Yes,2018,12,3,340,49,4,0,3,1,0.0,5443.0,4904.0,2337.0,5061.0,0,0,0,0
2018-12-07,Friday,12000,806,2423.0,1833.0,962.0,6024.0,5976,274859,204468,113411,49,No,2018,12,4,341,49,4,0,4,0,0.498,5397.0,5378.0,0.0,5049.0,1,0,0,0
2018-12-08,Saturday,5976,700,2142.0,1973.0,1244.0,6059.0,0,254635,167625,114631,1,Yes,2018,12,5,342,49,4,1,5,1,0.0,5399.0,5711.0,5976.0,6024.0,0,0,0,0
2018-12-09,Sunday,12000,701,2554.0,1796.0,1257.0,6308.0,5692,269760,219342,141061,47,No,2018,12,6,343,49,4,1,6,0,0.4743,5431.0,6130.0,0.0,6059.0,1,0,0,0
2018-12-10,Monday,5692,601,1765.0,1612.0,1057.0,5035.0,657,221852,148714,101606,5,Yes,2018,12,0,344,50,4,0,0,1,0.0548,5448.0,5801.0,5692.0,6308.0,0,0,0,0
2018-12-11,Tuesday,12000,487,1635.0,1437.0,987.0,4546.0,7454,195314,142934,101070,62,No,2018,12,1,345,50,4,0,1,0,0.6212,5440.0,5296.0,657.0,5035.0,1,0,0,0
2018-12-12,Wednesday,7454,556,1708.0,1317.0,1071.0,4652.0,2802,196188,130886,93617,23,No,2018,12,2,346,50,4,0,2,0,0.2335,5382.0,4744.0,7454.0,4546.0,2,0,0,0
2018-12-13,Thursday,2802,546,1858.0,1612.0,892.0,4908.0,0,196461,173864,94759,1,Yes,2018,12,3,347,50,4,0,3,1,0.0,5362.0,4702.0,2802.0,4652.0,0,0,0,0
2018-12-14,Friday,12000,584,2323.0,1596.0,1298.0,5801.0,6199,254394,189567,122416,51,No,2018,12,4,348,50,4,0,4,0,0.5166,5330.0,5120.0,0.0,4908.0,1,0,0,0
2018-12-15,Saturday,6199,653,1868.0,1699.0,1066.0,5286.0,913,221794,183367,120608,7,Yes,2018,12,5,349,50,4,1,5,1,0.0761,5219.0,5332.0,6199.0,5801.0,0,0,0,0
2018-12-16,Sunday,12000,586,2166.0,1768.0,1132.0,5652.0,6348,244557,180863,132328,52,No,2018,12,6,350,50,4,1,6,0,0.529,5126.0,5580.0,913.0,5286.0,1,0,0,0
2018-12-17,Monday,6348,557,1779.0,1328.0,953.0,4617.0,1731,180450,142074,111892,14,Yes,2018,12,0,351,51,4,0,0,1,0.1442,5066.0,5185.0,6348.0,5652.0,0,0,0,0
2018-12-18,Tuesday,12000,647,1991.0,1373.0,943.0,4954.0,7046,209210,150172,105780,58,No,2018,12,1,352,51,4,0,1,0,0.5872,5124.0,5074.0,1731.0,4617.0,1,0,0,0
2018-12-19,Wednesday,7046,551,1821.0,1201.0,871.0,4444.0,2602,175138,133820,108267,21,No,2018,12,2,353,51,4,0,2,0,0.2168,5095.0,4672.0,7046.0,4954.0,2,0,0,0
2018-12-20,Thursday,2602,611,1989.0,1714.0,1090.0,5404.0,0,232520,182105,125342,1,Yes,2018,12,3,354,51,4,0,3,1,0.0,5165.0,4934.0,2602.0,4444.0,0,0,0,0
2018-12-21,Friday,12000,502,1913.0,1592.0,991.0,4998.0,7002,209769,145227,103920,58,No,2018,12,4,355,51,4,0,4,0,0.5835,5051.0,4949.0,0.0,5404.0,1,0,0,0
2018-12-22,Saturday,7002,731,2357.0,1714.0,1258.0,6060.0,942,244986,176359,120191,7,Yes,2018,12,5,356,51,4,1,5,1,0.0785,5161.0,5487.0,7002.0,4998.0,0,0,0,0
2018-12-23,Sunday,12000,650,1970.0,1572.0,1151.0,5343.0,6657,247583,174137,102442,55,No,2018,12,6,357,51,4,1,6,0,0.5548,5117.0,5467.0,942.0,6060.0,1,0,0,0
2018-12-24,Monday,6657,547,1992.0,1537.0,891.0,4967.0,1690,216056,157660,116264,14,Yes,2018,12,0,358,52,4,0,0,1,0.1408,5167.0,5457.0,6657.0,5343.0,0,0,0,0
2018-12-25,Tuesday,12000,546,1628.0,1504.0,909.0,4587.0,7413,193718,161258,104464,61,No,2018,12,1,359,52,4,0,1,0,0.6178,5115.0,4966.0,1690.0,4967.0,1,0,0,0
2018-12-26,Wednesday,7413,539,1783.0,1433.0,980.0,4735.0,2678,207429,148896,101765,22,No,2018,12,2,360,52,4,0,2,0,0.2232,5156.0,4763.0,7413.0,4587.0,2,0,0,0
2018-12-27,Thursday,2678,608,1935.0,1298.0,921.0,4762.0,0,215345,157327,100380,1,Yes,2018,12,3,361,52,4,0,3,1,0.0,5065.0,4695.0,2678.0,4735.0,0,0,0,0
2018-12-28,Friday,12000,654,2028.0,1479.0,1065.0,5226.0,6774,241151,154473,124167,56,No,2018,12,4,362,52,4,0,4,0,0.5645,5097.0,4908.0,0.0,4762.0,1,0,0,0
2018-12-29,Saturday,6774,686,2169.0,1599.0,1239.0,5693.0,1081,245392,162760,132275,9,Yes,2018,12,5,363,52,4,1,5,1,0.0901,5045.0,5227.0,6774.0,5226.0,0,0,0,0
2018-12-30,Sunday,12000,727,2378.0,1794.0,1512.0,6411.0,5589,280376,205919,145049,46,No,2018,12,6,364,52,4,1,6,0,0.4658,5197.0,5777.0,1081.0,5693.0,1,0,0,0
2018-12-31,Monday,5589,556,1696.0,1378.0,600.64,4218.0,1371,191853,137960,86267,11,Yes,2018,12,0,365,1,4,0,0,1,0.1142,5090.0,5441.0,5589.0,6411.0,0,0,0,0
2019-01-01,Tuesday,12000,553,1717.0,1211.0,941.0,4422.0,7578,187899,148884,91845,63,No,2019,1,1,1,1,1,0,1,0,0.6315,5067.0,5017.0,1371.0,4218.0,1,0,0,0
2019-01-02,Wednesday,7578,479,1666.0,1528.0,1087.0,4760.0,2818,209709,143528,100955,23,No,2019,1,2,2,1,1,0,2,0,0.2348,5070.0,4467.0,7578.0,4422.0,2,0,0,0
2019-01-03,Thursday,2818,531,1892.0,1366.0,968.0,4757.0,0,189680,143558,98592,1,Yes,2019,1,3,3,1,1,0,3,1,0.0,5070.0,4646.0,2818.0,4760.0,0,0,0,0
2019-01-04,Friday,12000,652,2035.0,1675.0,1231.0,5593.0,6407,240062,172201,116395,53,No,2019,1,4,4,1,1,0,4,0,0.5339,5122.0,5037.0,0.0,4757.0,1,0,0,0
2019-01-05,Saturday,6407,727,2228.0,1771.0,1490.0,6216.0,191,281831,208923,135195,1,Yes,2019,1,5,5,1,1,1,5,1,0.0159,5197.0,5522.0,6407.0,5593.0,0,0,0,0
2019-01-06,Sunday,12000,575,1995.0,1480.0,1146.0,5196.0,6804,215931,183888,107156,56,No,2019,1,6,6,1,1,1,6,0,0.567,5023.0,5668.0,191.0,6216.0,1,0,0,0
2019-01-07,Monday,6804,487,1940.0,1384.0,1022.0,4833.0,1971,208319,140925,99367,16,Yes,2019,1,0,7,2,1,0,0,1,0.1642,5111.0,5415.0,6804.0,5196.0,0,0,0,0
2019-01-08,Tuesday,12000,516,1801.0,1559.0,1065.0,4941.0,7059,201507,144158,106824,58,No,2019,1,1,8,2,1,0,1,0,0.5883,5185.0,4990.0,1971.0,4833.0,1,0,0,0
2019-01-09,Wednesday,7059,503,1823.0,1414.0,865.0,4605.0,2454,198084,157423,98895,20,No,2019,1,2,9,2,1,0,2,0,0.2045,5163.0,4793.0,7059.0,4941.0,2,0,0,0
2019-01-10,Thursday,2454,529,2163.0,1700.0,888.0,5280.0,0,217408,175792,114700,1,Yes,2019,1,3,10,2,1,0,3,1,0.0,5238.0,4942.0,2454.0,4605.0,0,0,0,0
2019-01-11,Friday,12000,770,2166.0,1633.0,1084.0,5653.0,6347,244669,154183,123733,52,No,2019,1,4,11,2,1,0,4,0,0.5289,5246.0,5179.0,0.0,5280.0,1,0,0,0
2019-01-12,Saturday,6347,729,1985.0,1811.0,1035.0,5560.0,787,245740,167202,139146,6,Yes,2019,1,5,12,2,1,1,5,1,0.0656,5153.0,5498.0,6347.0,5653.0,0,0,0,0
2019-01-13,Sunday,12000,780,2331.0,1731.0,898.0,5740.0,6260,220078,183570,116720,52,No,2019,1,6,13,2,1,1,6,0,0.5217,5230.0,5651.0,787.0,5560.0,1,0,0,0
2019-01-14,Monday,6260,583,1696.0,1445.0,977.0,4701.0,1559,205796,155634,112623,12,Yes,2019,1,0,14,3,1,0,0,1,0.1299,5211.0,5334.0,6260.0,5740.0,0,0,0,0
2019-01-15,Tuesday,12000,701,2000.0,1543.0,812.0,5056.0,6944,211847,172382,102500,57,No,2019,1,1,15,3,1,0,1,0,0.5787,5228.0,5166.0,1559.0,4701.0,1,0,0,0
2019-01-16,Wednesday,6944,616,1810.0,1263.0,729.0,4418.0,2526,196092,139605,107273,21,No,2019,1,2,16,3,1,0,2,0,0.2105,5201.0,4725.0,6944.0,5056.0,2,0,0,0
2019-01-17,Thursday,2526,563,1834.0,1511.0,872.0,4780.0,0,199839,149361,120412,1,Yes,2019,1,3,17,3,1,0,3,1,0.0,5130.0,4751.0,2526.0,4418.0,0,0,0,0
2019-01-18,Friday,12000,708,2251.0,1799.0,742.0,5500.0,6500,239721,190536,119573,54,No,2019,1,4,18,3,1,0,4,0,0.5417,5108.0,4899.0,0.0,4780.0,1,0,0,0
2019-01-19,Saturday,6500,861,2240.0,1948.0,1120.0,6169.0,331,235874,187235,119621,2,Yes,2019,1,5,19,3,1,1,5,1,0.0276,5195.0,5483.0,6500.0,5500.0,0,0,0,0
2019-01-20,Sunday,12000,874,2368.0,1748.0,1389.0,6379.0,5621,252158,214207,122135,46,No,2019,1,6,20,3,1,1,6,0,0.4684,5286.0,6016.0,331.0,6169.0,1,0,0,0
2019-01-21,Monday,5621,532,1692.0,1389.0,791.0,4404.0,1217,176890,127379,84337,10,Yes,2019,1,0,21,4,1,0,0,1,0.1014,5244.0,5651.0,5621.0,6379.0,0,0,0,0
2019-01-22,Tuesday,12000,525,2078.0,1667.0,840.0,5110.0,6890,238343,155005,94917,57,No,2019,1,1,22,4,1,0,1,0,0.5742,5251.0,5298.0,1217.0,4404.0,1,0,0,0
2019-01-23,Wednesday,6890,523,2070.0,1402.0,1056.0,5051.0,1839,215449,147996,108526,15,Yes,2019,1,2,23,4,1,0,2,1,0.1532,5342.0,4855.0,6890.0,5110.0,0,0,0,0
2019-01-24,Thursday,12000,611,1778.0,1384.0,968.0,4741.0,7259,182873,138481,95526,60,No,2019,1,3,24,4,1,0,3,0,0.6049,5336.0,4967.0,1839.0,5051.0,1,0,0,0
2019-01-25,Friday,7259,671,2101.0,1770.0,884.0,5426.0,1833,218241,168916,118591,15,Yes,2019,1,4,25,4,1,0,4,1,0.1528,5326.0,5073.0,7259.0,4741.0,0,0,0,0
2019-01-26,Saturday,12000,792,2799.0,2024.0,1350.0,6965.0,5035,272265,208065,163762,41,No,2019,1,5,26,4,1,1,5,0,0.4196,5439.0,5711.0,1833.0,5426.0,1,0,0,0
2019-01-27,Sunday,5035,765,2172.0,1876.0,1222.0,6035.0,0,231357,167432,124389,1,Yes,2019,1,6,27,4,1,1,6,1,0.0,5390.0,6142.0,5035.0,6965.0,0,0,0,0
2019-01-28,Monday,12000,447,1512.0,1216.0,1126.0,4301.0,7699,176649,148015,97812,64,No,2019,1,0,28,5,1,0,0,0,0.6416,5376.0,5767.0,0.0,6035.0,1,0,0,0
2019-01-29,Tuesday,7699,627,1900.0,1648.0,859.0,5034.0,2665,223508,153999,96378,22,No,2019,1,1,29,5,1,0,1,0,0.2221,5365.0,5123.0,7699.0,4301.0,2,0,0,0
2019-01-30,Wednesday,2665,422,1515.0,1183.0,1041.0,4161.0,0,195839,138194,98529,1,Yes,2019,1,2,30,5,1,0,2,1,0.0,5238.0,4499.0,2665.0,5034.0,0,0,0,0
2019-01-31,Thursday,12000,489,1936.0,1354.0,946.0,4725.0,7275,209759,151331,116034,60,No,2019,1,3,31,5,1,0,3,0,0.6062,5235.0,4640.0,0.0,4161.0,1,0,0,0
2019-02-01,Friday,7275,753,2159.0,1684.0,852.0,5448.0,1827,242668,178059,124013,15,Yes,2019,2,4,32,5,1,0,4,1,0.1522,5238.0,4778.0,7275.0,4725.0,0,0,0,0
2019-02-02,Saturday,12000,710,2187.0,1933.0,1173.0,6003.0,5997,251677,177020,127579,49,No,2019,2,5,33,5,1,1,5,0,0.4998,5101.0,5392.0,1827.0,5448.0,1,0,0,0
2019-02-03,Sunday,5997,673,2277.0,1856.0,1150.0,5956.0,41,276900,164469,114344,1,Yes,2019,2,6,34,5,1,1,6,1,0.0034,5090.0,5802.0,5997.0,6003.0,0,0,0,0
2019-02-04,Monday,12000,657,1885.0,1368.0,858.0,4768.0,7232,203550,164584,99087,60,No,2019,2,0,35,6,1,0,0,0,0.6027,5156.0,5576.0,41.0,5956.0,1,0,0,0
2019-02-05,Tuesday,7232,515,1817.0,1536.0,923.0,4791.0,2441,221438,145871,110799,20,No,2019,2,1,36,6,1,0,1,0,0.2034,5122.0,5172.0,7232.0,4768.0,2,0,0,0
2019-02-06,Wednesday,2441,602,1860.0,1326.0,870.0,4658.0,0,195429,148881,100963,1,Yes,2019,2,2,37,6,1,0,2,1,0.0,5193.0,4739.0,2441.0,4791.0,0,0,0,0
2019-02-07,Thursday,12000,554,1870.0,1430.0,896.0,4750.0,7250,199925,154356,93106,60,No,2019,2,3,38,6,1,0,3,0,0.6042,5196.0,4733.0,0.0,4658.0,1,0,0,0
2019-02-08,Friday,7250,538,1894.0,1477.0,1236.0,5145.0,2105,228008,156521,116354,17,No,2019,2,4,39,6,1,0,4,0,0.1754,5153.0,4851.0,7250.0,4750.0,2,0,0,0
2019-02-09,Saturday,2105,641,2423.0,1645.0,1363.0,6072.0,0,259974,211382,130418,1,Yes,2019,2,5,40,6,1,1,5,1,0.0,5163.0,5322.0,2105.0,5145.0,0,0,0,0
2019-02-10,Sunday,12000,715,2253.0,1769.0,999.0,5736.0,6264,251702,187820,134885,52,No,2019,2,6,41,6,1,1,6,0,0.522,5131.0,5651.0,0.0,6072.0,1,0,0,0
2019-02-11,Monday,6264,437,1674.0,1266.0,796.0,4173.0,2091,183178,124291,99833,17,No,2019,2,0,42,7,1,0,0,0,0.1742,5046.0,5327.0,6264.0,5736.0,2,0,0,0
2019-02-12,Tuesday,2091,657,1769.0,1456.0,829.0,4711.0,0,199350,150918,117176,1,Yes,2019,2,1,43,7,1,0,1,1,0.0,5035.0,4873.0,2091.0,4173.0,0,0,0,0
2019-02-13,Wednesday,12000,500,1612.0,1364.0,1033.0,4509.0,7491,183718,139849,113963,62,No,2019,2,2,44,7,1,0,2,0,0.6242,5014.0,4464.0,0.0,4711.0,1,0,0,0
2019-02-14,Thursday,7491,666,1936.0,1358.0,859.0,4819.0,2672,194086,154173,93793,22,No,2019,2,3,45,7,1,0,3,0,0.2227,5024.0,4680.0,7491.0,4509.0,2,0,0,0
2019-02-15,Friday,2672,688,2091.0,1523.0,1300.0,5602.0,0,233367,173135,125026,1,Yes,2019,2,4,46,7,1,0,4,1,0.0,5089.0,4977.0,2672.0,4819.0,0,0,0,0
2019-02-16,Saturday,12000,615,2220.0,1777.0,1180.0,5792.0,6208,240511,167935,128371,51,No,2019,2,5,47,7,1,1,5,0,0.5173,5049.0,5404.0,0.0,5602.0,1,0,0,0
2019-02-17,Sunday,6208,754,2277.0,1524.0,1001.0,5556.0,652,251452,175820,113253,5,Yes,2019,2,6,48,7,1,1,6,1,0.0543,5023.0,5650.0,6208.0,5792.0,0,0,0,0
2019-02-18,Monday,12000,515,1734.0,1295.0,1188.0,4732.0,7268,186074,144125,101708,60,No,2019,2,0,49,8,1,0,0,0,0.6057,5103.0,5360.0,652.0,5556.0,1,0,0,0
2019-02-19,Tuesday,7268,607,1753.0,1249.0,867.0,4476.0,2792,188238,146347,90298,23,No,2019,2,1,50,8,1,0,1,0,0.2327,5069.0,4921.0,7268.0,4732.0,2,0,0,0
2019-02-20,Wednesday,2792,504,1758.0,1609.0,1145.0,5016.0,0,230374,176535,104192,1,Yes,2019,2,2,51,8,1,0,2,1,0.0,5142.0,4741.0,2792.0,4476.0,0,0,0,0
2019-02-21,Thursday,12000,585,1743.0,1513.0,787.0,4628.0,7372,191108,137900,111924,61,No,2019,2,3,52,8,1,0,3,0,0.6143,5115.0,4707.0,0.0,5016.0,1,0,0,0
2019-02-22,Friday,7372,654,1965.0,1490.0,1198.0,5307.0,2065,233794,177088,122983,17,No,2019,2,4,53,8,1,0,4,0,0.1721,5072.0,4984.0,7372.0,4628.0,2,0,0,0
2019-02-23,Saturday,2065,564,2034.0,1805.0,1104.0,5507.0,0,231435,184788,137806,1,Yes,2019,2,5,54,8,1,1,5,1,0.0,5032.0,5147.0,2065.0,5307.0,0,0,0,0
2019-02-24,Sunday,12000,735,2250.0,1621.0,1297.0,5903.0,6097,251926,179756,126601,50,No,2019,2,6,55,8,1,1,6,0,0.5081,5081.0,5572.0,0.0,5507.0,1,0,0,0
2019-02-25,Monday,6097,589,1778.0,1559.0,817.0,4743.0,1354,212294,132064,106651,11,Yes,2019,2,0,56,9,1,0,0,1,0.1128,5083.0,5384.0,6097.0,5903.0,0,0,0,0
2019-02-26,Tuesday,12000,607,1918.0,1461.0,924.0,4910.0,7090,217253,173587,92180,59,No,2019,2,1,57,9,1,0,1,0,0.5908,5145.0,5185.0,1354.0,4743.0,1,0,0,0
2019-02-27,Wednesday,7090,615,1813.0,1471.0,812.0,4711.0,2379,192497,160324,98501,19,No,2019,2,2,58,9,1,0,2,0,0.1982,5101.0,4788.0,7090.0,4910.0,2,0,0,0
2019-02-28,Thursday,2379,641,1835.0,1588.0,868.0,4932.0,0,195000,137649,87982,1,Yes,2019,2,3,59,9,1,0,3,1,0.0,5145.0,4851.0,2379.0,4711.0,0,0,0,0
2019-03-01,Friday,12000,800,2097.0,1629.0,1385.0,5911.0,6089,260621,182235,112065,50,No,2019,3,4,60,9,1,0,4,0,0.5074,5231.0,5185.0,0.0,4932.0,1,0,0,1
2019-03-02,Saturday,6089,707,2495.0,1673.0,1280.0,6155.0,0,280654,210910,120236,1,Yes,2019,3,5,61,9,1,1,5,1,0.0,5324.0,5666.0,6089.0,5911.0,0,0,0,1
2019-03-03,Sunday,12000,900,2515.0,2065.0,1113.0,6593.0,5407,257880,214620,128289,45,No,2019,3,6,62,9,1,1,6,0,0.4506,5422.0,6220.0,0.0,6155.0,1,0,0,1
2019-03-04,Monday,5407,650,1786.0,1509.0,785.0,4730.0,677,197831,135681,91706,5,Yes,2019,3,0,63,10,1,0,0,1,0.0564,5420.0,5826.0,5407.0,6593.0,0,0,0,1
2019-03-05,Tuesday,12000,583,1792.0,1375.0,1284.0,5034.0,6966,209601,138684,129202,58,No,2019,3,1,64,10,1,0,1,0,0.5805,5438.0,5452.0,677.0,4730.0,1,0,0,1
2019-03-06,Wednesday,6966,578,2281.0,1603.0,1128.0,5590.0,1376,228693,187100,122084,11,Yes,2019,3,2,65,10,1,0,2,1,0.1147,5564.0,5118.0,6966.0,5034.0,0,0,0,1
2019-03-07,Thursday,12000,777,2255.0,1828.0,1003.0,5863.0,6137,262080,188154,130488,51,No,2019,3,3,66,10,1,0,3,0,0.5114,5697.0,5496.0,1376.0,5590.0,1,0,0,1
2019-03-08,Friday,6137,716,2271.0,1791.0,1273.0,6051.0,86,250975,203963,127850,1,Yes,2019,3,4,67,10,1,0,4,1,0.0072,5717.0,5835.0,6137.0,5863.0,0,0,0,1
2019-03-09,Saturday,12000,650,2494.0,2004.0,1223.0,6371.0,5629,292608,178806,157015,46,No,2019,3,5,68,10,1,1,5,0,0.4691,5747.0,6095.0,86.0,6051.0,1,0,0,1
2019-03-10,Sunday,5629,843,2408.0,1822.0,1454.0,6527.0,0,297158,202579,133496,1,Yes,2019,3,6,69,10,1,1,6,1,0.0,5738.0,6316.0,5629.0,6371.0,0,0,0,1
2019-03-11,Monday,12000,578,2110.0,1630.0,872.0,5190.0,6810,216961,172497,107000,56,No,2019,3,0,70,11,1,0,0,0,0.5675,5804.0,6029.0,0.0,6527.0,1,0,0,1
2019-03-12,Tuesday,6810,643,2134.0,1687.0,1349.0,5813.0,997,238709,189325,146076,8,Yes,2019,3,1,71,11,1,0,1,1,0.0831,5915.0,5843.0,6810.0,5190.0,0,0,0,1
2019-03-13,Wednesday,12000,567,2165.0,1631.0,1165.0,5528.0,6472,236681,183203,108203,53,No,2019,3,2,72,11,1,0,2,0,0.5393,5906.0,5510.0,997.0,5813.0,1,0,0,1
2019-03-14,Thursday,6472,668,2057.0,1659.0,906.0,5290.0,1182,237754,152131,93845,9,Yes,2019,3,3,73,11,1,0,3,1,0.0985,5824.0,5544.0,6472.0,5528.0,0,0,0,1
2019-03-15,Friday,12000,652,2148.0,1734.0,1049.0,5583.0,6417,240285,174523,105183,53,No,2019,3,4,74,11,1,0,4,0,0.5347,5757.0,5467.0,1182.0,5290.0,1,0,0,1
2019-03-16,Saturday,6417,716,2713.0,2182.0,1050.0,6661.0,0,268977,212244,127403,1,Yes,2019,3,5,75,11,1,1,5,1,0.0,5799.0,5845.0,6417.0,5583.0,0,0,0,1
2019-03-17,Sunday,12000,775,2618.0,1834.0,1195.0,6422.0,5578,278497,184331,121976,46,No,2019,3,6,76,11,1,1,6,0,0.4648,5784.0,6222.0,0.0,6661.0,1,0,0,1
2019-03-18,Monday,5578,687,2213.0,1671.0,1091.0,5662.0,0,239970,181638,133407,1,Yes,2019,3,0,77,12,1,0,0,1,0.0,5851.0,6248.0,5578.0,6422.0,0,0,0,1
2019-03-19,Tuesday,12000,659,2262.0,1657.0,967.0,5545.0,6455,249524,177155,121331,53,No,2019,3,1,78,12,1,0,1,0,0.5379,5813.0,5876.0,0.0,5662.0,1,0,0,1
2019-03-20,Wednesday,6455,627,2069.0,1540.0,817.0,5053.0,1402,226645,143634,109055,11,Yes,2019,3,2,79,12,1,0,2,1,0.1168,5745.0,5420.0,6455.0,5545.0,0,0,0,1
2019-03-21,Thursday,12000,681,1976.0,1553.0,1205.0,5415.0,6585,208594,188299,134573,54,No,2019,3,3,80,12,1,0,3,0,0.5488,5763.0,5338.0,1402.0,5053.0,1,0,0,1
2019-03-22,Friday,6585,767,2165.0,1865.0,1154.0,5951.0,634,254560,171674,118740,5,Yes,2019,3,4,81,12,1,0,4,1,0.0528,5816.0,5473.0,6585.0,5415.0,0,0,0,1
2019-03-23,Saturday,12000,904,2500.0,1926.0,1529.0,6859.0,5141,273854,240104,134669,42,No,2019,3,5,82,12,1,1,5,0,0.4284,5844.0,6075.0,634.0,5951.0,1,0,0,1
2019-03-24,Sunday,5141,833,2256.0,1741.0,1228.0,6058.0,0,244251,182596,108890,1,Yes,2019,3,6,83,12,1,1,6,1,0.0,5792.0,6289.0,5141.0,6859.0,0,0,0,1
2019-03-25,Monday,12000,686,2138.0,1607.0,1051.0,5482.0,6518,244654,169688,115898,54,No,2019,3,0,84,13,1,0,0,0,0.5432,5766.0,6133.0,0.0,6058.0,1,0,0,1
2019-03-26,Tuesday,6518,680,1835.0,1643.0,938.0,5096.0,1422,219280,165459,115993,11,Yes,2019,3,1,85,13,1,0,1,1,0.1185,5702.0,5545.0,6518.0,5482.0,0,0,0,1
2019-03-27,Wednesday,12000,561,1984.0,1568.0,1251.0,5364.0,6636,239171,183602,103892,55,No,2019,3,2,86,13,1,0,2,0,0.553,5746.0,5314.0,1422.0,5096.0,1,0,0,1
2019-03-28,Thursday,6636,689,2211.0,1851.0,1114.0,5865.0,771,275597,188387,141643,6,Yes,2019,3,3,87,13,1,0,3,1,0.0642,5811.0,5442.0,6636.0,5364.0,0,0,0,1
2019-03-29,Friday,12000,663,2457.0,1872.0,1194.0,6186.0,5814,288195,219593,118926,48,No,2019,3,4,88,13,1,0,4,0,0.4845,5844.0,5805.0,771.0,5865.0,1,0,0,1
2019-03-30,Saturday,5814,896,2619.0,2279.8399999999992,1320.0,7137.0,0,313141,248935,166755,1,Yes,2019,3,5,89,13,1,1,5,1,0.0,5884.0,6396.0,5814.0,6186.0,0,0,0,1
2019-03-31,Sunday,12000,840,2547.0,1993.0,1188.0,6568.0,5432,280740,202738,122365,45,No,2019,3,6,90,13,1,1,6,0,0.4527,5957.0,6630.0,0.0,7137.0,1,0,0,1
2019-04-01,Monday,5432,592,1794.0,1607.0,958.0,4951.0,481,205760,150577,97252,4,Yes,2019,4,0,91,14,2,0,0,1,0.0401,5881.0,6219.0,5432.0,6568.0,0,0,0,1
2019-04-02,Tuesday,12000,644,1824.0,1557.0,1038.0,5063.0,6937,203509,169078,123612,57,No,2019,4,1,92,14,2,0,1,0,0.5781,5876.0,5527.0,481.0,4951.0,1,0,0,1
2019-04-03,Wednesday,6937,589,2126.0,1802.0,1254.0,5771.0,1166,239149,197420,122803,9,Yes,2019,4,2,93,14,2,0,2,1,0.0972,5934.0,5262.0,6937.0,5063.0,0,0,0,1
2019-04-04,Thursday,12000,522,2030.0,1391.0,1196.0,5139.0,6861,235014,147962,111122,57,No,2019,4,3,94,14,2,0,3,0,0.5718,5831.0,5324.0,1166.0,5771.0,1,0,0,1
2019-04-05,Friday,6861,681,2101.0,1702.0,736.0,5220.0,1641,206602,146775,121221,13,Yes,2019,4,4,95,14,2,0,4,1,0.1368,5693.0,5377.0,6861.0,5139.0,0,0,0,1
2019-04-06,Saturday,12000,648,2465.0,1914.0,1430.0,6457.0,5543,288363,188456,159049,46,No,2019,4,5,96,14,2,1,5,0,0.4619,5596.0,5605.0,1641.0,5220.0,1,0,0,1
2019-04-07,Sunday,5543,640,2432.0,1900.0,1257.0,6229.0,0,266800,194662,158458,1,Yes,2019,4,6,97,14,2,1,6,1,0.0,5547.0,5969.0,5543.0,6457.0,0,0,0,1
2019-04-08,Monday,12000,666,2027.0,1618.0,798.0,5109.0,6891,204215,172270,101737,57,No,2019,4,0,98,15,2,0,0,0,0.5742,5570.0,5932.0,0.0,6229.0,1,0,0,1
2019-04-09,Tuesday,6891,668,1923.0,1497.0,858.0,4946.0,1945,227299,151420,117124,16,Yes,2019,4,1,99,15,2,0,1,1,0.1621,5553.0,5428.0,6891.0,5109.0,0,0,0,1
2019-04-10,Wednesday,12000,547,1967.0,1559.0,830.0,4903.0,7097,225789,176012,92693,59,No,2019,4,2,100,15,2,0,2,0,0.5914,5429.0,4986.0,1945.0,4946.0,1,0,0,1
2019-04-11,Thursday,7097,632,2081.0,1422.0,1019.0,5154.0,1943,219055,154662,111583,16,Yes,2019,4,3,101,15,2,0,3,1,0.1619,5431.0,5001.0,7097.0,4903.0,0,0,0,1
2019-04-12,Friday,12000,679,2493.0,1719.0,1303.0,6194.0,5806,273915,191355,118638,48,No,2019,4,4,102,15,2,0,4,0,0.4838,5570.0,5417.0,1943.0,5154.0,1,0,0,1
2019-04-13,Saturday,5806,763,2412.0,2187.0,1435.0,6797.0,0,302140,231377,163178,1,Yes,2019,4,5,103,15,2,1,5,1,0.0,5619.0,6048.0,5806.0,6194.0,0,0,0,1
2019-04-14,Sunday,12000,815,2437.0,2016.0,1486.0,6754.0,5246,288449,229191,129817,43,No,2019,4,6,104,15,2,1,6,0,0.4372,5694.0,6582.0,0.0,6797.0,1,0,0,1
2019-04-15,Monday,5246,729,2148.0,1745.0,763.0,5385.0,0,257664,153490,105770,1,Yes,2019,4,0,105,16,2,0,0,1,0.0,5733.0,6312.0,5246.0,6754.0,0,0,0,1
2019-04-16,Tuesday,12000,721,2112.0,1402.0,947.0,5182.0,6818,233256,168119,115758,56,No,2019,4,1,106,16,2,0,1,0,0.5682,5767.0,5774.0,0.0,5385.0,1,0,0,1
2019-04-17,Wednesday,6818,539,2062.0,1660.0,965.0,5226.0,1592,213454,169726,106122,13,Yes,2019,4,2,107,16,2,0,2,1,0.1327,5813.0,5264.0,6818.0,5182.0,0,0,0,1
2019-04-18,Thursday,12000,644,1938.0,1465.0,1159.0,5206.0,6794,227224,174875,124093,56,No,2019,4,3,108,16,2,0,3,0,0.5662,5821.0,5205.0,1592.0,5226.0,1,0,0,1
2019-04-19,Friday,6794,624,2188.0,1906.0,1117.0,5835.0,959,247326,186708,140165,7,Yes,2019,4,4,109,16,2,0,4,1,0.0799,5769.0,5422.0,6794.0,5206.0,0,0,0,1
2019-04-20,Saturday,12000,761,2537.0,2104.0,1473.0,6875.0,5125,308259,204824,142173,42,No,2019,4,5,110,16,2,1,5,0,0.4271,5780.0,5972.0,959.0,5835.0,1,0,0,1
2019-04-21,Sunday,5125,661,2560.0,2121.0,1140.0,6482.0,0,262155,204650,120096,1,Yes,2019,4,6,111,16,2,1,6,1,0.0,5742.0,6397.0,5125.0,6875.0,0,0,0,1
2019-04-22,Monday,12000,677,1962.0,1486.0,1028.0,5153.0,6847,242548,155526,101224,57,No,2019,4,0,112,17,2,0,0,0,0.5706,5708.0,6170.0,0.0,6482.0,1,0,0,1
2019-04-23,Tuesday,6847,579,2000.0,1780.0,1216.0,5575.0,1272,255563,179409,135793,10,Yes,2019,4,1,113,17,2,0,1,1,0.106,5765.0,5737.0,6847.0,5153.0,0,0,0,1
2019-04-24,Wednesday,12000,552,2066.0,1603.0,942.0,5163.0,6837,226898,164128,120890,56,No,2019,4,2,114,17,2,0,2,0,0.5698,5756.0,5297.0,1272.0,5575.0,1,0,0,1
2019-04-25,Thursday,6837,673,2031.0,1598.0,728.0,5030.0,1807,213148,156374,93274,15,Yes,2019,4,3,115,17,2,0,3,1,0.1506,5730.0,5256.0,6837.0,5163.0,0,0,0,1
2019-04-26,Friday,12000,808,2410.0,1904.0,845.0,5967.0,6033,281761,164844,144172,50,No,2019,4,4,116,17,2,0,4,0,0.5028,5749.0,5387.0,1807.0,5030.0,1,0,0,1
2019-04-27,Saturday,6033,864,2654.0,2009.0,1485.0,7012.0,0,287227,209398,172816,1,Yes,2019,4,5,117,17,2,1,5,1,0.0,5769.0,6003.0,6033.0,5967.0,0,0,0,1
2019-04-28,Sunday,12000,846,2406.0,1777.0,1440.0,6469.0,5531,286556,194087,122634,46,No,2019,4,6,118,17,2,1,6,0,0.4609,5767.0,6483.0,0.0,7012.0,1,0,0,1
2019-04-29,Monday,5531,503,1664.0,1560.0,1026.0,4753.0,778,187598,142681,111838,6,Yes,2019,4,0,119,18,2,0,0,1,0.0648,5710.0,6078.0,5531.0,6469.0,0,0,0,1
2019-04-30,Tuesday,12000,567,1838.0,1580.0,861.0,4846.0,7154,218289,144269,101246,59,No,2019,4,1,120,18,2,0,1,0,0.5962,5606.0,5356.0,778.0,4753.0,1,0,0,1
2019-05-01,Wednesday,7154,525,2089.0,1435.0,1110.0,5159.0,1995,225862,166253,108509,16,Yes,2019,5,2,121,18,2,0,2,1,0.1662,5605.0,4919.0,7154.0,4846.0,0,0,0,1
2019-05-02,Thursday,12000,500,1846.0,1334.0,1262.0,4942.0,7058,226632,170337,102588,58,No,2019,5,3,122,18,2,0,3,0,0.5882,5593.0,4982.0,1995.0,5159.0,1,0,0,1
2019-05-03,Friday,7058,645,2218.0,1920.0,1462.0,6245.0,813,273298,219735,144553,6,Yes,2019,5,4,123,18,2,0,4,1,0.0678,5632.0,5449.0,7058.0,4942.0,0,0,0,1
2019-05-04,Saturday,12000,919,2691.0,2243.0,954.0,6807.0,5193,308717,204124,148220,43,No,2019,5,5,124,18,2,1,5,0,0.4328,5603.0,5998.0,813.0,6245.0,1,0,0,1
2019-05-05,Sunday,5193,708,2612.0,2088.0,1176.0,6584.0,0,284768,201085,137047,1,Yes,2019,5,6,125,18,2,1,6,1,0.0,5619.0,6545.0,5193.0,6807.0,0,0,0,1
2019-05-06,Monday,12000,488,1674.0,1306.0,926.0,4394.0,7606,185582,137758,111471,63,No,2019,5,0,126,19,2,0,0,0,0.6338,5568.0,5928.0,0.0,6584.0,1,0,0,1
2019-05-07,Tuesday,7606,661,1946.0,1452.0,1093.0,5152.0,2454,213046,166115,119006,20,No,2019,5,1,127,19,2,0,1,0,0.2045,5612.0,5377.0,7606.0,4394.0,2,0,0,1
2019-05-08,Wednesday,2454,627,1929.0,1544.0,1052.0,5152.0,0,202770,181523,127801,1,Yes,2019,5,2,128,19,2,0,2,1,0.0,5611.0,4899.0,2454.0,5152.0,0,0,0,1
2019-05-09,Thursday,12000,669,2027.0,1628.0,922.0,5246.0,6754,227352,149559,113123,56,No,2019,5,3,129,19,2,0,3,0,0.5628,5654.0,5183.0,0.0,5152.0,1,0,0,1
2019-05-10,Friday,6754,713,2205.0,1740.0,1520.0,6178.0,576,273967,192641,155103,4,Yes,2019,5,4,130,19,2,0,4,1,0.048,5645.0,5525.0,6754.0,5246.0,0,0,0,1
2019-05-11,Saturday,12000,733,2617.0,2236.0,1460.0,7046.0,4954,302261,239125,165118,41,No,2019,5,5,131,19,2,1,5,0,0.4128,5679.0,6157.0,576.0,6178.0,1,0,0,1
2019-05-12,Sunday,4954,662,2361.0,1831.0,1599.0,6453.0,0,284754,217947,168248,1,Yes,2019,5,6,132,19,2,1,6,1,0.0,5660.0,6559.0,4954.0,7046.0,0,0,0,1
2019-05-13,Monday,12000,746,2024.0,1624.0,1034.0,5428.0,6572,229591,147439,95763,54,No,2019,5,0,133,20,2,0,0,0,0.5477,5808.0,6309.0,0.0,6453.0,1,0,0,1
2019-05-14,Tuesday,6572,658,2085.0,1528.0,1247.0,5518.0,1054,247708,164192,120739,8,Yes,2019,5,1,134,20,2,0,1,1,0.0878,5860.0,5800.0,6572.0,5428.0,0,0,0,1
2019-05-15,Wednesday,12000,748,2220.0,1563.0,1094.0,5625.0,6375,233111,176056,113190,53,No,2019,5,2,135,20,2,0,2,0,0.5312,5928.0,5524.0,1054.0,5518.0,1,0,0,1
2019-05-16,Thursday,6375,582,2211.0,1613.0,1150.0,5556.0,819,247641,168041,113634,6,Yes,2019,5,3,136,20,2,0,3,1,0.0682,5972.0,5566.0,6375.0,5625.0,0,0,0,1
2019-05-17,Friday,12000,604,2073.0,1589.0,1205.0,5471.0,6529,224014,161531,121350,54,No,2019,5,4,137,20,2,0,4,0,0.5441,5871.0,5551.0,819.0,5556.0,1,0,0,1
2019-05-18,Saturday,6529,768,2663.0,1966.0,1539.0,6936.0,0,278552,187072,163695,1,Yes,2019,5,5,138,20,2,1,5,1,0.0,5855.0,5988.0,6529.0,5471.0,0,0,0,1
2019-05-19,Sunday,12000,646,2364.0,1765.0,1235.0,6010.0,5990,256077,210890,109426,49,No,2019,5,6,139,20,2,1,6,0,0.4992,5792.0,6139.0,0.0,6936.0,1,0,0,1
2019-05-20,Monday,5990,511,1921.0,1642.0,1027.0,5101.0,889,224163,161507,109266,7,Yes,2019,5,0,140,21,2,0,0,1,0.0741,5745.0,6016.0,5990.0,6010.0,0,0,0,1
2019-05-21,Tuesday,12000,651,1802.0,1589.0,1038.0,5080.0,6920,238641,145416,113733,57,No,2019,5,1,141,21,2,0,1,0,0.5767,5683.0,5397.0,889.0,5101.0,1,0,0,1
2019-05-22,Wednesday,6920,570,2085.0,1714.0,1081.0,5450.0,1470,238579,169972,109434,12,Yes,2019,5,2,142,21,2,0,2,1,0.1225,5658.0,5210.0,6920.0,5080.0,0,0,0,1
2019-05-23,Thursday,12000,633,2320.0,1797.0,1022.0,5772.0,6228,262510,165862,116480,51,No,2019,5,3,143,21,2,0,3,0,0.519,5689.0,5434.0,1470.0,5450.0,1,0,0,1
2019-05-24,Friday,6228,669,2130.0,1549.0,1304.0,5652.0,576,265169,151693,141435,4,Yes,2019,5,4,144,21,2,0,4,1,0.048,5714.0,5625.0,6228.0,5772.0,0,0,0,1
2019-05-25,Saturday,12000,944,2768.0,2279.8399999999992,982.0,6996.0,5004,322501,234538,124492,41,No,2019,5,5,145,21,2,1,5,0,0.417,5723.0,6140.0,576.0,5652.0,1,0,0,1
2019-05-26,Sunday,5004,816,2278.0,2032.0,1378.0,6504.0,0,292121,187190,146393,1,Yes,2019,5,6,146,21,2,1,6,1,0.0,5794.0,6384.0,5004.0,6996.0,0,0,0,1
2019-05-27,Monday,12000,568,1994.0,1474.0,976.0,5012.0,6988,207501,157046,103170,58,No,2019,5,0,147,22,2,0,0,0,0.5823,5781.0,6171.0,0.0,6504.0,1,0,0,1
2019-05-28,Tuesday,6988,595,1965.0,1583.0,712.0,4855.0,2133,218361,132098,123393,17,No,2019,5,1,148,22,2,0,1,0,0.1778,5749.0,5457.0,6988.0,5012.0,2,0,0,1
2019-05-29,Wednesday,2133,541,1662.0,1360.0,1024.0,4587.0,0,211168,154912,98786,1,Yes,2019,5,2,149,22,2,0,2,1,0.0,5625.0,4818.0,2133.0,4855.0,0,0,0,1
2019-05-30,Thursday,12000,557,2046.0,1573.0,1083.0,5259.0,6741,226887,175584,101707,56,No,2019,5,3,150,22,2,0,3,0,0.5618,5552.0,4900.0,0.0,4587.0,1,0,0,1
2019-05-31,Friday,6741,791,2302.0,1782.0,1126.0,6001.0,740,260240,194709,115322,6,Yes,2019,5,4,151,22,2,0,4,1,0.0617,5602.0,5282.0,6741.0,5259.0,0,0,0,1
2019-06-01,Saturday,12000,622,2106.0,1788.0,1048.0,5564.0,6436,258002,171657,103926,53,No,2019,6,5,152,22,2,1,5,0,0.5363,5397.0,5608.0,740.0,6001.0,1,0,1,0
2019-06-02,Sunday,6436,711,1982.0,1752.0,872.0,5317.0,1119,243652,176098,109282,9,Yes,2019,6,6,153,22,2,1,6,1,0.0932,5228.0,5627.0,6436.0,5564.0,0,0,1,0
2019-06-03,Monday,12000,474,1610.0,1177.0,757.0,4018.0,7982,166069,111456,74085,66,No,2019,6,0,154,23,2,0,0,0,0.6652,5086.0,4966.0,1119.0,5317.0,1,0,1,0
2019-06-04,Tuesday,7982,393,1436.0,1146.0,611.0,3551.0,4431,160561,117811,79021,36,No,2019,6,1,155,23,2,0,1,0,0.3692,4900.0,4295.0,7982.0,4018.0,2,0,1,0
2019-06-05,Wednesday,4431,471,1712.0,1178.0,825.0,4186.0,245,182894,136140,96366,2,Yes,2019,6,2,156,23,2,0,2,1,0.0204,4842.0,3918.0,4431.0,3551.0,0,0,1,0
2019-06-06,Thursday,12000,500,1688.0,1353.0,877.0,4418.0,7582,182455,141580,84786,63,No,2019,6,3,157,23,2,0,3,0,0.6318,4722.0,4052.0,245.0,4186.0,1,0,1,0
2019-06-07,Friday,7582,676,2012.0,1606.0,842.0,5136.0,2446,218503,172266,107481,20,No,2019,6,4,158,23,2,0,4,0,0.2038,4599.0,4580.0,7582.0,4418.0,2,0,1,0
2019-06-08,Saturday,2446,696,2365.0,1591.0,1147.0,5799.0,0,237154,187227,133319,1,Yes,2019,6,5,159,23,2,1,5,1,0.0,4632.0,5118.0,2446.0,5136.0,0,0,1,0
2019-06-09,Sunday,12000,579,1663.0,1289.0,1051.0,4582.0,7418,185783,153088,92860,61,No,2019,6,6,160,23,2,1,6,0,0.6182,4527.0,5172.0,0.0,5799.0,1,0,1,0
2019-06-10,Monday,7418,513,1425.0,1103.0,839.0,3880.0,3538,172243,111311,83959,29,No,2019,6,0,161,24,2,0,0,0,0.2948,4507.0,4754.0,7418.0,4582.0,2,0,1,0
2019-06-11,Tuesday,3538,493,1467.0,1169.0,839.0,3968.0,0,166864,109647,92494,1,Yes,2019,6,1,162,24,2,0,1,1,0.0,4567.0,4143.0,3538.0,3880.0,0,0,1,0
2019-06-12,Wednesday,12000,482,1914.0,1400.0,893.0,4689.0,7311,204314,130075,109607,60,No,2019,6,2,163,24,2,0,2,0,0.6092,4639.0,4179.0,0.0,3968.0,1,0,1,0
2019-06-13,Thursday,7311,606,1768.0,1420.0,738.0,4532.0,2779,200706,149479,93974,23,No,2019,6,3,164,24,2,0,3,0,0.2316,4655.0,4396.0,7311.0,4689.0,2,0,1,0
2019-06-14,Friday,2779,677,2051.0,1511.0,1075.0,5314.0,0,218373,158630,128928,1,Yes,2019,6,4,165,24,2,0,4,1,0.0,4681.0,4845.0,2779.0,4532.0,0,0,1,0
2019-06-15,Saturday,12000,621,2152.0,1491.0,1108.0,5372.0,6628,252435,177492,125643,55,No,2019,6,5,166,24,2,1,5,0,0.5523,4620.0,5073.0,0.0,5314.0,1,0,1,0
2019-06-16,Sunday,6628,744,1906.0,1480.0,1288.0,5418.0,1210,234426,191690,135951,10,Yes,2019,6,6,167,24,2,1,6,1,0.1008,4739.0,5368.0,6628.0,5372.0,0,0,1,0
2019-06-17,Monday,12000,416,1678.0,1330.0,680.0,4104.0,7896,173159,142443,82217,65,No,2019,6,0,168,25,2,0,0,0,0.658,4771.0,4965.0,1210.0,5418.0,1,0,1,0
2019-06-18,Tuesday,7896,455,1547.0,1315.0,847.0,4164.0,3732,173368,140805,78199,31,No,2019,6,1,169,25,2,0,1,0,0.311,4799.0,4562.0,7896.0,4104.0,2,0,1,0
2019-06-19,Wednesday,3732,468,1684.0,1161.0,823.0,4136.0,0,190304,142467,98710,1,Yes,2019,6,2,170,25,2,0,2,1,0.0,4720.0,4135.0,3732.0,4164.0,0,0,1,0
2019-06-20,Thursday,12000,634,1837.0,1237.0,845.0,4553.0,7447,179863,153414,102579,62,No,2019,6,3,171,25,2,0,3,0,0.6206,4723.0,4284.0,0.0,4136.0,1,0,1,0
2019-06-21,Friday,7447,554,1730.0,1509.0,1148.0,4941.0,2506,209237,158004,93495,20,No,2019,6,4,172,25,2,0,4,0,0.2088,4670.0,4543.0,7447.0,4553.0,2,0,1,0
2019-06-22,Saturday,2506,620,2418.0,1950.0,1043.0,6031.0,0,247397,194864,142879,1,Yes,2019,6,5,173,25,2,1,5,1,0.0,4764.0,5175.0,2506.0,4941.0,0,0,1,0
2019-06-23,Sunday,12000,554,1861.0,1633.0,1172.0,5220.0,6780,240132,154234,106286,56,No,2019,6,6,174,25,2,1,6,0,0.565,4736.0,5397.0,0.0,6031.0,1,0,1,0
2019-06-24,Monday,6780,546,1522.0,1183.0,868.0,4119.0,2661,177341,134205,77112,22,No,2019,6,0,175,26,2,0,0,0,0.2218,4738.0,5123.0,6780.0,5220.0,2,0,1,0
2019-06-25,Tuesday,2661,462,1776.0,1235.0,958.0,4431.0,0,175488,129412,84941,1,Yes,2019,6,1,176,26,2,0,1,1,0.0,4776.0,4590.0,2661.0,4119.0,0,0,1,0
2019-06-26,Wednesday,12000,524,1859.0,1313.0,865.0,4561.0,7439,201356,153351,98120,61,No,2019,6,2,177,26,2,0,2,0,0.6199,4837.0,4370.0,0.0,4431.0,1,0,1,0
2019-06-27,Thursday,7439,399,1351.0,1031.0,1035.0,3816.0,3623,156189,122937,80910,30,No,2019,6,3,178,26,2,0,3,0,0.3019,4731.0,4269.0,7439.0,4561.0,2,0,1,0
2019-06-28,Friday,3623,671,1927.0,1419.0,1020.0,5037.0,0,229502,155323,109722,1,Yes,2019,6,4,179,26,2,0,4,1,0.0,4745.0,4471.0,3623.0,3816.0,0,0,1,0
2019-06-29,Saturday,12000,529,1972.0,1678.0,978.0,5157.0,6843,217126,146697,113011,57,No,2019,6,5,180,26,2,1,5,0,0.5702,4620.0,4670.0,0.0,5037.0,1,0,1,0
2019-06-30,Sunday,6843,564,1745.0,1353.0,1232.0,4894.0,1949,218895,148435,116391,16,Yes,2019,6,6,181,26,2,1,6,1,0.1624,4574.0,5029.0,6843.0,5157.0,0,0,1,0
2019-07-01,Monday,12000,524,1535.0,1051.0,782.0,3892.0,8108,168025,121165,81521,67,No,2019,7,0,182,27,3,0,0,0,0.6757,4541.0,4648.0,1949.0,4894.0,1,0,1,0
2019-07-02,Tuesday,8108,432,1563.0,1292.0,888.0,4175.0,3933,170168,140451,78038,32,No,2019,7,1,183,27,3,0,1,0,0.3278,4505.0,4320.0,8108.0,3892.0,2,0,1,0
2019-07-03,Wednesday,3933,489,1700.0,1344.0,813.0,4346.0,0,195411,136903,81747,1,Yes,2019,7,2,184,27,3,0,2,1,0.0,4474.0,4138.0,3933.0,4175.0,0,0,1,0
2019-07-04,Thursday,12000,602,1672.0,1297.0,1098.0,4669.0,7331,188577,154622,109685,61,No,2019,7,3,185,27,3,0,3,0,0.6109,4596.0,4397.0,0.0,4346.0,1,0,1,0
2019-07-05,Friday,7331,541,1889.0,1486.0,1013.0,4929.0,2402,216460,167946,114750,20,No,2019,7,4,186,27,3,0,4,0,0.2002,4580.0,4648.0,7331.0,4669.0,2,0,1,0
2019-07-06,Saturday,2402,592,2193.0,1751.0,1108.0,5644.0,0,237918,174229,112933,1,Yes,2019,7,5,187,27,3,1,5,1,0.0,4650.0,5081.0,2402.0,4929.0,0,0,1,0
2019-07-07,Sunday,12000,641,1975.0,1694.0,1086.0,5396.0,6604,211450,168498,125674,55,No,2019,7,6,188,27,3,1,6,0,0.5503,4722.0,5323.0,0.0,5644.0,1,0,1,0
2019-07-08,Monday,6604,534,1754.0,1281.0,834.0,4403.0,2201,197046,146704,87263,18,No,2019,7,0,189,28,3,0,0,0,0.1834,4795.0,5148.0,6604.0,5396.0,2,0,1,0
2019-07-09,Tuesday,2201,588,1538.0,1208.0,958.0,4292.0,0,187922,146733,95832,1,Yes,2019,7,1,190,28,3,0,1,1,0.0,4811.0,4697.0,2201.0,4403.0,0,0,1,0
2019-07-10,Wednesday,12000,457,1772.0,1235.0,1014.0,4478.0,7522,195427,121902,90598,62,No,2019,7,2,191,28,3,0,2,0,0.6268,4830.0,4391.0,0.0,4292.0,1,0,1,0
2019-07-11,Thursday,7522,505,1534.0,1278.0,1009.0,4326.0,3196,187214,121642,96828,26,No,2019,7,3,192,28,3,0,3,0,0.2663,4781.0,4365.0,7522.0,4478.0,2,0,1,0
2019-07-12,Friday,3196,581,1700.0,1379.0,1010.0,4670.0,0,209290,129171,89318,1,Yes,2019,7,4,193,28,3,0,4,1,0.0,4744.0,4491.0,3196.0,4326.0,0,0,1,0
2019-07-13,Saturday,12000,593,2184.0,1597.0,1020.0,5394.0,6606,213603,158439,123480,55,No,2019,7,5,194,28,3,1,5,0,0.5505,4708.0,4797.0,0.0,4670.0,1,0,1,0
2019-07-14,Sunday,6606,579,1648.0,1297.0,1181.0,4705.0,1901,214057,137311,99775,15,Yes,2019,7,6,195,28,3,1,6,1,0.1584,4610.0,4923.0,6606.0,5394.0,0,0,1,0
2019-07-15,Monday,12000,455,1694.0,1225.0,966.0,4340.0,7660,194619,147674,87157,63,No,2019,7,0,196,29,3,0,0,0,0.6383,4601.0,4813.0,1901.0,4705.0,1,0,1,0
2019-07-16,Tuesday,7660,498,1674.0,1326.0,985.0,4483.0,3177,176757,137798,101565,26,No,2019,7,1,197,29,3,0,1,0,0.2648,4628.0,4509.0,7660.0,4340.0,2,0,1,0
2019-07-17,Wednesday,3177,529,1616.0,1090.0,748.0,3983.0,0,174732,121891,86036,1,Yes,2019,7,2,198,29,3,0,2,1,0.0,4557.0,4269.0,3177.0,4483.0,0,0,1,0
2019-07-18,Thursday,12000,543,1545.0,1234.0,907.0,4229.0,7771,175720,131572,82903,64,No,2019,7,3,199,29,3,0,3,0,0.6476,4543.0,4232.0,0.0,3983.0,1,0,1,0
2019-07-19,Friday,7771,542,2016.0,1522.0,887.0,4967.0,2804,221505,176445,122087,23,No,2019,7,4,200,29,3,0,4,0,0.2337,4586.0,4393.0,7771.0,4229.0,2,0,1,0
2019-07-20,Saturday,2804,744,2171.0,1483.0,1000.0,5398.0,0,237626,150937,102442,1,Yes,2019,7,5,201,29,3,1,5,1,0.0,4586.0,4865.0,2804.0,4967.0,0,0,1,0
2019-07-21,Sunday,12000,531,1886.0,1452.0,977.0,4846.0,7154,215511,142814,111389,59,No,2019,7,6,202,29,3,1,6,0,0.5962,4607.0,5070.0,0.0,5398.0,1,0,1,0
2019-07-22,Monday,7154,420,1513.0,1109.0,816.0,3858.0,3296,163561,140392,79937,27,No,2019,7,0,203,30,3,0,0,0,0.2747,4538.0,4701.0,7154.0,4846.0,2,0,1,0
2019-07-23,Tuesday,3296,486,1586.0,1122.0,720.0,3914.0,0,160487,130236,86939,1,Yes,2019,7,1,204,30,3,0,1,1,0.0,4456.0,4206.0,3296.0,3858.0,0,0,1,0
2019-07-24,Wednesday,12000,566,1743.0,1468.0,781.0,4558.0,7442,218476,159889,82871,62,No,2019,7,2,205,30,3,0,2,0,0.6202,4539.0,4110.0,0.0,3914.0,1,0,1,0
2019-07-25,Thursday,7442,449,1644.0,1307.0,803.0,4203.0,3239,177874,139381,105344,26,No,2019,7,3,206,30,3,0,3,0,0.2699,4535.0,4225.0,7442.0,4558.0,2,0,1,0
2019-07-26,Friday,3239,591,1951.0,1502.0,825.0,4869.0,0,207524,147335,103013,1,Yes,2019,7,4,207,30,3,0,4,1,0.0,4521.0,4543.0,3239.0,4203.0,0,0,1,0
2019-07-27,Saturday,12000,635,2012.0,1520.0,1027.0,5194.0,6806,199912,151632,130896,56,No,2019,7,5,208,30,3,1,5,0,0.5672,4492.0,4755.0,0.0,4869.0,1,0,1,0
2019-07-28,Sunday,6806,553,1737.0,1361.0,1103.0,4754.0,2052,195883,155596,109332,17,No,2019,7,6,209,30,3,1,6,0,0.171,4479.0,4939.0,6806.0,5194.0,2,0,1,0
2019-07-29,Monday,2052,415,1503.0,1190.0,762.0,3870.0,0,157260,118478,71855,1,Yes,2019,7,0,210,31,3,0,0,1,0.0,4480.0,4606.0,2052.0,4754.0,0,0,1,0
2019-07-30,Tuesday,12000,529,1590.0,1327.0,1081.0,4527.0,7473,180176,131333,96503,62,No,2019,7,1,211,31,3,0,1,0,0.6228,4568.0,4384.0,0.0,3870.0,1,0,1,0
2019-07-31,Wednesday,7473,471,1519.0,1276.0,939.0,4205.0,3268,177253,130734,78814,27,No,2019,7,2,212,31,3,0,2,0,0.2723,4517.0,4201.0,7473.0,4527.0,2,0,1,0
2019-08-01,Thursday,3268,454,1729.0,1297.0,815.0,4295.0,0,181693,145255,87445,1,Yes,2019,8,3,213,31,3,0,3,1,0.0,4531.0,4342.0,3268.0,4205.0,0,0,1,0
2019-08-02,Friday,12000,682,1935.0,1350.0,979.0,4946.0,7054,201923,153655,98693,58,No,2019,8,4,214,31,3,0,4,0,0.5878,4542.0,4482.0,0.0,4295.0,1,0,1,0
2019-08-03,Saturday,7054,465,1780.0,1258.0,1148.0,4651.0,2403,211751,154406,87382,20,No,2019,8,5,215,31,3,1,5,0,0.2002,4464.0,4631.0,7054.0,4946.0,2,0,1,0
2019-08-04,Sunday,2403,564,1754.0,1571.0,942.0,4831.0,0,211132,163797,113386,1,Yes,2019,8,6,216,31,3,1,6,1,0.0,4475.0,4809.0,2403.0,4651.0,0,0,1,0
2019-08-05,Monday,12000,455,1558.0,1342.0,794.0,4149.0,7851,190913,146743,99966,65,No,2019,8,0,217,32,3,0,0,0,0.6542,4515.0,4544.0,0.0,4831.0,1,0,1,0
2019-08-06,Tuesday,7851,567,1696.0,1470.0,1038.0,4771.0,3080,203562,129223,96873,25,No,2019,8,1,218,32,3,0,1,0,0.2567,4550.0,4584.0,7851.0,4149.0,2,0,1,0
2019-08-07,Wednesday,3080,502,1510.0,1123.0,993.0,4128.0,0,164183,121652,73364,1,Yes,2019,8,2,219,32,3,0,2,1,0.0,4539.0,4349.0,3080.0,4771.0,0,0,1,0
2019-08-08,Thursday,12000,617,1888.0,1517.0,887.0,4909.0,7091,208740,139036,113050,59,No,2019,8,3,220,32,3,0,3,0,0.5909,4626.0,4603.0,0.0,4128.0,1,0,1,0
2019-08-09,Friday,7091,649,1986.0,1557.0,681.0,4873.0,2218,190530,150127,101729,18,No,2019,8,4,221,32,3,0,4,0,0.1848,4616.0,4637.0,7091.0,4909.0,2,0,1,0
2019-08-10,Saturday,2218,774,2075.0,1685.0,1246.0,5780.0,0,274902,182681,143150,1,Yes,2019,8,5,222,32,3,1,5,1,0.0,4777.0,5187.0,2218.0,4873.0,0,0,1,0
2019-08-11,Sunday,12000,624,2172.0,1520.0,1015.0,5331.0,6669,213411,165355,123538,55,No,2019,8,6,223,32,3,1,6,0,0.5558,4849.0,5328.0,0.0,5780.0,1,0,1,0
2019-08-12,Monday,6669,444,1530.0,1210.0,990.0,4174.0,2495,169733,138543,86763,20,No,2019,8,0,224,33,3,0,0,0,0.2079,4852.0,5095.0,6669.0,5331.0,2,0,1,0
2019-08-13,Tuesday,2495,426,1452.0,1109.0,684.0,3671.0,0,145874,119262,78071,1,Yes,2019,8,1,225,33,3,0,1,1,0.0,4695.0,4392.0,2495.0,4174.0,0,0,1,0
2019-08-14,Wednesday,12000,396,1451.0,1150.0,628.0,3625.0,8375,161891,102050,69628,69,No,2019,8,2,226,33,3,0,2,0,0.6979,4623.0,3823.0,0.0,3671.0,1,0,1,0
2019-08-15,Thursday,8375,476,1609.0,1305.0,777.0,4167.0,4208,174150,148230,80064,35,No,2019,8,3,227,33,3,0,3,0,0.3507,4517.0,3821.0,8375.0,3625.0,2,0,1,0
2019-08-16,Friday,4208,623,1758.0,1250.0,977.0,4608.0,0,200535,149844,103974,1,Yes,2019,8,4,228,33,3,0,4,1,0.0,4479.0,4133.0,4208.0,4167.0,0,0,1,0
2019-08-17,Saturday,12000,675,2150.0,1848.0,1252.0,5925.0,6075,274547,192202,154217,50,No,2019,8,5,229,33,3,1,5,0,0.5062,4500.0,4900.0,0.0,4608.0,1,0,1,0
2019-08-18,Sunday,6075,537,1905.0,1544.0,904.0,4890.0,1185,225831,139352,92109,9,Yes,2019,8,6,230,33,3,1,6,1,0.0988,4437.0,5141.0,6075.0,5925.0,0,0,1,0
2019-08-19,Monday,12000,393,1401.0,1127.0,746.0,3639.0,8361,164352,107720,78301,69,No,2019,8,0,231,34,3,0,0,0,0.6968,4361.0,4818.0,1185.0,4890.0,1,0,1,0
2019-08-20,Tuesday,8361,401,1525.0,1131.0,914.0,3971.0,4390,182267,125321,82137,36,No,2019,8,1,232,34,3,0,1,0,0.3658,4404.0,4167.0,8361.0,3639.0,2,0,1,0
2019-08-21,Wednesday,4390,548,1828.0,1373.0,867.0,4616.0,0,205671,148729,95042,1,Yes,2019,8,2,233,34,3,0,2,1,0.0,4545.0,4075.0,4390.0,3971.0,0,0,1,0
2019-08-22,Thursday,12000,568,1746.0,1190.0,830.0,4334.0,7666,175098,143653,106746,63,No,2019,8,3,234,34,3,0,3,0,0.6388,4569.0,4307.0,0.0,4616.0,1,0,1,0
2019-08-23,Friday,7666,571,1853.0,1632.0,915.0,4971.0,2695,201265,152547,96892,22,No,2019,8,4,235,34,3,0,4,0,0.2246,4621.0,4640.0,7666.0,4334.0,2,0,1,0
2019-08-24,Saturday,2695,783,2568.0,1933.0,1008.0,6292.0,0,243964,220366,125840,1,Yes,2019,8,5,236,34,3,1,5,1,0.0,4673.0,5199.0,2695.0,4971.0,0,0,1,0
2019-08-25,Sunday,12000,685,2106.0,1693.0,680.0,5164.0,6836,198793,158986,107857,56,No,2019,8,6,237,34,3,1,6,0,0.5697,4712.0,5476.0,0.0,6292.0,1,0,1,0
2019-08-26,Monday,6836,428,1480.0,1168.0,857.0,3933.0,2903,159114,112565,97449,24,No,2019,8,0,238,35,3,0,0,0,0.2419,4754.0,5130.0,6836.0,5164.0,2,0,1,0
2019-08-27,Tuesday,2903,562,1620.0,1173.0,810.0,4165.0,0,189120,119482,96621,1,Yes,2019,8,1,239,35,3,0,1,1,0.0,4782.0,4421.0,2903.0,3933.0,0,0,1,0
2019-08-28,Wednesday,12000,522,1791.0,1388.0,772.0,4473.0,7527,187019,140291,88900,62,No,2019,8,2,240,35,3,0,2,0,0.6272,4762.0,4190.0,0.0,4165.0,1,0,1,0
2019-08-29,Thursday,7527,455,1686.0,1385.0,879.0,4405.0,3122,194729,151572,107451,26,No,2019,8,3,241,35,3,0,3,0,0.2602,4772.0,4348.0,7527.0,4473.0,2,0,1,0
2019-08-30,Friday,3122,585,1866.0,1271.0,956.0,4678.0,0,194740,128507,111205,1,Yes,2019,8,4,242,35,3,0,4,1,0.0,4730.0,4519.0,3122.0,4405.0,0,0,1,0
2019-08-31,Saturday,12000,871,2419.0,2023.0,955.0,6268.0,5732,274961,179270,150730,47,No,2019,8,5,243,35,3,1,5,0,0.4777,4727.0,5117.0,0.0,4678.0,1,0,1,0
2019-09-01,Sunday,5732,706,1837.0,1461.0,1073.0,5077.0,655,210927,151594,106636,5,Yes,2019,9,6,244,35,3,1,6,1,0.0546,4714.0,5341.0,5732.0,6268.0,0,0,0,0
2019-09-02,Monday,12000,489,1558.0,1415.0,980.0,4442.0,7558,189394,147426,106229,62,No,2019,9,0,245,36,3,0,0,0,0.6298,4787.0,5262.0,655.0,5077.0,1,0,0,0
2019-09-03,Tuesday,7558,491,1925.0,1544.0,936.0,4896.0,2662,225491,167899,100792,22,No,2019,9,1,246,36,3,0,1,0,0.2218,4891.0,4805.0,7558.0,4442.0,2,0,0,0
2019-09-04,Wednesday,2662,487,1736.0,1344.0,1242.0,4809.0,0,229511,148300,96060,1,Yes,2019,9,2,247,36,3,0,2,1,0.0,4939.0,4716.0,2662.0,4896.0,0,0,0,0
2019-09-05,Thursday,12000,622,2031.0,1476.0,1138.0,5267.0,6733,209155,175063,116751,56,No,2019,9,3,248,36,3,0,3,0,0.5611,5062.0,4991.0,0.0,4809.0,1,0,0,0
2019-09-06,Friday,6733,623,2136.0,1677.0,791.0,5227.0,1506,240262,164503,104914,12,Yes,2019,9,4,249,36,3,0,4,1,0.1255,5141.0,5101.0,6733.0,5267.0,0,0,0,0
2019-09-07,Saturday,12000,711,2354.0,1694.0,1233.0,5992.0,6008,247520,184310,113908,50,No,2019,9,5,250,36,3,1,5,0,0.5007,5101.0,5495.0,1506.0,5227.0,1,0,0,0
2019-09-08,Sunday,6008,627,2145.0,1611.0,1135.0,5518.0,490,235605,168114,109361,4,Yes,2019,9,6,251,36,3,1,6,1,0.0408,5164.0,5579.0,6008.0,5992.0,0,0,0,0
2019-09-09,Monday,12000,450,1595.0,1334.0,906.0,4285.0,7715,180218,137335,96824,64,No,2019,9,0,252,37,3,0,0,0,0.6429,5142.0,5265.0,490.0,5518.0,1,0,0,0
2019-09-10,Tuesday,7715,632,2032.0,1525.0,863.0,5052.0,2663,218767,166970,127288,22,No,2019,9,1,253,37,3,0,1,0,0.2219,5164.0,4952.0,7715.0,4285.0,2,0,0,0
2019-09-11,Wednesday,2663,502,1929.0,1482.0,1000.0,4913.0,0,199583,148136,92985,1,Yes,2019,9,2,254,37,3,0,2,1,0.0,5179.0,4750.0,2663.0,5052.0,0,0,0,0
2019-09-12,Thursday,12000,602,1928.0,1499.0,770.0,4799.0,7201,196588,153498,112090,60,No,2019,9,3,255,37,3,0,3,0,0.6001,5112.0,4921.0,0.0,4913.0,1,0,0,0
2019-09-13,Friday,7201,587,2246.0,1561.0,1231.0,5625.0,1576,237934,165578,114476,13,Yes,2019,9,4,256,37,3,0,4,1,0.1313,5169.0,5112.0,7201.0,4799.0,0,0,0,0
2019-09-14,Saturday,12000,721,2364.0,1838.0,1602.0,6525.0,5475,288900,198602,129486,45,No,2019,9,5,257,37,3,1,5,0,0.4562,5245.0,5650.0,1576.0,5625.0,1,0,0,0
2019-09-15,Sunday,5475,603,2261.0,1927.0,1169.0,5960.0,0,236139,198287,128837,1,Yes,2019,9,6,258,37,3,1,6,1,0.0,5308.0,6037.0,5475.0,6525.0,0,0,0,0
2019-09-16,Monday,12000,563,1680.0,1343.0,934.0,4520.0,7480,188924,128225,106435,62,No,2019,9,0,259,38,3,0,0,0,0.6233,5342.0,5668.0,0.0,5960.0,1,0,0,0
2019-09-17,Tuesday,7480,475,1710.0,1285.0,1066.0,4536.0,2944,190644,162133,103740,24,No,2019,9,1,260,38,3,0,1,0,0.2453,5268.0,5005.0,7480.0,4520.0,2,0,0,0
2019-09-18,Wednesday,2944,523,1683.0,1397.0,1047.0,4650.0,0,193512,160658,100958,1,Yes,2019,9,2,261,38,3,0,2,1,0.0,5231.0,4569.0,2944.0,4536.0,0,0,0,0
2019-09-19,Thursday,12000,514,1946.0,1649.0,955.0,5064.0,6936,215649,148414,118332,57,No,2019,9,3,262,38,3,0,3,0,0.578,5269.0,4750.0,0.0,4650.0,1,0,0,0
2019-09-20,Friday,6936,726,2182.0,1532.0,1096.0,5536.0,1400,215046,154723,121445,11,Yes,2019,9,4,263,38,3,0,4,1,0.1167,5256.0,5083.0,6936.0,5064.0,0,0,0,0
2019-09-21,Saturday,12000,754,2090.0,1778.0,1280.0,5902.0,6098,271740,175372,120056,50,No,2019,9,5,264,38,3,1,5,0,0.5082,5167.0,5501.0,1400.0,5536.0,1,0,0,0
2019-09-22,Sunday,6098,651,2265.0,1629.0,1140.0,5685.0,413,267970,197108,147006,3,Yes,2019,9,6,265,38,3,1,6,1,0.0344,5128.0,5708.0,6098.0,5902.0,0,0,0,0
2019-09-23,Monday,12000,427,1664.0,1323.0,829.0,4243.0,7757,175533,121425,96668,64,No,2019,9,0,266,39,3,0,0,0,0.6464,5088.0,5277.0,413.0,5685.0,1,0,0,0
2019-09-24,Tuesday,7757,655,1879.0,1530.0,1000.0,5064.0,2693,237140,175548,112680,22,No,2019,9,1,267,39,3,0,1,0,0.2244,5163.0,4997.0,7757.0,4243.0,2,0,0,0
2019-09-25,Wednesday,2693,561,1758.0,1267.0,970.0,4556.0,0,180020,132814,92517,1,Yes,2019,9,2,268,39,3,0,2,1,0.0,5150.0,4621.0,2693.0,5064.0,0,0,0,0
2019-09-26,Thursday,12000,496,1730.0,1463.0,1069.0,4758.0,7242,196727,149910,101707,60,No,2019,9,3,269,39,3,0,3,0,0.6035,5106.0,4793.0,0.0,4556.0,1,0,0,0
2019-09-27,Friday,7242,671,1931.0,1547.0,990.0,5139.0,2103,219468,161972,94462,17,No,2019,9,4,270,39,3,0,4,0,0.1752,5050.0,4818.0,7242.0,4758.0,2,0,0,0
2019-09-28,Saturday,2103,847,2473.0,2001.0,1057.0,6378.0,0,271221,194125,147973,1,Yes,2019,9,5,271,39,3,1,5,1,0.0,5118.0,5425.0,2103.0,5139.0,0,0,0,0
2019-09-29,Sunday,12000,806,2299.0,1807.0,1338.0,6250.0,5750,271844,211333,145687,47,No,2019,9,6,272,39,3,1,6,0,0.4792,5198.0,5922.0,0.0,6378.0,1,0,0,0
2019-09-30,Monday,5750,672,1884.0,1418.0,880.0,4854.0,896,198101,146437,114770,7,Yes,2019,9,0,273,40,3,0,0,1,0.0747,5286.0,5827.0,5750.0,6250.0,0,0,0,0
2019-10-01,Tuesday,12000,662,2273.0,1801.0,1214.0,5950.0,6050,242178,204689,133180,50,No,2019,10,1,274,40,4,0,1,0,0.5042,5412.0,5685.0,896.0,4854.0,1,1,0,0
2019-10-02,Wednesday,6050,710,1939.0,1520.0,1115.0,5284.0,766,222451,170063,102606,6,Yes,2019,10,2,275,40,4,0,2,1,0.0638,5516.0,5363.0,6050.0,5950.0,0,1,0,0
2019-10-03,Thursday,12000,571,1988.0,1668.0,1434.0,5661.0,6339,251759,168433,109201,52,No,2019,10,3,276,40,4,0,3,0,0.5282,5645.0,5632.0,766.0,5284.0,1,1,0,0
2019-10-04,Friday,6339,602,2263.0,1529.0,1258.0,5652.0,687,218727,167787,129296,5,Yes,2019,10,4,277,40,4,0,4,1,0.0572,5718.0,5532.0,6339.0,5661.0,0,1,0,0
2019-10-05,Saturday,12000,830,2633.0,2269.0,1508.0,7240.0,4760,293636,252427,143657,39,No,2019,10,5,278,40,4,1,5,0,0.3967,5842.0,6184.0,687.0,5652.0,1,1,0,0
2019-10-06,Sunday,4760,745,2824.0,2279.8399999999992,1351.0,7206.0,0,314951,242447,152055,1,Yes,2019,10,6,279,40,4,1,6,1,0.0,5978.0,6699.0,4760.0,7240.0,0,1,0,0
2019-10-07,Monday,12000,545,2092.0,1467.0,1101.0,5205.0,6795,203234,151321,118361,56,No,2019,10,0,280,41,4,0,0,0,0.5662,6028.0,6550.0,0.0,7206.0,1,1,0,0
2019-10-08,Tuesday,6795,749,2370.0,1924.0,806.0,5849.0,946,242671,198661,116496,7,Yes,2019,10,1,281,41,4,0,1,1,0.0788,6014.0,6087.0,6795.0,5205.0,0,1,0,0
2019-10-09,Wednesday,12000,602,1931.0,1692.0,1287.0,5512.0,6488,220843,185564,132005,54,No,2019,10,2,282,41,4,0,2,0,0.5407,6046.0,5522.0,946.0,5849.0,1,1,0,0
2019-10-10,Thursday,6488,706,2262.0,1872.0,1118.0,5958.0,530,267782,181698,111366,4,Yes,2019,10,3,283,41,4,0,3,1,0.0442,6089.0,5773.0,6488.0,5512.0,0,1,0,0
2019-10-11,Friday,12000,664,2352.0,1783.0,1420.0,6219.0,5781,276167,178441,125591,48,No,2019,10,4,284,41,4,0,4,0,0.4818,6170.0,5896.0,530.0,5958.0,1,1,0,0
2019-10-12,Saturday,5781,736,2789.0,1925.0,1564.0,7014.0,0,290100,237774,138853,1,Yes,2019,10,5,285,41,4,1,5,1,0.0,6138.0,6397.0,5781.0,6219.0,0,1,0,0
2019-10-13,Sunday,12000,813,2697.0,2178.0,1068.0,6756.0,5244,294894,216239,154431,43,No,2019,10,6,286,41,4,1,6,0,0.437,6073.0,6663.0,0.0,7014.0,1,1,0,0
2019-10-14,Monday,5244,662,1945.0,1481.0,982.0,5070.0,174,221674,174806,129834,1,Yes,2019,10,0,287,42,4,0,0,1,0.0145,6054.0,6280.0,5244.0,6756.0,0,1,0,0
2019-10-15,Tuesday,12000,566,2059.0,1663.0,1071.0,5359.0,6641,235107,163856,98543,55,No,2019,10,1,288,42,4,0,1,0,0.5534,5984.0,5728.0,174.0,5070.0,1,1,0,0
2019-10-16,Wednesday,6641,560,1988.0,1536.0,799.0,4883.0,1758,212622,173416,97906,14,Yes,2019,10,2,289,42,4,0,2,1,0.1465,5894.0,5104.0,6641.0,5359.0,0,1,0,0
2019-10-17,Thursday,12000,598,2386.0,1842.0,1154.0,5980.0,6020,257261,189175,143801,50,No,2019,10,3,290,42,4,0,3,0,0.5017,5897.0,5407.0,1758.0,4883.0,1,1,0,0
2019-10-18,Friday,6020,843,2324.0,1759.0,1429.0,6355.0,0,287218,186922,159968,1,Yes,2019,10,4,291,42,4,0,4,1,0.0,5917.0,5739.0,6020.0,5980.0,0,1,0,0
2019-10-19,Saturday,12000,826,2634.0,1790.0,1216.0,6466.0,5534,303320,182567,141817,46,No,2019,10,5,292,42,4,1,5,0,0.4612,5838.0,6267.0,0.0,6355.0,1,1,0,0
2019-10-20,Sunday,5534,904,2736.0,2072.0,1017.0,6729.0,0,280119,237429,126286,1,Yes,2019,10,6,293,42,4,1,6,1,0.0,5835.0,6517.0,5534.0,6466.0,0,1,0,0
2019-10-21,Monday,12000,664,1946.0,1634.0,1069.0,5313.0,6687,226870,175420,103241,55,No,2019,10,0,294,43,4,0,0,0,0.5572,5869.0,6169.0,0.0,6729.0,1,1,0,0
2019-10-22,Tuesday,6687,697,2198.0,1618.0,976.0,5489.0,1198,221939,162171,108762,9,Yes,2019,10,1,295,43,4,0,1,1,0.0998,5888.0,5844.0,6687.0,5313.0,0,1,0,0
2019-10-23,Wednesday,12000,720,2068.0,1635.0,1330.0,5753.0,6247,244447,187804,130235,52,No,2019,10,2,296,43,4,0,2,0,0.5206,6012.0,5518.0,1198.0,5489.0,1,1,0,0
2019-10-24,Thursday,6247,682,2056.0,1688.0,1407.0,5833.0,414,246902,185881,107743,3,Yes,2019,10,3,297,43,4,0,3,1,0.0345,5991.0,5692.0,6247.0,5753.0,0,1,0,0
2019-10-25,Friday,12000,737,2681.0,2187.0,1430.0,7035.0,4965,298449,194879,165618,41,No,2019,10,4,298,43,4,0,4,0,0.4138,6088.0,6207.0,414.0,5833.0,1,1,0,0
2019-10-26,Saturday,4965,944,2860.12,2279.8399999999992,1053.0,7500.0,0,318684,250513,174619,1,Yes,2019,10,5,299,43,4,1,5,1,0.0,6236.0,6789.0,4965.0,7035.0,0,1,0,0
2019-10-27,Sunday,12000,937,2745.0,2132.0,1116.0,6930.0,5070,295577,225336,153078,42,No,2019,10,6,300,43,4,1,6,0,0.4225,6265.0,7155.0,0.0,7500.0,1,1,0,0
2019-10-28,Monday,5070,804,2308.0,1779.0,891.0,5782.0,0,231061,202422,124273,1,Yes,2019,10,0,301,44,4,0,0,1,0.0,6332.0,6737.0,5070.0,6930.0,0,1,0,0
2019-10-29,Tuesday,12000,636,2180.0,1898.0,1112.0,5826.0,6174,243283,190580,127473,51,No,2019,10,1,302,44,4,0,1,0,0.5145,6380.0,6179.0,0.0,5782.0,1,1,0,0
2019-10-30,Wednesday,6174,580,1844.0,1471.0,1194.0,5089.0,1085,218597,162818,105106,9,Yes,2019,10,2,303,44,4,0,2,1,0.0904,6285.0,5566.0,6174.0,5826.0,0,1,0,0
2019-10-31,Thursday,12000,714,2229.0,1790.0,799.0,5532.0,6468,221592,159863,130077,53,No,2019,10,3,304,44,4,0,3,0,0.539,6242.0,5482.0,1085.0,5089.0,1,1,0,0
2019-11-01,Friday,6468,815,2371.0,2170.0,1390.0,6746.0,0,280249,202914,124967,1,Yes,2019,11,4,305,44,4,0,4,1,0.0,6201.0,5789.0,6468.0,5532.0,0,1,0,0
2019-11-02,Saturday,12000,871,2814.0,2108.0,1082.0,6875.0,5125,293134,215810,147952,42,No,2019,11,5,306,44,4,1,5,0,0.4271,6111.0,6384.0,0.0,6746.0,1,1,0,0
2019-11-03,Sunday,5125,777,2411.0,1969.0,892.0,6049.0,0,258354,202691,113622,1,Yes,2019,11,6,307,44,4,1,6,1,0.0,5986.0,6557.0,5125.0,6875.0,0,1,0,0
2019-11-04,Monday,12000,696,2021.0,1572.0,826.0,5115.0,6885,219187,166717,117667,57,No,2019,11,0,308,45,4,0,0,0,0.5738,5890.0,6013.0,0.0,6049.0,1,1,0,0
2019-11-05,Tuesday,6885,613,1993.0,1493.0,979.0,5078.0,1807,201421,150970,99224,15,Yes,2019,11,1,309,45,4,0,1,1,0.1506,5783.0,5414.0,6885.0,5115.0,0,1,0,0
2019-11-06,Wednesday,12000,568,1881.0,1437.0,1077.0,4963.0,7037,217223,145058,100841,58,No,2019,11,2,310,45,4,0,2,0,0.5864,5765.0,5052.0,1807.0,5078.0,1,1,0,0
2019-11-07,Thursday,7037,727,2083.0,1851.0,1278.0,5939.0,1098,256705,168532,118533,9,Yes,2019,11,3,311,45,4,0,3,1,0.0915,5824.0,5327.0,7037.0,4963.0,0,1,0,0
2019-11-08,Friday,12000,778,2152.0,1896.0,1046.0,5872.0,6128,236520,202548,113633,51,No,2019,11,4,312,45,4,0,4,0,0.5107,5699.0,5591.0,1098.0,5939.0,1,1,0,0
2019-11-09,Saturday,6128,944,2642.0,2142.0,1444.0,7196.0,0,299757,221036,162281,1,Yes,2019,11,5,313,45,4,1,5,1,0.0,5745.0,6336.0,6128.0,5872.0,0,1,0,0
2019-11-10,Sunday,12000,830,2763.0,1988.0,1265.0,6846.0,5154,289444,225302,171438,42,No,2019,11,6,314,45,4,1,6,0,0.4295,5858.0,6638.0,0.0,7196.0,1,1,0,0
2019-11-11,Monday,5154,648,1971.0,1509.0,1168.0,5296.0,0,221928,178281,129490,1,Yes,2019,11,0,315,46,4,0,0,1,0.0,5884.0,6446.0,5154.0,6846.0,0,1,0,0
2019-11-12,Tuesday,12000,776,2156.0,1783.0,1132.0,5847.0,6153,252504,197433,109109,51,No,2019,11,1,316,46,4,0,1,0,0.5128,5994.0,5996.0,0.0,5296.0,1,1,0,0
2019-11-13,Wednesday,6153,688,2119.0,1734.0,1087.0,5628.0,525,242080,179922,120228,4,Yes,2019,11,2,317,46,4,0,2,1,0.0438,6089.0,5590.0,6153.0,5847.0,0,1,0,0
2019-11-14,Thursday,12000,704,1996.0,1576.0,899.0,5175.0,6825,210255,160053,134102,56,No,2019,11,3,318,46,4,0,3,0,0.5688,5980.0,5550.0,525.0,5628.0,1,1,0,0
2019-11-15,Friday,6825,826,2396.0,1768.0,1390.0,6380.0,445,260627,186037,138370,3,Yes,2019,11,4,319,46,4,0,4,1,0.0371,6053.0,5728.0,6825.0,5175.0,0,1,0,0
2019-11-16,Saturday,12000,852,2679.0,2077.0,1266.0,6874.0,5126,297924,226584,150956,42,No,2019,11,5,320,46,4,1,5,0,0.4272,6007.0,6143.0,445.0,6380.0,1,1,0,0
2019-11-17,Sunday,5126,931,2436.0,2070.0,1223.0,6660.0,0,282653,225866,135161,1,Yes,2019,11,6,321,46,4,1,6,1,0.0,5980.0,6638.0,5126.0,6874.0,0,1,0,0
2019-11-18,Monday,12000,760,2035.0,1551.0,1264.0,5610.0,6390,226785,182861,103757,53,No,2019,11,0,322,47,4,0,0,0,0.5325,6025.0,6381.0,0.0,6660.0,1,1,0,0
2019-11-19,Tuesday,6390,583,1951.0,1779.0,1191.0,5504.0,886,234103,169913,100498,7,Yes,2019,11,1,323,47,4,0,1,1,0.0738,5976.0,5925.0,6390.0,5610.0,0,1,0,0
2019-11-20,Wednesday,12000,609,2250.0,1770.0,1292.0,5921.0,6079,245748,203970,123590,50,No,2019,11,2,324,47,4,0,2,0,0.5066,6018.0,5678.0,886.0,5504.0,1,1,0,0
2019-11-21,Thursday,6079,623,2108.0,1667.0,1330.0,5728.0,351,274712,161139,109183,2,Yes,2019,11,3,325,47,4,0,3,1,0.0292,6097.0,5718.0,6079.0,5921.0,0,1,0,0
2019-11-22,Friday,12000,663,2539.0,1757.0,1540.0,6499.0,5501,264273,231232,163251,45,No,2019,11,4,326,47,4,0,4,0,0.4584,6114.0,6049.0,351.0,5728.0,1,1,0,0
2019-11-23,Saturday,5501,846,2831.0,2163.0,1113.0,6953.0,0,321276,214330,134670,1,Yes,2019,11,5,327,47,4,1,5,1,0.0,6125.0,6393.0,5501.0,6499.0,0,1,0,0
2019-11-24,Sunday,12000,944,2496.0,2182.0,1233.0,6863.0,5137,284275,196746,137988,42,No,2019,11,6,328,47,4,1,6,0,0.4281,6154.0,6772.0,0.0,6953.0,1,1,0,0
2019-11-25,Monday,5137,632,1896.0,1415.0,1146.0,5089.0,48,214471,153630,120922,1,Yes,2019,11,0,329,48,4,0,0,1,0.004,6080.0,6302.0,5137.0,6863.0,0,1,0,0
2019-11-26,Tuesday,12000,542,1869.0,1430.0,1399.0,5240.0,6760,212766,172908,94558,56,No,2019,11,1,330,48,4,0,1,0,0.5633,6042.0,5731.0,48.0,5089.0,1,1,0,0
2019-11-27,Wednesday,6760,709,2130.0,1780.0,1241.0,5860.0,900,252141,174718,138832,7,Yes,2019,11,2,331,48,4,0,2,1,0.075,6033.0,5396.0,6760.0,5240.0,0,1,0,0
2019-11-28,Thursday,12000,697,2373.0,1845.0,1218.0,6133.0,5867,276108,195175,143930,48,No,2019,11,3,332,48,4,0,3,0,0.4889,6091.0,5744.0,900.0,5860.0,1,1,0,0
2019-11-29,Friday,5867,704,2579.0,1855.0,1349.0,6487.0,0,248819,188219,165144,1,Yes,2019,11,4,333,48,4,0,4,1,0.0,6089.0,6160.0,5867.0,6133.0,0,1,0,0
2019-11-30,Saturday,12000,778,2754.0,2033.0,1623.0,7188.0,4812,287849,232015,159915,40,No,2019,11,5,334,48,4,1,5,0,0.401,6123.0,6603.0,0.0,6487.0,1,1,0,0
2019-12-01,Sunday,4812,654,1938.0,1597.0,1097.0,5286.0,0,225961,156556,107156,1,Yes,2019,12,6,335,48,4,1,6,1,0.0,5898.0,6320.0,4812.0,7188.0,0,0,0,0
2019-12-02,Monday,12000,573,1875.0,1272.0,904.0,4624.0,7376,197923,158919,97325,61,No,2019,12,0,336,49,4,0,0,0,0.6147,5831.0,5699.0,0.0,5286.0,1,0,0,0
2019-12-03,Tuesday,7376,505,1829.0,1514.0,838.0,4686.0,2690,202011,148482,94302,22,No,2019,12,1,337,49,4,0,1,0,0.2242,5752.0,4865.0,7376.0,4624.0,2,0,0,0
2019-12-04,Wednesday,2690,576,2088.0,1572.0,1002.0,5238.0,0,234809,170234,104637,1,Yes,2019,12,2,338,49,4,0,2,1,0.0,5663.0,4849.0,2690.0,4686.0,0,0,0,0
2019-12-05,Thursday,12000,527,1791.0,1657.0,1133.0,5108.0,6892,220722,164185,105479,57,No,2019,12,3,339,49,4,0,3,0,0.5743,5517.0,5011.0,0.0,5238.0,1,0,0,0
2019-12-06,Friday,6892,758,2272.0,1533.0,1096.0,5659.0,1233,242219,188467,105451,10,Yes,2019,12,4,340,49,4,0,4,1,0.1028,5398.0,5335.0,6892.0,5108.0,0,0,0,0
2019-12-07,Saturday,12000,831,2512.0,1970.0,1224.0,6537.0,5463,259261,237806,149374,45,No,2019,12,5,341,49,4,1,5,0,0.4552,5305.0,5768.0,1233.0,5659.0,1,0,0,0
2019-12-08,Sunday,5463,596,2357.0,1703.0,1131.0,5787.0,0,246094,183994,132166,1,Yes,2019,12,6,342,49,4,1,6,1,0.0,5377.0,5994.0,5463.0,6537.0,0,0,0,0
2019-12-09,Monday,12000,554,1801.0,1371.0,1051.0,4777.0,7223,202173,151444,110668,60,No,2019,12,0,343,50,4,0,0,0,0.6019,5399.0,5700.0,0.0,5787.0,1,0,0,0
2019-12-10,Tuesday,7223,617,1782.0,1436.0,1036.0,4871.0,2352,200245,136888,100968,19,No,2019,12,1,344,50,4,0,1,0,0.196,5425.0,5145.0,7223.0,4777.0,2,0,0,0
2019-12-11,Wednesday,2352,588,1769.0,1313.0,1064.0,4734.0,0,205511,161653,111053,1,Yes,2019,12,2,345,50,4,0,2,1,0.0,5353.0,4794.0,2352.0,4871.0,0,0,0,0
2019-12-12,Thursday,12000,680,1906.0,1727.0,1064.0,5377.0,6623,228507,170424,126118,55,No,2019,12,3,346,50,4,0,3,0,0.5519,5392.0,4994.0,0.0,4734.0,1,0,0,0
2019-12-13,Friday,6623,614,2184.0,1593.0,1088.0,5479.0,1144,216295,183171,134770,9,Yes,2019,12,4,347,50,4,0,4,1,0.0953,5366.0,5197.0,6623.0,5377.0,0,0,0,0
2019-12-14,Saturday,12000,703,2517.0,2214.0,1294.0,6728.0,5272,268357,208612,136874,43,No,2019,12,5,348,50,4,1,5,0,0.4393,5393.0,5861.0,1144.0,5479.0,1,0,0,0
2019-12-15,Sunday,5272,630,1962.0,1759.0,1002.0,5353.0,0,216186,169725,109618,1,Yes,2019,12,6,349,50,4,1,6,1,0.0,5331.0,5853.0,5272.0,6728.0,0,0,0,0
2019-12-16,Monday,12000,441,1578.0,1244.0,1055.0,4318.0,7682,173088,143930,108853,64,No,2019,12,0,350,51,4,0,0,0,0.6402,5266.0,5466.0,0.0,5353.0,1,0,0,0
2019-12-17,Tuesday,7682,489,1988.0,1467.0,950.0,4894.0,2788,208430,143301,108831,23,No,2019,12,1,351,51,4,0,1,0,0.2323,5269.0,4855.0,7682.0,4318.0,2,0,0,0
2019-12-18,Wednesday,2788,589,1801.0,1384.0,830.0,4604.0,0,191935,139887,96794,1,Yes,2019,12,2,352,51,4,0,2,1,0.0,5250.0,4605.0,2788.0,4894.0,0,0,0,0
2019-12-19,Thursday,12000,701,1780.0,1607.0,969.0,5057.0,6943,216281,161484,122098,57,No,2019,12,3,353,51,4,0,3,0,0.5786,5205.0,4852.0,0.0,4604.0,1,0,0,0
2019-12-20,Friday,6943,677,2074.0,1580.0,1011.0,5342.0,1601,247870,163923,102410,13,Yes,2019,12,4,354,51,4,0,4,1,0.1334,5185.0,5001.0,6943.0,5057.0,0,0,0,0
2019-12-21,Saturday,12000,779,2221.0,1775.0,1498.0,6273.0,5727,256005,225082,131688,47,No,2019,12,5,355,51,4,1,5,0,0.4772,5120.0,5557.0,1601.0,5342.0,1,0,0,0
2019-12-22,Sunday,5727,615,2132.0,1692.0,1040.0,5479.0,248,214501,160108,127469,2,Yes,2019,12,6,356,51,4,1,6,1,0.0207,5138.0,5698.0,5727.0,6273.0,0,0,0,0
2019-12-23,Monday,12000,511,1819.0,1293.0,1091.0,4714.0,7286,206895,155855,96023,60,No,2019,12,0,357,52,4,0,0,0,0.6072,5195.0,5489.0,248.0,5479.0,1,0,0,0
2019-12-24,Tuesday,7286,595,1671.0,1307.0,1185.0,4758.0,2528,207847,146499,95900,21,No,2019,12,1,358,52,4,0,1,0,0.2107,5175.0,4984.0,7286.0,4714.0,2,0,0,0
2019-12-25,Wednesday,2528,604,1837.0,1337.0,1024.0,4802.0,0,209862,160692,86710,1,Yes,2019,12,2,359,52,4,0,2,1,0.0,5204.0,4758.0,2528.0,4758.0,0,0,0,0
2019-12-26,Thursday,12000,637,1738.0,1547.0,1007.0,4929.0,7071,222173,134520,122284,58,No,2019,12,3,360,52,4,0,3,0,0.5893,5185.0,4830.0,0.0,4802.0,1,0,0,0
2019-12-27,Friday,7071,617,2181.0,1832.0,955.0,5585.0,1486,239915,180049,115297,12,Yes,2019,12,4,361,52,4,0,4,1,0.1238,5220.0,5105.0,7071.0,4929.0,0,0,0,0
2019-12-28,Saturday,12000,782,2412.0,1760.0,1122.0,6076.0,5924,246096,186937,144369,49,No,2019,12,5,362,52,4,1,5,0,0.4937,5192.0,5530.0,1486.0,5585.0,1,0,0,0
2019-12-29,Sunday,5924,850,2274.0,2014.0,1020.0,6158.0,0,268902,191551,108372,1,Yes,2019,12,6,363,52,4,1,6,1,0.0,5289.0,5940.0,5924.0,6076.0,0,0,0,0
2019-12-30,Monday,12000,545,1547.0,1177.0,870.0,4139.0,7861,175017,131515,80135,65,No,2019,12,0,364,1,4,0,0,0,0.6551,5207.0,5458.0,0.0,6158.0,1,0,0,0
2019-12-31,Tuesday,7861,591,1882.0,1449.0,1031.0,4953.0,2908,211015,162641,117283,24,No,2019,12,1,365,1,4,0,1,0,0.2423,5235.0,5083.0,7861.0,4139.0,2,0,0,0
2020-01-01,Wednesday,2908,558,1863.0,1478.0,1195.0,5094.0,0,229454,182377,102488,1,Yes,2020,1,2,1,1,1,0,2,1,0.0,5276.0,4729.0,2908.0,4953.0,0,0,0,0
2020-01-02,Thursday,12000,556,1909.0,1375.0,1250.0,5090.0,6910,210019,166962,103257,57,No,2020,1,3,2,1,1,0,3,0,0.5758,5299.0,5046.0,0.0,5094.0,1,0,0,0
2020-01-03,Friday,6910,644,2166.0,1893.0,1422.0,6125.0,785,243098,196049,119012,6,Yes,2020,1,4,3,1,1,0,4,1,0.0654,5376.0,5436.0,6910.0,5090.0,0,0,0,0
2020-01-04,Saturday,12000,839,2487.0,2093.0,932.0,6351.0,5649,262518,182668,130494,47,No,2020,1,5,4,1,1,1,5,0,0.4708,5416.0,5855.0,785.0,6125.0,1,0,0,0
2020-01-05,Sunday,5649,846,2522.0,1791.0,1222.0,6381.0,0,271978,228234,145929,1,Yes,2020,1,6,5,1,1,1,6,1,0.0,5448.0,6286.0,5649.0,6351.0,0,0,0,0
2020-01-06,Monday,12000,539,1755.0,1641.0,1049.0,4984.0,7016,211028,160459,107189,58,No,2020,1,0,6,2,1,0,0,0,0.5847,5568.0,5905.0,0.0,6381.0,1,0,0,0
2020-01-07,Tuesday,7016,552,2027.0,1384.0,1144.0,5107.0,1909,195922,173470,97673,15,Yes,2020,1,1,7,2,1,0,1,1,0.1591,5590.0,5491.0,7016.0,4984.0,0,0,0,0
2020-01-08,Wednesday,12000,607,1736.0,1503.0,984.0,4830.0,7170,201383,134056,103181,59,No,2020,1,2,8,2,1,0,2,0,0.5975,5553.0,4974.0,1909.0,5107.0,1,0,0,0
2020-01-09,Thursday,7170,558,1936.0,1404.0,1108.0,5006.0,2164,211172,174988,114395,18,No,2020,1,3,9,2,1,0,3,0,0.1803,5541.0,4981.0,7170.0,4830.0,2,0,0,0
2020-01-10,Friday,2164,603,1885.0,1646.0,1145.0,5279.0,0,236840,163597,104837,1,Yes,2020,1,4,10,2,1,0,4,1,0.0,5420.0,5038.0,2164.0,5006.0,0,0,0,0
2020-01-11,Saturday,12000,789,2296.0,2047.0,1109.0,6241.0,5759,275935,217409,118182,47,No,2020,1,5,11,2,1,1,5,0,0.4799,5404.0,5509.0,0.0,5279.0,1,0,0,0
2020-01-12,Sunday,5759,577,2275.0,1777.0,1146.0,5775.0,0,247543,205749,114980,1,Yes,2020,1,6,12,2,1,1,6,1,0.0,5317.0,5765.0,5759.0,6241.0,0,0,0,0
2020-01-13,Monday,12000,596,1986.0,1631.0,770.0,4983.0,7017,213851,153506,93552,58,No,2020,1,0,13,3,1,0,0,0,0.5848,5317.0,5666.0,0.0,5775.0,1,0,0,0
2020-01-14,Tuesday,7017,618,2086.0,1742.0,846.0,5292.0,1725,239380,171746,105438,14,Yes,2020,1,1,14,3,1,0,1,1,0.1438,5344.0,5350.0,7017.0,4983.0,0,0,0,0
2020-01-15,Wednesday,12000,583,1652.0,1418.0,888.0,4541.0,7459,200768,127207,101209,62,No,2020,1,2,15,3,1,0,2,0,0.6216,5302.0,4939.0,1725.0,5292.0,1,0,0,0
2020-01-16,Thursday,7459,581,2018.0,1603.0,870.0,5072.0,2387,199100,148410,119765,19,No,2020,1,3,16,3,1,0,3,0,0.1989,5312.0,4968.0,7459.0,4541.0,2,0,0,0
2020-01-17,Friday,2387,742,2100.0,1791.0,940.0,5573.0,0,237739,157087,96989,1,Yes,2020,1,4,17,3,1,0,4,1,0.0,5354.0,5062.0,2387.0,5072.0,0,0,0,0
2020-01-18,Saturday,12000,692,2515.0,2026.0,1107.0,6340.0,5660,265073,222735,114860,47,No,2020,1,5,18,3,1,1,5,0,0.4717,5368.0,5662.0,0.0,5573.0,1,0,0,0
2020-01-19,Sunday,5660,653,2286.0,2010.0,1153.0,6102.0,0,257752,190037,151861,1,Yes,2020,1,6,19,3,1,1,6,1,0.0,5415.0,6005.0,5660.0,6340.0,0,0,0,0
2020-01-20,Monday,12000,577,1727.0,1372.0,1127.0,4803.0,7197,211842,167882,95056,59,No,2020,1,0,20,4,1,0,0,0,0.5998,5389.0,5748.0,0.0,6102.0,1,0,0,0
2020-01-21,Tuesday,7197,508,1762.0,1554.0,1022.0,4846.0,2351,196883,145648,95021,19,No,2020,1,1,21,4,1,0,1,0,0.1959,5325.0,5250.0,7197.0,4803.0,2,0,0,0
2020-01-22,Wednesday,2351,648,1894.0,1595.0,991.0,5128.0,0,213342,175594,96348,1,Yes,2020,1,2,22,4,1,0,2,1,0.0,5409.0,4926.0,2351.0,4846.0,0,0,0,0
2020-01-23,Thursday,12000,614,1682.0,1400.0,928.0,4624.0,7376,214088,158121,108642,61,No,2020,1,3,23,4,1,0,3,0,0.6147,5345.0,4866.0,0.0,5128.0,1,0,0,0
2020-01-24,Friday,7376,543,2008.0,1642.0,1009.0,5202.0,2174,226079,151196,125300,18,No,2020,1,4,24,4,1,0,4,0,0.1812,5292.0,4985.0,7376.0,4624.0,2,0,0,0
2020-01-25,Saturday,2174,833,2500.0,1759.0,1142.0,6234.0,0,245190,201017,137570,1,Yes,2020,1,5,25,4,1,1,5,1,0.0,5277.0,5353.0,2174.0,5202.0,0,0,0,0
2020-01-26,Sunday,12000,725,2316.0,1589.0,1229.0,5859.0,6141,253457,185361,131946,51,No,2020,1,6,26,4,1,1,6,0,0.5118,5242.0,5765.0,0.0,6234.0,1,0,0,0
2020-01-27,Monday,6141,553,1584.0,1443.0,927.0,4507.0,1634,189844,145776,87797,13,Yes,2020,1,0,27,5,1,0,0,1,0.1362,5200.0,5533.0,6141.0,5859.0,0,0,0,0
2020-01-28,Tuesday,12000,770,2257.0,1583.0,976.0,5586.0,6414,236233,168447,116335,53,No,2020,1,1,28,5,1,0,1,0,0.5345,5306.0,5317.0,1634.0,4507.0,1,0,0,0
2020-01-29,Wednesday,6414,650,1957.0,1604.0,836.0,5047.0,1367,207237,159133,106483,11,Yes,2020,1,2,29,5,1,0,2,1,0.1139,5294.0,5047.0,6414.0,5586.0,0,0,0,0
2020-01-30,Thursday,12000,563,1964.0,1398.0,1162.0,5087.0,6913,215017,159666,98841,57,No,2020,1,3,30,5,1,0,3,0,0.5761,5360.0,5240.0,1367.0,5047.0,1,0,0,0
2020-01-31,Friday,6913,694,2396.0,1979.0,1324.0,6393.0,520,297384,222060,143290,4,Yes,2020,1,4,31,5,1,0,4,1,0.0433,5530.0,5509.0,6913.0,5087.0,0,0,0,0
2020-02-01,Saturday,12000,799,2282.0,1907.0,1249.0,6237.0,5763,256381,194214,133924,48,No,2020,2,5,32,5,1,1,5,0,0.4802,5531.0,5906.0,520.0,6393.0,1,0,0,0
2020-02-02,Sunday,5763,760,2264.0,1958.0,1252.0,6234.0,0,240813,209411,143414,1,Yes,2020,2,6,33,5,1,1,6,1,0.0,5584.0,6288.0,5763.0,6237.0,0,0,0,0
2020-02-03,Monday,12000,482,1786.0,1302.0,993.0,4563.0,7437,201286,154821,91844,61,No,2020,2,0,34,6,1,0,0,0,0.6198,5592.0,5678.0,0.0,6234.0,1,0,0,0
2020-02-04,Tuesday,7437,640,1849.0,1367.0,1184.0,5040.0,2397,219431,140189,109814,19,No,2020,2,1,35,6,1,0,1,0,0.1998,5514.0,5279.0,7437.0,4563.0,2,0,0,0
2020-02-05,Wednesday,2397,669,2033.0,1610.0,909.0,5221.0,0,229364,153924,114770,1,Yes,2020,2,2,36,6,1,0,2,1,0.0,5539.0,4941.0,2397.0,5040.0,0,0,0,0
2020-02-06,Thursday,12000,521,1864.0,1508.0,821.0,4714.0,7286,194528,133284,89336,60,No,2020,2,3,37,6,1,0,3,0,0.6072,5486.0,4992.0,0.0,5221.0,1,0,0,0
2020-02-07,Friday,7286,728,1979.0,1484.0,1095.0,5286.0,2000,238399,186161,99122,16,No,2020,2,4,38,6,1,0,4,0,0.1667,5328.0,5074.0,7286.0,4714.0,2,0,0,0
2020-02-08,Saturday,2000,726,2463.0,2088.0,1228.0,6505.0,0,300812,217550,121912,1,Yes,2020,2,5,39,6,1,1,5,1,0.0,5366.0,5502.0,2000.0,5286.0,0,0,0,0
2020-02-09,Sunday,12000,779,2537.0,1953.0,1215.0,6484.0,5516,280968,226192,120036,45,No,2020,2,6,40,6,1,1,6,0,0.4597,5402.0,6092.0,0.0,6505.0,1,0,0,0
2020-02-10,Monday,5516,422,1485.0,1143.0,1136.0,4186.0,1330,171886,133685,101547,11,Yes,2020,2,0,41,7,1,0,0,1,0.1108,5348.0,5725.0,5516.0,6484.0,0,0,0,0
2020-02-11,Tuesday,12000,625,1677.0,1361.0,1062.0,4725.0,7275,206789,148606,112414,60,No,2020,2,1,42,7,1,0,1,0,0.6062,5303.0,5132.0,1330.0,4186.0,1,0,0,0
2020-02-12,Wednesday,7275,565,1760.0,1316.0,1060.0,4701.0,2574,212838,158990,111177,21,No,2020,2,2,43,7,1,0,2,0,0.2145,5229.0,4537.0,7275.0,4725.0,2,0,0,0
2020-02-13,Thursday,2574,673,1962.0,1439.0,828.0,4902.0,0,215815,134923,92499,1,Yes,2020,2,3,44,7,1,0,3,1,0.0,5256.0,4776.0,2574.0,4701.0,0,0,0,0
2020-02-14,Friday,12000,790,2246.0,1720.0,935.0,5691.0,6309,253510,195857,111304,52,No,2020,2,4,45,7,1,0,4,0,0.5258,5313.0,5098.0,0.0,4902.0,1,0,0,0
2020-02-15,Saturday,6309,758,2435.0,2062.0,1529.0,6784.0,0,295140,207932,163570,1,Yes,2020,2,5,46,7,1,1,5,1,0.0,5353.0,5792.0,6309.0,5691.0,0,0,0,0
2020-02-16,Sunday,12000,792,2147.0,1720.0,1406.0,6065.0,5935,274842,193042,117657,49,No,2020,2,6,47,7,1,1,6,0,0.4946,5293.0,6180.0,0.0,6784.0,1,0,0,0
2020-02-17,Monday,5935,538,1932.0,1361.0,950.0,4781.0,1154,222949,136275,105173,9,Yes,2020,2,0,48,8,1,0,0,1,0.0962,5378.0,5877.0,5935.0,6065.0,0,0,0,0
2020-02-18,Tuesday,12000,599,1722.0,1524.0,1068.0,4913.0,7087,209378,150001,99469,59,No,2020,2,1,49,8,1,0,1,0,0.5906,5405.0,5253.0,1154.0,4781.0,1,0,0,0
2020-02-19,Wednesday,7087,478,1785.0,1366.0,974.0,4603.0,2484,201975,151012,100917,20,No,2020,2,2,50,8,1,0,2,0,0.207,5391.0,4766.0,7087.0,4913.0,2,0,0,0
2020-02-20,Thursday,2484,544,1943.0,1609.0,1040.0,5136.0,0,220104,156042,102653,1,Yes,2020,2,3,51,8,1,0,3,1,0.0,5425.0,4884.0,2484.0,4603.0,0,0,0,0
2020-02-21,Friday,12000,738,2490.0,1741.0,1258.0,6227.0,5773,269507,193373,158603,48,No,2020,2,4,52,8,1,0,4,0,0.4811,5501.0,5322.0,0.0,5136.0,1,0,0,0
2020-02-22,Saturday,5773,795,2613.0,1783.0,1293.0,6484.0,0,290087,209081,122482,1,Yes,2020,2,5,53,8,1,1,5,1,0.0,5458.0,5949.0,5773.0,6227.0,0,0,0,0
2020-02-23,Sunday,12000,715,2280.0,1936.0,1021.0,5952.0,6048,265757,183378,121625,50,No,2020,2,6,54,8,1,1,6,0,0.504,5442.0,6221.0,0.0,6484.0,1,0,0,0
2020-02-24,Monday,6048,641,2019.0,1602.0,759.0,5021.0,1027,223078,156399,93768,8,Yes,2020,2,0,55,9,1,0,0,1,0.0856,5477.0,5819.0,6048.0,5952.0,0,0,0,0
2020-02-25,Tuesday,12000,553,1978.0,1519.0,860.0,4910.0,7090,206101,151051,88798,59,No,2020,2,1,56,9,1,0,1,0,0.5908,5476.0,5294.0,1027.0,5021.0,1,0,0,0
2020-02-26,Wednesday,7090,530,2032.0,1406.0,1070.0,5038.0,2052,212766,163803,110825,17,No,2020,2,2,57,9,1,0,2,0,0.171,5538.0,4990.0,7090.0,4910.0,2,0,0,0
2020-02-27,Thursday,2052,525,2045.0,1646.0,1002.0,5218.0,0,222985,170362,95167,1,Yes,2020,2,3,58,9,1,0,3,1,0.0,5550.0,5055.0,2052.0,5038.0,0,0,0,0
2020-02-28,Friday,12000,548,1955.0,1582.0,1249.0,5334.0,6666,233507,189273,114644,55,No,2020,2,4,59,9,1,0,4,0,0.5555,5422.0,5197.0,0.0,5218.0,1,0,0,0
2020-02-29,Saturday,6666,643,2114.0,1495.0,1016.0,5268.0,1398,229156,161124,103724,11,Yes,2020,2,5,60,9,1,1,5,1,0.1165,5249.0,5273.0,6666.0,5334.0,0,0,0,0
2020-03-01,Sunday,12000,754,2806.0,2200.0,1187.0,6947.0,5053,316779,221735,156384,42,No,2020,3,6,61,9,1,1,6,0,0.4211,5391.0,5850.0,1398.0,5268.0,1,0,0,1
2020-03-02,Monday,5053,672,1782.0,1511.0,1094.0,5059.0,0,225093,154439,99187,1,Yes,2020,3,0,62,10,1,0,0,1,0.0,5396.0,5758.0,5053.0,6947.0,0,0,0,1
2020-03-03,Tuesday,12000,575,1962.0,1586.0,985.0,5108.0,6892,232670,150383,102504,57,No,2020,3,1,63,10,1,0,1,0,0.5743,5425.0,5705.0,0.0,5059.0,1,0,0,1
2020-03-04,Wednesday,6892,547,2002.0,1635.0,1178.0,5362.0,1530,239014,164654,117414,12,Yes,2020,3,2,64,10,1,0,2,1,0.1275,5471.0,5176.0,6892.0,5108.0,0,0,0,1
2020-03-05,Thursday,12000,792,2247.0,1875.0,1001.0,5915.0,6085,229585,179308,137460,50,No,2020,3,3,65,10,1,0,3,0,0.5071,5570.0,5462.0,1530.0,5362.0,1,0,0,1
2020-03-06,Friday,6085,792,2459.0,1993.0,1000.0,6244.0,0,256056,213041,132749,1,Yes,2020,3,4,66,10,1,0,4,1,0.0,5700.0,5840.0,6085.0,5915.0,0,0,0,1
2020-03-07,Saturday,12000,944,2860.12,2279.8399999999992,1238.0,7500.0,4500,350476,259178,166519,37,No,2020,3,5,67,10,1,1,5,0,0.375,6019.0,6553.0,0.0,6244.0,1,0,0,1
2020-03-08,Sunday,4500,721,2530.0,2212.0,1361.0,6824.0,0,281366,223060,157498,1,Yes,2020,3,6,68,10,1,1,6,1,0.0,6002.0,6856.0,4500.0,7500.0,0,0,0,1
2020-03-09,Monday,12000,569,1933.0,1775.0,1240.0,5517.0,6483,227972,158568,119589,54,No,2020,3,0,69,11,1,0,0,0,0.5402,6067.0,6614.0,0.0,6824.0,1,0,0,1
2020-03-10,Tuesday,6483,604,2191.0,1489.0,1221.0,5505.0,978,228791,167881,123935,8,Yes,2020,3,1,70,11,1,0,1,1,0.0815,6124.0,5949.0,6483.0,5517.0,0,0,0,1
2020-03-11,Wednesday,12000,723,1928.0,1460.0,1149.0,5260.0,6740,232845,161835,126680,56,No,2020,3,2,71,11,1,0,2,0,0.5617,6109.0,5427.0,978.0,5505.0,1,0,0,1
2020-03-12,Thursday,6740,668,2201.0,1628.0,1302.0,5799.0,941,257540,163646,134893,7,Yes,2020,3,3,72,11,1,0,3,1,0.0784,6093.0,5521.0,6740.0,5260.0,0,0,0,1
2020-03-13,Friday,12000,636,2349.0,2065.0,1213.0,6263.0,5737,259637,219200,131490,47,No,2020,3,4,73,11,1,0,4,0,0.4781,6095.0,5774.0,941.0,5799.0,1,0,0,1
2020-03-14,Saturday,5737,944,2860.12,2259.0,1207.0,7323.0,0,327164,236103,155834,1,Yes,2020,3,5,74,11,1,1,5,1,0.0,6070.0,6462.0,5737.0,6263.0,0,0,0,1
2020-03-15,Sunday,12000,697,2767.0,2201.0,1154.0,6819.0,5181,287176,193759,159953,43,No,2020,3,6,75,11,1,1,6,0,0.4318,6069.0,6802.0,0.0,7323.0,1,0,0,1
2020-03-16,Monday,5181,649,2100.0,1664.0,1184.0,5597.0,0,243884,186530,124008,1,Yes,2020,3,0,76,12,1,0,0,1,0.0,6081.0,6580.0,5181.0,6819.0,0,0,0,1
2020-03-17,Tuesday,12000,529,1952.0,1589.0,1172.0,5242.0,6758,224539,145328,112076,56,No,2020,3,1,77,12,1,0,1,0,0.5632,6043.0,5886.0,0.0,5597.0,1,0,0,1
2020-03-18,Wednesday,6758,583,1758.0,1501.0,1048.0,4890.0,1868,223640,163027,117725,15,Yes,2020,3,2,78,12,1,0,2,1,0.1557,5990.0,5243.0,6758.0,5242.0,0,0,0,1
2020-03-19,Thursday,12000,587,2003.0,1745.0,1033.0,5368.0,6632,224523,179273,112126,55,No,2020,3,3,79,12,1,0,3,0,0.5527,5929.0,5167.0,1868.0,4890.0,1,0,0,1
2020-03-20,Friday,6632,750,2180.0,1875.0,1261.0,6066.0,566,288273,172955,118695,4,Yes,2020,3,4,80,12,1,0,4,1,0.0472,5901.0,5441.0,6632.0,5368.0,0,0,0,1
2020-03-21,Saturday,12000,845,2538.0,1981.0,1649.0,7102.0,4898,323881,209213,135827,40,No,2020,3,5,81,12,1,1,5,0,0.4082,5869.0,6179.0,566.0,6066.0,1,0,0,1
2020-03-22,Sunday,4898,734,2761.0,2155.0,1134.0,6784.0,0,321948,210921,160496,1,Yes,2020,3,6,82,12,1,1,6,1,0.0,5864.0,6651.0,4898.0,7102.0,0,0,0,1
2020-03-23,Monday,12000,600,2174.0,1509.0,1178.0,5461.0,6539,241586,163911,109471,54,No,2020,3,0,83,13,1,0,0,0,0.5449,5845.0,6449.0,0.0,6784.0,1,0,0,1
2020-03-24,Tuesday,6539,704,1991.0,1517.0,1368.0,5580.0,959,244711,163917,122246,7,Yes,2020,3,1,84,13,1,0,1,1,0.0799,5893.0,5942.0,6539.0,5461.0,0,0,0,1
2020-03-25,Wednesday,12000,628,1639.0,1355.0,1030.0,4652.0,7348,218841,156236,113918,61,No,2020,3,2,85,13,1,0,2,0,0.6123,5859.0,5231.0,959.0,5580.0,1,0,0,1
2020-03-26,Thursday,7348,801,2194.0,1754.0,1226.0,5975.0,1373,270254,177270,115197,11,Yes,2020,3,3,86,13,1,0,3,1,0.1144,5946.0,5402.0,7348.0,4652.0,0,0,0,1
2020-03-27,Friday,12000,804,2379.0,1941.0,957.0,6081.0,5919,269240,198817,149183,49,No,2020,3,4,87,13,1,0,4,0,0.4932,5948.0,5569.0,1373.0,5975.0,1,0,0,1
2020-03-28,Saturday,5919,783,2359.0,1989.0,1203.0,6334.0,0,274091,190369,133777,1,Yes,2020,3,5,88,13,1,1,5,1,0.0,5838.0,6130.0,5919.0,6081.0,0,0,0,1
2020-03-29,Sunday,12000,807,2352.0,1896.0,1136.0,6191.0,5809,261924,201834,127645,48,No,2020,3,6,89,13,1,1,6,0,0.4841,5753.0,6202.0,0.0,6334.0,1,0,0,1
2020-03-30,Monday,5809,662,1977.0,1371.0,931.0,4941.0,868,213920,166433,116024,7,Yes,2020,3,0,90,14,1,0,0,1,0.0723,5679.0,5822.0,5809.0,6191.0,0,0,0,1
2020-03-31,Tuesday,12000,602,2067.0,1451.0,956.0,5076.0,6924,239088,160431,96547,57,No,2020,3,1,91,14,1,0,1,0,0.577,5607.0,5403.0,868.0,4941.0,1,0,0,1
2020-04-01,Wednesday,6924,638,1730.0,1563.0,873.0,4804.0,2120,214377,164748,95896,17,No,2020,4,2,92,14,2,0,2,0,0.1767,5629.0,4940.0,6924.0,5076.0,2,0,0,1
2020-04-02,Thursday,2120,528,1877.0,1652.0,1096.0,5153.0,0,238018,176387,96332,1,Yes,2020,4,3,93,14,2,0,3,1,0.0,5511.0,5011.0,2120.0,4804.0,0,0,0,1
2020-04-03,Friday,12000,774,2277.0,1949.0,1367.0,6367.0,5633,290087,185091,118191,46,No,2020,4,4,94,14,2,0,4,0,0.4694,5552.0,5441.0,0.0,5153.0,1,0,0,1
2020-04-04,Saturday,5633,859,2513.0,2183.0,1137.0,6692.0,0,284501,193746,140280,1,Yes,2020,4,5,95,14,2,1,5,1,0.0,5603.0,6071.0,5633.0,6367.0,0,0,0,1
2020-04-05,Sunday,12000,693,2094.0,1862.0,1209.0,5858.0,6142,240014,184721,116509,51,No,2020,4,6,96,14,2,1,6,0,0.5118,5556.0,6306.0,0.0,6692.0,1,0,0,1
2020-04-06,Monday,6142,569,1834.0,1513.0,812.0,4728.0,1414,222079,155590,91802,11,Yes,2020,4,0,97,15,2,0,0,1,0.1178,5525.0,5759.0,6142.0,5858.0,0,0,0,1
2020-04-07,Tuesday,12000,532,2083.0,1640.0,874.0,5129.0,6871,230813,142880,118459,57,No,2020,4,1,98,15,2,0,1,0,0.5726,5533.0,5238.0,1414.0,4728.0,1,0,0,1
2020-04-08,Wednesday,6871,590,1914.0,1425.0,1082.0,5011.0,1860,227232,147155,109505,15,Yes,2020,4,2,99,15,2,0,2,1,0.155,5563.0,4956.0,6871.0,5129.0,0,0,0,1
2020-04-09,Thursday,12000,616,1987.0,1579.0,1111.0,5293.0,6707,246467,153406,117624,55,No,2020,4,3,100,15,2,0,3,0,0.5589,5583.0,5144.0,1860.0,5011.0,1,0,0,1
2020-04-10,Friday,6707,734,2143.0,1697.0,1209.0,5783.0,924,243372,182745,138546,7,Yes,2020,4,4,101,15,2,0,4,1,0.077,5499.0,5362.0,6707.0,5293.0,0,0,0,1
2020-04-11,Saturday,12000,907,2608.0,1986.0,1649.0,7213.0,4787,342561,229705,137177,39,No,2020,4,5,102,15,2,1,5,0,0.3989,5574.0,6096.0,924.0,5783.0,1,0,0,1
2020-04-12,Sunday,4787,828,2329.0,1795.0,1549.0,6501.0,0,293264,183874,128186,1,Yes,2020,4,6,103,15,2,1,6,1,0.0,5665.0,6499.0,4787.0,7213.0,0,0,0,1
2020-04-13,Monday,12000,486,1849.0,1382.0,848.0,4565.0,7435,187282,148017,96996,61,No,2020,4,0,104,16,2,0,0,0,0.6196,5642.0,6093.0,0.0,6501.0,1,0,0,1
2020-04-14,Tuesday,7435,646,1940.0,1575.0,1321.0,5482.0,1953,232205,165169,131624,16,Yes,2020,4,1,105,16,2,0,1,1,0.1628,5693.0,5516.0,7435.0,4565.0,0,0,0,1
2020-04-15,Wednesday,12000,707,1973.0,1472.0,1221.0,5373.0,6627,220544,153595,127908,55,No,2020,4,2,106,16,2,0,2,0,0.5522,5744.0,5140.0,1953.0,5482.0,1,0,0,1
2020-04-16,Thursday,6627,591,1977.0,1348.0,963.0,4879.0,1748,211094,164366,119216,14,Yes,2020,4,3,107,16,2,0,3,1,0.1457,5685.0,5245.0,6627.0,5373.0,0,0,0,1
2020-04-17,Friday,12000,699,2500.0,1740.0,1391.0,6330.0,5670,298442,178149,139171,47,No,2020,4,4,108,16,2,0,4,0,0.4725,5763.0,5527.0,1748.0,4879.0,1,0,0,1
2020-04-18,Saturday,5670,828,2278.0,1743.0,1602.0,6451.0,0,265678,189610,139029,1,Yes,2020,4,5,109,16,2,1,5,1,0.0,5654.0,5887.0,5670.0,6330.0,0,0,0,1
2020-04-19,Sunday,12000,748,2822.0,2145.0,1191.0,6906.0,5094,297452,213706,126989,42,No,2020,4,6,110,16,2,1,6,0,0.4245,5712.0,6562.0,0.0,6451.0,1,0,0,1
2020-04-20,Monday,5094,735,2081.0,1642.0,838.0,5296.0,0,210962,179966,104924,1,Yes,2020,4,0,111,17,2,0,0,1,0.0,5817.0,6218.0,5094.0,6906.0,0,0,0,1
2020-04-21,Tuesday,12000,699,1961.0,1607.0,1325.0,5592.0,6408,222884,161602,101486,53,No,2020,4,1,112,17,2,0,1,0,0.534,5832.0,5931.0,0.0,5296.0,1,0,0,1
2020-04-22,Wednesday,6408,675,2075.0,1692.0,943.0,5385.0,1023,227048,155553,131573,8,Yes,2020,4,2,113,17,2,0,2,1,0.0853,5834.0,5424.0,6408.0,5592.0,0,0,0,1
2020-04-23,Thursday,12000,603,1858.0,1589.0,1023.0,5073.0,6927,232996,160859,104604,57,No,2020,4,3,114,17,2,0,3,0,0.5772,5862.0,5350.0,1023.0,5385.0,1,0,0,1
2020-04-24,Friday,6927,600,1990.0,1672.0,1087.0,5349.0,1578,210769,167304,139100,13,Yes,2020,4,4,115,17,2,0,4,1,0.1315,5722.0,5269.0,6927.0,5073.0,0,0,0,1
2020-04-25,Saturday,12000,873,2812.0,2266.0,1029.0,6980.0,5020,305459,202398,139174,41,No,2020,4,5,116,17,2,1,5,0,0.4183,5797.0,5801.0,1578.0,5349.0,1,0,0,1
2020-04-26,Sunday,5020,852,2171.0,2006.0,1087.0,6116.0,0,250921,209527,136505,1,Yes,2020,4,6,117,17,2,1,6,1,0.0,5684.0,6148.0,5020.0,6980.0,0,0,0,1
2020-04-27,Monday,12000,637,1928.0,1354.0,1067.0,4986.0,7014,207643,148188,111209,58,No,2020,4,0,118,18,2,0,0,0,0.5845,5640.0,6027.0,0.0,6116.0,1,0,0,1
2020-04-28,Tuesday,7014,543,1999.0,1683.0,891.0,5116.0,1898,208296,147739,112801,15,Yes,2020,4,1,119,18,2,0,1,1,0.1582,5572.0,5406.0,7014.0,4986.0,0,0,0,1
2020-04-29,Wednesday,12000,760,1968.0,1717.0,1022.0,5467.0,6533,252927,173623,138001,54,No,2020,4,2,120,18,2,0,2,0,0.5444,5584.0,5190.0,1898.0,5116.0,1,0,0,1
2020-04-30,Thursday,6533,545,1855.0,1525.0,1101.0,5026.0,1507,235313,166001,118148,12,Yes,2020,4,3,121,18,2,0,3,1,0.1256,5577.0,5203.0,6533.0,5467.0,0,0,0,1
2020-05-01,Friday,12000,703,2188.0,1492.0,987.0,5370.0,6630,224083,152098,98895,55,No,2020,5,4,122,18,2,0,4,0,0.5525,5580.0,5288.0,1507.0,5026.0,1,0,0,1
2020-05-02,Saturday,6630,734,2652.0,1857.0,1338.0,6581.0,49,296978,221356,139004,1,Yes,2020,5,5,123,18,2,1,5,1,0.0041,5523.0,5659.0,6630.0,5370.0,0,0,0,1
2020-05-03,Sunday,12000,876,2495.0,1994.0,1114.0,6479.0,5521,287667,222459,126209,46,No,2020,5,6,124,18,2,1,6,0,0.4601,5575.0,6143.0,49.0,6581.0,1,0,0,1
2020-05-04,Monday,5521,673,1924.0,1478.0,1055.0,5130.0,391,234675,156999,105251,3,Yes,2020,5,0,125,19,2,0,0,1,0.0326,5596.0,6063.0,5521.0,6479.0,0,0,0,1
2020-05-05,Tuesday,12000,500,1842.0,1493.0,1086.0,4921.0,7079,214021,155107,94840,58,No,2020,5,1,126,19,2,0,1,0,0.5899,5568.0,5510.0,391.0,5130.0,1,0,0,1
2020-05-06,Wednesday,7079,709,2156.0,1572.0,1288.0,5725.0,1354,251737,183169,130328,11,Yes,2020,5,2,127,19,2,0,2,1,0.1128,5605.0,5259.0,7079.0,4921.0,0,0,0,1
2020-05-07,Thursday,12000,746,2034.0,1643.0,999.0,5422.0,6578,248136,150238,103156,54,No,2020,5,3,128,19,2,0,3,0,0.5482,5661.0,5356.0,1354.0,5725.0,1,0,0,1
2020-05-08,Friday,6578,791,2206.0,1850.0,862.0,5709.0,869,253094,183152,126118,7,Yes,2020,5,4,129,19,2,0,4,1,0.0724,5710.0,5619.0,6578.0,5422.0,0,0,0,1
2020-05-09,Saturday,12000,681,2407.0,2094.0,1373.0,6555.0,5445,275054,209223,156866,45,No,2020,5,5,130,19,2,1,5,0,0.4538,5706.0,5895.0,869.0,5709.0,1,0,0,1
2020-05-10,Sunday,5445,850,2431.0,1697.0,1229.0,6207.0,0,279610,171591,113287,1,Yes,2020,5,6,131,19,2,1,6,1,0.0,5667.0,6157.0,5445.0,6555.0,0,0,0,1
2020-05-11,Monday,12000,604,1928.0,1348.0,1096.0,4976.0,7024,215490,144518,100696,58,No,2020,5,0,132,20,2,0,0,0,0.5853,5645.0,5913.0,0.0,6207.0,1,0,0,1
2020-05-12,Tuesday,7024,702,2100.0,1676.0,821.0,5299.0,1725,231132,148332,124825,14,Yes,2020,5,1,133,20,2,0,1,1,0.1438,5699.0,5494.0,7024.0,4976.0,0,0,0,1
2020-05-13,Wednesday,12000,501,1970.0,1557.0,965.0,4993.0,7007,215358,156321,106513,58,No,2020,5,2,134,20,2,0,2,0,0.5839,5594.0,5089.0,1725.0,5299.0,1,0,0,1
2020-05-14,Thursday,7007,749,1974.0,1629.0,1176.0,5528.0,1479,219568,161891,132866,12,Yes,2020,5,3,135,20,2,0,3,1,0.1232,5610.0,5273.0,7007.0,4993.0,0,0,0,1
2020-05-15,Friday,12000,663,2116.0,1984.0,1276.0,6039.0,5961,240570,169221,113573,49,No,2020,5,4,136,20,2,0,4,0,0.4968,5657.0,5520.0,1479.0,5528.0,1,0,0,1
2020-05-16,Saturday,5961,792,2448.0,2225.0,1401.0,6866.0,0,298151,204612,160893,1,Yes,2020,5,5,137,20,2,1,5,1,0.0,5701.0,6144.0,5961.0,6039.0,0,0,0,1
2020-05-17,Sunday,12000,853,2639.0,2139.0,1284.0,6915.0,5085,267706,193528,141321,42,No,2020,5,6,138,20,2,1,6,0,0.4238,5802.0,6607.0,0.0,6866.0,1,0,0,1
2020-05-18,Monday,5085,520,1990.0,1477.0,1070.0,5057.0,28,226269,142988,96327,1,Yes,2020,5,0,139,21,2,0,0,1,0.0023,5814.0,6279.0,5085.0,6915.0,0,0,0,1
2020-05-19,Tuesday,12000,567,2053.0,1674.0,1201.0,5495.0,6505,237007,193634,103131,54,No,2020,5,1,140,21,2,0,1,0,0.5421,5842.0,5822.0,28.0,5057.0,1,0,0,1
2020-05-20,Wednesday,6505,718,2174.0,1760.0,775.0,5427.0,1078,213059,166006,104218,8,Yes,2020,5,2,141,21,2,0,2,1,0.0898,5904.0,5326.0,6505.0,5495.0,0,0,0,1
2020-05-21,Thursday,12000,702,1980.0,1631.0,869.0,5182.0,6818,224847,163592,126039,56,No,2020,5,3,142,21,2,0,3,0,0.5682,5854.0,5368.0,1078.0,5427.0,1,0,0,1
2020-05-22,Friday,6818,839,2192.0,1771.0,1297.0,6099.0,719,260943,192920,111448,5,Yes,2020,5,4,143,21,2,0,4,1,0.0599,5863.0,5569.0,6818.0,5182.0,0,0,0,1
2020-05-23,Saturday,12000,757,2494.0,2225.0,1296.0,6772.0,5228,290713,206191,135668,43,No,2020,5,5,144,21,2,1,5,0,0.4357,5850.0,6018.0,719.0,6099.0,1,0,0,1
2020-05-24,Sunday,5228,698,2431.0,2059.0,1419.0,6607.0,0,296969,212821,141049,1,Yes,2020,5,6,145,21,2,1,6,1,0.0,5806.0,6493.0,5228.0,6772.0,0,0,0,1
2020-05-25,Monday,12000,735,1876.0,1554.0,1166.0,5331.0,6669,237520,166999,112682,55,No,2020,5,0,146,22,2,0,0,0,0.5558,5845.0,6237.0,0.0,6607.0,1,0,0,1
2020-05-26,Tuesday,6669,503,1931.0,1313.0,982.0,4729.0,1940,207077,149751,106302,16,Yes,2020,5,1,147,22,2,0,1,1,0.1617,5735.0,5556.0,6669.0,5331.0,0,0,0,1
2020-05-27,Wednesday,12000,715,2120.0,1721.0,674.0,5230.0,6770,232304,141891,126072,56,No,2020,5,2,148,22,2,0,2,0,0.5642,5707.0,5097.0,1940.0,4729.0,1,0,0,1
2020-05-28,Thursday,6770,774,2212.0,1990.0,1332.0,6308.0,462,242239,190518,155369,3,Yes,2020,5,3,149,22,2,0,3,1,0.0385,5868.0,5422.0,6770.0,5230.0,0,0,0,1
2020-05-29,Friday,12000,837,2191.0,1652.0,1435.0,6115.0,5885,257203,209003,128739,49,No,2020,5,4,150,22,2,0,4,0,0.4904,5870.0,5884.0,462.0,6308.0,1,0,0,1
2020-05-30,Saturday,5885,881,2702.0,2180.0,1207.0,6970.0,0,286759,212912,121414,1,Yes,2020,5,5,151,22,2,1,5,1,0.0,5899.0,6464.0,5885.0,6115.0,0,0,0,1
2020-05-31,Sunday,12000,730,2220.0,1739.0,1555.0,6244.0,5756,257590,201003,128228,47,No,2020,5,6,152,22,2,1,6,0,0.4797,5847.0,6443.0,0.0,6970.0,1,0,0,1
2020-06-01,Monday,5756,574,1660.0,1282.0,607.0,4123.0,1633,186062,126290,83602,13,Yes,2020,6,0,153,23,2,0,0,1,0.1361,5674.0,5779.0,5756.0,6244.0,0,0,1,0
2020-06-02,Tuesday,12000,448,1450.0,1198.0,768.0,3864.0,8136,174410,130220,88141,67,No,2020,6,1,154,23,2,0,1,0,0.678,5551.0,4744.0,1633.0,4123.0,1,0,1,0
2020-06-03,Wednesday,8136,521,1618.0,1264.0,830.0,4233.0,3903,180351,138415,96759,32,No,2020,6,2,155,23,2,0,2,0,0.3252,5408.0,4073.0,8136.0,3864.0,2,0,1,0
2020-06-04,Thursday,3903,559,1587.0,1466.0,895.0,4507.0,0,194937,138864,92603,1,Yes,2020,6,3,156,23,2,0,3,1,0.0,5151.0,4201.0,3903.0,4233.0,0,0,1,0
2020-06-05,Friday,12000,543,2058.0,1564.0,893.0,5058.0,6942,230242,149582,117031,57,No,2020,6,4,157,23,2,0,4,0,0.5785,5000.0,4599.0,0.0,4507.0,1,0,1,0
2020-06-06,Saturday,6942,603,2091.0,1620.0,1365.0,5679.0,1263,236071,169488,122372,10,Yes,2020,6,5,158,23,2,1,5,1,0.1052,4815.0,5081.0,6942.0,5058.0,0,0,1,0
2020-06-07,Sunday,12000,782,2227.0,1944.0,1225.0,6178.0,5822,280343,197928,146248,48,No,2020,6,6,159,23,2,1,6,0,0.4852,4806.0,5638.0,1263.0,5679.0,1,0,1,0
2020-06-08,Monday,5822,552,1665.0,1216.0,770.0,4203.0,1619,188476,138137,96718,13,Yes,2020,6,0,160,24,2,0,0,1,0.1349,4817.0,5353.0,5822.0,6178.0,0,0,1,0
2020-06-09,Tuesday,12000,483,1813.0,1278.0,872.0,4446.0,7554,201359,158213,82756,62,No,2020,6,1,161,24,2,0,1,0,0.6295,4901.0,4942.0,1619.0,4203.0,1,0,1,0
2020-06-10,Wednesday,7554,573,1669.0,1176.0,742.0,4160.0,3394,186214,139547,92972,28,No,2020,6,2,162,24,2,0,2,0,0.2828,4890.0,4270.0,7554.0,4446.0,2,0,1,0
2020-06-11,Thursday,3394,498,1882.0,1364.0,881.0,4625.0,0,188470,157665,87501,1,Yes,2020,6,3,163,24,2,0,3,1,0.0,4907.0,4410.0,3394.0,4160.0,0,0,1,0
2020-06-12,Friday,12000,640,1827.0,1427.0,783.0,4677.0,7323,205295,150866,115025,61,No,2020,6,4,164,24,2,0,4,0,0.6102,4853.0,4487.0,0.0,4625.0,1,0,1,0
2020-06-13,Saturday,7323,592,1894.0,1715.0,1043.0,5244.0,2079,226317,145348,95896,17,No,2020,6,5,165,24,2,1,5,0,0.1732,4790.0,4849.0,7323.0,4677.0,2,0,1,0
2020-06-14,Sunday,2079,527,1818.0,1600.0,1210.0,5155.0,0,227311,153684,108563,1,Yes,2020,6,6,166,24,2,1,6,1,0.0,4644.0,5025.0,2079.0,5244.0,0,0,1,0
2020-06-15,Monday,12000,403,1542.0,1229.0,752.0,3926.0,8074,171443,140481,82395,67,No,2020,6,0,167,25,2,0,0,0,0.6728,4605.0,4775.0,0.0,5155.0,1,0,1,0
2020-06-16,Tuesday,8074,446,1647.0,1261.0,1109.0,4463.0,3611,209261,153348,96445,30,No,2020,6,1,168,25,2,0,1,0,0.3009,4607.0,4515.0,8074.0,3926.0,2,0,1,0
2020-06-17,Wednesday,3611,431,1577.0,1265.0,797.0,4070.0,0,158831,112132,85659,1,Yes,2020,6,2,169,25,2,0,2,1,0.0,4594.0,4153.0,3611.0,4463.0,0,0,1,0
2020-06-18,Thursday,12000,522,1621.0,1299.0,1058.0,4500.0,7500,185927,144392,109012,62,No,2020,6,3,170,25,2,0,3,0,0.625,4576.0,4344.0,0.0,4070.0,1,0,1,0
2020-06-19,Friday,7500,677,2026.0,1517.0,866.0,5086.0,2414,214405,149649,112796,20,No,2020,6,4,171,25,2,0,4,0,0.2012,4635.0,4552.0,7500.0,4500.0,2,0,1,0
2020-06-20,Saturday,2414,645,2059.0,1581.0,1316.0,5601.0,0,247775,175131,116869,1,Yes,2020,6,5,172,25,2,1,5,1,0.0,4686.0,5062.0,2414.0,5086.0,0,0,1,0
2020-06-21,Sunday,12000,634,2035.0,1652.0,1143.0,5464.0,6536,236825,198589,105936,54,No,2020,6,6,173,25,2,1,6,0,0.5447,4730.0,5384.0,0.0,5601.0,1,0,1,0
2020-06-22,Monday,6536,494,1553.0,1375.0,970.0,4392.0,2144,178863,138967,89272,17,No,2020,6,0,174,26,2,0,0,0,0.1787,4797.0,5152.0,6536.0,5464.0,2,0,1,0
2020-06-23,Tuesday,2144,470,1643.0,1315.0,873.0,4301.0,0,180962,153819,79611,1,Yes,2020,6,1,175,26,2,0,1,1,0.0,4773.0,4719.0,2144.0,4392.0,0,0,1,0
2020-06-24,Wednesday,12000,546,1629.0,1461.0,980.0,4616.0,7384,205911,165767,93173,61,No,2020,6,2,176,26,2,0,2,0,0.6153,4851.0,4436.0,0.0,4301.0,1,0,1,0
2020-06-25,Thursday,7384,548,1628.0,1379.0,1042.0,4597.0,2787,212252,162721,104796,23,No,2020,6,3,177,26,2,0,3,0,0.2322,4865.0,4505.0,7384.0,4616.0,2,0,1,0
2020-06-26,Friday,2787,661,1874.0,1338.0,931.0,4804.0,0,196634,151809,98274,1,Yes,2020,6,4,178,26,2,0,4,1,0.0,4825.0,4672.0,2787.0,4597.0,0,0,1,0
2020-06-27,Saturday,12000,694,1867.0,1519.0,1059.0,5139.0,6861,216923,159185,112023,57,No,2020,6,5,179,26,2,1,5,0,0.5718,4759.0,4847.0,0.0,4804.0,1,0,1,0
2020-06-28,Sunday,6861,624,2205.0,1802.0,1017.0,5648.0,1213,242039,165966,106627,10,Yes,2020,6,6,180,26,2,1,6,1,0.1011,4785.0,5197.0,6861.0,5139.0,0,0,1,0
2020-06-29,Monday,12000,555,1564.0,1226.0,1012.0,4357.0,7643,185428,136048,97689,63,No,2020,6,0,181,27,2,0,0,0,0.6369,4780.0,5048.0,1213.0,5648.0,1,0,1,0
2020-06-30,Tuesday,7643,533,1565.0,1240.0,997.0,4335.0,3308,183373,139577,80996,27,No,2020,6,1,182,27,2,0,1,0,0.2757,4785.0,4780.0,7643.0,4357.0,2,0,1,0
2020-07-01,Wednesday,3308,504,1541.0,1384.0,934.0,4363.0,0,170905,120264,91182,1,Yes,2020,7,2,183,27,3,0,2,1,0.0,4749.0,4352.0,3308.0,4335.0,0,0,1,0
2020-07-02,Thursday,12000,610,1738.0,1357.0,1148.0,4853.0,7147,197928,170706,118617,59,No,2020,7,3,184,27,3,0,3,0,0.5956,4786.0,4517.0,0.0,4363.0,1,0,1,0
2020-07-03,Friday,7147,612,1940.0,1469.0,1079.0,5100.0,2047,211366,178288,94099,17,No,2020,7,4,185,27,3,0,4,0,0.1706,4828.0,4772.0,7147.0,4853.0,2,0,1,0
2020-07-04,Saturday,2047,618,2082.0,1635.0,1323.0,5658.0,0,241026,193961,121512,1,Yes,2020,7,5,186,27,3,1,5,1,0.0,4902.0,5204.0,2047.0,5100.0,0,0,1,0
2020-07-05,Sunday,12000,611,2078.0,1516.0,891.0,5096.0,6904,239189,149958,114124,57,No,2020,7,6,187,27,3,1,6,0,0.5753,4823.0,5285.0,0.0,5658.0,1,0,1,0
2020-07-06,Monday,6904,548,1639.0,1288.0,668.0,4143.0,2761,162692,131214,95115,23,No,2020,7,0,188,28,3,0,0,0,0.2301,4793.0,4966.0,6904.0,5096.0,2,0,1,0
2020-07-07,Tuesday,2761,532,1577.0,1129.0,690.0,3928.0,0,176892,114090,94751,1,Yes,2020,7,1,189,28,3,0,1,1,0.0,4734.0,4389.0,2761.0,4143.0,0,0,1,0
2020-07-08,Wednesday,12000,478,1643.0,1314.0,883.0,4318.0,7682,178774,141871,100455,64,No,2020,7,2,190,28,3,0,2,0,0.6402,4728.0,4130.0,0.0,3928.0,1,0,1,0
2020-07-09,Thursday,7682,472,1730.0,1218.0,1073.0,4493.0,3189,189625,146102,113426,26,No,2020,7,3,191,28,3,0,3,0,0.2658,4677.0,4246.0,7682.0,4318.0,2,0,1,0
2020-07-10,Friday,3189,515,1941.0,1356.0,1195.0,5007.0,0,210177,155443,117688,1,Yes,2020,7,4,192,28,3,0,4,1,0.0,4663.0,4606.0,3189.0,4493.0,0,0,1,0
2020-07-11,Saturday,12000,604,2097.0,1630.0,795.0,5126.0,6874,207150,149177,100192,57,No,2020,7,5,193,28,3,1,5,0,0.5728,4587.0,4875.0,0.0,5007.0,1,0,1,0
2020-07-12,Sunday,6874,621,2110.0,1584.0,1059.0,5374.0,1500,216077,177075,116711,12,Yes,2020,7,6,194,28,3,1,6,1,0.125,4627.0,5169.0,6874.0,5126.0,0,0,1,0
2020-07-13,Monday,12000,408,1579.0,1268.0,803.0,4058.0,7942,164275,129593,74237,66,No,2020,7,0,195,29,3,0,0,0,0.6618,4615.0,4853.0,1500.0,5374.0,1,0,1,0
2020-07-14,Tuesday,7942,561,1755.0,1510.0,933.0,4759.0,3183,202862,155806,116511,26,No,2020,7,1,196,29,3,0,1,0,0.2652,4734.0,4730.0,7942.0,4058.0,2,0,1,0
2020-07-15,Wednesday,3183,453,1701.0,1145.0,874.0,4173.0,0,190164,136893,79414,1,Yes,2020,7,2,197,29,3,0,2,1,0.0,4713.0,4330.0,3183.0,4759.0,0,0,1,0
2020-07-16,Thursday,12000,513,1825.0,1258.0,1022.0,4618.0,7382,188451,139134,105083,61,No,2020,7,3,198,29,3,0,3,0,0.6152,4731.0,4517.0,0.0,4173.0,1,0,1,0
2020-07-17,Friday,7382,584,1769.0,1460.0,1202.0,5015.0,2367,215656,157909,95362,19,No,2020,7,4,199,29,3,0,4,0,0.1972,4732.0,4602.0,7382.0,4618.0,2,0,1,0
2020-07-18,Saturday,2367,745,2595.0,1892.0,1445.0,6677.0,0,278847,210542,130921,1,Yes,2020,7,5,200,29,3,1,5,1,0.0,4953.0,5437.0,2367.0,5015.0,0,0,1,0
2020-07-19,Sunday,12000,681,2098.0,1695.0,1277.0,5751.0,6249,229092,159272,127544,52,No,2020,7,6,201,29,3,1,6,0,0.5208,5007.0,5814.0,0.0,6677.0,1,0,1,0
2020-07-20,Monday,6249,393,1312.76,1037.0,729.0,3480.52,2867,157594,101189,79578,23,No,2020,7,0,202,30,3,0,0,0,0.2389,4911.0,5270.0,6249.0,5751.0,2,0,1,0
2020-07-21,Tuesday,2867,441,1465.0,1245.0,880.0,4031.0,0,183365,129421,102900,1,Yes,2020,7,1,203,30,3,0,1,1,0.0,4807.0,4388.0,2867.0,3382.0,0,0,1,0
2020-07-22,Wednesday,12000,584,1607.0,1212.0,812.0,4215.0,7785,189157,112879,85742,64,No,2020,7,2,204,30,3,0,2,0,0.6488,4813.0,3876.0,0.0,4031.0,1,0,1,0
2020-07-23,Thursday,7785,434,1556.0,1172.0,1099.0,4261.0,3524,180112,142258,84387,29,No,2020,7,3,205,30,3,0,3,0,0.2937,4762.0,4169.0,7785.0,4215.0,2,0,1,0
2020-07-24,Friday,3524,482,1659.0,1322.0,1095.0,4558.0,0,186879,129786,104177,1,Yes,2020,7,4,206,30,3,0,4,1,0.0,4696.0,4345.0,3524.0,4261.0,0,0,1,0
2020-07-25,Saturday,12000,554,1791.0,1550.0,1216.0,5111.0,6889,218489,148648,93512,57,No,2020,7,5,207,30,3,1,5,0,0.5741,4473.0,4643.0,0.0,4558.0,1,0,1,0
2020-07-26,Sunday,6889,646,1922.0,1629.0,1131.0,5328.0,1561,224026,185104,109014,13,Yes,2020,7,6,208,30,3,1,6,1,0.1301,4412.0,4999.0,6889.0,5111.0,0,0,1,0
2020-07-27,Monday,12000,491,1475.0,1126.0,608.0,3700.0,8300,165383,117701,82914,69,No,2020,7,0,209,31,3,0,0,0,0.6917,4458.0,4713.0,1561.0,5328.0,1,0,1,0
2020-07-28,Tuesday,8300,449,1623.0,1293.0,983.0,4348.0,3952,182875,145643,109981,32,No,2020,7,1,210,31,3,0,1,0,0.3293,4503.0,4459.0,8300.0,3700.0,2,0,1,0
2020-07-29,Wednesday,3952,574,1705.0,1358.0,600.64,4190.0,0,174212,131149,75895,1,Yes,2020,7,2,211,31,3,0,2,1,0.0,4499.0,4079.0,3952.0,4348.0,0,0,1,0
2020-07-30,Thursday,12000,544,1557.0,1278.0,672.0,4051.0,7949,186230,132442,77564,66,No,2020,7,3,212,31,3,0,3,0,0.6624,4469.0,4196.0,0.0,4190.0,1,0,1,0
2020-07-31,Friday,7949,648,2011.0,1462.0,1204.0,5325.0,2624,221325,182340,125704,21,No,2020,7,4,213,31,3,0,4,0,0.2187,4579.0,4522.0,7949.0,4051.0,2,0,1,0
2020-08-01,Saturday,2624,806,2114.0,1560.0,1288.0,5768.0,0,266919,177043,106607,1,Yes,2020,8,5,214,31,3,1,5,1,0.0,4673.0,5048.0,2624.0,5325.0,0,0,1,0
2020-08-02,Sunday,12000,590,2040.0,1409.0,985.0,5024.0,6976,208059,155880,97765,58,No,2020,8,6,215,31,3,1,6,0,0.5813,4629.0,5372.0,0.0,5768.0,1,0,1,0
2020-08-03,Monday,6976,480,1613.0,1186.0,1049.0,4328.0,2648,165710,147668,92550,22,No,2020,8,0,216,32,3,0,0,0,0.2207,4719.0,5040.0,6976.0,5024.0,2,0,1,0
2020-08-04,Tuesday,2648,504,1516.0,1260.0,999.0,4279.0,0,202614,123149,89211,1,Yes,2020,8,1,217,32,3,0,1,1,0.0,4709.0,4544.0,2648.0,4328.0,0,0,1,0
2020-08-05,Wednesday,12000,492,1708.0,1198.0,896.0,4294.0,7706,197115,132459,88739,64,No,2020,8,2,218,32,3,0,2,0,0.6422,4724.0,4300.0,0.0,4279.0,1,0,1,0
2020-08-06,Thursday,7706,446,1608.0,1209.0,1113.0,4376.0,3330,201949,127885,105981,27,No,2020,8,3,219,32,3,0,3,0,0.2775,4771.0,4316.0,7706.0,4294.0,2,0,1,0
2020-08-07,Friday,3330,698,1779.0,1568.0,996.0,5041.0,0,207116,174259,112356,1,Yes,2020,8,4,220,32,3,0,4,1,0.0,4730.0,4570.0,3330.0,4376.0,0,0,1,0
2020-08-08,Saturday,12000,673,2040.0,1564.0,1314.0,5591.0,6409,253866,163563,143847,53,No,2020,8,5,221,32,3,1,5,0,0.5341,4705.0,5003.0,0.0,5041.0,1,0,1,0
2020-08-09,Sunday,6409,640,1845.0,1564.0,1009.0,5058.0,1351,232480,140914,99246,11,Yes,2020,8,6,222,32,3,1,6,1,0.1126,4710.0,5230.0,6409.0,5591.0,0,0,1,0
2020-08-10,Monday,12000,462,1425.0,1219.0,609.0,3715.0,8285,164255,109417,81624,69,No,2020,8,0,223,33,3,0,0,0,0.6904,4622.0,4788.0,1351.0,5058.0,1,0,1,0
2020-08-11,Tuesday,8285,589,1724.0,1383.0,600.64,4259.0,4026,182863,149315,102023,33,No,2020,8,1,224,33,3,0,1,0,0.3355,4619.0,4344.0,8285.0,3715.0,2,0,1,0
2020-08-12,Wednesday,4026,589,1816.0,1531.0,787.0,4723.0,0,190393,133808,90009,1,Yes,2020,8,2,225,33,3,0,2,1,0.0,4680.0,4232.0,4026.0,4259.0,0,0,1,0
2020-08-13,Thursday,12000,598,1825.0,1342.0,1010.0,4775.0,7225,220232,151830,96237,60,No,2020,8,3,226,33,3,0,3,0,0.6021,4737.0,4586.0,0.0,4723.0,1,0,1,0
2020-08-14,Friday,7225,621,1874.0,1374.0,1024.0,4893.0,2332,204727,173599,102942,19,No,2020,8,4,227,33,3,0,4,0,0.1943,4716.0,4797.0,7225.0,4775.0,2,0,1,0
2020-08-15,Saturday,2332,511,1999.0,1527.0,949.0,4986.0,0,209334,144047,112948,1,Yes,2020,8,5,228,33,3,1,5,1,0.0,4630.0,4885.0,2332.0,4893.0,0,0,1,0
2020-08-16,Sunday,12000,670,2009.0,1554.0,689.0,4922.0,7078,222015,162799,117265,58,No,2020,8,6,229,33,3,1,6,0,0.5898,4610.0,4934.0,0.0,4986.0,1,0,1,0
2020-08-17,Monday,7078,525,1543.0,1089.0,625.0,3782.0,3296,176305,110029,71657,27,No,2020,8,0,230,34,3,0,0,0,0.2747,4620.0,4563.0,7078.0,4922.0,2,0,1,0
2020-08-18,Tuesday,3296,393,1508.0,1216.0,646.0,3754.0,0,167337,116104,74772,1,Yes,2020,8,1,231,34,3,0,1,1,0.0,4548.0,4153.0,3296.0,3782.0,0,0,1,0
2020-08-19,Wednesday,12000,426,1453.0,1200.0,727.0,3806.0,8194,162913,108715,85848,68,No,2020,8,2,232,34,3,0,2,0,0.6828,4417.0,3781.0,0.0,3754.0,1,0,1,0
2020-08-20,Thursday,8194,560,1537.0,1317.0,928.0,4342.0,3852,187221,138303,84628,32,No,2020,8,3,233,34,3,0,3,0,0.321,4355.0,3967.0,8194.0,3806.0,2,0,1,0
2020-08-21,Friday,3852,623,1835.0,1443.0,1062.0,4963.0,0,211416,149383,121565,1,Yes,2020,8,4,234,34,3,0,4,1,0.0,4365.0,4370.0,3852.0,4342.0,0,0,1,0
2020-08-22,Saturday,12000,804,2180.0,1742.0,1055.0,5781.0,6219,238737,178932,123076,51,No,2020,8,5,235,34,3,1,5,0,0.5182,4479.0,5029.0,0.0,4963.0,1,0,1,0
2020-08-23,Sunday,6219,697,2003.0,1655.0,864.0,5219.0,1000,203910,167645,127092,8,Yes,2020,8,6,236,34,3,1,6,1,0.0833,4521.0,5321.0,6219.0,5781.0,0,0,1,0
2020-08-24,Monday,12000,464,1629.0,1121.0,925.0,4139.0,7861,190644,135292,102324,65,No,2020,8,0,237,35,3,0,0,0,0.6551,4572.0,5046.0,1000.0,5219.0,1,0,1,0
2020-08-25,Tuesday,7861,539,1855.0,1417.0,963.0,4774.0,3087,207169,165583,103127,25,No,2020,8,1,238,35,3,0,1,0,0.2572,4718.0,4711.0,7861.0,4139.0,2,0,1,0
2020-08-26,Wednesday,3087,465,1588.0,1284.0,806.0,4143.0,0,174740,124991,82505,1,Yes,2020,8,2,239,35,3,0,2,1,0.0,4766.0,4352.0,3087.0,4774.0,0,0,1,0
2020-08-27,Thursday,12000,543,1636.0,1406.0,811.0,4396.0,7604,191366,136157,91666,63,No,2020,8,3,240,35,3,0,3,0,0.6337,4774.0,4438.0,0.0,4143.0,1,0,1,0
2020-08-28,Friday,7604,496,1701.0,1512.0,1034.0,4743.0,2861,199105,164330,113123,23,No,2020,8,4,241,35,3,0,4,0,0.2384,4742.0,4427.0,7604.0,4396.0,2,0,1,0
2020-08-29,Saturday,2861,772,2344.0,1708.0,1148.0,5972.0,0,274740,171079,146660,1,Yes,2020,8,5,242,35,3,1,5,1,0.0,4769.0,5037.0,2861.0,4743.0,0,0,1,0
2020-08-30,Sunday,12000,777,2444.0,1831.0,1317.0,6369.0,5631,271473,222352,128751,46,No,2020,8,6,243,35,3,1,6,0,0.4692,4934.0,5695.0,0.0,5972.0,1,0,1,0
2020-08-31,Monday,5631,495,1683.0,1141.0,869.0,4188.0,1443,193445,144650,77306,12,Yes,2020,8,0,244,36,3,0,0,1,0.1202,4941.0,5510.0,5631.0,6369.0,0,0,1,0
2020-09-01,Tuesday,12000,690,2006.0,1611.0,888.0,5195.0,6805,220318,180973,117768,56,No,2020,9,1,245,36,3,0,1,0,0.5671,5001.0,5251.0,1443.0,4188.0,1,0,0,0
2020-09-02,Wednesday,6805,586,1728.0,1227.0,703.0,4244.0,2561,169188,141500,89127,21,No,2020,9,2,246,36,3,0,2,0,0.2134,5015.0,4542.0,6805.0,5195.0,2,0,0,0
2020-09-03,Thursday,2561,638,2071.0,1643.0,867.0,5219.0,0,220051,166795,108152,1,Yes,2020,9,3,247,36,3,0,3,1,0.0,5133.0,4886.0,2561.0,4244.0,0,0,0,0
2020-09-04,Friday,12000,689,2220.0,1834.0,1153.0,5896.0,6104,239883,183605,138650,50,No,2020,9,4,248,36,3,0,4,0,0.5087,5298.0,5120.0,0.0,5219.0,1,0,0,0
2020-09-05,Saturday,6104,690,2257.0,1861.0,1642.0,6450.0,0,281893,214727,135550,1,Yes,2020,9,5,249,36,3,1,5,1,0.0,5366.0,5855.0,6104.0,5896.0,0,0,0,0
2020-09-06,Sunday,12000,701,2377.0,1660.0,1147.0,5885.0,6115,282279,193804,129270,50,No,2020,9,6,250,36,3,1,6,0,0.5096,5297.0,6077.0,0.0,6450.0,1,0,0,0
2020-09-07,Monday,6115,573,1700.0,1395.0,836.0,4504.0,1611,176449,124689,88817,13,Yes,2020,9,0,251,37,3,0,0,1,0.1342,5342.0,5613.0,6115.0,5885.0,0,0,0,0
2020-09-08,Tuesday,12000,675,1997.0,1584.0,656.0,4912.0,7088,196600,158870,90970,59,No,2020,9,1,252,37,3,0,1,0,0.5907,5301.0,5100.0,1611.0,4504.0,1,0,0,0
2020-09-09,Wednesday,7088,545,1879.0,1457.0,1044.0,4925.0,2163,211643,171823,111048,18,No,2020,9,2,253,37,3,0,2,0,0.1802,5399.0,4780.0,7088.0,4912.0,2,0,0,0
2020-09-10,Thursday,2163,513,1814.0,1301.0,1146.0,4774.0,0,194972,137382,104662,1,Yes,2020,9,3,254,37,3,0,3,1,0.0,5335.0,4870.0,2163.0,4925.0,0,0,0,0
2020-09-11,Friday,12000,568,1892.0,1549.0,1224.0,5233.0,6767,222028,181058,115952,56,No,2020,9,4,255,37,3,0,4,0,0.5639,5240.0,4977.0,0.0,4774.0,1,0,0,0
2020-09-12,Saturday,6767,759,2348.0,1843.0,931.0,5881.0,886,233686,169365,110666,7,Yes,2020,9,5,256,37,3,1,5,1,0.0738,5159.0,5296.0,6767.0,5233.0,0,0,0,0
2020-09-13,Sunday,12000,893,2744.0,1927.0,1368.0,6932.0,5068,304773,217993,148205,42,No,2020,9,6,257,37,3,1,6,0,0.4223,5309.0,6015.0,886.0,5881.0,1,0,0,0
2020-09-14,Monday,5068,644,1743.0,1381.0,926.0,4694.0,374,187500,136996,87686,3,Yes,2020,9,0,258,38,3,0,0,1,0.0312,5336.0,5836.0,5068.0,6932.0,0,0,0,0
2020-09-15,Tuesday,12000,668,1943.0,1593.0,783.0,4987.0,7013,220965,171390,126536,58,No,2020,9,1,259,38,3,0,1,0,0.5844,5347.0,5538.0,374.0,4694.0,1,0,0,0
2020-09-16,Wednesday,7013,586,1927.0,1617.0,865.0,4995.0,2018,226355,145789,115238,16,No,2020,9,2,260,38,3,0,2,0,0.1682,5357.0,4892.0,7013.0,4987.0,2,0,0,0
2020-09-17,Thursday,2018,596,1964.0,1711.0,1102.0,5373.0,0,235029,159938,103045,1,Yes,2020,9,3,261,38,3,0,3,1,0.0,5442.0,5118.0,2018.0,4995.0,0,0,0,0
2020-09-18,Friday,12000,655,2192.0,1724.0,1191.0,5762.0,6238,254876,171405,119587,51,No,2020,9,4,262,38,3,0,4,0,0.5198,5518.0,5377.0,0.0,5373.0,1,0,0,0
2020-09-19,Saturday,6238,681,2637.0,2143.0,1055.0,6516.0,0,274942,190347,159778,1,Yes,2020,9,5,263,38,3,1,5,1,0.0,5608.0,5884.0,6238.0,5762.0,0,0,0,0
2020-09-20,Sunday,12000,705,2400.0,1999.0,1437.0,6541.0,5459,294829,194526,134185,45,No,2020,9,6,264,38,3,1,6,0,0.4549,5553.0,6273.0,0.0,6516.0,1,0,0,0
2020-09-21,Monday,5459,643,1680.0,1328.0,1025.0,4676.0,783,205524,158192,108767,6,Yes,2020,9,0,265,39,3,0,0,1,0.0652,5550.0,5911.0,5459.0,6541.0,0,0,0,0
2020-09-22,Tuesday,12000,630,1922.0,1440.0,821.0,4813.0,7187,214944,170884,101187,59,No,2020,9,1,266,39,3,0,1,0,0.5989,5525.0,5343.0,783.0,4676.0,1,0,0,0
2020-09-23,Wednesday,7187,583,1817.0,1370.0,1251.0,5021.0,2166,205658,174617,109922,18,No,2020,9,2,267,39,3,0,2,0,0.1805,5529.0,4837.0,7187.0,4813.0,2,0,0,0
2020-09-24,Thursday,2166,639,1803.0,1446.0,1083.0,4971.0,0,208375,144553,118670,1,Yes,2020,9,3,268,39,3,0,3,1,0.0,5471.0,4935.0,2166.0,5021.0,0,0,0,0
2020-09-25,Friday,12000,740,2202.0,1656.0,1232.0,5830.0,6170,242584,165338,115768,51,No,2020,9,4,269,39,3,0,4,0,0.5142,5481.0,5274.0,0.0,4971.0,1,0,0,0
2020-09-26,Saturday,6170,744,2648.0,2239.0,1331.0,6962.0,0,294457,232466,145614,1,Yes,2020,9,5,270,39,3,1,5,1,0.0,5545.0,5921.0,6170.0,5830.0,0,0,0,0
2020-09-27,Sunday,12000,650,2036.0,1672.0,1339.0,5697.0,6303,260516,186634,120051,52,No,2020,9,6,271,39,3,1,6,0,0.5252,5424.0,6163.0,0.0,6962.0,1,0,0,0
2020-09-28,Monday,6303,618,1758.0,1409.0,731.0,4516.0,1787,188384,159542,96769,14,Yes,2020,9,0,272,40,3,0,0,1,0.1489,5401.0,5725.0,6303.0,5697.0,0,0,0,0
2020-09-29,Tuesday,12000,540,1947.0,1365.0,1068.0,4920.0,7080,196665,154713,91354,59,No,2020,9,1,273,40,3,0,1,0,0.59,5417.0,5044.0,1787.0,4516.0,1,0,0,0
2020-09-30,Wednesday,7080,673,1770.0,1570.0,818.0,4831.0,2249,209249,160623,97545,18,No,2020,9,2,274,40,3,0,2,0,0.1874,5390.0,4756.0,7080.0,4920.0,2,0,0,0
2020-10-01,Thursday,2249,641,1984.0,1795.0,1208.0,5628.0,0,251616,198268,115834,1,Yes,2020,10,3,275,40,4,0,3,1,0.0,5483.0,5126.0,2249.0,4831.0,0,1,0,0
2020-10-02,Friday,12000,843,2211.0,1871.0,1383.0,6308.0,5692,282880,210740,146234,47,No,2020,10,4,276,40,4,0,4,0,0.4743,5552.0,5589.0,0.0,5628.0,1,1,0,0
2020-10-03,Saturday,5692,944,2700.0,2279.8399999999992,1488.0,7500.0,0,324959,234440,164260,1,Yes,2020,10,5,277,40,4,1,5,1,0.0,5629.0,6479.0,5692.0,6308.0,0,1,0,0
2020-10-04,Sunday,12000,944,2860.12,1932.0,1328.0,7135.0,4865,307691,213753,129602,40,No,2020,10,6,278,40,4,1,6,0,0.4054,5834.0,6981.0,0.0,7500.0,1,1,0,0
2020-10-05,Monday,4865,539,2016.0,1583.0,1016.0,5154.0,0,221537,175393,108078,1,Yes,2020,10,0,279,41,4,0,0,1,0.0,5925.0,6596.0,4865.0,7135.0,0,1,0,0
2020-10-06,Tuesday,12000,587,2007.0,1433.0,1149.0,5176.0,6824,213685,160863,106977,56,No,2020,10,1,280,41,4,0,1,0,0.5687,5962.0,5822.0,0.0,5154.0,1,1,0,0
2020-10-07,Wednesday,6824,559,2019.0,1649.0,1219.0,5446.0,1378,236439,172498,108384,11,Yes,2020,10,2,281,41,4,0,2,1,0.1148,6050.0,5259.0,6824.0,5176.0,0,1,0,0
2020-10-08,Thursday,12000,865,2212.0,1736.0,1447.0,6260.0,5740,262404,192288,133816,47,No,2020,10,3,282,41,4,0,3,0,0.4783,6140.0,5627.0,1378.0,5446.0,1,1,0,0
2020-10-09,Friday,5740,811,2311.0,1858.0,898.0,5878.0,0,268645,179328,125091,1,Yes,2020,10,4,283,41,4,0,4,1,0.0,6078.0,5861.0,5740.0,6260.0,0,1,0,0
2020-10-10,Saturday,12000,746,2860.12,2173.0,1495.0,7446.0,4554,322283,251730,149057,37,No,2020,10,5,284,41,4,1,5,0,0.3795,6071.0,6528.0,0.0,5878.0,1,1,0,0
2020-10-11,Sunday,4554,743,2445.0,2115.0,1649.0,6953.0,0,296599,226457,132184,1,Yes,2020,10,6,285,41,4,1,6,1,0.0,6045.0,6759.0,4554.0,7446.0,0,1,0,0
2020-10-12,Monday,12000,779,2192.0,1821.0,811.0,5603.0,6397,231333,172828,129562,53,No,2020,10,0,286,42,4,0,0,0,0.5331,6109.0,6667.0,0.0,6953.0,1,1,0,0
2020-10-13,Tuesday,6397,716,2272.0,1828.0,745.0,5561.0,836,237710,169941,104041,6,Yes,2020,10,1,287,42,4,0,1,1,0.0697,6164.0,6039.0,6397.0,5603.0,0,1,0,0
2020-10-14,Wednesday,12000,660,2164.0,1647.0,1505.0,5976.0,6024,266904,184627,109875,50,No,2020,10,2,288,42,4,0,2,0,0.502,6240.0,5713.0,836.0,5561.0,1,1,0,0
2020-10-15,Thursday,6024,641,2082.0,1789.0,1189.0,5701.0,323,238699,185648,125900,2,Yes,2020,10,3,289,42,4,0,3,1,0.0269,6160.0,5746.0,6024.0,5976.0,0,1,0,0
2020-10-16,Friday,12000,766,2573.0,1845.0,1360.0,6544.0,5456,283443,194190,122012,45,No,2020,10,4,290,42,4,0,4,0,0.4547,6255.0,6074.0,323.0,5701.0,1,1,0,0
2020-10-17,Saturday,5456,780,2860.12,2279.8399999999992,1339.0,7500.0,0,354489,251029,138346,1,Yes,2020,10,5,291,42,4,1,5,1,0.0,6263.0,6582.0,5456.0,6544.0,0,1,0,0
2020-10-18,Sunday,12000,686,2633.0,1986.0,1447.0,6752.0,5248,269519,206035,124885,43,No,2020,10,6,292,42,4,1,6,0,0.4373,6234.0,6932.0,0.0,7500.0,1,1,0,0
2020-10-19,Monday,5248,777,2118.0,1788.0,1057.0,5740.0,0,249157,165681,115740,1,Yes,2020,10,0,293,43,4,0,0,1,0.0,6253.0,6664.0,5248.0,6752.0,0,1,0,0
2020-10-20,Tuesday,12000,711,2363.0,1839.0,1097.0,6010.0,5990,244974,196909,105834,49,No,2020,10,1,294,43,4,0,1,0,0.4992,6318.0,6167.0,0.0,5740.0,1,1,0,0
2020-10-21,Wednesday,5990,673,2149.0,1536.0,1123.0,5481.0,509,238125,165382,106140,4,Yes,2020,10,2,295,43,4,0,2,1,0.0424,6247.0,5744.0,5990.0,6010.0,0,1,0,0
2020-10-22,Thursday,12000,777,2179.0,2036.0,1198.0,6190.0,5810,267042,187001,156177,48,No,2020,10,3,296,43,4,0,3,0,0.4842,6317.0,5894.0,509.0,5481.0,1,1,0,0
2020-10-23,Friday,5810,628,2386.0,1960.0,1200.0,6174.0,0,257798,219217,147770,1,Yes,2020,10,4,297,43,4,0,4,1,0.0,6264.0,5948.0,5810.0,6190.0,0,1,0,0
2020-10-24,Saturday,12000,790,2819.0,2095.0,1649.0,7500.0,4500,325990,230216,162753,37,No,2020,10,5,298,43,4,1,5,0,0.375,6264.0,6621.0,0.0,6174.0,1,1,0,0
2020-10-25,Sunday,4500,704,2602.0,2158.0,1180.0,6644.0,0,261974,192827,132104,1,Yes,2020,10,6,299,43,4,1,6,1,0.0,6248.0,6773.0,4500.0,7500.0,0,1,0,0
2020-10-26,Monday,12000,553,2042.0,1767.0,1065.0,5427.0,6573,225686,170855,109894,54,No,2020,10,0,300,44,4,0,0,0,0.5478,6204.0,6524.0,0.0,6644.0,1,1,0,0
2020-10-27,Tuesday,6573,598,2157.0,1761.0,1239.0,5755.0,818,271030,179702,112727,6,Yes,2020,10,1,301,44,4,0,1,1,0.0682,6167.0,5942.0,6573.0,5427.0,0,1,0,0
2020-10-28,Wednesday,12000,574,1873.0,1550.0,1202.0,5199.0,6801,232027,150741,108097,56,No,2020,10,2,302,44,4,0,2,0,0.5668,6127.0,5460.0,818.0,5755.0,1,1,0,0
2020-10-29,Thursday,6801,750,2460.0,1894.0,984.0,6088.0,713,238233,177837,115566,5,Yes,2020,10,3,303,44,4,0,3,1,0.0594,6112.0,5681.0,6801.0,5199.0,0,1,0,0
2020-10-30,Friday,12000,810,2383.0,1638.0,1019.0,5850.0,6150,229302,166396,135538,51,No,2020,10,4,304,44,4,0,4,0,0.5125,6066.0,5712.0,713.0,6088.0,1,1,0,0
2020-10-31,Saturday,6150,791,2860.12,2081.0,1649.0,7500.0,0,306031,248782,176926,1,Yes,2020,10,5,305,44,4,1,5,1,0.0,6066.0,6479.0,6150.0,5850.0,0,1,0,0
2020-11-01,Sunday,12000,770,2584.0,1861.0,1324.0,6539.0,5461,286702,195213,128037,45,No,2020,11,6,306,44,4,1,6,0,0.4551,6051.0,6630.0,0.0,7500.0,1,1,0,0
2020-11-02,Monday,5461,635,2087.0,1563.0,1285.0,5570.0,0,236691,160845,97494,1,Yes,2020,11,0,307,45,4,0,0,1,0.0,6072.0,6536.0,5461.0,6539.0,0,1,0,0
2020-11-03,Tuesday,12000,603,2237.0,1591.0,1272.0,5703.0,6297,266680,166003,104772,52,No,2020,11,1,308,45,4,0,1,0,0.5248,6064.0,5937.0,0.0,5570.0,1,1,0,0
2020-11-04,Wednesday,6297,671,1917.0,1397.0,967.0,4952.0,1345,208776,141940,100800,11,Yes,2020,11,2,309,45,4,0,2,1,0.1121,6029.0,5408.0,6297.0,5703.0,0,1,0,0
2020-11-05,Thursday,12000,755,2411.0,1689.0,1315.0,6170.0,5830,293243,178549,134217,48,No,2020,11,3,310,45,4,0,3,0,0.4858,6041.0,5608.0,1345.0,4952.0,1,1,0,0
2020-11-06,Friday,5830,828,2336.0,2067.0,1180.0,6411.0,0,274058,184996,156966,1,Yes,2020,11,4,311,45,4,0,4,1,0.0,6121.0,5844.0,5830.0,6170.0,0,1,0,0
2020-11-07,Saturday,12000,944,2794.0,2204.0,1198.0,7149.0,4851,322013,244985,129430,40,No,2020,11,5,312,45,4,1,5,0,0.4042,6071.0,6577.0,0.0,6411.0,1,1,0,0
2020-11-08,Sunday,4851,939,2804.0,2146.0,1056.0,6945.0,0,292618,193076,154697,1,Yes,2020,11,6,313,45,4,1,6,1,0.0,6129.0,6835.0,4851.0,7149.0,0,1,0,0
2020-11-09,Monday,12000,613,2023.0,1502.0,1155.0,5293.0,6707,221071,187852,107871,55,No,2020,11,0,314,46,4,0,0,0,0.5589,6089.0,6462.0,0.0,6945.0,1,1,0,0
2020-11-10,Tuesday,6707,760,2103.0,1760.0,1197.0,5820.0,887,254836,211856,122571,7,Yes,2020,11,1,315,46,4,0,1,1,0.0739,6106.0,6019.0,6707.0,5293.0,0,1,0,0
2020-11-11,Wednesday,12000,576,2324.0,1699.0,1100.0,5699.0,6301,258089,190797,113338,52,No,2020,11,2,316,46,4,0,2,0,0.5251,6212.0,5604.0,887.0,5820.0,1,1,0,0
2020-11-12,Thursday,6301,762,2297.0,1646.0,1359.0,6064.0,237,264090,209135,133350,1,Yes,2020,11,3,317,46,4,0,3,1,0.0198,6197.0,5861.0,6301.0,5699.0,0,1,0,0
2020-11-13,Friday,12000,791,2411.0,1979.0,1573.0,6754.0,5246,276878,219353,154481,43,No,2020,11,4,318,46,4,0,4,0,0.4372,6246.0,6172.0,237.0,6064.0,1,1,0,0
2020-11-14,Saturday,5246,908,2549.0,1953.0,1182.0,6592.0,0,266289,208669,133916,1,Yes,2020,11,5,319,46,4,1,5,1,0.0,6167.0,6470.0,5246.0,6754.0,0,1,0,0
2020-11-15,Sunday,12000,783,2551.0,2192.0,1166.0,6692.0,5308,257159,219553,156279,44,No,2020,11,6,320,46,4,1,6,0,0.4423,6131.0,6679.0,0.0,6592.0,1,1,0,0
2020-11-16,Monday,5308,682,2022.0,1713.0,905.0,5322.0,0,252710,192719,114088,1,Yes,2020,11,0,321,47,4,0,0,1,0.0,6135.0,6202.0,5308.0,6692.0,0,1,0,0
2020-11-17,Tuesday,12000,726,2392.0,1655.0,1167.0,5940.0,6060,231055,182088,118585,50,No,2020,11,1,322,47,4,0,1,0,0.505,6152.0,5985.0,0.0,5322.0,1,1,0,0
2020-11-18,Wednesday,6060,768,2351.0,1587.0,1082.0,5788.0,272,235134,176052,110537,2,Yes,2020,11,2,323,47,4,0,2,1,0.0227,6165.0,5683.0,6060.0,5940.0,0,1,0,0
2020-11-19,Thursday,12000,651,2186.0,2019.0,1299.0,6155.0,5845,263260,180893,117898,48,No,2020,11,3,324,47,4,0,3,0,0.4871,6178.0,5961.0,272.0,5788.0,1,1,0,0
2020-11-20,Friday,5845,795,2245.0,1862.0,1223.0,6125.0,0,244341,178509,117889,1,Yes,2020,11,4,325,47,4,0,4,1,0.0,6088.0,6023.0,5845.0,6155.0,0,1,0,0
2020-11-21,Saturday,12000,882,2860.12,2151.0,1404.0,7500.0,4500,301874,245500,166700,37,No,2020,11,5,326,47,4,1,5,0,0.375,6217.0,6593.0,0.0,6125.0,1,1,0,0
2020-11-22,Sunday,4500,818,2839.0,2265.0,1355.0,7277.0,0,303546,242043,135183,1,Yes,2020,11,6,327,47,4,1,6,1,0.0,6301.0,6967.0,4500.0,7500.0,0,1,0,0
2020-11-23,Monday,12000,740,2356.0,1763.0,1110.0,5969.0,6031,236973,209193,120930,50,No,2020,11,0,328,48,4,0,0,0,0.5026,6393.0,6915.0,0.0,7277.0,1,1,0,0
2020-11-24,Tuesday,6031,607,2200.0,1759.0,1197.0,5763.0,268,239010,182032,123369,2,Yes,2020,11,1,329,48,4,0,1,1,0.0223,6368.0,6336.0,6031.0,5969.0,0,1,0,0
2020-11-25,Wednesday,12000,668,2012.0,1770.0,1199.0,5649.0,6351,247068,187674,115834,52,No,2020,11,2,330,48,4,0,2,0,0.5292,6348.0,5794.0,268.0,5763.0,1,1,0,0
2020-11-26,Thursday,6351,637,2082.0,1850.0,1358.0,5927.0,424,236131,180150,119280,3,Yes,2020,11,3,331,48,4,0,3,1,0.0353,6316.0,5780.0,6351.0,5649.0,0,1,0,0
2020-11-27,Friday,12000,726,2279.0,1657.0,1469.0,6131.0,5869,272518,195170,136239,48,No,2020,11,4,332,48,4,0,4,0,0.4891,6317.0,5902.0,424.0,5927.0,1,1,0,0
2020-11-28,Saturday,5869,847,2703.0,2279.8399999999992,1460.0,7437.0,0,321973,239246,145639,1,Yes,2020,11,5,333,48,4,1,5,1,0.0,6308.0,6498.0,5869.0,6131.0,0,1,0,0
2020-11-29,Sunday,12000,736,2467.0,2100.0,1393.0,6696.0,5304,301047,216207,155705,44,No,2020,11,6,334,48,4,1,6,0,0.442,6225.0,6755.0,0.0,7437.0,1,1,0,0
2020-11-30,Monday,5304,573,2225.0,1496.0,1153.0,5447.0,0,259540,161397,120775,1,Yes,2020,11,0,335,49,4,0,0,1,0.0,6150.0,6527.0,5304.0,6696.0,0,1,0,0
2020-12-01,Tuesday,12000,495,1827.0,1547.0,954.0,4823.0,7177,215466,152517,93894,59,No,2020,12,1,336,49,4,0,1,0,0.5981,6016.0,5655.0,0.0,5447.0,1,0,0,0
2020-12-02,Wednesday,7177,576,1989.0,1499.0,1111.0,5175.0,2002,227565,154268,94807,16,No,2020,12,2,337,49,4,0,2,0,0.1668,5948.0,5148.0,7177.0,4823.0,2,0,0,0
2020-12-03,Thursday,2002,604,1933.0,1468.0,1254.0,5259.0,0,220815,159560,103768,1,Yes,2020,12,3,338,49,4,0,3,1,0.0,5853.0,5086.0,2002.0,5175.0,0,0,0,0
2020-12-04,Friday,12000,764,1986.0,1747.0,1096.0,5593.0,6407,224432,165205,102906,53,No,2020,12,4,339,49,4,0,4,0,0.5339,5776.0,5342.0,0.0,5259.0,1,0,0,0
2020-12-05,Saturday,6407,789,2309.0,1883.0,1613.0,6594.0,0,294407,220245,161530,1,Yes,2020,12,5,340,49,4,1,5,1,0.0,5655.0,5815.0,6407.0,5593.0,0,0,0,0
2020-12-06,Sunday,12000,839,2476.0,1933.0,799.0,6047.0,5953,268135,180292,148963,49,No,2020,12,6,341,49,4,1,6,0,0.4961,5563.0,6078.0,0.0,6594.0,1,0,0,0
2020-12-07,Monday,5953,588,1873.0,1555.0,704.0,4720.0,1233,205850,140737,103240,10,Yes,2020,12,0,342,50,4,0,0,1,0.1028,5459.0,5787.0,5953.0,6047.0,0,0,0,0
2020-12-08,Tuesday,12000,604,1912.0,1473.0,1047.0,5036.0,6964,227668,174292,127144,58,No,2020,12,1,343,50,4,0,1,0,0.5803,5489.0,5268.0,1233.0,4720.0,1,0,0,0
2020-12-09,Wednesday,6964,519,1706.0,1325.0,1238.0,4788.0,2176,209836,141673,104447,18,No,2020,12,2,344,50,4,0,2,0,0.1813,5434.0,4848.0,6964.0,5036.0,2,0,0,0
2020-12-10,Thursday,2176,514,1725.0,1460.0,853.0,4552.0,0,195935,147631,87615,1,Yes,2020,12,3,345,50,4,0,3,1,0.0,5333.0,4792.0,2176.0,4788.0,0,0,0,0
2020-12-11,Friday,12000,545,1854.0,1661.0,1093.0,5153.0,6847,204650,141544,127801,57,No,2020,12,4,346,50,4,0,4,0,0.5706,5270.0,4831.0,0.0,4552.0,1,0,0,0
2020-12-12,Saturday,6847,839,2682.0,1870.0,1343.0,6734.0,113,307557,201223,157960,1,Yes,2020,12,5,347,50,4,1,5,1,0.0094,5290.0,5480.0,6847.0,5153.0,0,0,0,0
2020-12-13,Sunday,12000,697,2465.0,1757.0,1350.0,6269.0,5731,278152,194175,113224,47,No,2020,12,6,348,50,4,1,6,0,0.4776,5322.0,6052.0,113.0,6734.0,1,0,0,0
2020-12-14,Monday,5731,575,1997.0,1369.0,1070.0,5011.0,720,234663,154902,114207,6,Yes,2020,12,0,349,51,4,0,0,1,0.06,5363.0,6005.0,5731.0,6269.0,0,0,0,0
2020-12-15,Tuesday,12000,624,2151.0,1730.0,794.0,5299.0,6701,230479,169900,126252,55,No,2020,12,1,350,51,4,0,1,0,0.5584,5401.0,5526.0,720.0,5011.0,1,0,0,0
2020-12-16,Wednesday,6701,532,1873.0,1453.0,910.0,4768.0,1933,213020,143435,103082,16,Yes,2020,12,2,351,51,4,0,2,1,0.1611,5398.0,5026.0,6701.0,5299.0,0,0,0,0
2020-12-17,Thursday,12000,692,1993.0,1485.0,972.0,5142.0,6858,222828,160452,133203,57,No,2020,12,3,352,51,4,0,3,0,0.5715,5482.0,5070.0,1933.0,4768.0,1,0,0,0
2020-12-18,Friday,6858,628,2124.0,1830.0,1194.0,5776.0,1082,250234,189015,110409,9,Yes,2020,12,4,353,51,4,0,4,1,0.0902,5571.0,5229.0,6858.0,5142.0,0,0,0,0
2020-12-19,Saturday,12000,664,2555.0,1828.0,1339.0,6386.0,5614,279575,189049,114299,46,No,2020,12,5,354,51,4,1,5,0,0.4678,5522.0,5768.0,1082.0,5776.0,1,0,0,0
2020-12-20,Sunday,5614,616,2158.0,1751.0,1235.0,5760.0,0,246814,164160,100053,1,Yes,2020,12,6,355,51,4,1,6,1,0.0,5449.0,5974.0,5614.0,6386.0,0,0,0,0
2020-12-21,Monday,12000,530,1641.0,1262.0,948.0,4381.0,7619,197524,148516,105524,63,No,2020,12,0,356,52,4,0,0,0,0.6349,5359.0,5509.0,0.0,5760.0,1,0,0,0
2020-12-22,Tuesday,7619,668,1965.0,1364.0,877.0,4874.0,2745,196716,136386,113515,22,No,2020,12,1,357,52,4,0,1,0,0.2288,5298.0,5005.0,7619.0,4381.0,2,0,0,0
2020-12-23,Wednesday,2745,585,1771.0,1334.0,1087.0,4777.0,0,216865,153311,98947,1,Yes,2020,12,2,358,52,4,0,2,1,0.0,5299.0,4677.0,2745.0,4874.0,0,0,0,0
2020-12-24,Thursday,12000,717,1925.0,1558.0,1142.0,5342.0,6658,227945,177239,121435,55,No,2020,12,3,359,52,4,0,3,0,0.5548,5328.0,4998.0,0.0,4777.0,1,0,0,0
2020-12-25,Friday,6658,651,1970.0,1794.0,1197.0,5612.0,1046,240056,186547,139099,8,Yes,2020,12,4,360,52,4,0,4,1,0.0872,5305.0,5244.0,6658.0,5342.0,0,0,0,0
2020-12-26,Saturday,12000,730,2563.0,1960.0,1629.0,6882.0,5118,300683,194347,153814,42,No,2020,12,5,361,52,4,1,5,0,0.4265,5375.0,5945.0,1046.0,5612.0,1,0,0,0
2020-12-27,Sunday,5118,865,2374.0,1924.0,1430.0,6593.0,0,293307,208930,138444,1,Yes,2020,12,6,362,52,4,1,6,1,0.0,5494.0,6362.0,5118.0,6882.0,0,0,0,0
2020-12-28,Monday,12000,511,1524.0,1248.0,930.0,4213.0,7787,166016,142720,86937,64,No,2020,12,0,363,53,4,0,0,0,0.6489,5470.0,5896.0,0.0,6593.0,1,0,0,0
2020-12-29,Tuesday,7787,692,1848.0,1423.0,1175.0,5138.0,2649,225391,170923,95573,22,No,2020,12,1,364,53,4,0,1,0,0.2208,5508.0,5315.0,7787.0,4213.0,2,0,0,0
2020-12-30,Wednesday,2649,539,1695.0,1461.0,990.0,4685.0,0,202420,161539,94612,1,Yes,2020,12,2,365,53,4,0,2,1,0.0,5495.0,4679.0,2649.0,5138.0,0,0,0,0
2020-12-31,Thursday,12000,688,2280.0,1611.0,1060.0,5639.0,6361,242869,166517,113266,53,No,2020,12,3,366,53,4,0,3,0,0.5301,5537.0,5154.0,0.0,4685.0,1,0,0,0
2021-01-01,Friday,6361,657,2313.0,1669.0,1474.0,6113.0,248,257239,206830,142898,2,Yes,2021,1,4,1,53,1,0,4,1,0.0207,5609.0,5479.0,6361.0,5639.0,0,0,0,0
2021-01-02,Saturday,12000,739,2393.0,1709.0,1241.0,6082.0,5918,243093,179096,124435,49,No,2021,1,5,2,53,1,1,5,0,0.4932,5495.0,5945.0,248.0,6113.0,1,0,0,0
2021-01-03,Sunday,5918,592,2198.0,1546.0,1382.0,5718.0,200,265685,184958,122078,1,Yes,2021,1,6,3,53,1,1,6,1,0.0167,5370.0,5971.0,5918.0,6082.0,0,0,0,0
2021-01-04,Monday,12000,580,1845.0,1566.0,1143.0,5134.0,6866,216779,157590,97134,57,No,2021,1,0,4,1,1,0,0,0,0.5722,5501.0,5645.0,200.0,5718.0,1,0,0,0
2021-01-05,Tuesday,6866,635,1730.0,1341.0,1105.0,4811.0,2055,230728,138169,109678,17,No,2021,1,1,5,1,1,0,1,0,0.1713,5455.0,5221.0,6866.0,5134.0,2,0,0,0
2021-01-06,Wednesday,2055,528,1983.0,1390.0,962.0,4863.0,0,219792,154863,120778,1,Yes,2021,1,2,6,1,1,0,2,1,0.0,5480.0,4936.0,2055.0,4811.0,0,0,0,0
2021-01-07,Thursday,12000,776,1953.0,1604.0,1219.0,5552.0,6448,250177,168070,114467,53,No,2021,1,3,7,1,1,0,3,0,0.5373,5468.0,5075.0,0.0,4863.0,1,0,0,0
2021-01-08,Friday,6448,675,2235.0,1640.0,1337.0,5887.0,561,269049,187087,116592,4,Yes,2021,1,4,8,1,1,0,4,1,0.0468,5435.0,5434.0,6448.0,5552.0,0,0,0,0
2021-01-09,Saturday,12000,678,2417.0,1956.0,1050.0,6101.0,5899,256540,183606,138589,49,No,2021,1,5,9,1,1,1,5,0,0.4916,5438.0,5847.0,561.0,5887.0,1,0,0,0
2021-01-10,Sunday,5899,809,2349.0,1802.0,1167.0,6127.0,0,259142,186329,129636,1,Yes,2021,1,6,10,1,1,1,6,1,0.0,5496.0,6038.0,5899.0,6101.0,0,0,0,0
2021-01-11,Monday,12000,684,1785.0,1516.0,1009.0,4994.0,7006,202929,153092,108512,58,No,2021,1,0,11,2,1,0,0,0,0.5838,5476.0,5741.0,0.0,6127.0,1,0,0,0
2021-01-12,Tuesday,7006,558,1991.0,1547.0,927.0,5023.0,1983,235802,159678,121879,16,Yes,2021,1,1,12,2,1,0,1,1,0.1652,5507.0,5381.0,7006.0,4994.0,0,0,0,0
2021-01-13,Wednesday,12000,532,1713.0,1468.0,1034.0,4747.0,7253,197164,156823,96785,60,No,2021,1,2,13,2,1,0,2,0,0.6044,5490.0,4921.0,1983.0,5023.0,1,0,0,0
2021-01-14,Thursday,7253,714,2112.0,1504.0,1156.0,5486.0,1767,214688,180724,107896,14,Yes,2021,1,3,14,2,1,0,3,1,0.1472,5481.0,5085.0,7253.0,4747.0,0,0,0,0
2021-01-15,Friday,12000,746,2048.0,1619.0,974.0,5387.0,6613,247384,170092,112773,55,No,2021,1,4,15,2,1,0,4,0,0.5511,5409.0,5207.0,1767.0,5486.0,1,0,0,0
2021-01-16,Saturday,6613,774,2549.0,2026.0,1639.0,6988.0,0,285542,210221,160235,1,Yes,2021,1,5,16,2,1,1,5,1,0.0,5536.0,5954.0,6613.0,5387.0,0,0,0,0
2021-01-17,Sunday,12000,846,2619.0,1880.0,1089.0,6434.0,5566,281459,200095,166271,46,No,2021,1,6,17,2,1,1,6,0,0.4638,5580.0,6270.0,0.0,6988.0,1,0,0,0
2021-01-18,Monday,5566,578,1868.0,1644.0,893.0,4983.0,583,226349,170717,115229,4,Yes,2021,1,0,18,3,1,0,0,1,0.0486,5578.0,6135.0,5566.0,6434.0,0,0,0,0
2021-01-19,Tuesday,12000,680,1958.0,1617.0,722.0,4977.0,7023,203817,148863,109742,58,No,2021,1,1,19,3,1,0,1,0,0.5853,5572.0,5465.0,583.0,4983.0,1,0,0,0
2021-01-20,Wednesday,7023,605,1734.0,1324.0,841.0,4504.0,2519,185109,156313,105147,20,No,2021,1,2,20,3,1,0,2,0,0.2099,5537.0,4821.0,7023.0,4977.0,2,0,0,0
2021-01-21,Thursday,2519,741,1913.0,1483.0,1210.0,5347.0,0,229995,190918,108403,1,Yes,2021,1,3,21,3,1,0,3,1,0.0,5517.0,4943.0,2519.0,4504.0,0,0,0,0
2021-01-22,Friday,12000,802,2279.0,1719.0,1366.0,6166.0,5834,268856,186169,152733,48,No,2021,1,4,22,3,1,0,4,0,0.4862,5628.0,5339.0,0.0,5347.0,1,0,0,0
2021-01-23,Saturday,5834,774,2510.0,2110.0,1335.0,6729.0,0,275750,198333,144589,1,Yes,2021,1,5,23,3,1,1,5,1,0.0,5591.0,6081.0,5834.0,6166.0,0,0,0,0
2021-01-24,Sunday,12000,784,2290.0,1784.0,1099.0,5957.0,6043,239413,176436,143659,50,No,2021,1,6,24,3,1,1,6,0,0.5036,5523.0,6284.0,0.0,6729.0,1,0,0,0
2021-01-25,Monday,6043,587,1931.0,1585.0,903.0,5006.0,1037,210527,182143,98657,8,Yes,2021,1,0,25,4,1,0,0,1,0.0864,5527.0,5897.0,6043.0,5957.0,0,0,0,0
2021-01-26,Tuesday,12000,581,1917.0,1405.0,1161.0,5064.0,6936,217459,178782,102549,57,No,2021,1,1,26,4,1,0,1,0,0.578,5539.0,5342.0,1037.0,5006.0,1,0,0,0
2021-01-27,Wednesday,6936,523,1955.0,1432.0,926.0,4836.0,2100,206891,160156,88510,17,No,2021,1,2,27,4,1,0,2,0,0.175,5586.0,4969.0,6936.0,5064.0,2,0,0,0
2021-01-28,Thursday,2100,494,1851.0,1510.0,1065.0,4920.0,0,233448,162449,107965,1,Yes,2021,1,3,28,4,1,0,3,1,0.0,5525.0,4940.0,2100.0,4836.0,0,0,0,0
2021-01-29,Friday,12000,763,2411.0,1859.0,996.0,6029.0,5971,245186,200143,144426,49,No,2021,1,4,29,4,1,0,4,0,0.4976,5506.0,5262.0,0.0,4920.0,1,0,0,0
2021-01-30,Saturday,5971,801,2828.0,2105.0,1252.0,6986.0,0,321014,204603,179783,1,Yes,2021,1,5,30,4,1,1,5,1,0.0,5543.0,5978.0,5971.0,6029.0,0,0,0,0
2021-01-31,Sunday,12000,678,2568.0,1991.0,1452.0,6689.0,5311,271734,188822,157195,44,No,2021,1,6,31,4,1,1,6,0,0.4426,5647.0,6568.0,0.0,6986.0,1,0,0,0
2021-02-01,Monday,5311,540,1799.0,1422.0,899.0,4660.0,651,197608,140767,92771,5,Yes,2021,2,0,32,5,1,0,0,1,0.0542,5598.0,6112.0,5311.0,6689.0,0,0,0,0
2021-02-02,Tuesday,12000,684,1848.0,1485.0,1080.0,5097.0,6903,208830,163985,101420,57,No,2021,2,1,33,5,1,0,1,0,0.5752,5602.0,5482.0,651.0,4660.0,1,0,0,0
2021-02-03,Wednesday,6903,590,1597.0,1448.0,830.0,4465.0,2438,196033,135843,89536,20,No,2021,2,2,34,5,1,0,2,0,0.2032,5549.0,4741.0,6903.0,5097.0,2,0,0,0
2021-02-04,Thursday,2438,537,2006.0,1534.0,895.0,4972.0,0,210662,142704,112857,1,Yes,2021,2,3,35,5,1,0,3,1,0.0,5557.0,4845.0,2438.0,4465.0,0,0,0,0
2021-02-05,Friday,12000,772,2247.0,1788.0,1436.0,6243.0,5757,264801,176060,151644,47,No,2021,2,4,36,5,1,0,4,0,0.4798,5587.0,5227.0,0.0,4972.0,1,0,0,0
2021-02-06,Saturday,5757,697,2439.0,2174.0,1356.0,6666.0,0,283914,200776,166417,1,Yes,2021,2,5,37,5,1,1,5,1,0.0,5542.0,5960.0,5757.0,6243.0,0,0,0,0
2021-02-07,Sunday,12000,758,2422.0,2066.0,1216.0,6462.0,5538,261855,216155,141304,46,No,2021,2,6,38,5,1,1,6,0,0.4615,5509.0,6457.0,0.0,6666.0,1,0,0,0
2021-02-08,Monday,5538,498,1890.0,1417.0,994.0,4799.0,739,215513,134831,95070,6,Yes,2021,2,0,39,6,1,0,0,1,0.0616,5529.0,5976.0,5538.0,6462.0,0,0,0,0
2021-02-09,Tuesday,12000,664,1851.0,1412.0,1165.0,5092.0,6908,205576,164136,108636,57,No,2021,2,1,40,6,1,0,1,0,0.5757,5528.0,5451.0,739.0,4799.0,1,0,0,0
2021-02-10,Wednesday,6908,621,2078.0,1500.0,1055.0,5254.0,1654,243938,180557,91314,13,Yes,2021,2,2,41,6,1,0,2,1,0.1378,5641.0,5048.0,6908.0,5092.0,0,0,0,0
2021-02-11,Thursday,12000,492,1764.0,1567.0,976.0,4799.0,7201,199168,170924,97585,60,No,2021,2,3,42,6,1,0,3,0,0.6001,5616.0,5048.0,1654.0,5254.0,1,0,0,0
2021-02-12,Friday,7201,769,2287.0,1789.0,958.0,5803.0,1398,241173,176668,130116,11,Yes,2021,2,4,43,6,1,0,4,1,0.1165,5554.0,5285.0,7201.0,4799.0,0,0,0,0
2021-02-13,Saturday,12000,806,2860.12,2098.0,1315.0,7138.0,4862,327750,206425,131625,40,No,2021,2,5,44,6,1,1,5,0,0.4052,5621.0,5913.0,1398.0,5803.0,1,0,0,0
2021-02-14,Sunday,4862,793,2114.0,1645.0,1219.0,5771.0,0,222042,202329,120225,1,Yes,2021,2,6,45,6,1,1,6,1,0.0,5522.0,6237.0,4862.0,7138.0,0,0,0,0
2021-02-15,Monday,12000,627,1843.0,1555.0,737.0,4762.0,7238,200096,138104,100042,60,No,2021,2,0,46,7,1,0,0,0,0.6032,5517.0,5890.0,0.0,5771.0,1,0,0,0
2021-02-16,Tuesday,7238,524,2112.0,1419.0,1139.0,5194.0,2044,201924,144231,107601,17,No,2021,2,1,47,7,1,0,1,0,0.1703,5532.0,5242.0,7238.0,4762.0,2,0,0,0
2021-02-17,Wednesday,2044,503,1944.0,1360.0,1065.0,4872.0,0,222427,153539,103115,1,Yes,2021,2,2,48,7,1,0,2,1,0.0,5477.0,4943.0,2044.0,5194.0,0,0,0,0
2021-02-18,Thursday,12000,661,1895.0,1291.0,880.0,4727.0,7273,194013,164174,103795,60,No,2021,2,3,49,7,1,0,3,0,0.6061,5467.0,4931.0,0.0,4872.0,1,0,0,0
2021-02-19,Friday,7273,574,1880.0,1420.0,1245.0,5119.0,2154,219854,148489,111366,17,No,2021,2,4,50,7,1,0,4,0,0.1795,5369.0,4906.0,7273.0,4727.0,2,0,0,0
2021-02-20,Saturday,2154,708,2323.0,1849.0,1342.0,6222.0,0,275322,210417,143847,1,Yes,2021,2,5,51,7,1,1,5,1,0.0,5238.0,5356.0,2154.0,5119.0,0,0,0,0
2021-02-21,Sunday,12000,584,2207.0,1830.0,1134.0,5755.0,6245,257109,173927,105750,52,No,2021,2,6,52,7,1,1,6,0,0.5204,5236.0,5699.0,0.0,6222.0,1,0,0,0
2021-02-22,Monday,6245,597,1909.0,1465.0,854.0,4825.0,1420,221703,151976,102406,11,Yes,2021,2,0,53,8,1,0,0,1,0.1183,5245.0,5601.0,6245.0,5755.0,0,0,0,0
2021-02-23,Tuesday,12000,660,1932.0,1601.0,723.0,4916.0,7084,206007,159182,87448,59,No,2021,2,1,54,8,1,0,1,0,0.5903,5205.0,5165.0,1420.0,4825.0,1,0,0,0
2021-02-24,Wednesday,7084,596,1953.0,1455.0,1307.0,5311.0,1773,221566,184254,124168,14,Yes,2021,2,2,55,8,1,0,2,1,0.1478,5268.0,5017.0,7084.0,4916.0,0,0,0,0
2021-02-25,Thursday,12000,588,2122.0,1408.0,1079.0,5197.0,6803,228407,159757,103084,56,No,2021,2,3,56,8,1,0,3,0,0.5669,5335.0,5141.0,1773.0,5311.0,1,0,0,0
2021-02-26,Friday,6803,774,2155.0,1761.0,864.0,5554.0,1249,221909,166276,105867,10,Yes,2021,2,4,57,8,1,0,4,1,0.1041,5397.0,5354.0,6803.0,5197.0,0,0,0,0
2021-02-27,Saturday,12000,662,2270.0,1894.0,1253.0,6079.0,5921,269711,202330,127779,49,No,2021,2,5,58,8,1,1,5,0,0.4934,5377.0,5610.0,1249.0,5554.0,1,0,0,0
2021-02-28,Sunday,5921,801,2393.0,1751.0,1181.0,6126.0,0,274029,216629,135715,1,Yes,2021,2,6,59,8,1,1,6,1,0.0,5430.0,5920.0,5921.0,6079.0,0,0,0,0
2021-03-01,Monday,12000,585,2007.0,1642.0,1482.0,5716.0,6284,246038,187123,132241,52,No,2021,3,0,60,9,1,0,0,0,0.5237,5557.0,5974.0,0.0,6126.0,1,0,0,1
2021-03-02,Tuesday,6284,613,1898.0,1647.0,985.0,5143.0,1141,221956,141259,110111,9,Yes,2021,3,1,61,9,1,0,1,1,0.0951,5589.0,5662.0,6284.0,5716.0,0,0,0,1
2021-03-03,Wednesday,12000,558,1844.0,1354.0,1017.0,4773.0,7227,225072,155684,121183,60,No,2021,3,2,62,9,1,0,2,0,0.6022,5513.0,5211.0,1141.0,5143.0,1,0,0,1
2021-03-04,Thursday,7227,760,2196.0,1508.0,1017.0,5481.0,1746,244604,176319,130540,14,Yes,2021,3,3,63,9,1,0,3,1,0.1455,5553.0,5132.0,7227.0,4773.0,0,0,0,1
2021-03-05,Friday,12000,615,2353.0,1787.0,1100.0,5855.0,6145,266960,187686,139731,51,No,2021,3,4,64,9,1,0,4,0,0.5121,5596.0,5370.0,1746.0,5481.0,1,0,0,1
2021-03-06,Saturday,6145,856,2589.0,2088.0,1427.0,6960.0,0,293367,213746,168632,1,Yes,2021,3,5,65,9,1,1,5,1,0.0,5722.0,6099.0,6145.0,5855.0,0,0,0,1
2021-03-07,Sunday,12000,768,2485.0,1947.0,1352.0,6552.0,5448,277093,185705,143165,45,No,2021,3,6,66,9,1,1,6,0,0.454,5783.0,6456.0,0.0,6960.0,1,0,0,1
2021-03-08,Monday,5448,710,2008.0,1643.0,1036.0,5397.0,51,240020,172868,102196,1,Yes,2021,3,0,67,10,1,0,0,1,0.0042,5737.0,6303.0,5448.0,6552.0,0,0,0,1
2021-03-09,Tuesday,12000,723,2007.0,1769.0,992.0,5491.0,6509,225964,176602,105781,54,No,2021,3,1,68,10,1,0,1,0,0.5424,5787.0,5813.0,51.0,5397.0,1,0,0,1
2021-03-10,Wednesday,6509,622,2094.0,1653.0,816.0,5185.0,1324,221984,166973,122144,11,Yes,2021,3,2,69,10,1,0,2,1,0.1103,5846.0,5358.0,6509.0,5491.0,0,0,0,1
2021-03-11,Thursday,12000,675,2356.0,1631.0,1360.0,6022.0,5978,271403,200393,125227,49,No,2021,3,3,70,10,1,0,3,0,0.4982,5923.0,5566.0,1324.0,5185.0,1,0,0,1
2021-03-12,Friday,5978,712,2276.0,1856.0,1306.0,6150.0,0,235136,217620,123052,1,Yes,2021,3,4,71,10,1,0,4,1,0.0,5965.0,5786.0,5978.0,6022.0,0,0,0,1
2021-03-13,Saturday,12000,913,2860.12,2279.8399999999992,1199.0,7500.0,4500,309829,213352,152955,37,No,2021,3,5,72,10,1,1,5,0,0.375,6042.0,6557.0,0.0,6150.0,1,0,0,1
2021-03-14,Sunday,4500,814,2670.0,2147.0,1482.0,7113.0,0,314633,207283,167187,1,Yes,2021,3,6,73,10,1,1,6,1,0.0,6123.0,6921.0,4500.0,7500.0,0,0,0,1
2021-03-15,Monday,12000,615,1934.0,1464.0,1242.0,5255.0,6745,227838,182819,116140,56,No,2021,3,0,74,11,1,0,0,0,0.5621,6102.0,6623.0,0.0,7113.0,1,0,0,1
2021-03-16,Tuesday,6745,640,2332.0,1566.0,1197.0,5735.0,1010,223805,166616,114424,8,Yes,2021,3,1,75,11,1,0,1,1,0.0842,6137.0,6034.0,6745.0,5255.0,0,0,0,1
2021-03-17,Wednesday,12000,509,1751.0,1532.0,1117.0,4909.0,7091,207433,143767,102255,59,No,2021,3,2,76,11,1,0,2,0,0.5909,6098.0,5300.0,1010.0,5735.0,1,0,0,1
2021-03-18,Thursday,7091,685,2044.0,1639.0,839.0,5207.0,1884,231648,142630,106110,15,Yes,2021,3,3,77,11,1,0,3,1,0.157,5981.0,5284.0,7091.0,4909.0,0,0,0,1
2021-03-19,Friday,12000,731,2170.0,1817.0,1352.0,6070.0,5930,249819,197311,140161,49,No,2021,3,4,78,11,1,0,4,0,0.4942,5970.0,5395.0,1884.0,5207.0,1,0,0,1
2021-03-20,Saturday,5930,791,2547.0,1890.0,1649.0,6956.0,0,290746,194375,137431,1,Yes,2021,3,5,79,11,1,1,5,1,0.0,5892.0,6078.0,5930.0,6070.0,0,0,0,1
2021-03-21,Sunday,12000,904,2442.0,1878.0,1447.0,6671.0,5329,317466,202894,155849,44,No,2021,3,6,80,11,1,1,6,0,0.4441,5829.0,6566.0,0.0,6956.0,1,0,0,1
2021-03-22,Monday,5329,592,2039.0,1721.0,1014.0,5366.0,0,218044,149243,110554,1,Yes,2021,3,0,81,12,1,0,0,1,0.0,5845.0,6331.0,5329.0,6671.0,0,0,0,1
2021-03-23,Tuesday,12000,691,2091.0,1732.0,1258.0,5772.0,6228,257437,187491,125939,51,No,2021,3,1,82,12,1,0,1,0,0.519,5850.0,5936.0,0.0,5366.0,1,0,0,1
2021-03-24,Wednesday,6228,498,2026.0,1398.0,1029.0,4951.0,1277,225146,157298,90708,10,Yes,2021,3,2,83,12,1,0,2,1,0.1064,5856.0,5363.0,6228.0,5772.0,0,0,0,1
2021-03-25,Thursday,12000,593,2306.0,1755.0,1015.0,5669.0,6331,238415,163010,119611,52,No,2021,3,3,84,12,1,0,3,0,0.5276,5922.0,5464.0,1277.0,4951.0,1,0,0,1
2021-03-26,Friday,6331,601,2119.0,1835.0,1459.0,6014.0,317,260640,216091,133780,2,Yes,2021,3,4,85,12,1,0,4,1,0.0264,5914.0,5545.0,6331.0,5669.0,0,0,0,1
2021-03-27,Saturday,12000,863,2440.0,2051.0,1302.0,6656.0,5344,295894,195370,146172,44,No,2021,3,5,86,12,1,1,5,0,0.4453,5871.0,6113.0,317.0,6014.0,1,0,0,1
2021-03-28,Sunday,5344,901,2477.0,2181.0,1419.0,6978.0,0,328086,225150,171348,1,Yes,2021,3,6,87,12,1,1,6,1,0.0,5915.0,6549.0,5344.0,6656.0,0,0,0,1
2021-03-29,Monday,12000,642,1955.0,1496.0,1027.0,5120.0,6880,225979,176991,113289,57,No,2021,3,0,88,13,1,0,0,0,0.5733,5880.0,6251.0,0.0,6978.0,1,0,0,1
2021-03-30,Tuesday,6880,603,2061.0,1419.0,1060.0,5143.0,1737,224401,148523,121048,14,Yes,2021,3,1,89,13,1,0,1,1,0.1448,5790.0,5747.0,6880.0,5120.0,0,0,0,1
2021-03-31,Wednesday,12000,729,2190.0,1608.0,1036.0,5563.0,6437,257236,156574,117067,53,No,2021,3,2,90,13,1,0,2,0,0.5364,5878.0,5275.0,1737.0,5143.0,1,0,0,1
2021-04-01,Thursday,6437,566,2176.0,1519.0,1140.0,5401.0,1036,223882,160783,114004,8,Yes,2021,4,3,91,13,2,0,3,1,0.0863,5839.0,5369.0,6437.0,5563.0,0,0,0,1
2021-04-02,Friday,12000,854,2493.0,1955.0,908.0,6210.0,5790,250312,178416,121469,48,No,2021,4,4,92,13,2,0,4,0,0.4825,5867.0,5725.0,1036.0,5401.0,1,0,0,1
2021-04-03,Saturday,5790,752,2846.0,2005.0,1649.0,7414.0,0,318010,252617,174381,1,Yes,2021,4,5,93,13,2,1,5,1,0.0,5976.0,6342.0,5790.0,6210.0,0,0,0,1
2021-04-04,Sunday,12000,918,2524.0,1886.0,1504.0,6832.0,5168,286242,214664,133945,43,No,2021,4,6,94,13,2,1,6,0,0.4307,5955.0,6819.0,0.0,7414.0,1,0,0,1
2021-04-05,Monday,5168,508,1766.0,1509.0,1008.0,4791.0,377,217759,172085,100333,3,Yes,2021,4,0,95,14,2,0,0,1,0.0314,5908.0,6346.0,5168.0,6832.0,0,0,0,1
2021-04-06,Tuesday,12000,669,2038.0,1685.0,1011.0,5403.0,6597,241741,175639,124457,54,No,2021,4,1,96,14,2,0,1,0,0.5498,5945.0,5675.0,377.0,4791.0,1,0,0,1
2021-04-07,Wednesday,6597,600,1848.0,1467.0,1127.0,5042.0,1555,216035,155242,106571,12,Yes,2021,4,2,97,14,2,0,2,1,0.1296,5870.0,5079.0,6597.0,5403.0,0,0,0,1
2021-04-08,Thursday,12000,778,2218.0,1714.0,1011.0,5721.0,6279,256902,179368,113593,52,No,2021,4,3,98,14,2,0,3,0,0.5232,5916.0,5389.0,1555.0,5042.0,1,0,0,1
2021-04-09,Friday,6279,658,2332.0,1681.0,1249.0,5920.0,359,251681,201807,119265,2,Yes,2021,4,4,99,14,2,0,4,1,0.0299,5875.0,5561.0,6279.0,5721.0,0,0,0,1
2021-04-10,Saturday,12000,795,2532.0,2115.0,1649.0,7170.0,4830,344830,231855,136688,40,No,2021,4,5,100,14,2,1,5,0,0.4025,5840.0,6270.0,359.0,5920.0,1,0,0,1
2021-04-11,Sunday,4830,605,2403.0,1926.0,950.0,5884.0,0,253441,163213,110087,1,Yes,2021,4,6,101,14,2,1,6,1,0.0,5704.0,6325.0,4830.0,7170.0,0,0,0,1
2021-04-12,Monday,12000,567,1872.0,1564.0,1313.0,5316.0,6684,242651,151808,126517,55,No,2021,4,0,102,15,2,0,0,0,0.557,5779.0,6123.0,0.0,5884.0,1,0,0,1
2021-04-13,Tuesday,6684,705,1892.0,1533.0,972.0,5102.0,1582,205731,156281,119711,13,Yes,2021,4,1,103,15,2,0,1,1,0.1318,5736.0,5434.0,6684.0,5316.0,0,0,0,1
2021-04-14,Wednesday,12000,547,1918.0,1394.0,1275.0,5134.0,6866,207753,158288,111457,57,No,2021,4,2,104,15,2,0,2,0,0.5722,5750.0,5184.0,1582.0,5102.0,1,0,0,1
2021-04-15,Thursday,6866,595,2044.0,1524.0,978.0,5141.0,1725,224396,167190,120447,14,Yes,2021,4,3,105,15,2,0,3,1,0.1438,5667.0,5126.0,6866.0,5134.0,0,0,0,1
2021-04-16,Friday,12000,705,2180.0,1809.0,1354.0,6048.0,5952,285347,191320,139485,49,No,2021,4,4,106,15,2,0,4,0,0.496,5685.0,5441.0,1725.0,5141.0,1,0,0,1
2021-04-17,Saturday,5952,944,2860.12,2027.0,1423.0,7366.0,0,342609,218667,144008,1,Yes,2021,4,5,107,15,2,1,5,1,0.0,5713.0,6185.0,5952.0,6048.0,0,0,0,1
2021-04-18,Sunday,12000,800,2199.0,1859.0,1352.0,6210.0,5790,268858,184987,144410,48,No,2021,4,6,108,15,2,1,6,0,0.4825,5760.0,6541.0,0.0,7366.0,1,0,0,1
2021-04-19,Monday,5790,633,1839.0,1528.0,1117.0,5117.0,673,205936,170904,88941,5,Yes,2021,4,0,109,16,2,0,0,1,0.0561,5731.0,6231.0,5790.0,6210.0,0,0,0,1
2021-04-20,Tuesday,12000,672,1887.0,1480.0,1242.0,5281.0,6719,212207,174687,100691,55,No,2021,4,1,110,16,2,0,1,0,0.5599,5757.0,5536.0,673.0,5117.0,1,0,0,1
2021-04-21,Wednesday,6719,638,2050.0,1721.0,984.0,5393.0,1326,249955,172321,104161,11,Yes,2021,4,2,111,16,2,0,2,1,0.1105,5794.0,5264.0,6719.0,5281.0,0,0,0,1
2021-04-22,Thursday,12000,686,1999.0,1701.0,1260.0,5646.0,6354,241213,187174,118010,52,No,2021,4,3,112,16,2,0,3,0,0.5295,5866.0,5440.0,1326.0,5393.0,1,0,0,1
2021-04-23,Friday,6354,676,2373.0,2021.0,1154.0,6224.0,130,264987,217737,140952,1,Yes,2021,4,4,113,16,2,0,4,1,0.0108,5891.0,5754.0,6354.0,5646.0,0,0,0,1
2021-04-24,Saturday,12000,918,2613.0,2070.0,1324.0,6925.0,5075,297290,213119,129864,42,No,2021,4,5,114,16,2,1,5,0,0.4229,5828.0,6265.0,130.0,6224.0,1,0,0,1
2021-04-25,Sunday,5075,705,2638.0,1919.0,1316.0,6578.0,0,301531,229060,128116,1,Yes,2021,4,6,115,16,2,1,6,1,0.0,5881.0,6576.0,5075.0,6925.0,0,0,0,1
2021-04-26,Monday,12000,506,1966.0,1534.0,1052.0,5058.0,6942,234908,162262,110132,57,No,2021,4,0,116,17,2,0,0,0,0.5785,5872.0,6187.0,0.0,6578.0,1,0,0,1
2021-04-27,Tuesday,6942,627,2423.0,1670.0,1322.0,6042.0,900,253915,182499,149567,7,Yes,2021,4,1,117,17,2,0,1,1,0.075,5981.0,5893.0,6942.0,5058.0,0,0,0,1
2021-04-28,Wednesday,12000,585,2045.0,1585.0,852.0,5067.0,6933,195026,172274,106311,57,No,2021,4,2,118,17,2,0,2,0,0.5778,5934.0,5389.0,900.0,6042.0,1,0,0,1
2021-04-29,Thursday,6933,671,1959.0,1414.0,1137.0,5181.0,1752,218495,149119,110213,14,Yes,2021,4,3,119,17,2,0,3,1,0.146,5868.0,5430.0,6933.0,5067.0,0,0,0,1
2021-04-30,Friday,12000,783,2363.0,1766.0,1375.0,6287.0,5713,269541,200764,118583,47,No,2021,4,4,120,17,2,0,4,0,0.4761,5877.0,5512.0,1752.0,5181.0,1,0,0,1
2021-05-01,Saturday,5713,779,2688.0,2196.0,1390.0,7053.0,0,325621,233453,136677,1,Yes,2021,5,5,121,17,2,1,5,1,0.0,5895.0,6174.0,5713.0,6287.0,0,0,0,1
2021-05-02,Sunday,12000,843,2750.0,2149.0,1226.0,6968.0,5032,294929,227987,155543,41,No,2021,5,6,122,17,2,1,6,0,0.4193,5951.0,6769.0,0.0,7053.0,1,0,0,1
2021-05-03,Monday,5032,696,1883.0,1406.0,1049.0,5034.0,0,210989,179660,92441,1,Yes,2021,5,0,123,18,2,0,0,1,0.0,5947.0,6352.0,5032.0,6968.0,0,0,0,1
2021-05-04,Tuesday,12000,633,2015.0,1552.0,1467.0,5667.0,6333,231056,191295,111166,52,No,2021,5,1,124,18,2,0,1,0,0.5278,5894.0,5890.0,0.0,5034.0,1,0,0,1
2021-05-05,Wednesday,6333,598,2071.0,1815.0,1020.0,5504.0,829,238731,158790,100514,6,Yes,2021,5,2,125,18,2,0,2,1,0.0691,5956.0,5402.0,6333.0,5667.0,0,0,0,1
2021-05-06,Thursday,12000,727,2275.0,1801.0,973.0,5776.0,6224,243291,173737,145397,51,No,2021,5,3,126,18,2,0,3,0,0.5187,6041.0,5649.0,829.0,5504.0,1,0,0,1
2021-05-07,Friday,6224,882,2391.0,1794.0,1411.0,6478.0,0,276129,203891,129244,1,Yes,2021,5,4,127,18,2,0,4,1,0.0,6069.0,5919.0,6224.0,5776.0,0,0,0,1
2021-05-08,Saturday,12000,721,2371.0,1995.0,1539.0,6626.0,5374,264522,194033,143292,44,No,2021,5,5,128,18,2,1,5,0,0.4478,6008.0,6293.0,0.0,6478.0,1,0,0,1
2021-05-09,Sunday,5374,828,2660.0,1942.0,1409.0,6839.0,0,273242,218953,161332,1,Yes,2021,5,6,129,18,2,1,6,1,0.0,5989.0,6648.0,5374.0,6626.0,0,0,0,1
2021-05-10,Monday,12000,531,2068.0,1384.0,1068.0,5051.0,6949,212463,151144,108149,57,No,2021,5,0,130,19,2,0,0,0,0.5791,5992.0,6172.0,0.0,6839.0,1,0,0,1
2021-05-11,Tuesday,6949,728,1985.0,1438.0,1151.0,5302.0,1647,228825,152962,120651,13,Yes,2021,5,1,131,19,2,0,1,1,0.1372,5939.0,5731.0,6949.0,5051.0,0,0,0,1
2021-05-12,Wednesday,12000,659,1918.0,1536.0,1143.0,5256.0,6744,218352,154242,115101,56,No,2021,5,2,132,19,2,0,2,0,0.562,5904.0,5203.0,1647.0,5302.0,1,0,0,1
2021-05-13,Thursday,6744,578,2032.0,1810.0,1169.0,5589.0,1155,232592,177451,137447,9,Yes,2021,5,3,133,19,2,0,3,1,0.0962,5877.0,5382.0,6744.0,5256.0,0,0,0,1
2021-05-14,Friday,12000,810,2387.0,1645.0,1088.0,5930.0,6070,235378,183262,125205,50,No,2021,5,4,134,19,2,0,4,0,0.5058,5799.0,5592.0,1155.0,5589.0,1,0,0,1
2021-05-15,Saturday,6070,732,2566.0,2087.0,1649.0,7160.0,0,331295,230541,175554,1,Yes,2021,5,5,135,19,2,1,5,1,0.0,5875.0,6226.0,6070.0,5930.0,0,0,0,1
2021-05-16,Sunday,12000,666,2013.0,1829.0,1199.0,5707.0,6293,252209,165015,119087,52,No,2021,5,6,136,19,2,1,6,0,0.5244,5714.0,6266.0,0.0,7160.0,1,0,0,1
2021-05-17,Monday,6293,706,2111.0,1544.0,991.0,5352.0,941,213596,181572,100516,7,Yes,2021,5,0,137,20,2,0,0,1,0.0784,5757.0,6073.0,6293.0,5707.0,0,0,0,1
2021-05-18,Tuesday,12000,646,1956.0,1429.0,1204.0,5235.0,6765,217618,155285,119385,56,No,2021,5,1,138,20,2,0,1,0,0.5638,5747.0,5431.0,941.0,5352.0,1,0,0,1
2021-05-19,Wednesday,6765,562,1941.0,1543.0,1131.0,5177.0,1588,228599,148346,125576,13,Yes,2021,5,2,139,20,2,0,2,1,0.1323,5736.0,5255.0,6765.0,5235.0,0,0,0,1
2021-05-20,Thursday,12000,713,2217.0,1780.0,1065.0,5775.0,6225,244808,166173,142474,51,No,2021,5,3,140,20,2,0,3,0,0.5188,5762.0,5396.0,1588.0,5177.0,1,0,0,1
2021-05-21,Friday,6225,853,2380.0,1965.0,905.0,6103.0,122,275918,192392,141625,1,Yes,2021,5,4,141,20,2,0,4,1,0.0102,5787.0,5685.0,6225.0,5775.0,0,0,0,1
2021-05-22,Saturday,12000,681,2383.0,1871.0,1649.0,6584.0,5416,284771,216478,157892,45,No,2021,5,5,142,20,2,1,5,0,0.4513,5705.0,6154.0,122.0,6103.0,1,0,0,1
2021-05-23,Sunday,5416,826,2352.0,2149.0,1232.0,6559.0,0,273673,189855,113931,1,Yes,2021,5,6,143,20,2,1,6,1,0.0,5826.0,6415.0,5416.0,6584.0,0,0,0,1
2021-05-24,Monday,12000,537,2064.0,1574.0,946.0,5121.0,6879,208805,172330,117244,57,No,2021,5,0,144,21,2,0,0,0,0.5732,5793.0,6088.0,0.0,6559.0,1,0,0,1
2021-05-25,Tuesday,6879,614,2104.0,1453.0,970.0,5141.0,1738,214000,162128,121455,14,Yes,2021,5,1,145,21,2,0,1,1,0.1448,5780.0,5607.0,6879.0,5121.0,0,0,0,1
2021-05-26,Wednesday,12000,605,2039.0,1474.0,882.0,5000.0,7000,208005,167350,91710,58,No,2021,5,2,146,21,2,0,2,0,0.5833,5755.0,5087.0,1738.0,5141.0,1,0,0,1
2021-05-27,Thursday,7000,834,2297.0,1792.0,1351.0,6274.0,726,291316,192048,135282,6,Yes,2021,5,3,147,21,2,0,3,1,0.0605,5826.0,5472.0,7000.0,5000.0,0,0,0,1
2021-05-28,Friday,12000,789,2203.0,1628.0,1186.0,5806.0,6194,240691,164293,110193,51,No,2021,5,4,148,21,2,0,4,0,0.5162,5784.0,5693.0,726.0,6274.0,1,0,0,1
2021-05-29,Saturday,6194,920,2477.0,1920.0,1649.0,6980.0,0,293079,201713,155643,1,Yes,2021,5,5,149,21,2,1,5,1,0.0,5840.0,6353.0,6194.0,5806.0,0,0,0,1
2021-05-30,Sunday,12000,654,2054.0,1788.0,1304.0,5800.0,6200,251506,178820,129544,51,No,2021,5,6,150,21,2,1,6,0,0.5167,5732.0,6195.0,0.0,6980.0,1,0,0,1
2021-05-31,Monday,6200,597,1704.0,1257.0,1036.0,4594.0,1606,196399,137009,82511,13,Yes,2021,5,0,151,22,2,0,0,1,0.1338,5656.0,5791.0,6200.0,5800.0,0,0,0,1
2021-06-01,Tuesday,12000,512,1514.0,1329.0,818.0,4173.0,7827,195928,127816,85542,65,No,2021,6,1,152,22,2,0,1,0,0.6522,5518.0,4856.0,1606.0,4594.0,1,0,1,0
2021-06-02,Wednesday,7827,469,1609.0,1304.0,600.64,3980.0,3847,173133,118858,95562,32,No,2021,6,2,153,22,2,0,2,0,0.3206,5372.0,4249.0,7827.0,4173.0,2,0,1,0
2021-06-03,Thursday,3847,562,2031.0,1595.0,1201.0,5389.0,0,237255,181545,116128,1,Yes,2021,6,3,154,22,2,0,3,1,0.0,5246.0,4514.0,3847.0,3980.0,0,0,1,0
2021-06-04,Friday,12000,670,2096.0,1597.0,819.0,5182.0,6818,230194,157931,124843,56,No,2021,6,4,155,22,2,0,4,0,0.5682,5157.0,4850.0,0.0,5389.0,1,0,1,0
2021-06-05,Saturday,6818,612,1983.0,1471.0,914.0,4980.0,1838,217799,159011,102955,15,Yes,2021,6,5,156,22,2,1,5,1,0.1532,4871.0,5184.0,6818.0,5182.0,0,0,1,0
2021-06-06,Sunday,12000,648,1808.0,1507.0,1165.0,5128.0,6872,223796,174828,99366,57,No,2021,6,6,157,22,2,1,6,0,0.5727,4775.0,5097.0,1838.0,4980.0,1,0,1,0
2021-06-07,Monday,6872,437,1472.0,1131.0,977.0,4017.0,2855,185875,121942,73181,23,No,2021,6,0,158,23,2,0,0,0,0.2379,4693.0,4708.0,6872.0,5128.0,2,0,1,0
2021-06-08,Tuesday,2855,544,1706.0,1416.0,934.0,4600.0,0,182391,145026,86385,1,Yes,2021,6,1,159,23,2,0,1,1,0.0,4754.0,4582.0,2855.0,4017.0,0,0,1,0
2021-06-09,Wednesday,12000,556,1688.0,1415.0,887.0,4546.0,7454,214523,152346,93354,62,No,2021,6,2,160,23,2,0,2,0,0.6212,4835.0,4388.0,0.0,4600.0,1,0,1,0
2021-06-10,Thursday,7454,536,1752.0,1570.0,1005.0,4863.0,2591,196978,145257,120416,21,No,2021,6,3,161,23,2,0,3,0,0.2159,4759.0,4670.0,7454.0,4546.0,2,0,1,0
2021-06-11,Friday,2591,658,2101.0,1640.0,846.0,5245.0,0,230157,186252,111689,1,Yes,2021,6,4,162,23,2,0,4,1,0.0,4768.0,4885.0,2591.0,4863.0,0,0,1,0
2021-06-12,Saturday,12000,630,2070.0,1646.0,1122.0,5468.0,6532,241626,191080,121505,54,No,2021,6,5,163,23,2,1,5,0,0.5443,4838.0,5192.0,0.0,5245.0,1,0,1,0
2021-06-13,Sunday,6532,713,2370.0,1744.0,1024.0,5851.0,681,233050,200059,144019,5,Yes,2021,6,6,164,23,2,1,6,1,0.0568,4941.0,5521.0,6532.0,5468.0,0,0,1,0
2021-06-14,Monday,12000,598,1737.0,1406.0,686.0,4427.0,7573,198206,152650,99255,63,No,2021,6,0,165,24,2,0,0,0,0.6311,5000.0,5249.0,681.0,5851.0,1,0,1,0
2021-06-15,Tuesday,7573,554,1510.0,1086.0,814.0,3964.0,3609,183550,126936,94416,30,No,2021,6,1,166,24,2,0,1,0,0.3008,4909.0,4747.0,7573.0,4427.0,2,0,1,0
2021-06-16,Wednesday,3609,431,1549.0,1201.0,1054.0,4235.0,0,190014,123356,99924,1,Yes,2021,6,2,167,24,2,0,2,1,0.0,4865.0,4209.0,3609.0,3964.0,0,0,1,0
2021-06-17,Thursday,12000,517,1829.0,1523.0,1054.0,4923.0,7077,213197,159539,106280,58,No,2021,6,3,168,24,2,0,3,0,0.5898,4873.0,4374.0,0.0,4235.0,1,0,1,0
2021-06-18,Friday,7077,576,1979.0,1654.0,851.0,5060.0,2017,209182,158630,124710,16,No,2021,6,4,169,24,2,0,4,0,0.1681,4847.0,4739.0,7077.0,4923.0,2,0,1,0
2021-06-19,Saturday,2017,771,2351.0,1733.0,1068.0,5923.0,0,260456,197781,118606,1,Yes,2021,6,5,170,24,2,1,5,1,0.0,4912.0,5302.0,2017.0,5060.0,0,0,1,0
2021-06-20,Sunday,12000,638,2114.0,1618.0,1469.0,5839.0,6161,255588,179780,101961,51,No,2021,6,6,171,24,2,1,6,0,0.5134,4910.0,5607.0,0.0,5923.0,1,0,1,0
2021-06-21,Monday,6161,444,1495.0,1141.0,1110.0,4190.0,1971,166099,137156,100815,16,Yes,2021,6,0,172,25,2,0,0,1,0.1642,4876.0,5317.0,6161.0,5839.0,0,0,1,0
2021-06-22,Tuesday,12000,631,1643.0,1324.0,1034.0,4632.0,7368,198103,137000,88813,61,No,2021,6,1,173,25,2,0,1,0,0.614,4972.0,4887.0,1971.0,4190.0,1,0,1,0
2021-06-23,Wednesday,7368,585,1566.0,1390.0,695.0,4236.0,3132,180885,149499,82058,26,No,2021,6,2,174,25,2,0,2,0,0.261,4972.0,4353.0,7368.0,4632.0,2,0,1,0
2021-06-24,Thursday,3132,461,1561.0,1066.0,859.0,3947.0,0,168833,115907,74520,1,Yes,2021,6,3,175,25,2,0,3,1,0.0,4832.0,4272.0,3132.0,4236.0,0,0,1,0
2021-06-25,Friday,12000,532,1571.0,1264.0,1030.0,4397.0,7603,174713,122279,83769,63,No,2021,6,4,176,25,2,0,4,0,0.6336,4738.0,4193.0,0.0,3947.0,1,0,1,0
2021-06-26,Saturday,7603,682,2080.0,1714.0,1456.0,5932.0,1671,243077,173356,129445,13,Yes,2021,6,5,177,25,2,1,5,1,0.1393,4739.0,4759.0,7603.0,4397.0,0,0,1,0
2021-06-27,Sunday,12000,787,2149.0,1594.0,1132.0,5662.0,6338,253443,201868,135868,52,No,2021,6,6,178,25,2,1,6,0,0.5282,4714.0,5330.0,1671.0,5932.0,1,0,1,0
2021-06-28,Monday,6338,522,1637.0,1133.0,846.0,4138.0,2200,180606,124073,79266,18,No,2021,6,0,179,26,2,0,0,0,0.1833,4706.0,5244.0,6338.0,5662.0,2,0,1,0
2021-06-29,Tuesday,2200,529,1560.0,1309.0,671.0,4069.0,0,158276,120881,75865,1,Yes,2021,6,1,180,26,2,0,1,1,0.0,4626.0,4623.0,2200.0,4138.0,0,0,1,0
2021-06-30,Wednesday,12000,536,1526.0,1282.0,709.0,4053.0,7947,164299,113333,73876,66,No,2021,6,2,181,26,2,0,2,0,0.6622,4600.0,4087.0,0.0,4069.0,1,0,1,0
2021-07-01,Thursday,7947,579,1951.0,1474.0,805.0,4809.0,3138,203205,140260,114439,26,No,2021,7,3,182,26,3,0,3,0,0.2615,4723.0,4310.0,7947.0,4053.0,2,0,1,0
2021-07-02,Friday,3138,686,1842.0,1658.0,1015.0,5201.0,0,230431,160891,117488,1,Yes,2021,7,4,183,26,3,0,4,1,0.0,4838.0,4688.0,3138.0,4809.0,0,0,1,0
2021-07-03,Saturday,12000,511,1753.0,1377.0,1266.0,4907.0,7093,205665,159874,110236,59,No,2021,7,5,184,26,3,1,5,0,0.5911,4691.0,4972.0,0.0,5201.0,1,0,1,0
2021-07-04,Sunday,7093,672,2140.0,1690.0,1075.0,5577.0,1516,230933,202795,123987,12,Yes,2021,7,6,185,26,3,1,6,1,0.1263,4679.0,5228.0,7093.0,4907.0,0,0,1,0
2021-07-05,Monday,12000,487,1496.0,1298.0,985.0,4266.0,7734,187243,143628,91693,64,No,2021,7,0,186,27,3,0,0,0,0.6445,4697.0,4917.0,1516.0,5577.0,1,0,1,0
2021-07-06,Tuesday,7734,509,1506.0,1383.0,829.0,4227.0,3507,190820,121852,95714,29,No,2021,7,1,187,27,3,0,1,0,0.2922,4720.0,4690.0,7734.0,4266.0,2,0,1,0
2021-07-07,Wednesday,3507,548,1723.0,1317.0,826.0,4414.0,0,201198,128441,107806,1,Yes,2021,7,2,188,27,3,0,2,1,0.0,4772.0,4302.0,3507.0,4227.0,0,0,1,0
2021-07-08,Thursday,12000,557,1509.0,1253.0,974.0,4293.0,7707,163911,117006,79485,64,No,2021,7,3,189,27,3,0,3,0,0.6422,4698.0,4311.0,0.0,4414.0,1,0,1,0
2021-07-09,Friday,7707,648,1797.0,1362.0,881.0,4688.0,3019,210522,142961,89109,25,No,2021,7,4,190,27,3,0,4,0,0.2516,4625.0,4465.0,7707.0,4293.0,2,0,1,0
2021-07-10,Saturday,3019,616,2371.0,1628.0,1316.0,5931.0,0,226062,197419,134916,1,Yes,2021,7,5,191,27,3,1,5,1,0.0,4771.0,4971.0,3019.0,4688.0,0,0,1,0
2021-07-11,Sunday,12000,706,2017.0,1477.0,1063.0,5263.0,6737,220592,175468,100995,56,No,2021,7,6,192,27,3,1,6,0,0.5614,4726.0,5294.0,0.0,5931.0,1,0,1,0
2021-07-12,Monday,6737,546,1587.0,1279.0,671.0,4083.0,2654,179613,132882,91727,22,No,2021,7,0,193,28,3,0,0,0,0.2212,4700.0,5092.0,6737.0,5263.0,2,0,1,0
2021-07-13,Tuesday,2654,492,1462.0,1249.0,932.0,4135.0,0,170951,117349,79381,1,Yes,2021,7,1,194,28,3,0,1,1,0.0,4687.0,4494.0,2654.0,4083.0,0,0,1,0
2021-07-14,Wednesday,12000,499,1569.0,1410.0,805.0,4283.0,7717,183360,151448,83265,64,No,2021,7,2,195,28,3,0,2,0,0.6431,4668.0,4167.0,0.0,4135.0,1,0,1,0
2021-07-15,Thursday,7717,439,1507.0,1218.0,1054.0,4218.0,3499,178254,151680,97567,29,No,2021,7,3,196,28,3,0,3,0,0.2916,4657.0,4212.0,7717.0,4283.0,2,0,1,0
2021-07-16,Friday,3499,662,1958.0,1568.0,884.0,5072.0,0,217839,140239,107876,1,Yes,2021,7,4,197,28,3,0,4,1,0.0,4712.0,4524.0,3499.0,4218.0,0,0,1,0
2021-07-17,Saturday,12000,746,2202.0,1643.0,1186.0,5777.0,6223,277293,175045,127866,51,No,2021,7,5,198,28,3,1,5,0,0.5186,4690.0,5022.0,0.0,5072.0,1,0,1,0
2021-07-18,Sunday,6223,691,2069.0,1476.0,955.0,5191.0,1032,217175,172921,96583,8,Yes,2021,7,6,199,28,3,1,6,1,0.086,4680.0,5347.0,6223.0,5777.0,0,0,1,0
2021-07-19,Monday,12000,453,1410.0,1211.0,669.0,3743.0,8257,169287,119438,91583,68,No,2021,7,0,200,29,3,0,0,0,0.6881,4631.0,4904.0,1032.0,5191.0,1,0,1,0
2021-07-20,Tuesday,8257,440,1783.0,1386.0,794.0,4403.0,3854,185100,129935,89254,32,No,2021,7,1,201,29,3,0,1,0,0.3212,4670.0,4446.0,8257.0,3743.0,2,0,1,0
2021-07-21,Wednesday,3854,477,1747.0,1221.0,1045.0,4490.0,0,195551,122337,87208,1,Yes,2021,7,2,202,29,3,0,2,1,0.0,4699.0,4212.0,3854.0,4403.0,0,0,1,0
2021-07-22,Thursday,12000,572,1927.0,1295.0,959.0,4753.0,7247,201661,147726,105622,60,No,2021,7,3,203,29,3,0,3,0,0.6039,4776.0,4549.0,0.0,4490.0,1,0,1,0
2021-07-23,Friday,7247,758,2112.0,1776.0,970.0,5616.0,1631,222691,166966,106432,13,Yes,2021,7,4,204,29,3,0,4,1,0.1359,4853.0,4953.0,7247.0,4753.0,0,0,1,0
2021-07-24,Saturday,12000,533,1813.0,1502.0,1098.0,4946.0,7054,228021,157742,103988,58,No,2021,7,5,205,29,3,1,5,0,0.5878,4735.0,5105.0,1631.0,5616.0,1,0,1,0
2021-07-25,Sunday,7054,518,1877.0,1499.0,1099.0,4993.0,2061,236244,160687,93629,17,No,2021,7,6,206,29,3,1,6,0,0.1718,4706.0,5185.0,7054.0,4946.0,2,0,1,0
2021-07-26,Monday,2061,651,1776.0,1339.0,938.0,4704.0,0,198372,144385,113342,1,Yes,2021,7,0,207,30,3,0,0,1,0.0,4844.0,4881.0,2061.0,4993.0,0,0,1,0
2021-07-27,Tuesday,12000,490,1623.0,1295.0,828.0,4236.0,7764,176697,138094,92544,64,No,2021,7,1,208,30,3,0,1,0,0.647,4820.0,4644.0,0.0,4704.0,1,0,1,0
2021-07-28,Wednesday,7764,548,1624.0,1270.0,1043.0,4485.0,3279,182059,148833,103041,27,No,2021,7,2,209,30,3,0,2,0,0.2732,4819.0,4475.0,7764.0,4236.0,2,0,1,0
2021-07-29,Thursday,3279,543,1957.0,1430.0,885.0,4815.0,0,211202,156864,86847,1,Yes,2021,7,3,210,30,3,0,3,1,0.0,4828.0,4512.0,3279.0,4485.0,0,0,1,0
2021-07-30,Friday,12000,544,1775.0,1493.0,1191.0,5003.0,6997,230038,140511,87877,58,No,2021,7,4,211,30,3,0,4,0,0.5831,4740.0,4768.0,0.0,4815.0,1,0,1,0
2021-07-31,Saturday,6997,805,2593.0,2036.0,976.0,6410.0,587,293943,187005,151584,4,Yes,2021,7,5,212,30,3,1,5,1,0.0489,4949.0,5409.0,6997.0,5003.0,0,0,1,0
2021-08-01,Sunday,12000,554,1893.0,1456.0,1468.0,5371.0,6629,239440,151262,107387,55,No,2021,8,6,213,30,3,1,6,0,0.5524,5003.0,5595.0,587.0,6410.0,1,0,1,0
2021-08-02,Monday,6629,531,1774.0,1297.0,764.0,4366.0,2263,198383,122333,91394,18,No,2021,8,0,214,31,3,0,0,0,0.1886,4955.0,5382.0,6629.0,5371.0,2,0,1,0
2021-08-03,Tuesday,2263,495,1576.0,1229.0,1119.0,4419.0,0,200310,147964,78360,1,Yes,2021,8,1,215,31,3,0,1,1,0.0,4981.0,4719.0,2263.0,4366.0,0,0,1,0
2021-08-04,Wednesday,12000,437,1522.0,1036.0,822.0,3817.0,8183,164009,126143,69375,68,No,2021,8,2,216,31,3,0,2,0,0.6819,4886.0,4201.0,0.0,4419.0,1,0,1,0
2021-08-05,Thursday,8183,593,1751.0,1422.0,856.0,4622.0,3561,192186,168676,87604,29,No,2021,8,3,217,31,3,0,3,0,0.2968,4858.0,4286.0,8183.0,3817.0,2,0,1,0
2021-08-06,Friday,3561,642,1887.0,1574.0,922.0,5025.0,0,217796,151340,103463,1,Yes,2021,8,4,218,31,3,0,4,1,0.0,4861.0,4488.0,3561.0,4622.0,0,0,1,0
2021-08-07,Saturday,12000,704,1984.0,1617.0,1239.0,5544.0,6456,241623,168455,127076,53,No,2021,8,5,219,31,3,1,5,0,0.538,4738.0,5064.0,0.0,5025.0,1,0,1,0
2021-08-08,Sunday,6456,690,2155.0,1724.0,1040.0,5609.0,847,229994,180298,121512,7,Yes,2021,8,6,220,31,3,1,6,1,0.0706,4772.0,5393.0,6456.0,5544.0,0,0,1,0
2021-08-09,Monday,12000,526,1521.0,1272.0,602.0,3921.0,8079,168785,133333,90790,67,No,2021,8,0,221,32,3,0,0,0,0.6732,4708.0,5025.0,847.0,5609.0,1,0,1,0
2021-08-10,Tuesday,8079,577,1652.0,1259.0,920.0,4408.0,3671,174748,130835,96636,30,No,2021,8,1,222,32,3,0,1,0,0.3059,4707.0,4646.0,8079.0,3921.0,2,0,1,0
2021-08-11,Wednesday,3671,481,1472.0,1261.0,987.0,4201.0,0,178096,141209,95885,1,Yes,2021,8,2,223,32,3,0,2,1,0.0,4761.0,4177.0,3671.0,4408.0,0,0,1,0
2021-08-12,Thursday,12000,537,1790.0,1477.0,1275.0,5079.0,6921,205783,161954,114854,57,No,2021,8,3,224,32,3,0,3,0,0.5768,4827.0,4563.0,0.0,4201.0,1,0,1,0
2021-08-13,Friday,6921,687,1943.0,1640.0,868.0,5138.0,1783,223157,167677,95024,14,Yes,2021,8,4,225,32,3,0,4,1,0.1486,4843.0,4806.0,6921.0,5079.0,0,0,1,0
2021-08-14,Saturday,12000,636,2353.0,1985.0,1064.0,6038.0,5962,269684,176993,139273,49,No,2021,8,5,226,32,3,1,5,0,0.4968,4913.0,5418.0,1783.0,5138.0,1,0,1,0
2021-08-15,Sunday,5962,655,2140.0,1531.0,1062.0,5388.0,574,243520,157784,125767,4,Yes,2021,8,6,227,32,3,1,6,1,0.0478,4882.0,5521.0,5962.0,6038.0,0,0,1,0
2021-08-16,Monday,12000,413,1463.0,1161.0,1038.0,4075.0,7925,166169,116103,82549,66,No,2021,8,0,228,33,3,0,0,0,0.6604,4904.0,5167.0,574.0,5388.0,1,0,1,0
2021-08-17,Tuesday,7925,590,1734.0,1396.0,977.0,4697.0,3228,197682,141867,102740,26,No,2021,8,1,229,33,3,0,1,0,0.269,4945.0,4720.0,7925.0,4075.0,2,0,1,0
2021-08-18,Wednesday,3228,489,1526.0,1121.0,937.0,4073.0,0,194314,115512,76855,1,Yes,2021,8,2,230,33,3,0,2,1,0.0,4927.0,4282.0,3228.0,4697.0,0,0,1,0
2021-08-19,Thursday,12000,623,1825.0,1483.0,616.0,4547.0,7453,180889,134161,100293,62,No,2021,8,3,231,33,3,0,3,0,0.6211,4851.0,4439.0,0.0,4073.0,1,0,1,0
2021-08-20,Friday,7453,597,1920.0,1554.0,1265.0,5336.0,2117,233772,155250,129384,17,No,2021,8,4,232,33,3,0,4,0,0.1764,4879.0,4652.0,7453.0,4547.0,2,0,1,0
2021-08-21,Saturday,2117,689,2327.0,1811.0,1155.0,5982.0,0,264955,168131,122940,1,Yes,2021,8,5,233,33,3,1,5,1,0.0,4871.0,5288.0,2117.0,5336.0,0,0,1,0
2021-08-22,Sunday,12000,728,2023.0,1495.0,1201.0,5447.0,6553,235221,160530,131688,54,No,2021,8,6,234,33,3,1,6,0,0.5461,4880.0,5588.0,0.0,5982.0,1,0,1,0
2021-08-23,Monday,6553,451,1446.0,1145.0,635.0,3677.0,2876,163352,121061,76935,23,No,2021,8,0,235,34,3,0,0,0,0.2397,4823.0,5035.0,6553.0,5447.0,2,0,1,0
2021-08-24,Tuesday,2876,566,1849.0,1259.0,882.0,4556.0,0,205898,150774,83435,1,Yes,2021,8,1,236,34,3,0,1,1,0.0,4803.0,4560.0,2876.0,3677.0,0,0,1,0
2021-08-25,Wednesday,12000,508,1693.0,1233.0,787.0,4221.0,7779,188239,125066,102935,64,No,2021,8,2,237,34,3,0,2,0,0.6482,4824.0,4151.0,0.0,4556.0,1,0,1,0
2021-08-26,Thursday,7779,635,1717.0,1505.0,767.0,4624.0,3155,195329,157086,90160,26,No,2021,8,3,238,34,3,0,3,0,0.2629,4835.0,4467.0,7779.0,4221.0,2,0,1,0
2021-08-27,Friday,3155,717,2065.0,1682.0,682.0,5146.0,0,225286,173469,111391,1,Yes,2021,8,4,239,34,3,0,4,1,0.0,4808.0,4664.0,3155.0,4624.0,0,0,1,0
2021-08-28,Saturday,12000,819,2513.0,1823.0,1174.0,6329.0,5671,272241,178936,125660,47,No,2021,8,5,240,34,3,1,5,0,0.4726,4857.0,5366.0,0.0,5146.0,1,0,1,0
2021-08-29,Sunday,5671,609,1918.0,1591.0,1259.0,5377.0,294,217314,168382,124421,2,Yes,2021,8,6,241,34,3,1,6,1,0.0245,4847.0,5617.0,5671.0,6329.0,0,0,1,0
2021-08-30,Monday,12000,534,1564.0,1279.0,600.64,3920.0,8080,161031,121877,73657,67,No,2021,8,0,242,35,3,0,0,0,0.6733,4882.0,5209.0,294.0,5377.0,1,0,1,0
2021-08-31,Tuesday,8080,562,1733.0,1375.0,1220.0,4890.0,3190,232979,142167,124334,26,No,2021,8,1,243,35,3,0,1,0,0.2658,4930.0,4729.0,8080.0,3920.0,2,0,1,0
2021-09-01,Wednesday,3190,589,1841.0,1548.0,951.0,4929.0,0,212622,161098,123814,1,Yes,2021,9,2,244,35,3,0,2,1,0.0,5031.0,4580.0,3190.0,4890.0,0,0,0,0
2021-09-02,Thursday,12000,555,1990.0,1640.0,1115.0,5300.0,6700,238670,154769,119844,55,No,2021,9,3,245,35,3,0,3,0,0.5583,5127.0,5040.0,0.0,4929.0,1,0,0,0
2021-09-03,Friday,6700,569,2054.0,1610.0,811.0,5044.0,1656,220399,166774,102191,13,Yes,2021,9,4,246,35,3,0,4,1,0.138,5113.0,5091.0,6700.0,5300.0,0,0,0,0
2021-09-04,Saturday,12000,708,2413.0,1962.0,1260.0,6343.0,5657,267267,181963,138060,47,No,2021,9,5,247,35,3,1,5,0,0.4714,5115.0,5562.0,1656.0,5044.0,1,0,0,0
2021-09-05,Sunday,5657,584,2341.0,1700.0,1139.0,5764.0,0,242289,168189,138120,1,Yes,2021,9,6,248,35,3,1,6,1,0.0,5170.0,5717.0,5657.0,6343.0,0,0,0,0
2021-09-06,Monday,12000,567,1840.0,1573.0,791.0,4771.0,7229,222028,138559,106615,60,No,2021,9,0,249,36,3,0,0,0,0.6024,5292.0,5626.0,0.0,5764.0,1,0,0,0
2021-09-07,Tuesday,7229,592,1945.0,1494.0,970.0,5001.0,2228,235925,142178,112385,18,No,2021,9,1,250,36,3,0,1,0,0.1857,5307.0,5179.0,7229.0,4771.0,2,0,0,0
2021-09-08,Wednesday,2228,600,1947.0,1594.0,871.0,5012.0,0,196324,156010,110953,1,Yes,2021,9,2,251,36,3,0,2,1,0.0,5319.0,4928.0,2228.0,5001.0,0,0,0,0
2021-09-09,Thursday,12000,618,2010.0,1786.0,1161.0,5575.0,6425,219519,163476,112696,53,No,2021,9,3,252,36,3,0,3,0,0.5354,5359.0,5196.0,0.0,5012.0,1,0,0,0
2021-09-10,Friday,6425,630,1996.0,1761.0,1313.0,5700.0,725,265307,169218,121998,6,Yes,2021,9,4,253,36,3,0,4,1,0.0604,5452.0,5429.0,6425.0,5575.0,0,0,0,0
2021-09-11,Saturday,12000,770,2573.0,1803.0,1139.0,6285.0,5715,264665,212262,152282,47,No,2021,9,5,254,36,3,1,5,0,0.4762,5444.0,5853.0,725.0,5700.0,1,0,0,0
2021-09-12,Sunday,5715,842,2249.0,1819.0,1385.0,6295.0,0,268258,179508,152807,1,Yes,2021,9,6,255,36,3,1,6,1,0.0,5520.0,6093.0,5715.0,6285.0,0,0,0,0
2021-09-13,Monday,12000,583,1784.0,1308.0,960.0,4635.0,7365,199758,135716,88539,61,No,2021,9,0,256,37,3,0,0,0,0.6138,5500.0,5738.0,0.0,6295.0,1,0,0,0
2021-09-14,Tuesday,7365,572,1943.0,1516.0,1229.0,5260.0,2105,228915,156556,115296,17,No,2021,9,1,257,37,3,0,1,0,0.1754,5537.0,5397.0,7365.0,4635.0,2,0,0,0
2021-09-15,Wednesday,2105,665,1962.0,1648.0,842.0,5117.0,0,205087,139198,93808,1,Yes,2021,9,2,258,37,3,0,2,1,0.0,5552.0,5004.0,2105.0,5260.0,0,0,0,0
2021-09-16,Thursday,12000,629,1982.0,1606.0,1029.0,5246.0,6754,232101,179431,114597,56,No,2021,9,3,259,37,3,0,3,0,0.5628,5505.0,5208.0,0.0,5117.0,1,0,0,0
2021-09-17,Friday,6754,679,1912.0,1554.0,1245.0,5390.0,1364,221192,165653,122425,11,Yes,2021,9,4,260,37,3,0,4,1,0.1137,5461.0,5251.0,6754.0,5246.0,0,0,0,0
2021-09-18,Saturday,12000,726,2547.0,1973.0,1193.0,6439.0,5561,288332,194233,122098,46,No,2021,9,5,261,37,3,1,5,0,0.4634,5483.0,5692.0,1364.0,5390.0,1,0,0,0
2021-09-19,Sunday,5561,717,2375.0,1915.0,1504.0,6511.0,0,285214,190145,155116,1,Yes,2021,9,6,262,37,3,1,6,1,0.0,5514.0,6113.0,5561.0,6439.0,0,0,0,0
2021-09-20,Monday,12000,557,1829.0,1507.0,1003.0,4896.0,7104,210630,163911,95236,59,No,2021,9,0,263,38,3,0,0,0,0.592,5551.0,5949.0,0.0,6511.0,1,0,0,0
2021-09-21,Tuesday,7104,613,1804.0,1452.0,807.0,4676.0,2428,210246,154385,92576,20,No,2021,9,1,264,38,3,0,1,0,0.2023,5468.0,5361.0,7104.0,4896.0,2,0,0,0
2021-09-22,Wednesday,2428,671,1852.0,1360.0,1008.0,4891.0,0,230069,162796,106499,1,Yes,2021,9,2,265,38,3,0,2,1,0.0,5436.0,4821.0,2428.0,4676.0,0,0,0,0
2021-09-23,Thursday,12000,598,2029.0,1768.0,1136.0,5531.0,6469,218133,155006,127403,53,No,2021,9,3,266,38,3,0,3,0,0.5391,5476.0,5033.0,0.0,4891.0,1,0,0,0
2021-09-24,Friday,6469,566,2135.0,1768.0,1163.0,5632.0,837,246055,190525,111404,6,Yes,2021,9,4,267,38,3,0,4,1,0.0698,5511.0,5351.0,6469.0,5531.0,0,0,0,0
2021-09-25,Saturday,12000,679,2568.0,2100.0,1193.0,6540.0,5460,299375,230125,145251,45,No,2021,9,5,268,38,3,1,5,0,0.455,5525.0,5901.0,837.0,5632.0,1,0,0,0
2021-09-26,Sunday,5460,773,2549.0,1810.0,1308.0,6440.0,0,248200,175120,127039,1,Yes,2021,9,6,269,38,3,1,6,1,0.0,5515.0,6204.0,5460.0,6540.0,0,0,0,0
2021-09-27,Monday,12000,495,1899.0,1573.0,834.0,4801.0,7199,201377,134359,109635,59,No,2021,9,0,270,39,3,0,0,0,0.5999,5502.0,5927.0,0.0,6440.0,1,0,0,0
2021-09-28,Tuesday,7199,590,2007.0,1636.0,1043.0,5276.0,1923,210529,153202,126950,16,Yes,2021,9,1,271,39,3,0,1,1,0.1602,5587.0,5506.0,7199.0,4801.0,0,0,0,0
2021-09-29,Wednesday,12000,547,1993.0,1375.0,999.0,4914.0,7086,207404,153815,100333,59,No,2021,9,2,272,39,3,0,2,0,0.5905,5591.0,4997.0,1923.0,5276.0,1,0,0,0
2021-09-30,Thursday,7086,659,1959.0,1636.0,909.0,5163.0,1923,210912,148330,101477,16,Yes,2021,9,3,273,39,3,0,3,1,0.1602,5538.0,5118.0,7086.0,4914.0,0,0,0,0
2021-10-01,Friday,12000,738,2440.0,1704.0,1269.0,6151.0,5849,244534,210351,147856,48,No,2021,10,4,274,39,4,0,4,0,0.4874,5612.0,5409.0,1923.0,5163.0,1,1,0,0
2021-10-02,Saturday,5849,864,2860.12,2279.8399999999992,1217.0,7500.0,0,342483,210250,178948,1,Yes,2021,10,5,275,39,4,1,5,1,0.0,5749.0,6271.0,5849.0,6151.0,0,1,0,0
2021-10-03,Sunday,12000,763,2623.0,1997.0,1649.0,7135.0,4865,300470,240003,163294,40,No,2021,10,6,276,39,4,1,6,0,0.4054,5849.0,6929.0,0.0,7500.0,1,1,0,0
2021-10-04,Monday,4865,726,2193.0,1763.0,691.0,5373.0,0,215745,181412,118877,1,Yes,2021,10,0,277,40,4,0,0,1,0.0,5930.0,6669.0,4865.0,7135.0,0,1,0,0
2021-10-05,Tuesday,12000,718,2252.0,1736.0,1244.0,5950.0,6050,245284,172173,148113,50,No,2021,10,1,278,40,4,0,1,0,0.5042,6027.0,6153.0,0.0,5373.0,1,1,0,0
2021-10-06,Wednesday,6050,683,2311.0,1553.0,1100.0,5647.0,403,232527,176344,140732,3,Yes,2021,10,2,279,40,4,0,2,1,0.0336,6131.0,5657.0,6050.0,5950.0,0,1,0,0
2021-10-07,Thursday,12000,618,2022.0,1501.0,1393.0,5534.0,6466,248696,156727,134112,53,No,2021,10,3,280,40,4,0,3,0,0.5388,6184.0,5710.0,403.0,5647.0,1,1,0,0
2021-10-08,Friday,6466,731,2682.0,2237.0,1207.0,6857.0,0,274273,210685,155087,1,Yes,2021,10,4,281,40,4,0,4,1,0.0,6285.0,6013.0,6466.0,5534.0,0,1,0,0
2021-10-09,Saturday,12000,781,2463.0,2037.0,1564.0,6845.0,5155,289790,234958,151297,42,No,2021,10,5,282,40,4,1,5,0,0.4296,6192.0,6412.0,0.0,6857.0,1,1,0,0
2021-10-10,Sunday,5155,822,2633.0,2269.0,1590.0,7314.0,0,316948,243285,178451,1,Yes,2021,10,6,283,40,4,1,6,1,0.0,6217.0,7005.0,5155.0,6845.0,0,1,0,0
2021-10-11,Monday,12000,732,2175.0,1746.0,1173.0,5826.0,6174,263877,178957,123053,51,No,2021,10,0,284,41,4,0,0,0,0.5145,6282.0,6662.0,0.0,7314.0,1,1,0,0
2021-10-12,Tuesday,6174,799,2070.0,1604.0,1359.0,5832.0,342,256153,187654,125547,2,Yes,2021,10,1,285,41,4,0,1,1,0.0285,6265.0,6324.0,6174.0,5826.0,0,1,0,0
2021-10-13,Wednesday,12000,694,1997.0,1731.0,1256.0,5678.0,6322,243811,160747,107299,52,No,2021,10,2,286,41,4,0,2,0,0.5268,6269.0,5779.0,342.0,5832.0,1,1,0,0
2021-10-14,Thursday,6322,576,2031.0,1717.0,1421.0,5745.0,577,248986,170167,146431,4,Yes,2021,10,3,287,41,4,0,3,1,0.0481,6300.0,5752.0,6322.0,5678.0,0,1,0,0
2021-10-15,Friday,12000,633,2217.0,2027.0,1405.0,6282.0,5718,299579,214542,149248,47,No,2021,10,4,288,41,4,0,4,0,0.4765,6217.0,5902.0,577.0,5745.0,1,1,0,0
2021-10-16,Saturday,5718,816,2860.12,2279.8399999999992,1268.0,7500.0,0,306352,220309,191232,1,Yes,2021,10,5,289,41,4,1,5,1,0.0,6311.0,6509.0,5718.0,6282.0,0,1,0,0
2021-10-17,Sunday,12000,845,2503.0,2028.0,1292.0,6668.0,5332,295807,218608,121213,44,No,2021,10,6,290,41,4,1,6,0,0.4443,6219.0,6817.0,0.0,7500.0,1,1,0,0
2021-10-18,Monday,5332,740,2192.0,1536.0,1041.0,5509.0,0,260710,183684,130801,1,Yes,2021,10,0,291,42,4,0,0,1,0.0,6173.0,6559.0,5332.0,6668.0,0,1,0,0
2021-10-19,Tuesday,12000,699,2203.0,1693.0,923.0,5518.0,6482,264096,177062,111319,54,No,2021,10,1,292,42,4,0,1,0,0.5402,6129.0,5898.0,0.0,5509.0,1,1,0,0
2021-10-20,Wednesday,6482,698,2034.0,1597.0,1248.0,5577.0,905,245483,179413,113688,7,Yes,2021,10,2,293,42,4,0,2,1,0.0754,6114.0,5535.0,6482.0,5518.0,0,1,0,0
2021-10-21,Thursday,12000,640,2429.0,1823.0,1041.0,5933.0,6067,269948,208084,138919,50,No,2021,10,3,294,42,4,0,3,0,0.5056,6141.0,5676.0,905.0,5577.0,1,1,0,0
2021-10-22,Friday,6067,884,2331.0,1812.0,1618.0,6645.0,0,314897,218487,140488,1,Yes,2021,10,4,295,42,4,0,4,1,0.0,6193.0,6052.0,6067.0,5933.0,0,1,0,0
2021-10-23,Saturday,12000,877,2860.12,2155.0,1397.0,7500.0,4500,308425,242111,169520,37,No,2021,10,5,296,42,4,1,5,0,0.375,6193.0,6693.0,0.0,6645.0,1,1,0,0
2021-10-24,Sunday,4500,872,2501.0,1941.0,1311.0,6625.0,0,285062,206089,146136,1,Yes,2021,10,6,297,42,4,1,6,1,0.0,6187.0,6923.0,4500.0,7500.0,0,1,0,0
2021-10-25,Monday,12000,747,2156.0,1784.0,1006.0,5693.0,6307,260129,159432,114072,52,No,2021,10,0,298,43,4,0,0,0,0.5256,6213.0,6606.0,0.0,6625.0,1,1,0,0
2021-10-26,Tuesday,6307,624,2093.0,1509.0,1271.0,5497.0,810,239563,171039,131260,6,Yes,2021,10,1,299,43,4,0,1,1,0.0675,6210.0,5938.0,6307.0,5693.0,0,1,0,0
2021-10-27,Wednesday,12000,633,2224.0,1726.0,1494.0,6077.0,5923,280406,190999,124431,49,No,2021,10,2,300,43,4,0,2,0,0.4936,6281.0,5756.0,810.0,5497.0,1,1,0,0
2021-10-28,Thursday,5923,614,2166.0,1501.0,1172.0,5453.0,470,228164,186441,119164,3,Yes,2021,10,3,301,43,4,0,3,1,0.0392,6213.0,5676.0,5923.0,6077.0,0,1,0,0
2021-10-29,Friday,12000,923,2562.0,2133.0,1207.0,6825.0,5175,280002,196903,161393,43,No,2021,10,4,302,43,4,0,4,0,0.4312,6239.0,6118.0,470.0,5453.0,1,1,0,0
2021-10-30,Saturday,5175,745,2627.0,2279.8399999999992,1649.0,7366.0,0,319504,196943,153614,1,Yes,2021,10,5,303,43,4,1,5,1,0.0,6219.0,6548.0,5175.0,6825.0,0,1,0,0
2021-10-31,Sunday,12000,762,2660.0,2064.0,1155.0,6641.0,5359,270120,200277,149428,44,No,2021,10,6,304,43,4,1,6,0,0.4466,6222.0,6944.0,0.0,7366.0,1,1,0,0
2021-11-01,Monday,5359,768,1963.0,1603.0,1163.0,5497.0,0,239309,181222,106260,1,Yes,2021,11,0,305,44,4,0,0,1,0.0,6194.0,6501.0,5359.0,6641.0,0,1,0,0
2021-11-02,Tuesday,12000,724,2216.0,1519.0,1116.0,5575.0,6425,236246,177340,115551,53,No,2021,11,1,306,44,4,0,1,0,0.5354,6205.0,5904.0,0.0,5497.0,1,1,0,0
2021-11-03,Wednesday,6425,801,2200.0,1669.0,1156.0,5826.0,599,242770,199117,129637,4,Yes,2021,11,2,307,44,4,0,2,1,0.0499,6169.0,5633.0,6425.0,5575.0,0,1,0,0
2021-11-04,Thursday,12000,530,2030.0,1701.0,989.0,5250.0,6750,212716,147683,114812,56,No,2021,11,3,308,44,4,0,3,0,0.5625,6140.0,5550.0,599.0,5826.0,1,1,0,0
2021-11-05,Friday,6750,877,2531.0,1757.0,1276.0,6441.0,309,281361,186722,121818,2,Yes,2021,11,4,309,44,4,0,4,1,0.0258,6085.0,5839.0,6750.0,5250.0,0,1,0,0
2021-11-06,Saturday,12000,944,2860.12,2033.0,1574.0,7500.0,4500,327184,234048,159749,37,No,2021,11,5,310,44,4,1,5,0,0.375,6104.0,6397.0,309.0,6441.0,1,1,0,0
2021-11-07,Sunday,4500,861,2860.12,2126.0,1458.0,7428.0,0,301166,229116,135079,1,Yes,2021,11,6,311,44,4,1,6,1,0.0,6217.0,7123.0,4500.0,7500.0,0,1,0,0
2021-11-08,Monday,12000,732,2137.0,1647.0,953.0,5469.0,6531,224767,175493,123389,54,No,2021,11,0,312,45,4,0,0,0,0.5442,6213.0,6799.0,0.0,7428.0,1,1,0,0
2021-11-09,Tuesday,6531,765,2032.0,1751.0,961.0,5509.0,1022,223218,160340,115944,8,Yes,2021,11,1,313,45,4,0,1,1,0.0852,6203.0,6135.0,6531.0,5469.0,0,1,0,0
2021-11-10,Wednesday,12000,669,1976.0,1772.0,1223.0,5640.0,6360,268339,168230,136899,53,No,2021,11,2,314,45,4,0,2,0,0.53,6177.0,5539.0,1022.0,5509.0,1,1,0,0
2021-11-11,Thursday,6360,693,2081.0,1621.0,1501.0,5896.0,464,232145,180035,121456,3,Yes,2021,11,3,315,45,4,0,3,1,0.0387,6269.0,5682.0,6360.0,5640.0,0,1,0,0
2021-11-12,Friday,12000,881,2644.0,1906.0,1582.0,7013.0,4987,325155,235238,152514,41,No,2021,11,4,316,45,4,0,4,0,0.4156,6351.0,6183.0,464.0,5896.0,1,1,0,0
2021-11-13,Saturday,4987,944,2860.12,2180.0,1395.0,7500.0,0,299227,233331,179543,1,Yes,2021,11,5,317,45,4,1,5,1,0.0,6351.0,6803.0,4987.0,7013.0,0,1,0,0
2021-11-14,Sunday,12000,891,2649.0,2237.0,1301.0,7078.0,4922,302987,212119,145634,41,No,2021,11,6,318,45,4,1,6,0,0.4102,6301.0,7197.0,0.0,7500.0,1,1,0,0
2021-11-15,Monday,4922,682,1961.0,1649.0,1230.0,5522.0,0,226452,178547,100999,1,Yes,2021,11,0,319,46,4,0,0,1,0.0,6308.0,6700.0,4922.0,7078.0,0,1,0,0
2021-11-16,Tuesday,12000,743,2110.0,1789.0,985.0,5627.0,6373,239333,155652,138232,53,No,2021,11,1,320,46,4,0,1,0,0.5311,6325.0,6076.0,0.0,5522.0,1,1,0,0
2021-11-17,Wednesday,6373,715,2121.0,1787.0,1054.0,5677.0,696,250425,188948,122956,5,Yes,2021,11,2,321,46,4,0,2,1,0.058,6330.0,5609.0,6373.0,5627.0,0,1,0,0
2021-11-18,Thursday,12000,771,2061.0,1795.0,1210.0,5837.0,6163,246243,182865,111918,51,No,2021,11,3,322,46,4,0,3,0,0.5136,6322.0,5714.0,696.0,5677.0,1,1,0,0
2021-11-19,Friday,6163,811,2402.0,1812.0,1592.0,6617.0,0,293868,186007,129674,1,Yes,2021,11,4,323,46,4,0,4,1,0.0,6265.0,6044.0,6163.0,5837.0,0,1,0,0
2021-11-20,Saturday,12000,897,2714.0,2279.8399999999992,1216.0,7167.0,4833,302683,225204,175076,40,No,2021,11,5,324,46,4,1,5,0,0.4028,6218.0,6540.0,0.0,6617.0,1,1,0,0
2021-11-21,Sunday,4833,936,2641.0,2111.0,1465.0,7153.0,0,300791,227862,145883,1,Yes,2021,11,6,325,46,4,1,6,1,0.0,6229.0,6979.0,4833.0,7167.0,0,1,0,0
2021-11-22,Monday,12000,672,2078.0,1573.0,910.0,5233.0,6767,216846,147201,97288,56,No,2021,11,0,326,47,4,0,0,0,0.5639,6187.0,6518.0,0.0,7153.0,1,1,0,0
2021-11-23,Tuesday,6767,837,2219.0,1682.0,1308.0,6046.0,721,264743,194099,130156,6,Yes,2021,11,1,327,47,4,0,1,1,0.0601,6247.0,6144.0,6767.0,5233.0,0,1,0,0
2021-11-24,Wednesday,12000,765,2230.0,1668.0,956.0,5619.0,6381,245581,171451,107793,53,No,2021,11,2,328,47,4,0,2,0,0.5317,6239.0,5633.0,721.0,6046.0,1,1,0,0
2021-11-25,Thursday,6381,700,2309.0,1627.0,1000.0,5636.0,745,251326,196002,115283,6,Yes,2021,11,3,329,47,4,0,3,1,0.0621,6210.0,5767.0,6381.0,5619.0,0,1,0,0
2021-11-26,Friday,12000,722,2538.0,2032.0,1171.0,6463.0,5537,296395,219494,118178,46,No,2021,11,4,330,47,4,0,4,0,0.4614,6188.0,5906.0,745.0,5636.0,1,1,0,0
2021-11-27,Saturday,5537,944,2860.12,2279.8399999999992,1212.0,7428.0,0,286206,213519,143593,1,Yes,2021,11,5,331,47,4,1,5,1,0.0,6225.0,6509.0,5537.0,6463.0,0,1,0,0
2021-11-28,Sunday,12000,763,2825.0,2279.8399999999992,1268.0,7148.0,4852,287133,241671,175414,40,No,2021,11,6,332,47,4,1,6,0,0.4043,6225.0,7013.0,0.0,7428.0,1,1,0,0
2021-11-29,Monday,4852,580,1955.0,1411.0,1025.0,4971.0,0,212817,158240,108580,1,Yes,2021,11,0,333,48,4,0,0,1,0.0,6187.0,6516.0,4852.0,7148.0,0,1,0,0
2021-11-30,Tuesday,12000,573,1797.0,1566.0,866.0,4802.0,7198,187891,155314,114051,59,No,2021,11,1,334,48,4,0,1,0,0.5998,6010.0,5640.0,0.0,4971.0,1,1,0,0
2021-12-01,Wednesday,7198,523,1955.0,1608.0,931.0,5017.0,2181,214614,176258,87112,18,No,2021,12,2,335,48,4,0,2,0,0.1818,5924.0,4930.0,7198.0,4802.0,2,0,0,0
2021-12-02,Thursday,2181,592,1806.0,1471.0,1111.0,4980.0,0,225011,169241,93613,1,Yes,2021,12,3,336,48,4,0,3,1,0.0,5830.0,4933.0,2181.0,5017.0,0,0,0,0
2021-12-03,Friday,12000,631,2001.0,1508.0,1436.0,5576.0,6424,239611,183507,138106,53,No,2021,12,4,337,48,4,0,4,0,0.5353,5703.0,5191.0,0.0,4980.0,1,0,0,0
2021-12-04,Saturday,6424,704,2579.0,1847.0,1350.0,6480.0,0,267032,213630,134568,1,Yes,2021,12,5,338,48,4,1,5,1,0.0,5568.0,5679.0,6424.0,5576.0,0,0,0,0
2021-12-05,Sunday,12000,717,2199.0,1642.0,1254.0,5812.0,6188,258059,189315,110743,51,No,2021,12,6,339,48,4,1,6,0,0.5157,5377.0,5956.0,0.0,6480.0,1,0,0,0
2021-12-06,Monday,6188,612,1900.0,1432.0,1071.0,5015.0,1173,211120,165820,119319,9,Yes,2021,12,0,340,49,4,0,0,1,0.0978,5383.0,5769.0,6188.0,5812.0,0,0,0,0
2021-12-07,Tuesday,12000,743,2218.0,1808.0,913.0,5682.0,6318,259225,166275,124841,52,No,2021,12,1,341,49,4,0,1,0,0.5265,5509.0,5503.0,1173.0,5015.0,1,0,0,0
2021-12-08,Wednesday,6318,565,2157.0,1603.0,1012.0,5337.0,981,249575,187030,122709,8,Yes,2021,12,2,342,49,4,0,2,1,0.0818,5555.0,5345.0,6318.0,5682.0,0,0,0,0
2021-12-09,Thursday,12000,543,1992.0,1450.0,993.0,4978.0,7022,213399,161421,115669,58,No,2021,12,3,343,49,4,0,3,0,0.5852,5554.0,5332.0,981.0,5337.0,1,0,0,0
2021-12-10,Friday,7022,814,2300.0,1714.0,1085.0,5913.0,1109,259830,172101,111099,9,Yes,2021,12,4,344,49,4,0,4,1,0.0924,5602.0,5409.0,7022.0,4978.0,0,0,0,0
2021-12-11,Saturday,12000,859,2387.0,1932.0,1175.0,6353.0,5647,281503,195047,154757,47,No,2021,12,5,345,49,4,1,5,0,0.4706,5584.0,5748.0,1109.0,5913.0,1,0,0,0
2021-12-12,Sunday,5647,695,2133.0,1607.0,1422.0,5857.0,0,255510,163820,108921,1,Yes,2021,12,6,346,49,4,1,6,1,0.0,5591.0,6041.0,5647.0,6353.0,0,0,0,0
2021-12-13,Monday,12000,682,2077.0,1660.0,889.0,5308.0,6692,230367,160664,131873,55,No,2021,12,0,347,50,4,0,0,0,0.5577,5633.0,5839.0,0.0,5857.0,1,0,0,0
2021-12-14,Tuesday,6692,506,1903.0,1500.0,818.0,4727.0,1965,197971,157069,88293,16,Yes,2021,12,1,348,50,4,0,1,1,0.1638,5496.0,5297.0,6692.0,5308.0,0,0,0,0
2021-12-15,Wednesday,12000,534,1890.0,1503.0,1379.0,5306.0,6694,232712,168081,124977,55,No,2021,12,2,349,50,4,0,2,0,0.5578,5492.0,5114.0,1965.0,4727.0,1,0,0,0
2021-12-16,Thursday,6694,531,1702.0,1442.0,866.0,4541.0,2153,177915,137289,89745,17,No,2021,12,3,350,50,4,0,3,0,0.1794,5429.0,4858.0,6694.0,5306.0,2,0,0,0
2021-12-17,Friday,2153,679,2333.0,1633.0,1303.0,5948.0,0,245715,181612,119457,1,Yes,2021,12,4,351,50,4,0,4,1,0.0,5434.0,5265.0,2153.0,4541.0,0,0,0,0
2021-12-18,Saturday,12000,720,2527.0,1770.0,1534.0,6551.0,5449,271531,215363,130310,45,No,2021,12,5,352,50,4,1,5,0,0.4541,5463.0,5680.0,0.0,5948.0,1,0,0,0
2021-12-19,Sunday,5449,588,2236.0,1871.0,1178.0,5873.0,0,244482,162249,120915,1,Yes,2021,12,6,353,50,4,1,6,1,0.0,5465.0,6124.0,5449.0,6551.0,0,0,0,0
2021-12-20,Monday,12000,476,1616.0,1324.0,943.0,4359.0,7641,202768,127572,90984,63,No,2021,12,0,354,51,4,0,0,0,0.6368,5329.0,5594.0,0.0,5873.0,1,0,0,0
2021-12-21,Tuesday,7641,499,1955.0,1518.0,817.0,4789.0,2852,213270,146296,104013,23,No,2021,12,1,355,51,4,0,1,0,0.2377,5338.0,5007.0,7641.0,4359.0,2,0,0,0
2021-12-22,Wednesday,2852,568,2099.0,1516.0,1189.0,5372.0,0,228898,162028,113421,1,Yes,2021,12,2,356,51,4,0,2,1,0.0,5348.0,4840.0,2852.0,4789.0,0,0,0,0
2021-12-23,Thursday,12000,602,1727.0,1500.0,997.0,4826.0,7174,206481,164333,113476,59,No,2021,12,3,357,51,4,0,3,0,0.5978,5388.0,4996.0,0.0,5372.0,1,0,0,0
2021-12-24,Friday,7174,665,2242.0,1686.0,946.0,5539.0,1635,243935,181535,137804,13,Yes,2021,12,4,358,51,4,0,4,1,0.1362,5330.0,5246.0,7174.0,4826.0,0,0,0,0
2021-12-25,Saturday,12000,859,2592.0,2108.0,1309.0,6868.0,5132,303389,194054,172603,42,No,2021,12,5,359,51,4,1,5,0,0.4277,5375.0,5744.0,1635.0,5539.0,1,0,0,0
2021-12-26,Sunday,5132,847,2244.0,1878.0,1141.0,6110.0,0,247642,199463,122716,1,Yes,2021,12,6,360,51,4,1,6,1,0.0,5409.0,6172.0,5132.0,6868.0,0,0,0,0
2021-12-27,Monday,12000,641,1885.0,1454.0,1197.0,5177.0,6823,228289,159975,107713,56,No,2021,12,0,361,52,4,0,0,0,0.5686,5526.0,6052.0,0.0,6110.0,1,0,0,0
2021-12-28,Tuesday,6823,486,1676.0,1438.0,1133.0,4733.0,2090,208644,159419,85623,17,No,2021,12,1,362,52,4,0,1,0,0.1742,5518.0,5340.0,6823.0,5177.0,2,0,0,0
2021-12-29,Wednesday,2090,508,1860.0,1477.0,851.0,4696.0,0,200828,159450,106744,1,Yes,2021,12,2,363,52,4,0,2,1,0.0,5421.0,4869.0,2090.0,4733.0,0,0,0,0
2021-12-30,Thursday,12000,633,1814.0,1588.0,784.0,4819.0,7181,198457,144463,100760,59,No,2021,12,3,364,52,4,0,3,0,0.5984,5420.0,4749.0,0.0,4696.0,1,0,0,0
2021-12-31,Friday,7181,733,2044.0,1630.0,1250.0,5657.0,1524,225437,176408,136306,12,Yes,2021,12,4,365,52,4,0,4,1,0.127,5437.0,5057.0,7181.0,4819.0,0,0,0,0
2022-01-01,Saturday,12000,944,2561.0,2122.0,1450.0,7078.0,4922,289942,203016,166905,41,No,2022,1,5,1,52,1,1,5,0,0.4102,5467.0,5851.0,1524.0,5657.0,1,0,0,0
2022-01-02,Sunday,4922,598,2029.0,1752.0,1351.0,5730.0,0,243317,200012,113111,1,Yes,2022,1,6,2,52,1,1,6,1,0.0,5413.0,6155.0,4922.0,7078.0,0,0,0,0
2022-01-03,Monday,12000,493,1742.0,1326.0,1093.0,4654.0,7346,211323,131452,94939,61,No,2022,1,0,3,1,1,0,0,0,0.6122,5338.0,5821.0,0.0,5730.0,1,0,0,0
2022-01-04,Tuesday,7346,708,2072.0,1675.0,914.0,5369.0,1977,210882,166988,102316,16,Yes,2022,1,1,4,1,1,0,1,1,0.1648,5429.0,5251.0,7346.0,4654.0,0,0,0,0
2022-01-05,Wednesday,12000,568,1655.0,1425.0,833.0,4481.0,7519,176401,127846,91821,62,No,2022,1,2,5,1,1,0,2,0,0.6266,5398.0,4835.0,1977.0,5369.0,1,0,0,0
2022-01-06,Thursday,7519,713,1951.0,1440.0,996.0,5100.0,2419,239873,153152,107614,20,No,2022,1,3,6,1,1,0,3,0,0.2016,5438.0,4983.0,7519.0,4481.0,2,0,0,0
2022-01-07,Friday,2419,545,2078.0,1630.0,1135.0,5388.0,0,233727,177080,105814,1,Yes,2022,1,4,7,1,1,0,4,1,0.0,5400.0,4990.0,2419.0,5100.0,0,0,0,0
2022-01-08,Saturday,12000,744,2751.0,2058.0,1294.0,6847.0,5153,288066,244070,140082,42,No,2022,1,5,8,1,1,1,5,0,0.4294,5367.0,5778.0,0.0,5388.0,1,0,0,0
2022-01-09,Sunday,5153,734,2106.0,1627.0,1468.0,5935.0,0,263694,188311,124750,1,Yes,2022,1,6,9,1,1,1,6,1,0.0,5396.0,6057.0,5153.0,6847.0,0,0,0,0
2022-01-10,Monday,12000,608,1848.0,1386.0,697.0,4539.0,7461,194422,164263,96537,62,No,2022,1,0,10,2,1,0,0,0,0.6218,5380.0,5774.0,0.0,5935.0,1,0,0,0
2022-01-11,Tuesday,7461,596,1895.0,1591.0,825.0,4907.0,2554,190578,155322,98447,21,No,2022,1,1,11,2,1,0,1,0,0.2128,5314.0,5127.0,7461.0,4539.0,2,0,0,0
2022-01-12,Wednesday,2554,579,1836.0,1505.0,1090.0,5010.0,0,213461,148113,108594,1,Yes,2022,1,2,12,2,1,0,2,1,0.0,5389.0,4819.0,2554.0,4907.0,0,0,0,0
2022-01-13,Thursday,12000,713,2019.0,1698.0,938.0,5368.0,6632,238984,170046,139285,55,No,2022,1,3,13,2,1,0,3,0,0.5527,5428.0,5095.0,0.0,5010.0,1,0,0,0
2022-01-14,Friday,6632,706,2111.0,1845.0,982.0,5644.0,988,240105,166754,131029,8,Yes,2022,1,4,14,2,1,0,4,1,0.0823,5464.0,5341.0,6632.0,5368.0,0,0,0,0
2022-01-15,Saturday,12000,933,2569.0,1884.0,1340.0,6726.0,5274,316958,209691,161017,43,No,2022,1,5,15,2,1,1,5,0,0.4395,5447.0,5913.0,988.0,5644.0,1,0,0,0
2022-01-16,Sunday,5274,607,2296.0,1874.0,1205.0,5982.0,0,268431,195682,123127,1,Yes,2022,1,6,16,2,1,1,6,1,0.0,5454.0,6117.0,5274.0,6726.0,0,0,0,0
2022-01-17,Monday,12000,479,1840.0,1424.0,1040.0,4783.0,7217,211169,139330,95071,60,No,2022,1,0,17,3,1,0,0,0,0.6014,5489.0,5830.0,0.0,5982.0,1,0,0,0
2022-01-18,Tuesday,7217,611,1877.0,1694.0,1131.0,5313.0,1904,235555,170071,117257,15,Yes,2022,1,1,18,3,1,0,1,1,0.1587,5547.0,5359.0,7217.0,4783.0,0,0,0,0
2022-01-19,Wednesday,12000,622,1726.0,1322.0,1061.0,4731.0,7269,215876,157670,102394,60,No,2022,1,2,19,3,1,0,2,0,0.6058,5507.0,4942.0,1904.0,5313.0,1,0,0,0
2022-01-20,Thursday,7269,512,1897.0,1453.0,1256.0,5118.0,2151,238156,152332,127533,17,No,2022,1,3,20,3,1,0,3,0,0.1792,5471.0,5054.0,7269.0,4731.0,2,0,0,0
2022-01-21,Friday,2151,689,2299.0,1720.0,929.0,5637.0,0,231271,190058,116750,1,Yes,2022,1,4,21,3,1,0,4,1,0.0,5470.0,5162.0,2151.0,5118.0,0,0,0,0
2022-01-22,Saturday,12000,923,2466.0,2064.0,1241.0,6694.0,5306,273788,228172,160602,44,No,2022,1,5,22,3,1,1,5,0,0.4422,5465.0,5816.0,0.0,5637.0,1,0,0,0
2022-01-23,Sunday,5306,608,2063.0,1567.0,1309.0,5547.0,0,242387,163023,115238,1,Yes,2022,1,6,23,3,1,1,6,1,0.0,5403.0,5959.0,5306.0,6694.0,0,0,0,0
2022-01-24,Monday,12000,522,1943.0,1572.0,858.0,4895.0,7105,196421,150177,86603,59,No,2022,1,0,24,4,1,0,0,0,0.5921,5419.0,5712.0,0.0,5547.0,1,0,0,0
2022-01-25,Tuesday,7105,557,1877.0,1360.0,869.0,4663.0,2442,192309,153538,106876,20,No,2022,1,1,25,4,1,0,1,0,0.2035,5326.0,5035.0,7105.0,4895.0,2,0,0,0
2022-01-26,Wednesday,2442,663,1899.0,1543.0,653.0,4758.0,0,201650,145655,107643,1,Yes,2022,1,2,26,4,1,0,2,1,0.0,5330.0,4772.0,2442.0,4663.0,0,0,0,0
2022-01-27,Thursday,12000,599,1882.0,1382.0,1161.0,5024.0,6976,236943,146464,112689,58,No,2022,1,3,27,4,1,0,3,0,0.5813,5317.0,4815.0,0.0,4758.0,1,0,0,0
2022-01-28,Friday,6976,583,2046.0,1415.0,1104.0,5148.0,1828,222301,181898,99842,15,Yes,2022,1,4,28,4,1,0,4,1,0.1523,5247.0,4977.0,6976.0,5024.0,0,0,0,0
2022-01-29,Saturday,12000,854,2180.0,1792.0,1318.0,6144.0,5856,237007,191932,116427,48,No,2022,1,5,29,4,1,1,5,0,0.488,5168.0,5439.0,1828.0,5148.0,1,0,0,0
2022-01-30,Sunday,5856,649,2468.0,2057.0,1309.0,6483.0,0,274076,200483,129753,1,Yes,2022,1,6,30,4,1,1,6,1,0.0,5302.0,5925.0,5856.0,6144.0,0,0,0,0
2022-01-31,Monday,12000,624,1712.0,1562.0,939.0,4837.0,7163,215007,142809,112883,59,No,2022,1,0,31,5,1,0,0,0,0.5969,5294.0,5821.0,0.0,6483.0,1,0,0,0
2022-02-01,Tuesday,7163,693,1862.0,1520.0,1080.0,5155.0,2008,218306,156936,122822,16,No,2022,2,1,32,5,1,0,1,0,0.1673,5364.0,5492.0,7163.0,4837.0,2,0,0,0
2022-02-02,Wednesday,2008,610,1798.0,1330.0,845.0,4583.0,0,209467,143248,94970,1,Yes,2022,2,2,33,5,1,0,2,1,0.0,5339.0,4858.0,2008.0,5155.0,0,0,0,0
2022-02-03,Thursday,12000,703,1968.0,1472.0,1172.0,5315.0,6685,241693,183903,128267,55,No,2022,2,3,34,5,1,0,3,0,0.5571,5381.0,5018.0,0.0,4583.0,1,0,0,0
2022-02-04,Friday,6685,704,2261.0,1569.0,1171.0,5705.0,980,246413,187593,105685,8,Yes,2022,2,4,35,5,1,0,4,1,0.0817,5460.0,5201.0,6685.0,5315.0,0,0,0,0
2022-02-05,Saturday,12000,880,2393.0,1829.0,1346.0,6448.0,5552,272528,205960,117444,46,No,2022,2,5,36,5,1,1,5,0,0.4627,5504.0,5823.0,980.0,5705.0,1,0,0,0
2022-02-06,Sunday,5552,679,2296.0,1869.0,1195.0,6039.0,0,263249,207096,130939,1,Yes,2022,2,6,37,5,1,1,6,1,0.0,5440.0,6064.0,5552.0,6448.0,0,0,0,0
2022-02-07,Monday,12000,539,1801.0,1567.0,1013.0,4920.0,7080,189854,153809,116204,59,No,2022,2,0,38,6,1,0,0,0,0.59,5452.0,5802.0,0.0,6039.0,1,0,0,0
2022-02-08,Tuesday,7080,681,2053.0,1571.0,1373.0,5678.0,1402,254372,190026,145696,11,Yes,2022,2,1,39,6,1,0,1,1,0.1168,5527.0,5546.0,7080.0,4920.0,0,0,0,0
2022-02-09,Wednesday,12000,619,1903.0,1589.0,786.0,4897.0,7103,223339,171423,87481,59,No,2022,2,2,40,6,1,0,2,0,0.5919,5572.0,5165.0,1402.0,5678.0,1,0,0,0
2022-02-10,Thursday,7103,727,1941.0,1475.0,1200.0,5343.0,1760,217904,169934,124137,14,Yes,2022,2,3,41,6,1,0,3,1,0.1467,5576.0,5306.0,7103.0,4897.0,0,0,0,0
2022-02-11,Friday,12000,758,2253.0,1785.0,1190.0,5986.0,6014,254450,206966,140283,50,No,2022,2,4,42,6,1,0,4,0,0.5012,5616.0,5409.0,1760.0,5343.0,1,0,0,0
2022-02-12,Saturday,6014,853,2240.0,1775.0,1410.0,6278.0,0,257325,216321,149962,1,Yes,2022,2,5,43,6,1,1,5,1,0.0,5592.0,5869.0,6014.0,5986.0,0,0,0,0
2022-02-13,Sunday,12000,695,2370.0,2055.0,1275.0,6395.0,5605,259927,200365,137457,46,No,2022,2,6,44,6,1,1,6,0,0.4671,5642.0,6220.0,0.0,6278.0,1,0,0,0
2022-02-14,Monday,5605,624,1739.0,1300.0,887.0,4550.0,1055,199996,142617,93275,8,Yes,2022,2,0,45,7,1,0,0,1,0.0879,5590.0,5741.0,5605.0,6395.0,0,0,0,0
2022-02-15,Tuesday,12000,517,1953.0,1486.0,931.0,4887.0,7113,196715,168326,92885,59,No,2022,2,1,46,7,1,0,1,0,0.5928,5477.0,5277.0,1055.0,4550.0,1,0,0,0
2022-02-16,Wednesday,7113,709,2102.0,1529.0,1026.0,5366.0,1747,229656,192092,132122,14,Yes,2022,2,2,47,7,1,0,2,1,0.1456,5544.0,4934.0,7113.0,4887.0,0,0,0,0
2022-02-17,Thursday,12000,746,2201.0,1592.0,868.0,5407.0,6593,227590,192313,134838,54,No,2022,2,3,48,7,1,0,3,0,0.5494,5553.0,5220.0,1747.0,5366.0,1,0,0,0
2022-02-18,Friday,6593,700,1967.0,1737.0,973.0,5377.0,1216,221803,161130,100367,10,Yes,2022,2,4,49,7,1,0,4,1,0.1013,5466.0,5383.0,6593.0,5407.0,0,0,0,0
2022-02-19,Saturday,12000,897,2743.0,2119.0,1649.0,7478.0,4522,316851,217291,175287,37,No,2022,2,5,50,7,1,1,5,0,0.3768,5637.0,6087.0,1216.0,5377.0,1,0,0,0
2022-02-20,Sunday,4522,700,2631.0,1945.0,1245.0,6521.0,0,287510,201517,121231,1,Yes,2022,2,6,51,7,1,1,6,1,0.0,5655.0,6459.0,4522.0,7478.0,0,0,0,0
2022-02-21,Monday,12000,461,1690.0,1262.0,795.0,4208.0,7792,170444,132886,104205,64,No,2022,2,0,52,8,1,0,0,0,0.6493,5606.0,6069.0,0.0,6521.0,1,0,0,0
2022-02-22,Tuesday,7792,585,2062.0,1700.0,1141.0,5488.0,2304,253452,177514,101754,19,No,2022,2,1,53,8,1,0,1,0,0.192,5692.0,5406.0,7792.0,4208.0,2,0,0,0
2022-02-23,Wednesday,2304,549,1957.0,1609.0,950.0,5065.0,0,236664,159021,101635,1,Yes,2022,2,2,54,8,1,0,2,1,0.0,5649.0,4920.0,2304.0,5488.0,0,0,0,0
2022-02-24,Thursday,12000,741,2178.0,1765.0,794.0,5478.0,6522,232248,163604,130467,54,No,2022,2,3,55,8,1,0,3,0,0.5435,5659.0,5344.0,0.0,5065.0,1,0,0,0
2022-02-25,Friday,6522,714,2270.0,1789.0,982.0,5755.0,767,244631,202192,123255,6,Yes,2022,2,4,56,8,1,0,4,1,0.0639,5713.0,5433.0,6522.0,5478.0,0,0,0,0
2022-02-26,Saturday,12000,629,2354.0,2044.0,1244.0,6271.0,5729,280453,200104,136263,47,No,2022,2,5,57,8,1,1,5,0,0.4774,5541.0,5835.0,767.0,5755.0,1,0,0,0
2022-02-27,Sunday,5729,663,2253.0,1944.0,1124.0,5984.0,0,249715,184231,130227,1,Yes,2022,2,6,58,8,1,1,6,1,0.0,5464.0,6003.0,5729.0,6271.0,0,0,0,0
2022-02-28,Monday,12000,561,1656.0,1488.0,1002.0,4707.0,7293,181883,137511,96647,60,No,2022,2,0,59,9,1,0,0,0,0.6078,5535.0,5654.0,0.0,5984.0,1,0,0,0
2022-03-01,Tuesday,7293,630,2179.0,1882.0,1141.0,5832.0,1461,267096,176963,116783,12,Yes,2022,3,1,60,9,1,0,1,1,0.1218,5585.0,5508.0,7293.0,4707.0,0,0,0,1
2022-03-02,Wednesday,12000,715,2120.0,1434.0,976.0,5245.0,6755,228184,172998,110938,56,No,2022,3,2,61,9,1,0,2,0,0.5629,5610.0,5261.0,1461.0,5832.0,1,0,0,1
2022-03-03,Thursday,6755,574,2215.0,1499.0,1167.0,5455.0,1300,231021,160802,127123,10,Yes,2022,3,3,62,9,1,0,3,1,0.1083,5607.0,5511.0,6755.0,5245.0,0,0,0,1
2022-03-04,Friday,12000,811,2330.0,2107.0,1259.0,6507.0,5493,298038,197944,120054,45,No,2022,3,4,63,9,1,0,4,0,0.4578,5714.0,5736.0,1300.0,5455.0,1,0,0,1
2022-03-05,Saturday,5493,811,2823.0,2279.8399999999992,1305.0,7318.0,0,339015,211894,142911,1,Yes,2022,3,5,64,9,1,1,5,1,0.0,5864.0,6427.0,5493.0,6507.0,0,0,0,1
2022-03-06,Sunday,12000,684,2435.0,1892.0,1534.0,6545.0,5455,287902,208307,161474,45,No,2022,3,6,65,9,1,1,6,0,0.4546,5944.0,6790.0,0.0,7318.0,1,0,0,1
2022-03-07,Monday,5455,625,2074.0,1609.0,894.0,5202.0,253,214540,160673,101490,2,Yes,2022,3,0,66,10,1,0,0,1,0.0211,6015.0,6355.0,5455.0,6545.0,0,0,0,1
2022-03-08,Tuesday,12000,649,2032.0,1504.0,1286.0,5471.0,6529,222121,182300,122984,54,No,2022,3,1,67,10,1,0,1,0,0.5441,5963.0,5739.0,253.0,5202.0,1,0,0,1
2022-03-09,Wednesday,6529,651,2055.0,1643.0,1170.0,5519.0,1010,246444,176531,129935,8,Yes,2022,3,2,68,10,1,0,2,1,0.0842,6002.0,5397.0,6529.0,5471.0,0,0,0,1
2022-03-10,Thursday,12000,726,2100.0,1690.0,1016.0,5532.0,6468,239649,169551,141969,53,No,2022,3,3,69,10,1,0,3,0,0.539,6013.0,5507.0,1010.0,5519.0,1,0,0,1
2022-03-11,Friday,6468,670,2271.0,2070.0,1281.0,6292.0,176,269679,191566,120496,1,Yes,2022,3,4,70,10,1,0,4,1,0.0147,5983.0,5781.0,6468.0,5532.0,0,0,0,1
2022-03-12,Saturday,12000,864,2849.0,2279.8399999999992,1354.0,7500.0,4500,319235,249632,174532,37,No,2022,3,5,71,10,1,1,5,0,0.375,6009.0,6441.0,176.0,6292.0,1,0,0,1
2022-03-13,Sunday,4500,712,2237.0,1707.0,1612.0,6268.0,0,283027,196469,129626,1,Yes,2022,3,6,72,10,1,1,6,1,0.0,5969.0,6687.0,4500.0,7500.0,0,0,0,1
2022-03-14,Monday,12000,743,2013.0,1811.0,968.0,5535.0,6465,218447,152565,124645,53,No,2022,3,0,73,11,1,0,0,0,0.5387,6017.0,6434.0,0.0,6268.0,1,0,0,1
2022-03-15,Tuesday,6465,746,2214.0,1722.0,833.0,5515.0,950,226184,196991,102611,7,Yes,2022,3,1,74,11,1,0,1,1,0.0792,6023.0,5773.0,6465.0,5535.0,0,0,0,1
2022-03-16,Wednesday,12000,541,1929.0,1552.0,1173.0,5195.0,6805,231579,171045,118702,56,No,2022,3,2,75,11,1,0,2,0,0.5671,5977.0,5415.0,950.0,5515.0,1,0,0,1
2022-03-17,Thursday,6805,517,1937.0,1581.0,1084.0,5119.0,1686,214095,171698,97392,14,Yes,2022,3,3,76,11,1,0,3,1,0.1405,5918.0,5276.0,6805.0,5195.0,0,0,0,1
2022-03-18,Friday,12000,694,2463.0,1950.0,1093.0,6200.0,5800,246800,201389,132036,48,No,2022,3,4,77,11,1,0,4,0,0.4833,5905.0,5505.0,1686.0,5119.0,1,0,0,1
2022-03-19,Saturday,5800,894,2614.0,2109.0,1030.0,6647.0,0,312397,219382,150766,1,Yes,2022,3,5,78,11,1,1,5,1,0.0,5783.0,5989.0,5800.0,6200.0,0,0,0,1
2022-03-20,Sunday,12000,661,2603.0,1987.0,1100.0,6351.0,5649,282486,187205,110809,47,No,2022,3,6,79,11,1,1,6,0,0.4708,5795.0,6399.0,0.0,6647.0,1,0,0,1
2022-03-21,Monday,5649,535,1902.0,1633.0,974.0,5044.0,605,216472,166383,117422,5,Yes,2022,3,0,80,12,1,0,0,1,0.0504,5724.0,6014.0,5649.0,6351.0,0,0,0,1
2022-03-22,Tuesday,12000,576,2099.0,1639.0,1422.0,5736.0,6264,224359,185533,122749,52,No,2022,3,1,81,12,1,0,1,0,0.522,5756.0,5710.0,605.0,5044.0,1,0,0,1
2022-03-23,Wednesday,6264,532,1842.0,1367.0,890.0,4631.0,1633,195439,135962,88421,13,Yes,2022,3,2,82,12,1,0,2,1,0.1361,5675.0,5137.0,6264.0,5736.0,0,0,0,1
2022-03-24,Thursday,12000,636,2353.0,1902.0,931.0,5822.0,6178,258664,162347,118755,51,No,2022,3,3,83,12,1,0,3,0,0.5148,5776.0,5396.0,1633.0,4631.0,1,0,0,1
2022-03-25,Friday,6178,633,2390.0,1987.0,1045.0,6055.0,123,249111,200724,117149,1,Yes,2022,3,4,84,12,1,0,4,1,0.0102,5755.0,5503.0,6178.0,5822.0,0,0,0,1
2022-03-26,Saturday,12000,816,2710.0,1971.0,1160.0,6657.0,5343,298470,228578,122065,44,No,2022,3,5,85,12,1,1,5,0,0.4452,5757.0,6178.0,123.0,6055.0,1,0,0,1
2022-03-27,Sunday,5343,884,2272.0,1942.0,1267.0,6365.0,0,252902,225989,130989,1,Yes,2022,3,6,86,12,1,1,6,1,0.0,5759.0,6359.0,5343.0,6657.0,0,0,0,1
2022-03-28,Monday,12000,626,2079.0,1477.0,1018.0,5200.0,6800,246036,157994,95843,56,No,2022,3,0,87,13,1,0,0,0,0.5667,5781.0,6074.0,0.0,6365.0,1,0,0,1
2022-03-29,Tuesday,6800,727,1950.0,1706.0,999.0,5382.0,1418,229129,187487,115773,11,Yes,2022,3,1,88,13,1,0,1,1,0.1182,5730.0,5649.0,6800.0,5200.0,0,0,0,1
2022-03-30,Wednesday,12000,605,2038.0,1824.0,1080.0,5547.0,6453,246277,154544,125073,53,No,2022,3,2,89,13,1,0,2,0,0.5377,5861.0,5376.0,1418.0,5382.0,1,0,0,1
2022-03-31,Thursday,6453,713,2110.0,1959.0,1207.0,5989.0,464,233681,187718,105246,3,Yes,2022,3,3,90,13,1,0,3,1,0.0387,5885.0,5639.0,6453.0,5547.0,0,0,0,1
2022-04-01,Friday,12000,680,2117.0,1900.0,1135.0,5832.0,6168,274159,165693,140428,51,No,2022,4,4,91,13,2,0,4,0,0.514,5853.0,5789.0,464.0,5989.0,1,0,0,1
2022-04-02,Saturday,6168,771,2480.0,1946.0,1649.0,6942.0,0,283117,230712,135188,1,Yes,2022,4,5,92,13,2,1,5,1,0.0,5894.0,6254.0,6168.0,5832.0,0,0,0,1
2022-04-03,Sunday,12000,917,2534.0,2032.0,1246.0,6729.0,5271,286623,213534,133943,43,No,2022,4,6,93,13,2,1,6,0,0.4392,5946.0,6501.0,0.0,6942.0,1,0,0,1
2022-04-04,Monday,5271,675,2084.0,1472.0,1135.0,5366.0,0,218804,180232,119537,1,Yes,2022,4,0,94,14,2,0,0,1,0.0,5970.0,6346.0,5271.0,6729.0,0,0,0,1
2022-04-05,Tuesday,12000,701,2068.0,1665.0,1188.0,5622.0,6378,254482,159634,116149,53,No,2022,4,1,95,14,2,0,1,0,0.5315,6004.0,5906.0,0.0,5366.0,1,0,0,1
2022-04-06,Wednesday,6378,616,2128.0,1668.0,1181.0,5593.0,785,246628,180176,122071,6,Yes,2022,4,2,96,14,2,0,2,1,0.0654,6010.0,5527.0,6378.0,5622.0,0,0,0,1
2022-04-07,Thursday,12000,729,2177.0,1834.0,872.0,5612.0,6388,224723,185191,115886,53,No,2022,4,3,97,14,2,0,3,0,0.5323,5957.0,5609.0,785.0,5593.0,1,0,0,1
2022-04-08,Friday,6388,826,2713.0,2008.0,1107.0,6654.0,0,279851,184704,139289,1,Yes,2022,4,4,98,14,2,0,4,1,0.0,6074.0,5953.0,6388.0,5612.0,0,0,0,1
2022-04-09,Saturday,12000,889,2662.0,1940.0,1315.0,6806.0,5194,306013,206071,131394,43,No,2022,4,5,99,14,2,1,5,0,0.4328,6055.0,6357.0,0.0,6654.0,1,0,0,1
2022-04-10,Sunday,5194,881,2742.0,2135.0,1407.0,7165.0,0,291805,193897,170471,1,Yes,2022,4,6,100,14,2,1,6,1,0.0,6117.0,6875.0,5194.0,6806.0,0,0,0,1
2022-04-11,Monday,12000,556,1908.0,1671.0,1049.0,5184.0,6816,220973,163642,121004,56,No,2022,4,0,101,15,2,0,0,0,0.568,6091.0,6385.0,0.0,7165.0,1,0,0,1
2022-04-12,Tuesday,6816,751,2071.0,1671.0,886.0,5379.0,1437,234876,188018,113636,11,Yes,2022,4,1,102,15,2,0,1,1,0.1198,6056.0,5909.0,6816.0,5184.0,0,0,0,1
2022-04-13,Wednesday,12000,772,2221.0,1643.0,934.0,5570.0,6430,250146,171551,121581,53,No,2022,4,2,103,15,2,0,2,0,0.5358,6053.0,5378.0,1437.0,5379.0,1,0,0,1
2022-04-14,Thursday,6430,529,2071.0,1603.0,1046.0,5249.0,1181,248441,175493,108660,9,Yes,2022,4,3,104,15,2,0,3,1,0.0984,6001.0,5399.0,6430.0,5570.0,0,0,0,1
2022-04-15,Friday,12000,727,2390.0,1953.0,1275.0,6345.0,5655,264085,190812,146049,47,No,2022,4,4,105,15,2,0,4,0,0.4712,5957.0,5721.0,1181.0,5249.0,1,0,0,1
2022-04-16,Saturday,5655,739,2503.0,2201.0,1378.0,6821.0,0,304682,234968,130477,1,Yes,2022,4,5,106,15,2,1,5,1,0.0,5959.0,6138.0,5655.0,6345.0,0,0,0,1
2022-04-17,Sunday,12000,853,2760.0,1981.0,1234.0,6828.0,5172,291968,204178,138367,43,No,2022,4,6,107,15,2,1,6,0,0.431,5911.0,6665.0,0.0,6821.0,1,0,0,1
2022-04-18,Monday,5172,553,1988.0,1524.0,1189.0,5254.0,0,229949,158229,100902,1,Yes,2022,4,0,108,16,2,0,0,1,0.0,5921.0,6301.0,5172.0,6828.0,0,0,0,1
2022-04-19,Tuesday,12000,862,2470.0,1735.0,1173.0,6240.0,5760,248260,170581,113098,48,No,2022,4,1,109,16,2,0,1,0,0.48,6044.0,6107.0,0.0,5254.0,1,0,0,1
2022-04-20,Wednesday,5760,616,1873.0,1588.0,1063.0,5140.0,620,199905,143473,98258,5,Yes,2022,4,2,110,16,2,0,2,1,0.0517,5982.0,5545.0,5760.0,6240.0,0,0,0,1
2022-04-21,Thursday,12000,853,2524.0,1982.0,864.0,6223.0,5777,273090,218036,133911,48,No,2022,4,3,111,16,2,0,3,0,0.4814,6122.0,5868.0,620.0,5140.0,1,0,0,1
2022-04-22,Friday,5777,787,2473.0,1893.0,1337.0,6490.0,0,262182,190263,159419,1,Yes,2022,4,4,112,16,2,0,4,1,0.0,6142.0,5951.0,5777.0,6223.0,0,0,0,1
2022-04-23,Saturday,12000,884,2619.0,2163.0,1573.0,7239.0,4761,322100,228675,164236,39,No,2022,4,5,113,16,2,1,5,0,0.3968,6202.0,6651.0,0.0,6490.0,1,0,0,1
2022-04-24,Sunday,4761,883,2287.0,2029.0,1156.0,6355.0,0,261512,182484,142599,1,Yes,2022,4,6,114,16,2,1,6,1,0.0,6134.0,6695.0,4761.0,7239.0,0,0,0,1
2022-04-25,Monday,12000,596,1792.0,1524.0,929.0,4841.0,7159,207876,167374,102463,59,No,2022,4,0,115,17,2,0,0,0,0.5966,6075.0,6145.0,0.0,6355.0,1,0,0,1
2022-04-26,Tuesday,7159,721,2026.0,1517.0,1172.0,5436.0,1723,221574,191591,115790,14,Yes,2022,4,1,116,17,2,0,1,1,0.1436,5961.0,5544.0,7159.0,4841.0,0,0,0,1
2022-04-27,Wednesday,12000,700,2023.0,1652.0,1152.0,5527.0,6473,235738,178286,117317,53,No,2022,4,2,117,17,2,0,2,0,0.5394,6016.0,5268.0,1723.0,5436.0,1,0,0,1
2022-04-28,Thursday,6473,789,2073.0,1647.0,1340.0,5849.0,624,259797,177278,118428,5,Yes,2022,4,3,118,17,2,0,3,1,0.052,5962.0,5604.0,6473.0,5527.0,0,0,0,1
2022-04-29,Friday,12000,699,2272.0,1717.0,992.0,5680.0,6320,266986,206639,136038,52,No,2022,4,4,119,17,2,0,4,0,0.5267,5847.0,5685.0,624.0,5849.0,1,0,0,1
2022-04-30,Saturday,6320,738,2569.0,2092.0,1649.0,7227.0,0,290298,251405,166502,1,Yes,2022,4,5,120,17,2,1,5,1,0.0,5845.0,6252.0,6320.0,5680.0,0,0,0,1
2022-05-01,Sunday,12000,814,2614.0,2011.0,1212.0,6651.0,5349,272605,218252,122563,44,No,2022,5,6,121,17,2,1,6,0,0.4458,5887.0,6519.0,0.0,7227.0,1,0,0,1
2022-05-02,Monday,5349,698,2247.0,1666.0,997.0,5608.0,0,226629,190166,124714,1,Yes,2022,5,0,122,18,2,0,0,1,0.0,5997.0,6495.0,5349.0,6651.0,0,0,0,1
2022-05-03,Tuesday,12000,705,2100.0,1717.0,694.0,5216.0,6784,242566,184631,129787,56,No,2022,5,1,123,18,2,0,1,0,0.5653,5965.0,5825.0,0.0,5608.0,1,0,0,1
2022-05-04,Wednesday,6784,680,1976.0,1569.0,822.0,5047.0,1737,198402,182609,117873,14,Yes,2022,5,2,124,18,2,0,2,1,0.1448,5897.0,5290.0,6784.0,5216.0,0,0,0,1
2022-05-05,Thursday,12000,648,2270.0,1831.0,1058.0,5807.0,6193,251015,167289,109516,51,No,2022,5,3,125,18,2,0,3,0,0.5161,5891.0,5357.0,1737.0,5047.0,1,0,0,1
2022-05-06,Friday,6193,729,2142.0,1900.0,1287.0,6058.0,135,282007,179284,133463,1,Yes,2022,5,4,126,18,2,0,4,1,0.0112,5945.0,5637.0,6193.0,5807.0,0,0,0,1
2022-05-07,Saturday,12000,890,2808.0,2279.0,1523.0,7500.0,4500,329055,238001,175579,37,No,2022,5,5,127,18,2,1,5,0,0.375,5984.0,6455.0,135.0,6058.0,1,0,0,1
2022-05-08,Sunday,4500,808,2757.0,2238.0,1102.0,6905.0,0,303957,230401,142247,1,Yes,2022,5,6,128,18,2,1,6,1,0.0,6020.0,6821.0,4500.0,7500.0,0,0,0,1
2022-05-09,Monday,12000,712,2142.0,1480.0,973.0,5307.0,6693,255826,172634,121382,55,No,2022,5,0,129,19,2,0,0,0,0.5578,5977.0,6571.0,0.0,6905.0,1,0,0,1
2022-05-10,Tuesday,6693,714,2037.0,1818.0,960.0,5529.0,1164,224555,196099,113602,9,Yes,2022,5,1,130,19,2,0,1,1,0.097,6022.0,5914.0,6693.0,5307.0,0,0,0,1
2022-05-11,Wednesday,12000,754,2216.0,1689.0,1080.0,5739.0,6261,259717,159871,116199,52,No,2022,5,2,131,19,2,0,2,0,0.5218,6121.0,5525.0,1164.0,5529.0,1,0,0,1
2022-05-12,Thursday,6261,671,2173.0,1806.0,1094.0,5744.0,517,246640,171053,126687,4,Yes,2022,5,3,132,19,2,0,3,1,0.0431,6112.0,5671.0,6261.0,5739.0,0,0,0,1
2022-05-13,Friday,12000,792,2127.0,1890.0,1060.0,5869.0,6131,250712,169095,115746,51,No,2022,5,4,133,19,2,0,4,0,0.5109,6085.0,5784.0,517.0,5744.0,1,0,0,1
2022-05-14,Saturday,6131,728,2548.0,2099.0,1580.0,6955.0,0,294487,233101,135654,1,Yes,2022,5,5,134,19,2,1,5,1,0.0,6007.0,6189.0,6131.0,5869.0,0,0,0,1
2022-05-15,Sunday,12000,851,2669.0,1916.0,1316.0,6752.0,5248,296164,189809,144336,43,No,2022,5,6,135,19,2,1,6,0,0.4373,5985.0,6525.0,0.0,6955.0,1,0,0,1
2022-05-16,Monday,5248,643,1663.0,1449.0,980.0,4735.0,513,212390,159372,93246,4,Yes,2022,5,0,136,20,2,0,0,1,0.0428,5903.0,6147.0,5248.0,6752.0,0,0,0,1
2022-05-17,Tuesday,12000,732,1949.0,1519.0,1160.0,5360.0,6640,234038,162434,130802,55,No,2022,5,1,137,20,2,0,1,0,0.5533,5879.0,5616.0,513.0,4735.0,1,0,0,1
2022-05-18,Wednesday,6640,563,2254.0,1551.0,1224.0,5592.0,1048,224180,189322,134613,8,Yes,2022,5,2,138,20,2,0,2,1,0.0873,5858.0,5229.0,6640.0,5360.0,0,0,0,1
2022-05-19,Thursday,12000,578,1995.0,1640.0,1449.0,5662.0,6338,253261,196482,119022,52,No,2022,5,3,139,20,2,0,3,0,0.5282,5846.0,5538.0,1048.0,5592.0,1,0,0,1
2022-05-20,Friday,6338,772,2653.0,2157.0,1077.0,6659.0,0,266138,205711,132724,1,Yes,2022,5,4,140,20,2,0,4,1,0.0,5959.0,5971.0,6338.0,5662.0,0,0,0,1
2022-05-21,Saturday,12000,875,2676.0,2055.0,1304.0,6910.0,5090,314404,190189,175612,42,No,2022,5,5,141,20,2,1,5,0,0.4242,5953.0,6410.0,0.0,6659.0,1,0,0,1
2022-05-22,Sunday,5090,944,2603.0,1959.0,1408.0,6928.0,0,315353,214427,147726,1,Yes,2022,5,6,142,20,2,1,6,1,0.0,5978.0,6832.0,5090.0,6910.0,0,0,0,1
2022-05-23,Monday,12000,617,1662.0,1262.0,921.0,4462.0,7538,194961,149619,96601,62,No,2022,5,0,143,21,2,0,0,0,0.6282,5939.0,6100.0,0.0,6928.0,1,0,0,1
2022-05-24,Tuesday,7538,687,1931.0,1427.0,956.0,5001.0,2537,221620,150546,121636,21,No,2022,5,1,144,21,2,0,1,0,0.2114,5888.0,5464.0,7538.0,4462.0,2,0,0,1
2022-05-25,Wednesday,2537,632,2255.0,1552.0,1093.0,5532.0,0,247848,164827,121132,1,Yes,2022,5,2,145,21,2,0,2,1,0.0,5879.0,4998.0,2537.0,5001.0,0,0,0,1
2022-05-26,Thursday,12000,699,2237.0,1713.0,1302.0,5951.0,6049,253043,199360,137006,50,No,2022,5,3,146,21,2,0,3,0,0.5041,5920.0,5495.0,0.0,5532.0,1,0,0,1
2022-05-27,Friday,6049,852,2172.0,1981.0,1084.0,6089.0,0,246711,206507,149510,1,Yes,2022,5,4,147,21,2,0,4,1,0.0,5839.0,5857.0,6049.0,5951.0,0,0,0,1
2022-05-28,Saturday,12000,944,2860.12,2279.8399999999992,1045.0,7500.0,4500,321465,218631,180902,37,No,2022,5,5,148,21,2,1,5,0,0.375,5923.0,6513.0,0.0,6089.0,1,0,0,1
2022-05-29,Sunday,4500,873,2602.0,2279.8399999999992,1481.0,7382.0,0,299382,252032,171067,1,Yes,2022,5,6,149,21,2,1,6,1,0.0,5988.0,6990.0,4500.0,7500.0,0,0,0,1
2022-05-30,Monday,12000,577,1891.0,1609.0,972.0,5049.0,6951,209598,175307,95686,57,No,2022,5,0,150,22,2,0,0,0,0.5792,6072.0,6644.0,0.0,7382.0,1,0,0,1
2022-05-31,Tuesday,6951,567,2234.0,1779.0,993.0,5573.0,1378,247424,169889,122017,11,Yes,2022,5,1,151,22,2,0,1,1,0.1148,6154.0,6001.0,6951.0,5049.0,0,0,0,1
2022-06-01,Wednesday,12000,547,1723.0,1329.0,690.0,4289.0,7711,177815,140435,106022,64,No,2022,6,2,152,22,2,0,2,0,0.6426,5976.0,4970.0,1378.0,5573.0,1,0,1,0
2022-06-02,Thursday,7711,657,1924.0,1365.0,821.0,4767.0,2944,224731,149640,103242,24,No,2022,6,3,153,22,2,0,3,0,0.2453,5807.0,4876.0,7711.0,4289.0,2,0,1,0
2022-06-03,Friday,2944,469,1769.0,1290.0,954.0,4482.0,0,189153,126941,98496,1,Yes,2022,6,4,154,22,2,0,4,1,0.0,5577.0,4513.0,2944.0,4767.0,0,0,1,0
2022-06-04,Saturday,12000,633,2063.0,1433.0,1041.0,5170.0,6830,211554,187872,109789,56,No,2022,6,5,155,22,2,1,5,0,0.5692,5245.0,4806.0,0.0,4482.0,1,0,1,0
2022-06-05,Sunday,6830,852,2209.0,1833.0,1302.0,6196.0,634,263049,200898,143209,5,Yes,2022,6,6,156,22,2,1,6,1,0.0528,5075.0,5283.0,6830.0,5170.0,0,0,1,0
2022-06-06,Monday,12000,508,1612.0,1205.0,1134.0,4459.0,7541,182533,142115,82077,62,No,2022,6,0,157,23,2,0,0,0,0.6284,4991.0,5275.0,634.0,6196.0,1,0,1,0
2022-06-07,Tuesday,7541,532,1955.0,1503.0,833.0,4823.0,2718,206984,157550,105239,22,No,2022,6,1,158,23,2,0,1,0,0.2265,4884.0,5159.0,7541.0,4459.0,2,0,1,0
2022-06-08,Wednesday,2718,608,1662.0,1422.0,688.0,4380.0,0,186094,153832,84815,1,Yes,2022,6,2,159,23,2,0,2,1,0.0,4897.0,4554.0,2718.0,4823.0,0,0,1,0
2022-06-09,Thursday,12000,523,1745.0,1301.0,1010.0,4579.0,7421,200055,132997,86117,61,No,2022,6,3,160,23,2,0,3,0,0.6184,4870.0,4594.0,0.0,4380.0,1,0,1,0
2022-06-10,Friday,7421,623,2117.0,1783.0,912.0,5435.0,1986,242779,168384,130777,16,Yes,2022,6,4,161,23,2,0,4,1,0.1655,5006.0,4798.0,7421.0,4579.0,0,0,1,0
2022-06-11,Saturday,12000,587,1962.0,1580.0,1414.0,5543.0,6457,225364,176136,103498,53,No,2022,6,5,162,23,2,1,5,0,0.5381,5059.0,5186.0,1986.0,5435.0,1,0,1,0
2022-06-12,Sunday,6457,628,1911.0,1633.0,1152.0,5324.0,1133,224319,182134,112374,9,Yes,2022,6,6,163,23,2,1,6,1,0.0944,4935.0,5434.0,6457.0,5543.0,0,0,1,0
2022-06-13,Monday,12000,496,1706.0,1372.0,718.0,4292.0,7708,191067,127295,77542,64,No,2022,6,0,164,24,2,0,0,0,0.6423,4911.0,5053.0,1133.0,5324.0,1,0,1,0
2022-06-14,Tuesday,7708,574,1708.0,1327.0,633.0,4242.0,3466,167992,128271,89698,28,No,2022,6,1,165,24,2,0,1,0,0.2888,4828.0,4619.0,7708.0,4292.0,2,0,1,0
2022-06-15,Wednesday,3466,530,1497.0,1279.0,787.0,4093.0,0,172350,130171,76760,1,Yes,2022,6,2,166,24,2,0,2,1,0.0,4787.0,4209.0,3466.0,4242.0,0,0,1,0
2022-06-16,Thursday,12000,554,1961.0,1517.0,931.0,4963.0,7037,223940,159939,113885,58,No,2022,6,3,167,24,2,0,3,0,0.5864,4842.0,4433.0,0.0,4093.0,1,0,1,0
2022-06-17,Friday,7037,634,1992.0,1497.0,835.0,4958.0,2079,216621,142816,99371,17,No,2022,6,4,168,24,2,0,4,0,0.1732,4774.0,4671.0,7037.0,4963.0,2,0,1,0
2022-06-18,Saturday,2079,694,2144.0,1891.0,1021.0,5750.0,0,248784,196456,119212,1,Yes,2022,6,5,169,24,2,1,5,1,0.0,4803.0,5224.0,2079.0,4958.0,0,0,1,0
2022-06-19,Sunday,12000,765,2184.0,1740.0,1253.0,5942.0,6058,270892,193336,138612,50,No,2022,6,6,170,24,2,1,6,0,0.5048,4891.0,5550.0,0.0,5750.0,1,0,1,0
2022-06-20,Monday,6058,497,1736.0,1480.0,802.0,4515.0,1543,197258,153749,114672,12,Yes,2022,6,0,171,25,2,0,0,1,0.1286,4923.0,5402.0,6058.0,5942.0,0,0,1,0
2022-06-21,Tuesday,12000,455,1589.0,1384.0,909.0,4337.0,7663,196100,132469,86726,63,No,2022,6,1,172,25,2,0,1,0,0.6386,4937.0,4931.0,1543.0,4515.0,1,0,1,0
2022-06-22,Wednesday,7663,483,1805.0,1318.0,920.0,4526.0,3137,182411,154404,90608,26,No,2022,6,2,173,25,2,0,2,0,0.2614,4999.0,4459.0,7663.0,4337.0,2,0,1,0
2022-06-23,Thursday,3137,491,1708.0,1406.0,1089.0,4694.0,0,209208,162329,95233,1,Yes,2022,6,3,174,25,2,0,3,1,0.0,4960.0,4519.0,3137.0,4526.0,0,0,1,0
2022-06-24,Friday,12000,505,1845.0,1452.0,1143.0,4945.0,7055,203568,175006,115236,58,No,2022,6,4,175,25,2,0,4,0,0.5879,4958.0,4722.0,0.0,4694.0,1,0,1,0
2022-06-25,Saturday,7055,656,2237.0,1868.0,1375.0,6136.0,919,256201,186260,117925,7,Yes,2022,6,5,176,25,2,1,5,1,0.0766,5014.0,5258.0,7055.0,4945.0,0,0,1,0
2022-06-26,Sunday,12000,784,2195.0,1803.0,951.0,5733.0,6267,247128,170902,105135,52,No,2022,6,6,177,25,2,1,6,0,0.5222,4984.0,5605.0,919.0,6136.0,1,0,1,0
2022-06-27,Monday,6267,612,1634.0,1381.0,774.0,4401.0,1866,182651,148350,83705,15,Yes,2022,6,0,178,26,2,0,0,1,0.1555,4967.0,5423.0,6267.0,5733.0,0,0,1,0
2022-06-28,Tuesday,12000,564,1630.0,1228.0,967.0,4389.0,7611,192109,123986,99114,63,No,2022,6,1,179,26,2,0,1,0,0.6342,4975.0,4841.0,1866.0,4401.0,1,0,1,0
2022-06-29,Wednesday,7611,579,1647.0,1310.0,1079.0,4615.0,2996,200523,154791,111271,24,No,2022,6,2,180,26,2,0,2,0,0.2497,4988.0,4468.0,7611.0,4389.0,2,0,1,0
2022-06-30,Thursday,2996,594,1639.0,1449.0,967.0,4649.0,0,210527,140540,95304,1,Yes,2022,6,3,181,26,2,0,3,1,0.0,4981.0,4551.0,2996.0,4615.0,0,0,1,0
2022-07-01,Friday,12000,486,1813.0,1496.0,952.0,4747.0,7253,219131,151987,90280,60,No,2022,7,4,182,26,3,0,4,0,0.6044,4953.0,4670.0,0.0,4649.0,1,0,1,0
2022-07-02,Saturday,7253,608,2245.0,1601.0,1163.0,5617.0,1636,240268,160272,118240,13,Yes,2022,7,5,183,26,3,1,5,1,0.1363,4879.0,5004.0,7253.0,4747.0,0,0,1,0
2022-07-03,Sunday,12000,673,2339.0,1790.0,961.0,5763.0,6237,255695,187326,135031,51,No,2022,7,6,184,26,3,1,6,0,0.5198,4883.0,5376.0,1636.0,5617.0,1,0,1,0
2022-07-04,Monday,6237,429,1552.0,1380.0,908.0,4269.0,1968,198650,130946,89626,16,Yes,2022,7,0,185,27,3,0,0,1,0.164,4864.0,5216.0,6237.0,5763.0,0,0,1,0
2022-07-05,Tuesday,12000,470,1781.0,1402.0,1021.0,4674.0,7326,203764,137953,86993,61,No,2022,7,1,186,27,3,0,1,0,0.6105,4905.0,4902.0,1968.0,4269.0,1,0,1,0
2022-07-06,Wednesday,7326,436,1618.0,1192.0,1031.0,4277.0,3049,181617,149499,104354,25,No,2022,7,2,187,27,3,0,2,0,0.2541,4857.0,4407.0,7326.0,4674.0,2,0,1,0
2022-07-07,Thursday,3049,510,1671.0,1324.0,990.0,4495.0,0,191713,133787,104962,1,Yes,2022,7,3,188,27,3,0,3,1,0.0,4835.0,4482.0,3049.0,4277.0,0,0,1,0
2022-07-08,Friday,12000,564,2114.0,1655.0,1304.0,5637.0,6363,232696,179669,123951,53,No,2022,7,4,189,27,3,0,4,0,0.5302,4962.0,4803.0,0.0,4495.0,1,0,1,0
2022-07-09,Saturday,6363,714,2488.0,1790.0,1494.0,6486.0,0,248201,177972,126298,1,Yes,2022,7,5,190,27,3,1,5,1,0.0,5086.0,5539.0,6363.0,5637.0,0,0,1,0
2022-07-10,Sunday,12000,648,1964.0,1377.0,852.0,4841.0,7159,225608,144145,107926,59,No,2022,7,6,191,27,3,1,6,0,0.5966,4954.0,5655.0,0.0,6486.0,1,0,1,0
2022-07-11,Monday,7159,478,1509.0,1190.0,732.0,3909.0,3250,172243,112458,92285,27,No,2022,7,0,192,28,3,0,0,0,0.2708,4903.0,5079.0,7159.0,4841.0,2,0,1,0
2022-07-12,Tuesday,3250,498,1714.0,1318.0,1297.0,4827.0,0,199171,140821,95068,1,Yes,2022,7,1,193,28,3,0,1,1,0.0,4925.0,4526.0,3250.0,3909.0,0,0,1,0
2022-07-13,Wednesday,12000,574,1622.0,1162.0,937.0,4295.0,7705,188142,153074,79906,64,No,2022,7,2,194,28,3,0,2,0,0.6421,4927.0,4344.0,0.0,4827.0,1,0,1,0
2022-07-14,Thursday,7705,437,1694.0,1229.0,850.0,4210.0,3495,172576,117967,75718,29,No,2022,7,3,195,28,3,0,3,0,0.2912,4886.0,4444.0,7705.0,4295.0,2,0,1,0
2022-07-15,Friday,3495,682,2122.0,1580.0,927.0,5311.0,0,206339,171262,98570,1,Yes,2022,7,4,196,28,3,0,4,1,0.0,4840.0,4605.0,3495.0,4210.0,0,0,1,0
2022-07-16,Saturday,12000,825,2433.0,1990.0,847.0,6095.0,5905,267989,176063,117285,49,No,2022,7,5,197,28,3,1,5,0,0.4921,4784.0,5205.0,0.0,5311.0,1,0,1,0
2022-07-17,Sunday,5905,808,2200.0,1759.0,1373.0,6140.0,0,259435,170514,134748,1,Yes,2022,7,6,198,28,3,1,6,1,0.0,4970.0,5849.0,5905.0,6095.0,0,0,1,0
2022-07-18,Monday,12000,615,1819.0,1243.0,775.0,4452.0,7548,192867,129937,88536,62,No,2022,7,0,199,29,3,0,0,0,0.629,5047.0,5562.0,0.0,6140.0,1,0,1,0
2022-07-19,Tuesday,7548,562,1568.0,1257.0,829.0,4216.0,3332,199244,144384,92617,27,No,2022,7,1,200,29,3,0,1,0,0.2777,4960.0,4936.0,7548.0,4452.0,2,0,1,0
2022-07-20,Wednesday,3332,615,1685.0,1363.0,964.0,4627.0,0,209046,129274,102771,1,Yes,2022,7,2,201,29,3,0,2,1,0.0,5007.0,4432.0,3332.0,4216.0,0,0,1,0
2022-07-21,Thursday,12000,491,1676.0,1375.0,894.0,4436.0,7564,188453,139259,94110,63,No,2022,7,3,202,29,3,0,3,0,0.6303,5040.0,4426.0,0.0,4627.0,1,0,1,0
2022-07-22,Friday,7564,537,1685.0,1450.0,1022.0,4694.0,2870,209715,162690,94923,23,No,2022,7,4,203,29,3,0,4,0,0.2392,4951.0,4586.0,7564.0,4436.0,2,0,1,0
2022-07-23,Saturday,2870,741,2131.0,1647.0,1348.0,5867.0,0,262439,175723,134961,1,Yes,2022,7,5,204,29,3,1,5,1,0.0,4919.0,4999.0,2870.0,4694.0,0,0,1,0
2022-07-24,Sunday,12000,692,2226.0,1569.0,1239.0,5726.0,6274,233275,186718,118297,52,No,2022,7,6,205,29,3,1,6,0,0.5228,4860.0,5429.0,0.0,5867.0,1,0,1,0
2022-07-25,Monday,6274,523,1729.0,1190.0,843.0,4285.0,1989,180735,133348,103971,16,Yes,2022,7,0,206,30,3,0,0,1,0.1658,4836.0,5293.0,6274.0,5726.0,0,0,1,0
2022-07-26,Tuesday,12000,523,1479.0,1148.0,804.0,3954.0,8046,170655,125443,78712,67,No,2022,7,1,207,30,3,0,1,0,0.6705,4798.0,4655.0,1989.0,4285.0,1,0,1,0
2022-07-27,Wednesday,8046,599,1698.0,1443.0,869.0,4609.0,3437,181483,149539,91087,28,No,2022,7,2,208,30,3,0,2,0,0.2864,4796.0,4283.0,8046.0,3954.0,2,0,1,0
2022-07-28,Thursday,3437,607,1726.0,1233.0,899.0,4465.0,0,197950,130267,113581,1,Yes,2022,7,3,209,30,3,0,3,1,0.0,4800.0,4343.0,3437.0,4609.0,0,0,1,0
2022-07-29,Friday,12000,583,2145.0,1755.0,922.0,5405.0,6595,230390,158484,109649,54,No,2022,7,4,210,30,3,0,4,0,0.5496,4902.0,4826.0,0.0,4465.0,1,0,1,0
2022-07-30,Saturday,6595,743,2188.0,1519.0,1144.0,5594.0,1001,248485,176204,120974,8,Yes,2022,7,5,211,30,3,1,5,1,0.0834,4863.0,5155.0,6595.0,5405.0,0,0,1,0
2022-07-31,Sunday,12000,747,2024.0,1676.0,1202.0,5649.0,6351,221169,180199,132448,52,No,2022,7,6,212,30,3,1,6,0,0.5292,4852.0,5549.0,1001.0,5594.0,1,0,1,0
2022-08-01,Monday,6351,471,1601.0,1234.0,1094.0,4400.0,1951,191666,142336,101352,16,Yes,2022,8,0,213,31,3,0,0,1,0.1626,4868.0,5214.0,6351.0,5649.0,0,0,1,0
2022-08-02,Tuesday,12000,512,1781.0,1376.0,1014.0,4683.0,7317,194666,149479,93148,60,No,2022,8,1,214,31,3,0,1,0,0.6098,4972.0,4911.0,1951.0,4400.0,1,0,1,0
2022-08-03,Wednesday,7317,541,1481.0,1170.0,854.0,4046.0,3271,172696,120828,89725,27,No,2022,8,2,215,31,3,0,2,0,0.2726,4892.0,4376.0,7317.0,4683.0,2,0,1,0
2022-08-04,Thursday,3271,557,1747.0,1315.0,875.0,4494.0,0,197312,137445,97422,1,Yes,2022,8,3,216,31,3,0,3,1,0.0,4896.0,4408.0,3271.0,4046.0,0,0,1,0
2022-08-05,Friday,12000,504,1901.0,1408.0,946.0,4759.0,7241,228376,140962,83126,60,No,2022,8,4,217,31,3,0,4,0,0.6034,4804.0,4433.0,0.0,4494.0,1,0,1,0
2022-08-06,Saturday,7241,682,2393.0,1748.0,1311.0,6134.0,1107,258002,189915,126940,9,Yes,2022,8,5,218,31,3,1,5,1,0.0922,4881.0,5129.0,7241.0,4759.0,0,0,1,0
2022-08-07,Sunday,12000,602,2172.0,1654.0,1238.0,5666.0,6334,224998,172332,142769,52,No,2022,8,6,219,31,3,1,6,0,0.5278,4883.0,5520.0,1107.0,6134.0,1,0,1,0
2022-08-08,Monday,6334,487,1703.0,1466.0,929.0,4585.0,1749,183721,131933,101493,14,Yes,2022,8,0,220,32,3,0,0,1,0.1458,4910.0,5462.0,6334.0,5666.0,0,0,1,0
2022-08-09,Tuesday,12000,545,1526.0,1374.0,776.0,4221.0,7779,181169,118637,96141,64,No,2022,8,1,221,32,3,0,1,0,0.6482,4844.0,4824.0,1749.0,4585.0,1,0,1,0
2022-08-10,Wednesday,7779,526,1666.0,1370.0,1162.0,4724.0,3055,209374,161444,103584,25,No,2022,8,2,222,32,3,0,2,0,0.2546,4940.0,4510.0,7779.0,4221.0,2,0,1,0
2022-08-11,Thursday,3055,469,1632.0,1340.0,1078.0,4519.0,0,192069,136732,78872,1,Yes,2022,8,3,223,32,3,0,3,1,0.0,4944.0,4488.0,3055.0,4724.0,0,0,1,0
2022-08-12,Friday,12000,623,1864.0,1425.0,906.0,4818.0,7182,191219,143846,105636,59,No,2022,8,4,224,32,3,0,4,0,0.5985,4952.0,4687.0,0.0,4519.0,1,0,1,0
2022-08-13,Saturday,7182,745,2371.0,1836.0,962.0,5914.0,1268,241683,185407,123573,10,Yes,2022,8,5,225,32,3,1,5,1,0.1057,4921.0,5084.0,7182.0,4818.0,0,0,1,0
2022-08-14,Sunday,12000,679,2102.0,1836.0,1223.0,5840.0,6160,255999,193773,106612,51,No,2022,8,6,226,32,3,1,6,0,0.5133,4946.0,5524.0,1268.0,5914.0,1,0,1,0
2022-08-15,Monday,6160,463,1617.0,1212.0,1145.0,4437.0,1723,189979,144914,88595,14,Yes,2022,8,0,227,33,3,0,0,1,0.1436,4925.0,5397.0,6160.0,5840.0,0,0,1,0
2022-08-16,Tuesday,12000,649,1997.0,1606.0,768.0,5020.0,6980,215166,149738,129142,58,No,2022,8,1,228,33,3,0,1,0,0.5817,5039.0,5099.0,1723.0,4437.0,1,0,1,0
2022-08-17,Wednesday,6980,614,1784.0,1511.0,756.0,4665.0,2315,189312,130869,89187,19,No,2022,8,2,229,33,3,0,2,0,0.1929,5030.0,4707.0,6980.0,5020.0,2,0,1,0
2022-08-18,Thursday,2315,470,1707.0,1407.0,879.0,4463.0,0,188937,150665,106790,1,Yes,2022,8,3,230,33,3,0,3,1,0.0,5022.0,4716.0,2315.0,4665.0,0,0,1,0
2022-08-19,Friday,12000,681,1932.0,1691.0,1028.0,5332.0,6668,212645,191588,109393,55,No,2022,8,4,231,33,3,0,4,0,0.5557,5096.0,4820.0,0.0,4463.0,1,0,1,0
2022-08-20,Saturday,6668,624,2191.0,1991.0,1299.0,6105.0,563,250229,167603,134956,4,Yes,2022,8,5,232,33,3,1,5,1,0.0469,5123.0,5300.0,6668.0,5332.0,0,0,1,0
2022-08-21,Sunday,12000,585,1989.0,1575.0,1221.0,5370.0,6630,225515,168709,113779,55,No,2022,8,6,233,33,3,1,6,0,0.5525,5056.0,5602.0,563.0,6105.0,1,0,1,0
2022-08-22,Monday,6630,515,1642.0,1401.0,783.0,4341.0,2289,198728,140035,103301,19,No,2022,8,0,234,34,3,0,0,0,0.1908,5042.0,5272.0,6630.0,5370.0,2,0,1,0
2022-08-23,Tuesday,2289,427,1458.0,1200.0,915.0,4000.0,0,177327,115567,87850,1,Yes,2022,8,1,235,34,3,0,1,1,0.0,4897.0,4570.0,2289.0,4341.0,0,0,1,0
2022-08-24,Wednesday,12000,582,1606.0,1260.0,1138.0,4586.0,7414,187909,131682,100757,61,No,2022,8,2,236,34,3,0,2,0,0.6178,4885.0,4309.0,0.0,4000.0,1,0,1,0
2022-08-25,Thursday,7414,567,1576.0,1341.0,924.0,4408.0,3006,210007,124252,106886,25,No,2022,8,3,237,34,3,0,3,0,0.2505,4877.0,4331.0,7414.0,4586.0,2,0,1,0
2022-08-26,Friday,3006,593,1934.0,1633.0,1316.0,5476.0,0,241107,179393,113644,1,Yes,2022,8,4,238,34,3,0,4,1,0.0,4898.0,4823.0,3006.0,4408.0,0,0,1,0
2022-08-27,Saturday,12000,697,2187.0,1696.0,888.0,5468.0,6532,231037,150402,112565,54,No,2022,8,5,239,34,3,1,5,0,0.5443,4807.0,5117.0,0.0,5476.0,1,0,1,0
2022-08-28,Sunday,6532,782,2112.0,1539.0,1242.0,5675.0,857,251749,195511,114820,7,Yes,2022,8,6,240,34,3,1,6,1,0.0714,4851.0,5540.0,6532.0,5468.0,0,0,1,0
2022-08-29,Monday,12000,491,1555.0,1047.0,751.0,3844.0,8156,156461,128828,92776,67,No,2022,8,0,241,35,3,0,0,0,0.6797,4780.0,4996.0,857.0,5675.0,1,0,1,0
2022-08-30,Tuesday,8156,574,1672.0,1324.0,702.0,4272.0,3884,193027,130694,79871,32,No,2022,8,1,242,35,3,0,1,0,0.3237,4818.0,4597.0,8156.0,3844.0,2,0,1,0
2022-08-31,Wednesday,3884,564,1887.0,1446.0,730.0,4627.0,0,200616,132028,107137,1,Yes,2022,8,2,243,35,3,0,2,1,0.0,4824.0,4248.0,3884.0,4272.0,0,0,1,0
2022-09-01,Thursday,12000,616,1818.0,1340.0,910.0,4684.0,7316,212279,143317,86138,60,No,2022,9,3,244,35,3,0,3,0,0.6097,4864.0,4528.0,0.0,4627.0,1,0,0,0
2022-09-02,Friday,7316,765,2268.0,1863.0,757.0,5653.0,1663,253632,189167,104895,13,Yes,2022,9,4,245,35,3,0,4,1,0.1386,4889.0,4988.0,7316.0,4684.0,0,0,0,0
2022-09-03,Saturday,12000,815,2756.0,2175.0,1345.0,7091.0,4909,302808,206716,146586,40,No,2022,9,5,246,35,3,1,5,0,0.4091,5121.0,5809.0,1663.0,5653.0,1,0,0,0
2022-09-04,Sunday,4909,833,2278.0,1893.0,1194.0,6198.0,0,266630,222234,125697,1,Yes,2022,9,6,247,35,3,1,6,1,0.0,5196.0,6314.0,4909.0,7091.0,0,0,0,0
2022-09-05,Monday,12000,522,1712.0,1309.0,1262.0,4805.0,7195,219333,164757,116597,59,No,2022,9,0,248,36,3,0,0,0,0.5996,5333.0,6031.0,0.0,6198.0,1,0,0,0
2022-09-06,Tuesday,7195,543,2013.0,1428.0,1269.0,5253.0,1942,226527,176298,126287,16,Yes,2022,9,1,249,36,3,0,1,1,0.1618,5473.0,5419.0,7195.0,4805.0,0,0,0,0
2022-09-07,Wednesday,12000,558,1992.0,1688.0,1281.0,5519.0,6481,220420,195247,103972,54,No,2022,9,2,250,36,3,0,2,0,0.5401,5600.0,5192.0,1942.0,5253.0,1,0,0,0
2022-09-08,Thursday,6481,510,1869.0,1644.0,1072.0,5095.0,1386,215412,171382,125403,11,Yes,2022,9,3,251,36,3,0,3,1,0.1155,5659.0,5289.0,6481.0,5519.0,0,0,0,0
2022-09-09,Friday,12000,724,2004.0,1650.0,1200.0,5578.0,6422,259845,182058,130379,53,No,2022,9,4,252,36,3,0,4,0,0.5352,5648.0,5397.0,1386.0,5095.0,1,0,0,0
2022-09-10,Saturday,6422,820,2720.0,1877.0,1284.0,6701.0,0,276876,200176,166011,1,Yes,2022,9,5,253,36,3,1,5,1,0.0,5593.0,5791.0,6422.0,5578.0,0,0,0,0
2022-09-11,Sunday,12000,886,2531.0,1802.0,1308.0,6527.0,5473,280433,175263,144660,45,No,2022,9,6,254,36,3,1,6,0,0.4561,5640.0,6269.0,0.0,6701.0,1,0,0,0
2022-09-12,Monday,5473,598,1793.0,1434.0,1183.0,5008.0,465,205001,157730,114979,3,Yes,2022,9,0,255,37,3,0,0,1,0.0388,5669.0,6079.0,5473.0,6527.0,0,0,0,0
2022-09-13,Tuesday,12000,567,1873.0,1624.0,870.0,4934.0,7066,200511,163577,100266,58,No,2022,9,1,256,37,3,0,1,0,0.5888,5623.0,5490.0,465.0,5008.0,1,0,0,0
2022-09-14,Wednesday,7066,559,1702.0,1259.0,973.0,4493.0,2573,205355,140046,103636,21,No,2022,9,2,257,37,3,0,2,0,0.2144,5477.0,4812.0,7066.0,4934.0,2,0,0,0
2022-09-15,Thursday,2573,644,1976.0,1670.0,940.0,5230.0,0,222133,164424,118277,1,Yes,2022,9,3,258,37,3,0,3,1,0.0,5496.0,4886.0,2573.0,4493.0,0,0,0,0
2022-09-16,Friday,12000,713,2164.0,1799.0,935.0,5611.0,6389,217604,177769,133752,53,No,2022,9,4,259,37,3,0,4,0,0.5324,5501.0,5111.0,0.0,5230.0,1,0,0,0
2022-09-17,Saturday,6389,805,2448.0,1845.0,1222.0,6320.0,69,279842,181352,151997,1,Yes,2022,9,5,260,37,3,1,5,1,0.0058,5446.0,5720.0,6389.0,5611.0,0,0,0,0
2022-09-18,Sunday,12000,886,2363.0,1769.0,1480.0,6498.0,5502,256597,225811,132780,45,No,2022,9,6,261,37,3,1,6,0,0.4585,5442.0,6143.0,69.0,6320.0,1,0,0,0
2022-09-19,Monday,5502,645,2173.0,1704.0,967.0,5489.0,13,245512,169516,109906,1,Yes,2022,9,0,262,38,3,0,0,1,0.0011,5511.0,6102.0,5502.0,6498.0,0,0,0,0
2022-09-20,Tuesday,12000,539,1731.0,1402.0,1255.0,4927.0,7073,197844,139069,96054,58,No,2022,9,1,263,38,3,0,1,0,0.5894,5510.0,5638.0,13.0,5489.0,1,0,0,0
2022-09-21,Wednesday,7073,577,2042.0,1590.0,889.0,5098.0,1975,236015,175087,115870,16,Yes,2022,9,2,264,38,3,0,2,1,0.1646,5596.0,5171.0,7073.0,4927.0,0,0,0,0
2022-09-22,Thursday,12000,600,2072.0,1725.0,1126.0,5523.0,6477,235619,163252,111648,53,No,2022,9,3,265,38,3,0,3,0,0.5397,5638.0,5183.0,1975.0,5098.0,1,0,0,0
2022-09-23,Friday,6477,684,2288.0,1681.0,1050.0,5703.0,774,251718,178947,108400,6,Yes,2022,9,4,266,38,3,0,4,1,0.0645,5651.0,5441.0,6477.0,5523.0,0,0,0,0
2022-09-24,Saturday,12000,781,2320.0,1789.0,908.0,5798.0,6202,259190,162790,109280,51,No,2022,9,5,267,38,3,1,5,0,0.5168,5577.0,5675.0,774.0,5703.0,1,0,0,0
2022-09-25,Sunday,6202,812,2501.0,1816.0,1145.0,6274.0,0,266345,196451,153408,1,Yes,2022,9,6,268,38,3,1,6,1,0.0,5545.0,5925.0,6202.0,5798.0,0,0,0,0
2022-09-26,Monday,12000,602,1770.0,1514.0,1065.0,4951.0,7049,229141,155936,118162,58,No,2022,9,0,269,39,3,0,0,0,0.5874,5468.0,5674.0,0.0,6274.0,1,0,0,0
2022-09-27,Tuesday,7049,703,1949.0,1478.0,993.0,5123.0,1926,203230,149333,93531,16,Yes,2022,9,1,270,39,3,0,1,1,0.1605,5496.0,5449.0,7049.0,4951.0,0,0,0,0
2022-09-28,Wednesday,12000,600,1953.0,1364.0,975.0,4892.0,7108,205881,170857,102644,59,No,2022,9,2,271,39,3,0,2,0,0.5923,5466.0,4989.0,1926.0,5123.0,1,0,0,0
2022-09-29,Thursday,7108,632,1885.0,1620.0,908.0,5045.0,2063,214562,168227,102331,17,No,2022,9,3,272,39,3,0,3,0,0.1719,5398.0,5020.0,7108.0,4892.0,2,0,0,0
2022-09-30,Friday,2063,694,2167.0,1591.0,1173.0,5625.0,0,224624,196045,130991,1,Yes,2022,9,4,273,39,3,0,4,1,0.0,5387.0,5187.0,2063.0,5045.0,0,0,0,0
2022-10-01,Saturday,12000,944,2644.0,2189.0,1649.0,7500.0,4500,317635,221412,175630,37,No,2022,10,5,274,39,4,1,5,0,0.375,5630.0,6057.0,0.0,5625.0,1,1,0,0
2022-10-02,Sunday,4500,823,2650.0,2052.0,1248.0,6773.0,0,261062,208254,158073,1,Yes,2022,10,6,275,39,4,1,6,1,0.0,5701.0,6633.0,4500.0,7500.0,0,1,0,0
2022-10-03,Monday,12000,743,2235.0,1828.0,1105.0,5911.0,6089,246358,172971,140106,50,No,2022,10,0,276,40,4,0,0,0,0.5074,5838.0,6728.0,0.0,6773.0,1,1,0,0
2022-10-04,Tuesday,6089,895,2433.0,1761.0,1373.0,6462.0,0,284860,196361,134013,1,Yes,2022,10,1,277,40,4,0,1,1,0.0,6030.0,6382.0,6089.0,5911.0,0,1,0,0
2022-10-05,Wednesday,12000,613,1971.0,1697.0,1331.0,5612.0,6388,232273,165773,104641,53,No,2022,10,2,278,40,4,0,2,0,0.5323,6133.0,5995.0,0.0,6462.0,1,1,0,0
2022-10-06,Thursday,6388,809,2102.0,1632.0,1354.0,5897.0,491,244544,188742,118448,4,Yes,2022,10,3,279,40,4,0,3,1,0.0409,6254.0,5990.0,6388.0,5612.0,0,1,0,0
2022-10-07,Friday,12000,653,2478.0,1988.0,1188.0,6307.0,5693,245162,188917,136423,47,No,2022,10,4,280,40,4,0,4,0,0.4744,6352.0,5939.0,491.0,5897.0,1,1,0,0
2022-10-08,Saturday,5693,944,2860.12,2075.0,1336.0,7500.0,0,310911,250817,148896,1,Yes,2022,10,5,281,40,4,1,5,1,0.0,6352.0,6568.0,5693.0,6307.0,0,1,0,0
2022-10-09,Sunday,12000,888,2543.0,2062.0,1623.0,7116.0,4884,273407,222549,170152,40,No,2022,10,6,282,40,4,1,6,0,0.407,6401.0,6974.0,0.0,7500.0,1,1,0,0
2022-10-10,Monday,4884,624,1996.0,1672.0,806.0,5098.0,0,222845,148727,111158,1,Yes,2022,10,0,283,41,4,0,0,1,0.0,6285.0,6571.0,4884.0,7116.0,0,1,0,0
2022-10-11,Tuesday,12000,599,2136.0,1570.0,1156.0,5461.0,6539,216989,185013,125805,54,No,2022,10,1,284,41,4,0,1,0,0.5449,6142.0,5892.0,0.0,5098.0,1,1,0,0
2022-10-12,Wednesday,6539,617,2323.0,1841.0,996.0,5777.0,762,257040,168646,120353,6,Yes,2022,10,2,285,41,4,0,2,1,0.0635,6165.0,5445.0,6539.0,5461.0,0,1,0,0
2022-10-13,Thursday,12000,664,2294.0,2038.0,1428.0,6424.0,5576,288049,210709,139032,46,No,2022,10,3,286,41,4,0,3,0,0.4647,6240.0,5887.0,762.0,5777.0,1,1,0,0
2022-10-14,Friday,5576,934,2695.0,2213.0,904.0,6746.0,0,299296,191261,142414,1,Yes,2022,10,4,287,41,4,0,4,1,0.0,6303.0,6316.0,5576.0,6424.0,0,1,0,0
2022-10-15,Saturday,12000,765,2722.0,2279.8399999999992,1618.0,7500.0,4500,315211,250123,181588,37,No,2022,10,5,288,41,4,1,5,0,0.375,6303.0,6890.0,0.0,6746.0,1,1,0,0
2022-10-16,Sunday,4500,728,2556.0,2061.0,1202.0,6547.0,0,262994,213341,159525,1,Yes,2022,10,6,289,41,4,1,6,1,0.0,6222.0,6931.0,4500.0,7500.0,0,1,0,0
2022-10-17,Monday,12000,591,2134.0,1782.0,1090.0,5597.0,6403,255855,167200,113897,53,No,2022,10,0,290,42,4,0,0,0,0.5336,6293.0,6548.0,0.0,6547.0,1,1,0,0
2022-10-18,Tuesday,6403,743,2232.0,1890.0,1186.0,6051.0,352,273221,191059,133390,2,Yes,2022,10,1,291,42,4,0,1,1,0.0293,6377.0,6065.0,6403.0,5597.0,0,1,0,0
2022-10-19,Wednesday,12000,780,2289.0,1716.0,1166.0,5951.0,6049,259480,202218,125741,50,No,2022,10,2,292,42,4,0,2,0,0.5041,6402.0,5866.0,352.0,6051.0,1,1,0,0
2022-10-20,Thursday,6049,672,2385.0,1826.0,1358.0,6241.0,0,241524,180846,124638,1,Yes,2022,10,3,293,42,4,0,3,1,0.0,6376.0,6081.0,6049.0,5951.0,0,1,0,0
2022-10-21,Friday,12000,730,2546.0,1829.0,1110.0,6215.0,5785,255116,198630,125646,48,No,2022,10,4,294,42,4,0,4,0,0.4821,6300.0,6136.0,0.0,6241.0,1,1,0,0
2022-10-22,Saturday,5785,910,2860.12,2279.8399999999992,1120.0,7500.0,0,332197,222763,147928,1,Yes,2022,10,5,295,42,4,1,5,1,0.0,6300.0,6652.0,5785.0,6215.0,0,1,0,0
2022-10-23,Sunday,12000,926,2759.0,2279.8399999999992,1131.0,7182.0,4818,305282,223031,146361,40,No,2022,10,6,296,42,4,1,6,0,0.4015,6391.0,6966.0,0.0,7500.0,1,1,0,0
2022-10-24,Monday,4818,560,1876.0,1486.0,1359.0,5281.0,0,229008,157353,126369,1,Yes,2022,10,0,297,43,4,0,0,1,0.0,6346.0,6654.0,4818.0,7182.0,0,1,0,0
2022-10-25,Tuesday,12000,668,2522.0,2046.0,1164.0,6400.0,5600,262092,218154,128135,46,No,2022,10,1,298,43,4,0,1,0,0.4667,6396.0,6288.0,0.0,5281.0,1,1,0,0
2022-10-26,Wednesday,5600,655,2152.0,1704.0,1614.0,6125.0,0,253879,183374,137458,1,Yes,2022,10,2,299,43,4,0,2,1,0.0,6421.0,5935.0,5600.0,6400.0,0,1,0,0
2022-10-27,Thursday,12000,616,2292.0,1662.0,1300.0,5870.0,6130,266812,196881,134509,51,No,2022,10,3,300,43,4,0,3,0,0.5108,6368.0,6132.0,0.0,6125.0,1,1,0,0
2022-10-28,Friday,6130,757,2570.0,2172.0,1121.0,6620.0,0,307453,223599,146279,1,Yes,2022,10,4,301,43,4,0,4,1,0.0,6425.0,6205.0,6130.0,5870.0,0,1,0,0
2022-10-29,Saturday,12000,883,2844.0,2279.8399999999992,1485.0,7500.0,4500,322792,242846,175108,37,No,2022,10,5,302,43,4,1,5,0,0.375,6425.0,6663.0,0.0,6620.0,1,1,0,0
2022-10-30,Sunday,4500,944,2860.12,2272.0,1239.0,7400.0,0,316432,219252,185185,1,Yes,2022,10,6,303,43,4,1,6,1,0.0,6457.0,7173.0,4500.0,7500.0,0,1,0,0
2022-10-31,Monday,12000,677,2173.0,1619.0,1221.0,5690.0,6310,247227,198747,110950,52,No,2022,10,0,304,44,4,0,0,0,0.5258,6515.0,6863.0,0.0,7400.0,1,1,0,0
2022-11-01,Tuesday,6310,673,2168.0,1567.0,1314.0,5722.0,588,241055,178138,116126,4,Yes,2022,11,1,305,44,4,0,1,1,0.049,6418.0,6271.0,6310.0,5690.0,0,1,0,0
2022-11-02,Wednesday,12000,725,2244.0,1682.0,1429.0,6080.0,5920,283238,191897,124086,49,No,2022,11,2,306,44,4,0,2,0,0.4933,6412.0,5831.0,588.0,5722.0,1,1,0,0
2022-11-03,Thursday,5920,763,1972.0,1657.0,1218.0,5610.0,310,240513,165504,137652,2,Yes,2022,11,3,307,44,4,0,3,1,0.0258,6375.0,5804.0,5920.0,6080.0,0,1,0,0
2022-11-04,Friday,12000,826,2539.0,1878.0,1400.0,6643.0,5357,270991,192330,133799,44,No,2022,11,4,308,44,4,0,4,0,0.4464,6378.0,6111.0,310.0,5610.0,1,1,0,0
2022-11-05,Saturday,5357,944,2601.0,2279.8399999999992,1344.0,7285.0,0,314245,207668,164323,1,Yes,2022,11,5,309,44,4,1,5,1,0.0,6347.0,6513.0,5357.0,6643.0,0,1,0,0
2022-11-06,Sunday,12000,779,2860.12,2215.0,1484.0,7500.0,4500,318245,235064,164370,37,No,2022,11,6,310,44,4,1,6,0,0.375,6361.0,7143.0,0.0,7285.0,1,1,0,0
2022-11-07,Monday,4500,732,1960.0,1519.0,1215.0,5426.0,0,235279,187380,119405,1,Yes,2022,11,0,311,45,4,0,0,1,0.0,6324.0,6737.0,4500.0,7500.0,0,1,0,0
2022-11-08,Tuesday,12000,628,2395.0,1687.0,1266.0,5976.0,6024,279997,180274,135275,50,No,2022,11,1,312,45,4,0,1,0,0.502,6360.0,6301.0,0.0,5426.0,1,1,0,0
2022-11-09,Wednesday,6024,634,2021.0,1683.0,1179.0,5517.0,507,228412,168399,122915,4,Yes,2022,11,2,313,45,4,0,2,1,0.0422,6280.0,5640.0,6024.0,5976.0,0,1,0,0
2022-11-10,Thursday,12000,661,2569.0,2068.0,1145.0,6443.0,5557,296923,211060,116477,46,No,2022,11,3,314,45,4,0,3,0,0.4631,6399.0,5979.0,507.0,5517.0,1,1,0,0
2022-11-11,Friday,5557,779,2349.0,1934.0,1445.0,6507.0,0,276446,205951,123384,1,Yes,2022,11,4,315,45,4,0,4,1,0.0,6379.0,6156.0,5557.0,6443.0,0,1,0,0
2022-11-12,Saturday,12000,857,2628.0,2141.0,1649.0,7341.0,4659,313896,231077,180072,38,No,2022,11,5,316,45,4,1,5,0,0.3882,6387.0,6764.0,0.0,6507.0,1,1,0,0
2022-11-13,Sunday,4659,793,2825.0,2203.0,1142.0,6963.0,0,318533,213910,141568,1,Yes,2022,11,6,317,45,4,1,6,1,0.0,6310.0,6937.0,4659.0,7341.0,0,1,0,0
2022-11-14,Monday,12000,802,2304.0,1711.0,913.0,5730.0,6270,246833,169971,112066,52,No,2022,11,0,318,46,4,0,0,0,0.5225,6354.0,6678.0,0.0,6963.0,1,1,0,0
2022-11-15,Tuesday,6270,672,2070.0,1814.0,1274.0,5830.0,440,241829,166492,115309,3,Yes,2022,11,1,319,46,4,0,1,1,0.0367,6333.0,6174.0,6270.0,5730.0,0,1,0,0
2022-11-16,Wednesday,12000,683,2227.0,1731.0,1294.0,5935.0,6065,253145,204966,114117,50,No,2022,11,2,320,46,4,0,2,0,0.5054,6393.0,5832.0,440.0,5830.0,1,1,0,0
2022-11-17,Thursday,6065,894,2545.0,1832.0,1138.0,6409.0,0,279070,194974,125402,1,Yes,2022,11,3,321,46,4,0,3,1,0.0,6388.0,6058.0,6065.0,5935.0,0,1,0,0
2022-11-18,Friday,12000,805,2738.0,2221.0,1203.0,6967.0,5033,299095,236942,164453,41,No,2022,11,4,322,46,4,0,4,0,0.4194,6454.0,6437.0,0.0,6409.0,1,1,0,0
2022-11-19,Saturday,5033,807,2860.12,2279.8399999999992,1421.0,7500.0,0,335923,230920,188477,1,Yes,2022,11,5,323,46,4,1,5,1,0.0,6476.0,6959.0,5033.0,6967.0,0,1,0,0
2022-11-20,Sunday,12000,860,2674.0,2081.0,1551.0,7166.0,4834,284486,215262,159838,40,No,2022,11,6,324,46,4,1,6,0,0.4028,6505.0,7211.0,0.0,7500.0,1,1,0,0
2022-11-21,Monday,4834,704,2213.0,1956.0,1153.0,6026.0,0,235121,175498,152572,1,Yes,2022,11,0,325,47,4,0,0,1,0.0,6548.0,6897.0,4834.0,7166.0,0,1,0,0
2022-11-22,Tuesday,12000,813,2248.0,1799.0,1344.0,6204.0,5796,254742,186750,118834,48,No,2022,11,1,326,47,4,0,1,0,0.483,6601.0,6465.0,0.0,6026.0,1,1,0,0
2022-11-23,Wednesday,5796,807,2034.0,1897.0,1039.0,5777.0,19,248011,170147,116351,1,Yes,2022,11,2,327,47,4,0,2,1,0.0016,6578.0,6002.0,5796.0,6204.0,0,1,0,0
2022-11-24,Thursday,12000,643,2141.0,1957.0,1304.0,6045.0,5955,262019,203635,125995,49,No,2022,11,3,328,47,4,0,3,0,0.4962,6526.0,6009.0,19.0,5777.0,1,1,0,0
2022-11-25,Friday,5955,646,2315.0,1963.0,1366.0,6290.0,0,276112,217172,118638,1,Yes,2022,11,4,329,47,4,0,4,1,0.0,6430.0,6037.0,5955.0,6045.0,0,1,0,0
2022-11-26,Saturday,12000,944,2860.12,2279.8399999999992,1079.0,7500.0,4500,297824,219821,159432,37,No,2022,11,5,330,47,4,1,5,0,0.375,6430.0,6612.0,0.0,6290.0,1,1,0,0
2022-11-27,Sunday,4500,806,2793.0,2279.8399999999992,1583.0,7500.0,0,330167,265692,141391,1,Yes,2022,11,6,331,47,4,1,6,1,0.0,6477.0,7097.0,4500.0,7500.0,0,1,0,0
2022-11-28,Monday,12000,754,1957.0,1769.0,999.0,5479.0,6521,227763,147121,129759,54,No,2022,11,0,332,48,4,0,0,0,0.5434,6399.0,6826.0,0.0,7500.0,1,1,0,0
2022-11-29,Tuesday,6521,836,2571.0,1839.0,1037.0,6283.0,238,280531,185740,110035,1,Yes,2022,11,1,333,48,4,0,1,1,0.0198,6411.0,6421.0,6521.0,5479.0,0,1,0,0
2022-11-30,Wednesday,12000,705,2153.0,1660.0,1230.0,5748.0,6252,258225,177329,132900,52,No,2022,11,2,334,48,4,0,2,0,0.521,6406.0,5837.0,238.0,6283.0,1,1,0,0
2022-12-01,Thursday,6252,694,2246.0,1885.0,888.0,5713.0,539,257082,207561,145206,4,Yes,2022,12,3,335,48,4,0,3,1,0.0449,6359.0,5915.0,6252.0,5748.0,0,0,0,0
2022-12-02,Friday,12000,660,2281.0,1849.0,1002.0,5792.0,6208,258179,185597,121045,51,No,2022,12,4,336,48,4,0,4,0,0.5173,6288.0,5751.0,539.0,5713.0,1,0,0,0
2022-12-03,Saturday,6208,616,2002.0,1669.0,1323.0,5610.0,598,257639,181554,102301,4,Yes,2022,12,5,337,48,4,1,5,1,0.0498,6018.0,5705.0,6208.0,5792.0,0,0,0,0
2022-12-04,Sunday,12000,775,2298.0,1894.0,1167.0,6134.0,5866,241074,215163,120878,48,No,2022,12,6,338,48,4,1,6,0,0.4888,5823.0,5845.0,598.0,5610.0,1,0,0,0
2022-12-05,Monday,5866,565,1729.0,1403.0,848.0,4545.0,1321,185309,142678,89607,11,Yes,2022,12,0,339,49,4,0,0,1,0.1101,5689.0,5430.0,5866.0,6134.0,0,0,0,0
2022-12-06,Tuesday,12000,625,2023.0,1360.0,979.0,4987.0,7013,222296,174264,118414,58,No,2022,12,1,340,49,4,0,1,0,0.5844,5504.0,5222.0,1321.0,4545.0,1,0,0,0
2022-12-07,Wednesday,7013,677,1959.0,1531.0,800.0,4967.0,2046,237151,161193,116586,17,No,2022,12,2,341,49,4,0,2,0,0.1705,5393.0,4833.0,7013.0,4987.0,2,0,0,0
2022-12-08,Thursday,2046,657,2344.0,1895.0,1020.0,5916.0,0,250982,170243,145288,1,Yes,2022,12,3,342,49,4,0,3,1,0.0,5422.0,5290.0,2046.0,4967.0,0,0,0,0
2022-12-09,Friday,12000,615,2380.0,1775.0,1309.0,6079.0,5921,270058,167118,154198,49,No,2022,12,4,343,49,4,0,4,0,0.4934,5463.0,5654.0,0.0,5916.0,1,0,0,0
2022-12-10,Saturday,5921,710,2436.0,1890.0,993.0,6029.0,0,264886,172673,135555,1,Yes,2022,12,5,344,49,4,1,5,1,0.0,5522.0,6008.0,5921.0,6079.0,0,0,0,0
2022-12-11,Sunday,12000,724,2260.0,1660.0,1191.0,5835.0,6165,243928,197881,132966,51,No,2022,12,6,345,49,4,1,6,0,0.5138,5480.0,5981.0,0.0,6029.0,1,0,0,0
2022-12-12,Monday,6165,523,1705.0,1332.0,1278.0,4838.0,1327,225409,142300,111158,11,Yes,2022,12,0,346,50,4,0,0,1,0.1106,5522.0,5567.0,6165.0,5835.0,0,0,0,0
2022-12-13,Tuesday,12000,615,1904.0,1518.0,1044.0,5081.0,6919,203228,173681,124314,57,No,2022,12,1,347,50,4,0,1,0,0.5766,5535.0,5251.0,1327.0,4838.0,1,0,0,0
2022-12-14,Wednesday,6919,584,1672.0,1261.0,1071.0,4588.0,2331,194568,143760,107374,19,No,2022,12,2,348,50,4,0,2,0,0.1942,5481.0,4836.0,6919.0,5081.0,2,0,0,0
2022-12-15,Thursday,2331,515,1939.0,1434.0,1262.0,5150.0,0,217178,154147,110681,1,Yes,2022,12,3,349,50,4,0,3,1,0.0,5371.0,4940.0,2331.0,4588.0,0,0,0,0
2022-12-16,Friday,12000,752,2175.0,1764.0,871.0,5562.0,6438,251984,157671,139561,53,No,2022,12,4,350,50,4,0,4,0,0.5365,5298.0,5100.0,0.0,5150.0,1,0,0,0
2022-12-17,Saturday,6438,840,2610.0,1893.0,1328.0,6671.0,0,273112,207795,168036,1,Yes,2022,12,5,351,50,4,1,5,1,0.0,5389.0,5794.0,6438.0,5562.0,0,0,0,0
2022-12-18,Sunday,12000,620,2351.0,1916.0,1045.0,5932.0,6068,253355,193417,142614,50,No,2022,12,6,352,50,4,1,6,0,0.5057,5403.0,6055.0,0.0,6671.0,1,0,0,0
2022-12-19,Monday,6068,529,1811.0,1413.0,1222.0,4975.0,1093,213163,145009,125157,9,Yes,2022,12,0,353,51,4,0,0,1,0.0911,5423.0,5859.0,6068.0,5932.0,0,0,0,0
2022-12-20,Tuesday,12000,728,1992.0,1709.0,822.0,5251.0,6749,223420,186369,120545,56,No,2022,12,1,354,51,4,0,1,0,0.5624,5447.0,5386.0,1093.0,4975.0,1,0,0,0
2022-12-21,Wednesday,6749,584,1634.0,1404.0,777.0,4399.0,2350,205277,135173,92168,19,No,2022,12,2,355,51,4,0,2,0,0.1958,5420.0,4875.0,6749.0,5251.0,2,0,0,0
2022-12-22,Thursday,2350,605,1825.0,1437.0,1337.0,5204.0,0,218145,172597,99715,1,Yes,2022,12,3,356,51,4,0,3,1,0.0,5428.0,4951.0,2350.0,4399.0,0,0,0,0
2022-12-23,Friday,12000,651,2191.0,1553.0,1351.0,5746.0,6254,244244,179410,137532,52,No,2022,12,4,357,51,4,0,4,0,0.5212,5454.0,5116.0,0.0,5204.0,1,0,0,0
2022-12-24,Saturday,6254,692,2461.0,1841.0,1460.0,6454.0,0,278073,213453,152689,1,Yes,2022,12,5,358,51,4,1,5,1,0.0,5423.0,5801.0,6254.0,5746.0,0,0,0,0
2022-12-25,Sunday,12000,639,2118.0,1585.0,1469.0,5811.0,6189,258335,157893,124803,51,No,2022,12,6,359,51,4,1,6,0,0.5158,5406.0,6004.0,0.0,6454.0,1,0,0,0
2022-12-26,Monday,6189,626,1902.0,1689.0,1017.0,5234.0,955,236580,160510,119393,7,Yes,2022,12,0,360,52,4,0,0,1,0.0796,5443.0,5833.0,6189.0,5811.0,0,0,0,0
2022-12-27,Tuesday,12000,532,1974.0,1524.0,999.0,5029.0,6971,191714,149605,89068,58,No,2022,12,1,361,52,4,0,1,0,0.5809,5411.0,5358.0,955.0,5234.0,1,0,0,0
2022-12-28,Wednesday,6971,675,1894.0,1538.0,925.0,5032.0,1939,211991,158358,96706,16,Yes,2022,12,2,362,52,4,0,2,1,0.1616,5501.0,5098.0,6971.0,5029.0,0,0,0,0
2022-12-29,Thursday,12000,670,1999.0,1723.0,953.0,5345.0,6655,225391,191770,134305,55,No,2022,12,3,363,52,4,0,3,0,0.5546,5522.0,5135.0,1939.0,5032.0,1,0,0,0
2022-12-30,Friday,6655,890,2572.0,2053.0,985.0,6500.0,155,304400,204685,142694,1,Yes,2022,12,4,364,52,4,0,4,1,0.0129,5629.0,5626.0,6655.0,5345.0,0,0,0,0
2022-12-31,Saturday,12000,823,2656.0,1963.0,1133.0,6575.0,5425,266184,203260,123895,45,No,2022,12,5,365,52,4,1,5,0,0.4521,5647.0,6140.0,155.0,6500.0,1,0,0,0
2023-01-01,Sunday,5425,679,2467.0,1856.0,1634.0,6636.0,0,310168,195660,147988,1,Yes,2023,1,6,1,52,1,1,6,1,0.0,5764.0,6570.0,5425.0,6575.0,0,0,0,0
2023-01-02,Monday,12000,528,1776.0,1295.0,963.0,4562.0,7438,200037,155500,107560,61,No,2023,1,0,2,1,1,0,0,0,0.6198,5668.0,5924.0,0.0,6636.0,1,0,0,0
2023-01-03,Tuesday,7438,615,1890.0,1388.0,976.0,4869.0,2569,214960,149317,103333,21,No,2023,1,1,3,1,1,0,1,0,0.2141,5646.0,5356.0,7438.0,4562.0,2,0,0,0
2023-01-04,Wednesday,2569,556,1863.0,1699.0,1149.0,5267.0,0,226661,150142,119257,1,Yes,2023,1,2,4,1,1,0,2,1,0.0,5679.0,4899.0,2569.0,4869.0,0,0,0,0
2023-01-05,Thursday,12000,692,1903.0,1678.0,847.0,5120.0,6880,232738,161185,116703,57,No,2023,1,3,5,1,1,0,3,0,0.5733,5647.0,5085.0,0.0,5267.0,1,0,0,0
2023-01-06,Friday,6880,535,2100.0,1651.0,910.0,5196.0,1684,231597,163718,97656,14,Yes,2023,1,4,6,1,1,0,4,1,0.1403,5461.0,5194.0,6880.0,5120.0,0,0,0,0
2023-01-07,Saturday,12000,784,2318.0,1826.0,1311.0,6239.0,5761,258990,191310,113861,48,No,2023,1,5,7,1,1,1,5,0,0.4801,5413.0,5518.0,1684.0,5196.0,1,0,0,0
2023-01-08,Sunday,5761,743,2235.0,1705.0,1397.0,6080.0,0,263084,204672,141710,1,Yes,2023,1,6,8,1,1,1,6,1,0.0,5333.0,5838.0,5761.0,6239.0,0,0,0,0
2023-01-09,Monday,12000,489,1769.0,1250.0,962.0,4470.0,7530,179801,150240,82632,62,No,2023,1,0,9,2,1,0,0,0,0.6275,5320.0,5596.0,0.0,6080.0,1,0,0,0
2023-01-10,Tuesday,7530,689,2067.0,1466.0,974.0,5196.0,2334,228272,162037,129815,19,No,2023,1,1,10,2,1,0,1,0,0.1945,5367.0,5249.0,7530.0,4470.0,2,0,0,0
2023-01-11,Wednesday,2334,626,1785.0,1459.0,1132.0,5002.0,0,208938,140902,100775,1,Yes,2023,1,2,11,2,1,0,2,1,0.0,5329.0,4889.0,2334.0,5196.0,0,0,0,0
2023-01-12,Thursday,12000,582,2246.0,1729.0,1122.0,5679.0,6321,223185,181888,131577,52,No,2023,1,3,12,2,1,0,3,0,0.5268,5409.0,5292.0,0.0,5002.0,1,0,0,0
2023-01-13,Friday,6321,570,2075.0,1848.0,1184.0,5677.0,644,239257,189423,108897,5,Yes,2023,1,4,13,2,1,0,4,1,0.0537,5478.0,5453.0,6321.0,5679.0,0,0,0,0
2023-01-14,Saturday,12000,712,2700.0,1998.0,1247.0,6657.0,5343,291055,222640,147592,44,No,2023,1,5,14,2,1,1,5,0,0.4452,5537.0,6004.0,644.0,5677.0,1,0,0,0
2023-01-15,Sunday,5343,735,2399.0,1890.0,1119.0,6143.0,0,265417,192114,129800,1,Yes,2023,1,6,15,2,1,1,6,1,0.0,5546.0,6159.0,5343.0,6657.0,0,0,0,0
2023-01-16,Monday,12000,657,1964.0,1494.0,916.0,5031.0,6969,217528,157842,90105,58,No,2023,1,0,16,3,1,0,0,0,0.5808,5626.0,5944.0,0.0,6143.0,1,0,0,0
2023-01-17,Tuesday,6969,747,1985.0,1672.0,1062.0,5466.0,1503,219352,173861,114970,12,Yes,2023,1,1,17,3,1,0,1,1,0.1252,5665.0,5547.0,6969.0,5031.0,0,0,0,0
2023-01-18,Wednesday,12000,596,1894.0,1270.0,871.0,4631.0,7369,191740,154027,80116,61,No,2023,1,2,18,3,1,0,2,0,0.6141,5612.0,5043.0,1503.0,5466.0,1,0,0,0
2023-01-19,Thursday,7369,720,1913.0,1511.0,1030.0,5174.0,2195,244203,181233,111573,18,No,2023,1,3,19,3,1,0,3,0,0.1829,5540.0,5090.0,7369.0,4631.0,2,0,0,0
2023-01-20,Friday,2195,599,2177.0,1685.0,1037.0,5498.0,0,237343,186892,102773,1,Yes,2023,1,4,20,3,1,0,4,1,0.0,5514.0,5101.0,2195.0,5174.0,0,0,0,0
2023-01-21,Saturday,12000,771,2461.0,2020.0,1450.0,6702.0,5298,307802,222287,141276,44,No,2023,1,5,21,3,1,1,5,0,0.4415,5521.0,5791.0,0.0,5498.0,1,0,0,0
2023-01-22,Sunday,5298,686,2542.0,1866.0,1162.0,6256.0,0,270661,176325,149889,1,Yes,2023,1,6,22,3,1,1,6,1,0.0,5537.0,6152.0,5298.0,6702.0,0,0,0,0
2023-01-23,Monday,12000,566,1917.0,1485.0,1017.0,4985.0,7015,223032,135329,100148,58,No,2023,1,0,23,4,1,0,0,0,0.5846,5530.0,5981.0,0.0,6256.0,1,0,0,0
2023-01-24,Tuesday,7015,734,2062.0,1752.0,953.0,5501.0,1514,240956,176433,97560,12,Yes,2023,1,1,24,4,1,0,1,1,0.1262,5535.0,5581.0,7015.0,4985.0,0,0,0,0
2023-01-25,Wednesday,12000,642,1940.0,1679.0,853.0,5114.0,6886,210443,146774,126977,57,No,2023,1,2,25,4,1,0,2,0,0.5738,5604.0,5200.0,1514.0,5501.0,1,0,0,0
2023-01-26,Thursday,6886,564,2048.0,1538.0,934.0,5084.0,1802,215601,168527,107365,15,Yes,2023,1,3,26,4,1,0,3,1,0.1502,5591.0,5233.0,6886.0,5114.0,0,0,0,0
2023-01-27,Friday,12000,731,2263.0,1911.0,1257.0,6162.0,5838,275264,207063,138430,48,No,2023,1,4,27,4,1,0,4,0,0.4865,5686.0,5453.0,1802.0,5084.0,1,0,0,0
2023-01-28,Saturday,5838,777,2219.0,1917.0,1427.0,6340.0,0,272842,223958,158744,1,Yes,2023,1,5,28,4,1,1,5,1,0.0,5635.0,5862.0,5838.0,6162.0,0,0,0,0
2023-01-29,Sunday,12000,751,2421.0,1701.0,1253.0,6126.0,5874,266463,209131,131973,48,No,2023,1,6,29,4,1,1,6,0,0.4895,5616.0,6209.0,0.0,6340.0,1,0,0,0
2023-01-30,Monday,5874,537,1986.0,1473.0,854.0,4850.0,1024,193072,145558,112060,8,Yes,2023,1,0,30,5,1,0,0,1,0.0853,5597.0,5772.0,5874.0,6126.0,0,0,0,0
2023-01-31,Tuesday,12000,638,1985.0,1599.0,803.0,5025.0,6975,236093,147079,100369,58,No,2023,1,1,31,5,1,0,1,0,0.5812,5529.0,5334.0,1024.0,4850.0,1,0,0,0
2023-02-01,Wednesday,6975,590,2153.0,1511.0,1106.0,5360.0,1615,239540,184117,129343,13,Yes,2023,2,2,32,5,1,0,2,1,0.1346,5564.0,5078.0,6975.0,5025.0,0,0,0,0
2023-02-02,Thursday,12000,707,2026.0,1515.0,1146.0,5394.0,6606,231102,175942,132278,55,No,2023,2,3,33,5,1,0,3,0,0.5505,5608.0,5260.0,1615.0,5360.0,1,0,0,0
2023-02-03,Friday,6606,861,2440.0,1862.0,1067.0,6230.0,376,255391,205575,112858,3,Yes,2023,2,4,34,5,1,0,4,1,0.0313,5618.0,5661.0,6606.0,5394.0,0,0,0,0
2023-02-04,Saturday,12000,857,2793.0,2232.0,1532.0,7414.0,4586,309133,222058,178897,38,No,2023,2,5,35,5,1,1,5,0,0.3822,5771.0,6346.0,376.0,6230.0,1,0,0,0
2023-02-05,Sunday,4586,766,2576.0,2060.0,1200.0,6602.0,0,295969,215454,138328,1,Yes,2023,2,6,36,5,1,1,6,1,0.0,5839.0,6749.0,4586.0,7414.0,0,0,0,0
2023-02-06,Monday,12000,609,1898.0,1488.0,719.0,4714.0,7286,223622,153267,100705,60,No,2023,2,0,37,6,1,0,0,0,0.6072,5820.0,6243.0,0.0,6602.0,1,0,0,0
2023-02-07,Tuesday,7286,721,2241.0,1717.0,992.0,5671.0,1615,231019,204474,122465,13,Yes,2023,2,1,38,6,1,0,1,1,0.1346,5912.0,5662.0,7286.0,4714.0,0,0,0,0
2023-02-08,Wednesday,12000,651,2067.0,1598.0,840.0,5156.0,6844,199495,149685,95320,57,No,2023,2,2,39,6,1,0,2,0,0.5703,5883.0,5180.0,1615.0,5671.0,1,0,0,0
2023-02-09,Thursday,6844,655,1922.0,1419.0,876.0,4872.0,1972,207565,139142,92542,16,Yes,2023,2,3,40,6,1,0,3,1,0.1643,5808.0,5233.0,6844.0,5156.0,0,0,0,0
2023-02-10,Friday,12000,860,2324.0,1762.0,1357.0,6303.0,5697,265969,182504,153322,47,No,2023,2,4,41,6,1,0,4,0,0.4748,5819.0,5444.0,1972.0,4872.0,1,0,0,0
2023-02-11,Saturday,5697,870,2751.0,1895.0,1451.0,6967.0,0,318658,218723,137144,1,Yes,2023,2,5,42,6,1,1,5,1,0.0,5755.0,6047.0,5697.0,6303.0,0,0,0,0
2023-02-12,Sunday,12000,677,2434.0,1851.0,1377.0,6339.0,5661,282874,181763,159557,47,No,2023,2,6,43,6,1,1,6,0,0.4718,5717.0,6536.0,0.0,6967.0,1,0,0,0
2023-02-13,Monday,5661,566,2046.0,1545.0,892.0,5049.0,612,222462,160357,124405,5,Yes,2023,2,0,44,7,1,0,0,1,0.051,5765.0,6118.0,5661.0,6339.0,0,0,0,0
2023-02-14,Tuesday,12000,636,2066.0,1547.0,1174.0,5423.0,6577,241780,179183,121766,54,No,2023,2,1,45,7,1,0,1,0,0.5481,5730.0,5604.0,612.0,5049.0,1,0,0,0
2023-02-15,Wednesday,6577,742,1949.0,1650.0,1023.0,5364.0,1213,235288,151590,133907,10,Yes,2023,2,2,46,7,1,0,2,1,0.1011,5760.0,5279.0,6577.0,5423.0,0,0,0,0
2023-02-16,Thursday,12000,642,2242.0,1560.0,1222.0,5666.0,6334,247253,158494,107196,52,No,2023,2,3,47,7,1,0,3,0,0.5278,5873.0,5484.0,1213.0,5364.0,1,0,0,0
2023-02-17,Friday,6334,724,2637.0,1844.0,1392.0,6597.0,0,278926,220462,150872,1,Yes,2023,2,4,48,7,1,0,4,1,0.0,5915.0,5876.0,6334.0,5666.0,0,0,0,0
2023-02-18,Saturday,12000,853,2619.0,2171.0,1224.0,6867.0,5133,328631,211978,155042,42,No,2023,2,5,49,7,1,1,5,0,0.4278,5901.0,6377.0,0.0,6597.0,1,0,0,0
2023-02-19,Sunday,5133,721,2310.0,1948.0,1437.0,6416.0,0,284017,192875,144732,1,Yes,2023,2,6,50,7,1,1,6,1,0.0,5912.0,6627.0,5133.0,6867.0,0,0,0,0
2023-02-20,Monday,12000,618,1986.0,1610.0,942.0,5156.0,6844,223819,174423,120282,57,No,2023,2,0,51,8,1,0,0,0,0.5703,5927.0,6146.0,0.0,6416.0,1,0,0,0
2023-02-21,Tuesday,6844,580,2170.0,1509.0,1111.0,5370.0,1474,229839,179534,130150,12,Yes,2023,2,1,52,8,1,0,1,1,0.1228,5919.0,5647.0,6844.0,5156.0,0,0,0,0
2023-02-22,Wednesday,12000,695,2079.0,1457.0,1076.0,5307.0,6693,244234,173812,122320,55,No,2023,2,2,53,8,1,0,2,0,0.5578,5911.0,5278.0,1474.0,5370.0,1,0,0,0
2023-02-23,Thursday,6693,581,2122.0,1595.0,981.0,5279.0,1414,228861,152392,111594,11,Yes,2023,2,3,54,8,1,0,3,1,0.1178,5856.0,5319.0,6693.0,5307.0,0,0,0,0
2023-02-24,Friday,12000,794,2149.0,1703.0,1095.0,5741.0,6259,245007,176783,116176,52,No,2023,2,4,55,8,1,0,4,0,0.5216,5734.0,5442.0,1414.0,5279.0,1,0,0,0
2023-02-25,Saturday,6259,710,2370.0,1818.0,1454.0,6352.0,0,268474,193555,133048,1,Yes,2023,2,5,56,8,1,1,5,1,0.0,5660.0,5791.0,6259.0,5741.0,0,0,0,0
2023-02-26,Sunday,12000,815,2376.0,2040.0,1140.0,6371.0,5629,281246,208791,144319,46,No,2023,2,6,57,8,1,1,6,0,0.4691,5654.0,6155.0,0.0,6352.0,1,0,0,0
2023-02-27,Monday,5629,674,1866.0,1382.0,1122.0,5044.0,585,216212,145464,101837,4,Yes,2023,2,0,58,9,1,0,0,1,0.0488,5638.0,5922.0,5629.0,6371.0,0,0,0,0
2023-02-28,Tuesday,12000,766,2241.0,1970.0,1024.0,6001.0,5999,264870,204836,141138,49,No,2023,2,1,59,9,1,0,1,0,0.4999,5728.0,5805.0,585.0,5044.0,1,0,0,0
2023-03-01,Wednesday,5999,546,1964.0,1495.0,999.0,5004.0,995,203666,166421,122970,8,Yes,2023,3,2,60,9,1,0,2,1,0.0829,5685.0,5350.0,5999.0,6001.0,0,0,0,1
2023-03-02,Thursday,12000,564,2245.0,1532.0,1299.0,5640.0,6360,233014,189906,105137,53,No,2023,3,3,61,9,1,0,3,0,0.53,5736.0,5548.0,995.0,5004.0,1,0,0,1
2023-03-03,Friday,6360,705,2539.0,1906.0,1278.0,6428.0,0,289765,208313,114573,1,Yes,2023,3,4,62,9,1,0,4,1,0.0,5834.0,5691.0,6360.0,5640.0,0,0,0,1
2023-03-04,Saturday,12000,944,2860.12,2111.0,1402.0,7500.0,4500,318325,245976,146241,37,No,2023,3,5,63,9,1,1,5,0,0.375,5998.0,6523.0,0.0,6428.0,1,0,0,1
2023-03-05,Sunday,4500,701,2314.0,2081.0,1479.0,6575.0,0,269330,193889,136237,1,Yes,2023,3,6,64,9,1,1,6,1,0.0,6027.0,6834.0,4500.0,7500.0,0,0,0,1
2023-03-06,Monday,12000,587,2093.0,1617.0,959.0,5256.0,6744,213772,177017,107555,56,No,2023,3,0,65,10,1,0,0,0,0.562,6058.0,6444.0,0.0,6575.0,1,0,0,1
2023-03-07,Tuesday,6744,747,2290.0,1789.0,869.0,5695.0,1049,252337,195137,127684,8,Yes,2023,3,1,66,10,1,0,1,1,0.0874,6014.0,5842.0,6744.0,5256.0,0,0,0,1
2023-03-08,Wednesday,12000,697,1899.0,1661.0,1152.0,5409.0,6591,257471,156306,98293,54,No,2023,3,2,67,10,1,0,2,0,0.5492,6072.0,5453.0,1049.0,5695.0,1,0,0,1
2023-03-09,Thursday,6591,687,2399.0,1650.0,1218.0,5954.0,637,281150,197324,150948,5,Yes,2023,3,3,68,10,1,0,3,1,0.0531,6117.0,5686.0,6591.0,5409.0,0,0,0,1
2023-03-10,Friday,12000,739,2311.0,1970.0,1382.0,6402.0,5598,258284,197944,137643,46,No,2023,3,4,69,10,1,0,4,0,0.4665,6113.0,5922.0,637.0,5954.0,1,0,0,1
2023-03-11,Saturday,5598,737,2860.12,2279.8399999999992,1230.0,7326.0,0,343234,226628,174154,1,Yes,2023,3,5,70,10,1,1,5,1,0.0,6088.0,6561.0,5598.0,6402.0,0,0,0,1
2023-03-12,Sunday,12000,944,2495.0,2178.0,1479.0,7099.0,4901,318509,236731,162658,40,No,2023,3,6,71,10,1,1,6,0,0.4084,6163.0,6942.0,0.0,7326.0,1,0,0,1
2023-03-13,Monday,4901,706,2067.0,1535.0,865.0,5173.0,0,219968,162906,104265,1,Yes,2023,3,0,72,11,1,0,0,1,0.0,6151.0,6533.0,4901.0,7099.0,0,0,0,1
2023-03-14,Tuesday,12000,739,2316.0,1970.0,1196.0,6221.0,5779,264368,188879,154332,48,No,2023,3,1,73,11,1,0,1,0,0.4816,6226.0,6164.0,0.0,5173.0,1,0,0,1
2023-03-15,Wednesday,5779,688,2007.0,1669.0,889.0,5253.0,526,217997,167047,134381,4,Yes,2023,3,2,74,11,1,0,2,1,0.0438,6204.0,5549.0,5779.0,6221.0,0,0,0,1
2023-03-16,Thursday,12000,795,2346.0,1762.0,864.0,5767.0,6233,253055,178342,109276,51,No,2023,3,3,75,11,1,0,3,0,0.5194,6177.0,5747.0,526.0,5253.0,1,0,0,1
2023-03-17,Friday,6233,808,2527.0,1991.0,1160.0,6486.0,0,261981,213495,160661,1,Yes,2023,3,4,76,11,1,0,4,1,0.0,6189.0,5835.0,6233.0,5767.0,0,0,0,1
2023-03-18,Saturday,12000,783,2860.12,2013.0,1618.0,7315.0,4685,307858,204699,168370,39,No,2023,3,5,77,11,1,1,5,0,0.3904,6188.0,6523.0,0.0,6486.0,1,0,0,1
2023-03-19,Sunday,4685,681,2534.0,1922.0,1229.0,6366.0,0,266739,214625,133348,1,Yes,2023,3,6,78,11,1,1,6,1,0.0,6083.0,6722.0,4685.0,7315.0,0,0,0,1
2023-03-20,Monday,12000,636,2166.0,1806.0,1288.0,5896.0,6104,248621,191625,114866,50,No,2023,3,0,79,12,1,0,0,0,0.5087,6186.0,6526.0,0.0,6366.0,1,0,0,1
2023-03-21,Tuesday,6104,537,2038.0,1560.0,1220.0,5355.0,749,234732,161207,106777,6,Yes,2023,3,1,80,12,1,0,1,1,0.0624,6063.0,5872.0,6104.0,5896.0,0,0,0,1
2023-03-22,Wednesday,12000,715,2276.0,1900.0,942.0,5833.0,6167,242716,195925,113125,51,No,2023,3,2,81,12,1,0,2,0,0.5139,6145.0,5695.0,749.0,5355.0,1,0,0,1
2023-03-23,Thursday,6167,657,2137.0,1871.0,1283.0,5948.0,219,264846,184727,133840,1,Yes,2023,3,3,82,12,1,0,3,1,0.0182,6171.0,5712.0,6167.0,5833.0,0,0,0,1
2023-03-24,Friday,12000,796,2569.0,2104.0,1381.0,6850.0,5150,309039,214030,130266,42,No,2023,3,4,83,12,1,0,4,0,0.4292,6223.0,6210.0,219.0,5948.0,1,0,0,1
2023-03-25,Saturday,5150,928,2830.0,2014.0,1345.0,7117.0,0,304283,220787,136160,1,Yes,2023,3,5,84,12,1,1,5,1,0.0,6195.0,6638.0,5150.0,6850.0,0,0,0,1
2023-03-26,Sunday,12000,944,2840.0,2016.0,1188.0,6990.0,5010,314469,222725,134744,41,No,2023,3,6,85,12,1,1,6,0,0.4175,6284.0,6986.0,0.0,7117.0,1,0,0,1
2023-03-27,Monday,5010,561,2025.0,1588.0,1411.0,5585.0,0,234043,183829,107933,1,Yes,2023,3,0,86,13,1,0,0,1,0.0,6240.0,6564.0,5010.0,6990.0,0,0,0,1
2023-03-28,Tuesday,12000,581,2055.0,1559.0,1214.0,5409.0,6591,209952,171283,109882,54,No,2023,3,1,87,13,1,0,1,0,0.5492,6247.0,5995.0,0.0,5585.0,1,0,0,1
2023-03-29,Wednesday,6591,740,2099.0,1715.0,1020.0,5574.0,1017,249237,179026,121675,8,Yes,2023,3,2,88,13,1,0,2,1,0.0848,6210.0,5523.0,6591.0,5409.0,0,0,0,1
2023-03-30,Thursday,12000,633,2089.0,1788.0,1220.0,5730.0,6270,238161,164541,128747,52,No,2023,3,3,89,13,1,0,3,0,0.5225,6179.0,5571.0,1017.0,5574.0,1,0,0,1
2023-03-31,Friday,6270,775,2671.0,1923.0,1462.0,6831.0,0,289362,204941,132119,1,Yes,2023,3,4,90,13,1,0,4,1,0.0,6177.0,6045.0,6270.0,5730.0,0,0,0,1
2023-04-01,Saturday,12000,864,2860.12,2279.8399999999992,1406.0,7474.0,4526,340780,249268,141717,37,No,2023,4,5,91,13,2,1,5,0,0.3772,6228.0,6678.0,0.0,6831.0,1,0,0,1
2023-04-02,Sunday,4526,712,2523.0,1873.0,1649.0,6896.0,0,307717,193670,143927,1,Yes,2023,4,6,92,13,2,1,6,1,0.0,6214.0,7067.0,4526.0,7474.0,0,0,0,1
2023-04-03,Monday,12000,618,2323.0,1560.0,1217.0,5718.0,6282,259142,180960,137031,52,No,2023,4,0,93,14,2,0,0,0,0.5235,6233.0,6696.0,0.0,6896.0,1,0,0,1
2023-04-04,Tuesday,6282,650,2003.0,1649.0,1266.0,5568.0,714,245060,175270,110582,5,Yes,2023,4,1,94,14,2,0,1,1,0.0595,6256.0,6061.0,6282.0,5718.0,0,0,0,1
2023-04-05,Wednesday,12000,574,2168.0,1612.0,1300.0,5654.0,6346,236018,189768,105177,52,No,2023,4,2,95,14,2,0,2,0,0.5288,6267.0,5647.0,714.0,5568.0,1,0,0,1
2023-04-06,Thursday,6346,627,2019.0,1755.0,1203.0,5604.0,742,246409,182269,115047,6,Yes,2023,4,3,96,14,2,0,3,1,0.0618,6249.0,5609.0,6346.0,5654.0,0,0,0,1
2023-04-07,Friday,12000,758,2596.0,1983.0,1201.0,6538.0,5462,286360,212138,116031,45,No,2023,4,4,97,14,2,0,4,0,0.4552,6207.0,5932.0,742.0,5604.0,1,0,0,1
2023-04-08,Saturday,5462,944,2720.0,2120.0,1368.0,7167.0,0,317330,217055,157594,1,Yes,2023,4,5,98,14,2,1,5,1,0.0,6164.0,6436.0,5462.0,6538.0,0,0,0,1
2023-04-09,Sunday,12000,711,2447.0,1997.0,1604.0,6759.0,5241,292091,237361,167724,43,No,2023,4,6,99,14,2,1,6,0,0.4368,6144.0,6821.0,0.0,7167.0,1,0,0,1
2023-04-10,Monday,5241,552,1726.0,1377.0,1115.0,4770.0,471,194093,144789,88656,3,Yes,2023,4,0,100,15,2,0,0,1,0.0392,6009.0,6232.0,5241.0,6759.0,0,0,0,1
2023-04-11,Tuesday,12000,742,1966.0,1733.0,1067.0,5508.0,6492,232792,171833,118895,54,No,2023,4,1,101,15,2,0,1,0,0.541,6000.0,5679.0,471.0,4770.0,1,0,0,1
2023-04-12,Wednesday,6492,690,1958.0,1701.0,1125.0,5474.0,1018,238960,173017,111218,8,Yes,2023,4,2,102,15,2,0,2,1,0.0848,5974.0,5251.0,6492.0,5508.0,0,0,0,1
2023-04-13,Thursday,12000,879,2212.0,1709.0,1515.0,6315.0,5685,269624,207015,160373,47,No,2023,4,3,103,15,2,0,3,0,0.4738,6076.0,5766.0,1018.0,5474.0,1,0,0,1
2023-04-14,Friday,5685,684,2465.0,2030.0,1025.0,6204.0,0,260104,183671,122132,1,Yes,2023,4,4,104,15,2,0,4,1,0.0,6028.0,5998.0,5685.0,6315.0,0,0,0,1
2023-04-15,Saturday,12000,944,2856.0,2085.0,1525.0,7500.0,4500,327767,216748,142409,37,No,2023,4,5,105,15,2,1,5,0,0.375,6076.0,6673.0,0.0,6204.0,1,0,0,1
2023-04-16,Sunday,4500,748,2836.0,2086.0,1649.0,7376.0,0,300827,224721,158237,1,Yes,2023,4,6,106,15,2,1,6,1,0.0,6164.0,7027.0,4500.0,7500.0,0,0,0,1
2023-04-17,Monday,12000,723,1886.0,1672.0,1026.0,5307.0,6693,245255,181581,127354,55,No,2023,4,0,107,16,2,0,0,0,0.5578,6241.0,6728.0,0.0,7376.0,1,0,0,1
2023-04-18,Tuesday,6693,673,1960.0,1750.0,1051.0,5434.0,1259,232611,177529,108052,10,Yes,2023,4,1,108,16,2,0,1,1,0.1049,6230.0,6039.0,6693.0,5307.0,0,0,0,1
2023-04-19,Wednesday,12000,761,2055.0,1498.0,1195.0,5509.0,6491,259331,163499,109587,54,No,2023,4,2,109,16,2,0,2,0,0.5409,6235.0,5417.0,1259.0,5434.0,1,0,0,1
2023-04-20,Thursday,6491,713,2299.0,1710.0,1046.0,5768.0,723,250275,192275,112915,6,Yes,2023,4,3,110,16,2,0,3,1,0.0602,6157.0,5570.0,6491.0,5509.0,0,0,0,1
2023-04-21,Friday,12000,694,2582.0,1799.0,1351.0,6426.0,5574,299706,189042,136469,46,No,2023,4,4,111,16,2,0,4,0,0.4645,6189.0,5901.0,723.0,5768.0,1,0,0,1
2023-04-22,Saturday,5574,828,2860.12,2279.8399999999992,1301.0,7359.0,0,288979,231029,153750,1,Yes,2023,4,5,112,16,2,1,5,1,0.0,6168.0,6518.0,5574.0,6426.0,0,0,0,1
2023-04-23,Sunday,12000,759,2739.0,2127.0,1400.0,7025.0,4975,306533,223169,150188,41,No,2023,4,6,113,16,2,1,6,0,0.4146,6118.0,6937.0,0.0,7359.0,1,0,0,1
2023-04-24,Monday,4975,783,2297.0,1751.0,833.0,5664.0,0,251956,182126,111162,1,Yes,2023,4,0,114,17,2,0,0,1,0.0,6169.0,6683.0,4975.0,7025.0,0,0,0,1
2023-04-25,Tuesday,12000,773,2029.0,1645.0,1264.0,5711.0,6289,275211,194133,123957,52,No,2023,4,1,115,17,2,0,1,0,0.5241,6209.0,6133.0,0.0,5664.0,1,0,0,1
2023-04-26,Wednesday,6289,686,2174.0,1729.0,1152.0,5741.0,548,241810,164992,131389,4,Yes,2023,4,2,116,17,2,0,2,1,0.0457,6242.0,5705.0,6289.0,5711.0,0,0,0,1
2023-04-27,Thursday,12000,677,2256.0,1743.0,1158.0,5834.0,6166,277580,187778,117328,51,No,2023,4,3,117,17,2,0,3,0,0.5138,6251.0,5762.0,548.0,5741.0,1,0,0,1
2023-04-28,Friday,6166,873,2333.0,1800.0,1475.0,6481.0,0,274802,207613,129423,1,Yes,2023,4,4,118,17,2,0,4,1,0.0,6259.0,6019.0,6166.0,5834.0,0,0,0,1
2023-04-29,Saturday,12000,944,2687.0,2220.0,1582.0,7451.0,4549,345641,213803,143032,37,No,2023,4,5,119,17,2,1,5,0,0.3791,6272.0,6589.0,0.0,6481.0,1,0,0,1
2023-04-30,Sunday,4549,661,2501.0,2079.0,1305.0,6546.0,0,290978,228680,141974,1,Yes,2023,4,6,120,17,2,1,6,1,0.0,6204.0,6826.0,4549.0,7451.0,0,0,0,1
2023-05-01,Monday,12000,593,1998.0,1617.0,881.0,5089.0,6911,228939,176497,98285,57,No,2023,5,0,121,18,2,0,0,0,0.5759,6122.0,6362.0,0.0,6546.0,1,0,0,1
2023-05-02,Tuesday,6911,636,2128.0,1540.0,1242.0,5546.0,1365,238232,175277,131317,11,Yes,2023,5,1,122,18,2,0,1,1,0.1138,6098.0,5727.0,6911.0,5089.0,0,0,0,1
2023-05-03,Wednesday,12000,539,1953.0,1432.0,1178.0,5102.0,6898,225031,158097,130016,57,No,2023,5,2,123,18,2,0,2,0,0.5748,6007.0,5246.0,1365.0,5546.0,1,0,0,1
2023-05-04,Thursday,6898,551,1927.0,1713.0,1013.0,5204.0,1694,227270,171336,106511,14,Yes,2023,5,3,124,18,2,0,3,1,0.1412,5917.0,5284.0,6898.0,5102.0,0,0,0,1
2023-05-05,Friday,12000,683,2172.0,1596.0,1279.0,5730.0,6270,268866,153620,146359,52,No,2023,5,4,125,18,2,0,4,0,0.5225,5810.0,5345.0,1694.0,5204.0,1,0,0,1
2023-05-06,Saturday,6270,868,2860.12,2279.8399999999992,1357.0,7500.0,0,325461,232885,169622,1,Yes,2023,5,5,126,18,2,1,5,1,0.0,5817.0,6145.0,6270.0,5730.0,0,0,0,1
2023-05-07,Sunday,12000,881,2385.0,2097.0,1150.0,6513.0,5487,279960,223536,118461,45,No,2023,5,6,127,18,2,1,6,0,0.4572,5812.0,6581.0,0.0,7500.0,1,0,0,1
2023-05-08,Monday,5487,725,1990.0,1747.0,862.0,5324.0,163,224608,174235,113718,1,Yes,2023,5,0,128,19,2,0,0,1,0.0136,5846.0,6446.0,5487.0,6513.0,0,0,0,1
2023-05-09,Tuesday,12000,659,2084.0,1710.0,1029.0,5482.0,6518,231447,181543,113133,54,No,2023,5,1,129,19,2,0,1,0,0.5432,5836.0,5773.0,163.0,5324.0,1,0,0,1
2023-05-10,Wednesday,6518,564,2037.0,1678.0,876.0,5155.0,1363,247343,160049,105216,11,Yes,2023,5,2,130,19,2,0,2,1,0.1136,5844.0,5320.0,6518.0,5482.0,0,0,0,1
2023-05-11,Thursday,12000,655,2205.0,1721.0,1082.0,5663.0,6337,243160,162893,143668,52,No,2023,5,3,131,19,2,0,3,0,0.5281,5910.0,5433.0,1363.0,5155.0,1,0,0,1
2023-05-12,Friday,6337,771,2637.0,1965.0,1235.0,6608.0,0,269689,205019,156572,1,Yes,2023,5,4,132,19,2,0,4,1,0.0,6035.0,5809.0,6337.0,5663.0,0,0,0,1
2023-05-13,Saturday,12000,798,2807.0,2028.0,1582.0,7215.0,4785,312698,235222,158574,39,No,2023,5,5,133,19,2,1,5,0,0.3988,5994.0,6495.0,0.0,6608.0,1,0,0,1
2023-05-14,Sunday,4785,773,2815.0,2231.0,1193.0,7012.0,0,309667,205318,141088,1,Yes,2023,5,6,134,19,2,1,6,1,0.0,6066.0,6945.0,4785.0,7215.0,0,0,0,1
2023-05-15,Monday,12000,634,2111.0,1795.0,1066.0,5606.0,6394,240892,184915,121304,53,No,2023,5,0,135,20,2,0,0,0,0.5328,6106.0,6611.0,0.0,7012.0,1,0,0,1
2023-05-16,Tuesday,6394,750,2134.0,1553.0,1290.0,5727.0,667,251362,171193,128462,5,Yes,2023,5,1,136,20,2,0,1,1,0.0556,6141.0,6115.0,6394.0,5606.0,0,0,0,1
2023-05-17,Wednesday,12000,704,1904.0,1690.0,1050.0,5348.0,6652,232128,160723,96801,55,No,2023,5,2,137,20,2,0,2,0,0.5543,6168.0,5560.0,667.0,5727.0,1,0,0,1
2023-05-18,Thursday,6652,811,2241.0,1794.0,1225.0,6071.0,581,261748,193030,147128,4,Yes,2023,5,3,138,20,2,0,3,1,0.0484,6227.0,5715.0,6652.0,5348.0,0,0,0,1
2023-05-19,Friday,12000,682,2468.0,2039.0,1412.0,6601.0,5399,275851,235465,162960,44,No,2023,5,4,139,20,2,0,4,0,0.4499,6226.0,6007.0,581.0,6071.0,1,0,0,1
2023-05-20,Saturday,5399,900,2790.0,2165.0,1021.0,6876.0,0,279214,232864,137513,1,Yes,2023,5,5,140,20,2,1,5,1,0.0,6177.0,6516.0,5399.0,6601.0,0,0,0,1
2023-05-21,Sunday,12000,858,2466.0,2138.0,1538.0,7000.0,5000,325765,198933,154690,41,No,2023,5,6,141,20,2,1,6,0,0.4167,6176.0,6826.0,0.0,6876.0,1,0,0,1
2023-05-22,Monday,5000,559,1834.0,1723.0,1112.0,5228.0,0,224130,152097,115711,1,Yes,2023,5,0,142,21,2,0,0,1,0.0,6122.0,6368.0,5000.0,7000.0,0,0,0,1
2023-05-23,Tuesday,12000,746,2135.0,1520.0,1000.0,5401.0,6599,229863,168709,103320,54,No,2023,5,1,143,21,2,0,1,0,0.5499,6075.0,5876.0,0.0,5228.0,1,0,0,1
2023-05-24,Wednesday,6599,749,2141.0,1553.0,1203.0,5646.0,953,229178,180252,132496,7,Yes,2023,5,2,144,21,2,0,2,1,0.0794,6118.0,5425.0,6599.0,5401.0,0,0,0,1
2023-05-25,Thursday,12000,564,2174.0,1754.0,838.0,5330.0,6670,231822,173067,127222,55,No,2023,5,3,145,21,2,0,3,0,0.5558,6012.0,5459.0,953.0,5646.0,1,0,0,1
2023-05-26,Friday,6670,802,2533.0,2003.0,959.0,6297.0,373,271612,183818,142498,3,Yes,2023,5,4,146,21,2,0,4,1,0.0311,5968.0,5758.0,6670.0,5330.0,0,0,0,1
2023-05-27,Saturday,12000,903,2485.0,1924.0,1649.0,6985.0,5015,304303,210775,124960,41,No,2023,5,5,147,21,2,1,5,0,0.4179,5984.0,6204.0,373.0,6297.0,1,0,0,1
2023-05-28,Sunday,5015,711,2737.0,2225.0,1112.0,6785.0,0,301353,227608,163646,1,Yes,2023,5,6,148,21,2,1,6,1,0.0,5953.0,6689.0,5015.0,6985.0,0,0,0,1
2023-05-29,Monday,12000,562,1879.0,1716.0,1110.0,5267.0,6733,232623,158952,120135,56,No,2023,5,0,149,22,2,0,0,0,0.5611,5959.0,6346.0,0.0,6785.0,1,0,0,1
2023-05-30,Tuesday,6733,653,2361.0,1877.0,1099.0,5990.0,743,264418,175944,135318,6,Yes,2023,5,1,150,22,2,0,1,1,0.0619,6043.0,6014.0,6733.0,5267.0,0,0,0,1
2023-05-31,Wednesday,12000,658,2119.0,1746.0,1048.0,5571.0,6429,245780,180735,108608,53,No,2023,5,2,151,22,2,0,2,0,0.5357,6032.0,5609.0,743.0,5990.0,1,0,0,1
2023-06-01,Thursday,6429,618,1938.0,1471.0,713.0,4740.0,1689,198828,158193,119186,14,Yes,2023,6,3,152,22,2,0,3,1,0.1407,5948.0,5434.0,6429.0,5571.0,0,0,1,0
2023-06-02,Friday,12000,560,1836.0,1425.0,876.0,4697.0,7303,202715,158258,89228,60,No,2023,6,4,153,22,2,0,4,0,0.6086,5719.0,5003.0,1689.0,4740.0,1,0,1,0
2023-06-03,Saturday,7303,752,2309.0,1731.0,1092.0,5884.0,1419,241793,177483,118971,11,Yes,2023,6,5,154,22,2,1,5,1,0.1182,5562.0,5107.0,7303.0,4697.0,0,0,1,0
2023-06-04,Sunday,12000,529,1954.0,1681.0,1109.0,5273.0,6727,245257,189655,129062,56,No,2023,6,6,155,22,2,1,6,0,0.5606,5346.0,5285.0,1419.0,5884.0,1,0,1,0
2023-06-05,Monday,6727,593,1494.0,1262.0,897.0,4246.0,2481,173370,135456,82147,20,No,2023,6,0,156,23,2,0,0,0,0.2068,5200.0,5134.0,6727.0,5273.0,2,0,1,0
2023-06-06,Tuesday,2481,536,1488.0,1299.0,873.0,4196.0,0,170963,116763,94205,1,Yes,2023,6,1,157,23,2,0,1,1,0.0,4944.0,4572.0,2481.0,4246.0,0,0,1,0
2023-06-07,Wednesday,12000,606,1722.0,1477.0,983.0,4788.0,7212,215312,135326,94490,60,No,2023,6,2,158,23,2,0,2,0,0.601,4832.0,4410.0,0.0,4196.0,1,0,1,0
2023-06-08,Thursday,7212,564,1912.0,1318.0,1042.0,4836.0,2376,201355,169166,94809,19,No,2023,6,3,159,23,2,0,3,0,0.198,4846.0,4607.0,7212.0,4788.0,2,0,1,0
2023-06-09,Friday,2376,535,1742.0,1452.0,1044.0,4773.0,0,198011,138476,90750,1,Yes,2023,6,4,160,23,2,0,4,1,0.0,4857.0,4799.0,2376.0,4836.0,0,0,1,0
2023-06-10,Saturday,12000,635,2192.0,1766.0,859.0,5452.0,6548,254712,162995,102497,54,No,2023,6,5,161,23,2,1,5,0,0.5457,4795.0,5020.0,0.0,4773.0,1,0,1,0
2023-06-11,Sunday,6548,659,2116.0,1805.0,1259.0,5839.0,709,242531,184377,132602,5,Yes,2023,6,6,162,23,2,1,6,1,0.0591,4876.0,5355.0,6548.0,5452.0,0,0,1,0
2023-06-12,Monday,12000,517,1727.0,1296.0,1180.0,4720.0,7280,205930,138639,111625,60,No,2023,6,0,163,24,2,0,0,0,0.6067,4943.0,5337.0,709.0,5839.0,1,0,1,0
2023-06-13,Tuesday,7280,595,1706.0,1472.0,1014.0,4787.0,2493,221738,132904,94987,20,No,2023,6,1,164,24,2,0,1,0,0.2078,5028.0,5115.0,7280.0,4720.0,2,0,1,0
2023-06-14,Wednesday,2493,479,1573.0,1275.0,699.0,4026.0,0,164350,128628,77897,1,Yes,2023,6,2,165,24,2,0,2,1,0.0,4919.0,4511.0,2493.0,4787.0,0,0,1,0
2023-06-15,Thursday,12000,504,1946.0,1383.0,932.0,4765.0,7235,208649,167934,114522,60,No,2023,6,3,166,24,2,0,3,0,0.6029,4909.0,4526.0,0.0,4026.0,1,0,1,0
2023-06-16,Friday,7235,604,1813.0,1594.0,931.0,4942.0,2293,207516,142530,92586,19,No,2023,6,4,167,24,2,0,4,0,0.1911,4933.0,4578.0,7235.0,4765.0,2,0,1,0
2023-06-17,Saturday,2293,706,2164.0,1774.0,1529.0,6173.0,0,265843,217309,118729,1,Yes,2023,6,5,168,24,2,1,5,1,0.0,5036.0,5293.0,2293.0,4942.0,0,0,1,0
2023-06-18,Sunday,12000,765,2214.0,1843.0,835.0,5657.0,6343,235412,183368,138920,52,No,2023,6,6,169,24,2,1,6,0,0.5286,5010.0,5591.0,0.0,6173.0,1,0,1,0
2023-06-19,Monday,6343,527,1799.0,1398.0,797.0,4521.0,1822,173842,140583,98361,15,Yes,2023,6,0,170,25,2,0,0,1,0.1518,4982.0,5450.0,6343.0,5657.0,0,0,1,0
2023-06-20,Tuesday,12000,515,1590.0,1408.0,906.0,4419.0,7581,199005,135934,109865,63,No,2023,6,1,171,25,2,0,1,0,0.6318,4929.0,4866.0,1822.0,4521.0,1,0,1,0
2023-06-21,Wednesday,7581,529,1766.0,1443.0,738.0,4476.0,3105,214579,148234,87425,25,No,2023,6,2,172,25,2,0,2,0,0.2588,4993.0,4472.0,7581.0,4419.0,2,0,1,0
2023-06-22,Thursday,3105,583,1643.0,1430.0,1021.0,4677.0,0,205094,146800,105424,1,Yes,2023,6,3,173,25,2,0,3,1,0.0,4981.0,4524.0,3105.0,4476.0,0,0,1,0
2023-06-23,Friday,12000,650,1877.0,1579.0,822.0,4928.0,7072,195555,173575,116289,58,No,2023,6,4,174,25,2,0,4,0,0.5893,4979.0,4694.0,0.0,4677.0,1,0,1,0
2023-06-24,Saturday,7072,733,2357.0,1667.0,1293.0,6050.0,1022,251909,200566,145646,8,Yes,2023,6,5,175,25,2,1,5,1,0.0852,4961.0,5218.0,7072.0,4928.0,0,0,1,0
2023-06-25,Sunday,12000,695,2159.0,1617.0,888.0,5359.0,6641,231500,154117,123567,55,No,2023,6,6,176,25,2,1,6,0,0.5534,4919.0,5446.0,1022.0,6050.0,1,0,1,0
2023-06-26,Monday,6641,580,1843.0,1460.0,704.0,4587.0,2054,203509,158248,81481,17,No,2023,6,0,177,26,2,0,0,0,0.1712,4928.0,5332.0,6641.0,5359.0,2,0,1,0
2023-06-27,Tuesday,2054,607,1740.0,1535.0,807.0,4689.0,0,224789,140639,103049,1,Yes,2023,6,1,178,26,2,0,1,1,0.0,4967.0,4878.0,2054.0,4587.0,0,0,1,0
2023-06-28,Wednesday,12000,549,1714.0,1230.0,929.0,4422.0,7578,177556,139624,94150,63,No,2023,6,2,179,26,2,0,2,0,0.6315,4959.0,4566.0,0.0,4689.0,1,0,1,0
2023-06-29,Thursday,7578,625,1827.0,1653.0,1014.0,5119.0,2459,223161,161576,121618,20,No,2023,6,3,180,26,2,0,3,0,0.2049,5022.0,4743.0,7578.0,4422.0,2,0,1,0
2023-06-30,Friday,2459,539,2078.0,1601.0,896.0,5114.0,0,206494,155802,99289,1,Yes,2023,6,4,181,26,2,0,4,1,0.0,5049.0,4885.0,2459.0,5119.0,0,0,1,0
2023-07-01,Saturday,12000,796,2199.0,1804.0,1053.0,5852.0,6148,236861,196659,121171,51,No,2023,7,5,182,26,3,1,5,0,0.5123,5020.0,5362.0,0.0,5114.0,1,0,1,0
2023-07-02,Sunday,6148,552,2134.0,1579.0,1130.0,5395.0,753,245550,197613,103747,6,Yes,2023,7,6,183,26,3,1,6,1,0.0628,5025.0,5454.0,6148.0,5852.0,0,0,1,0
2023-07-03,Monday,12000,645,1927.0,1423.0,1031.0,5026.0,6974,209766,159227,115244,58,No,2023,7,0,184,27,3,0,0,0,0.5812,5088.0,5424.0,753.0,5395.0,1,0,1,0
2023-07-04,Tuesday,6974,498,1654.0,1405.0,812.0,4369.0,2605,201163,153432,77494,21,No,2023,7,1,185,27,3,0,1,0,0.2171,5042.0,4930.0,6974.0,5026.0,2,0,1,0
2023-07-05,Wednesday,2605,543,1581.0,1297.0,641.0,4062.0,0,172419,143936,84211,1,Yes,2023,7,2,186,27,3,0,2,1,0.0,4991.0,4486.0,2605.0,4369.0,0,0,1,0
2023-07-06,Thursday,12000,588,1712.0,1496.0,1056.0,4852.0,7148,208436,167462,89793,59,No,2023,7,3,187,27,3,0,3,0,0.5957,4953.0,4428.0,0.0,4062.0,1,0,1,0
2023-07-07,Friday,7148,618,2086.0,1702.0,902.0,5308.0,1840,241332,158250,117652,15,Yes,2023,7,4,188,27,3,0,4,1,0.1533,4981.0,4741.0,7148.0,4852.0,0,0,1,0
2023-07-08,Saturday,12000,691,2379.0,2028.0,1309.0,6407.0,5593,269518,212203,153101,46,No,2023,7,5,189,27,3,1,5,0,0.4661,5060.0,5522.0,1840.0,5308.0,1,0,1,0
2023-07-09,Sunday,5593,614,2222.0,1597.0,1160.0,5593.0,0,217373,157617,111475,1,Yes,2023,7,6,190,27,3,1,6,1,0.0,5088.0,5769.0,5593.0,6407.0,0,0,1,0
2023-07-10,Monday,12000,611,1684.0,1253.0,875.0,4423.0,7577,180741,127440,81293,63,No,2023,7,0,191,28,3,0,0,0,0.6314,5002.0,5474.0,0.0,5593.0,1,0,1,0
2023-07-11,Tuesday,7577,466,1380.0,1180.0,782.0,3808.0,3769,156045,107427,88237,31,No,2023,7,1,192,28,3,0,1,0,0.3141,4922.0,4608.0,7577.0,4423.0,2,0,1,0
2023-07-12,Wednesday,3769,588,1811.0,1432.0,602.0,4433.0,0,182315,134426,103289,1,Yes,2023,7,2,193,28,3,0,2,1,0.0,4975.0,4221.0,3769.0,3808.0,0,0,1,0
2023-07-13,Thursday,12000,600,1873.0,1410.0,825.0,4708.0,7292,198517,141751,86925,60,No,2023,7,3,194,28,3,0,3,0,0.6077,4954.0,4316.0,0.0,4433.0,1,0,1,0
2023-07-14,Friday,7292,516,1792.0,1448.0,996.0,4752.0,2540,219916,147328,99385,21,No,2023,7,4,195,28,3,0,4,0,0.2117,4875.0,4631.0,7292.0,4708.0,2,0,1,0
2023-07-15,Saturday,2540,723,2282.0,1724.0,1340.0,6069.0,0,245443,172507,138422,1,Yes,2023,7,5,196,28,3,1,5,1,0.0,4827.0,5176.0,2540.0,4752.0,0,0,1,0
2023-07-16,Sunday,12000,825,2154.0,1914.0,1141.0,6034.0,5966,239974,208707,115357,49,No,2023,7,6,197,28,3,1,6,0,0.4972,4890.0,5618.0,0.0,6069.0,1,0,1,0
2023-07-17,Monday,5966,595,1860.0,1325.0,1035.0,4815.0,1151,197554,168401,103420,9,Yes,2023,7,0,198,29,3,0,0,1,0.0959,4946.0,5639.0,5966.0,6034.0,0,0,1,0
2023-07-18,Tuesday,12000,629,1751.0,1355.0,917.0,4652.0,7348,199144,155359,95836,61,No,2023,7,1,199,29,3,0,1,0,0.6123,5066.0,5167.0,1151.0,4815.0,1,0,1,0
2023-07-19,Wednesday,7348,516,1628.0,1332.0,619.0,4095.0,3253,177915,128570,70680,27,No,2023,7,2,200,29,3,0,2,0,0.2711,5018.0,4521.0,7348.0,4652.0,2,0,1,0
2023-07-20,Thursday,3253,506,1854.0,1479.0,1078.0,4917.0,0,212167,161153,89647,1,Yes,2023,7,3,201,29,3,0,3,1,0.0,5048.0,4555.0,3253.0,4095.0,0,0,1,0
2023-07-21,Friday,12000,674,1851.0,1365.0,964.0,4854.0,7146,205689,146673,93057,59,No,2023,7,4,202,29,3,0,4,0,0.5955,5062.0,4622.0,0.0,4917.0,1,0,1,0
2023-07-22,Saturday,7146,604,2085.0,1700.0,1391.0,5780.0,1366,267940,169922,119784,11,Yes,2023,7,5,203,29,3,1,5,1,0.1138,5021.0,5184.0,7146.0,4854.0,0,0,1,0
2023-07-23,Sunday,12000,541,1936.0,1428.0,1075.0,4980.0,7020,213887,134899,119060,58,No,2023,7,6,204,29,3,1,6,0,0.585,4870.0,5205.0,1366.0,5780.0,1,0,1,0
2023-07-24,Monday,7020,541,1592.0,1262.0,600.64,3973.0,3047,170088,141658,101266,25,No,2023,7,0,205,30,3,0,0,0,0.2539,4750.0,4911.0,7020.0,4980.0,2,0,1,0
2023-07-25,Tuesday,3047,551,1647.0,1371.0,632.0,4201.0,0,169355,138281,85944,1,Yes,2023,7,1,206,30,3,0,1,1,0.0,4686.0,4385.0,3047.0,3973.0,0,0,1,0
2023-07-26,Wednesday,12000,608,1740.0,1403.0,661.0,4412.0,7588,195246,151578,99478,63,No,2023,7,2,207,30,3,0,2,0,0.6323,4731.0,4195.0,0.0,4201.0,1,0,1,0
2023-07-27,Thursday,7588,516,1896.0,1448.0,1293.0,5153.0,2435,214412,171809,130280,20,No,2023,7,3,208,30,3,0,3,0,0.2029,4765.0,4589.0,7588.0,4412.0,2,0,1,0
2023-07-28,Friday,2435,671,1839.0,1506.0,1173.0,5189.0,0,212885,167332,121690,1,Yes,2023,7,4,209,30,3,0,4,1,0.0,4813.0,4918.0,2435.0,5153.0,0,0,1,0
2023-07-29,Saturday,12000,658,2068.0,1672.0,1171.0,5569.0,6431,235665,167046,135226,53,No,2023,7,5,210,30,3,1,5,0,0.5359,4782.0,5304.0,0.0,5189.0,1,0,1,0
2023-07-30,Sunday,6431,592,1936.0,1717.0,1287.0,5532.0,899,244365,188824,137466,7,Yes,2023,7,6,211,30,3,1,6,1,0.0749,4861.0,5430.0,6431.0,5569.0,0,0,1,0
2023-07-31,Monday,12000,556,1515.0,1241.0,969.0,4281.0,7719,172511,138640,92752,64,No,2023,7,0,212,31,3,0,0,0,0.6432,4905.0,5127.0,899.0,5532.0,1,0,1,0
2023-08-01,Tuesday,7719,572,1552.0,1400.0,885.0,4409.0,3310,172291,125597,89933,27,No,2023,8,1,213,31,3,0,1,0,0.2758,4935.0,4741.0,7719.0,4281.0,2,0,1,0
2023-08-02,Wednesday,3310,633,1836.0,1508.0,698.0,4675.0,0,196384,150059,90517,1,Yes,2023,8,2,214,31,3,0,2,1,0.0,4973.0,4455.0,3310.0,4409.0,0,0,1,0
2023-08-03,Thursday,12000,593,1949.0,1471.0,784.0,4797.0,7203,202589,144381,103172,60,No,2023,8,3,215,31,3,0,3,0,0.6002,4922.0,4627.0,0.0,4675.0,1,0,1,0
2023-08-04,Friday,7203,521,1857.0,1451.0,1055.0,4884.0,2319,233469,145695,97328,19,No,2023,8,4,216,31,3,0,4,0,0.1932,4878.0,4785.0,7203.0,4797.0,2,0,1,0
2023-08-05,Saturday,2319,660,2027.0,1891.0,1197.0,5775.0,0,260713,184932,123317,1,Yes,2023,8,5,217,31,3,1,5,1,0.0,4908.0,5152.0,2319.0,4884.0,0,0,1,0
2023-08-06,Sunday,12000,615,2305.0,1763.0,1330.0,6013.0,5987,257349,165890,132070,49,No,2023,8,6,218,31,3,1,6,0,0.4989,4976.0,5557.0,0.0,5775.0,1,0,1,0
2023-08-07,Monday,5987,442,1640.0,1140.0,872.0,4094.0,1893,188871,120249,87293,15,Yes,2023,8,0,219,32,3,0,0,1,0.1578,4950.0,5294.0,5987.0,6013.0,0,0,1,0
2023-08-08,Tuesday,12000,442,1717.0,1155.0,957.0,4271.0,7729,177300,141146,103484,64,No,2023,8,1,220,32,3,0,1,0,0.6441,4930.0,4793.0,1893.0,4094.0,1,0,1,0
2023-08-09,Wednesday,7729,646,1944.0,1672.0,870.0,5132.0,2597,217098,140259,118722,21,No,2023,8,2,221,32,3,0,2,0,0.2164,4995.0,4499.0,7729.0,4271.0,2,0,1,0
2023-08-10,Thursday,2597,499,1875.0,1323.0,946.0,4643.0,0,205872,138374,101741,1,Yes,2023,8,3,222,32,3,0,3,1,0.0,4973.0,4682.0,2597.0,5132.0,0,0,1,0
2023-08-11,Friday,12000,664,1739.0,1582.0,892.0,4877.0,7123,197061,167972,95787,59,No,2023,8,4,223,32,3,0,4,0,0.5936,4972.0,4884.0,0.0,4643.0,1,0,1,0
2023-08-12,Saturday,7123,635,1864.0,1520.0,875.0,4894.0,2229,218082,155160,104993,18,No,2023,8,5,224,32,3,1,5,0,0.1858,4846.0,4805.0,7123.0,4877.0,2,0,1,0
2023-08-13,Sunday,2229,788,2360.0,1800.0,899.0,5847.0,0,246161,201402,134276,1,Yes,2023,8,6,225,32,3,1,6,1,0.0,4823.0,5206.0,2229.0,4894.0,0,0,1,0
2023-08-14,Monday,12000,483,1634.0,1352.0,910.0,4379.0,7621,176298,144774,83439,63,No,2023,8,0,226,33,3,0,0,0,0.6351,4863.0,5040.0,0.0,5847.0,1,0,1,0
2023-08-15,Tuesday,7621,488,1673.0,1265.0,692.0,4118.0,3503,191895,142767,101331,29,No,2023,8,1,227,33,3,0,1,0,0.2919,4841.0,4781.0,7621.0,4379.0,2,0,1,0
2023-08-16,Wednesday,3503,624,1884.0,1515.0,773.0,4796.0,0,217284,145162,119855,1,Yes,2023,8,2,228,33,3,0,2,1,0.0,4793.0,4431.0,3503.0,4118.0,0,0,1,0
2023-08-17,Thursday,12000,480,1620.0,1284.0,951.0,4335.0,7665,183826,139599,79002,63,No,2023,8,3,229,33,3,0,3,0,0.6388,4749.0,4416.0,0.0,4796.0,1,0,1,0
2023-08-18,Friday,7665,608,1943.0,1546.0,676.0,4773.0,2892,220664,147682,93612,24,No,2023,8,4,230,33,3,0,4,0,0.241,4735.0,4635.0,7665.0,4335.0,2,0,1,0
2023-08-19,Saturday,2892,652,2346.0,1820.0,1413.0,6231.0,0,264641,200157,145663,1,Yes,2023,8,5,231,33,3,1,5,1,0.0,4926.0,5113.0,2892.0,4773.0,0,0,1,0
2023-08-20,Sunday,12000,603,2047.0,1791.0,1239.0,5680.0,6320,242365,176427,108217,52,No,2023,8,6,232,33,3,1,6,0,0.5267,4902.0,5561.0,0.0,6231.0,1,0,1,0
2023-08-21,Monday,6320,532,1669.0,1379.0,625.0,4205.0,2115,186051,120463,87210,17,No,2023,8,0,233,34,3,0,0,0,0.1762,4877.0,5372.0,6320.0,5680.0,2,0,1,0
2023-08-22,Tuesday,2115,437,1612.0,1235.0,661.0,3945.0,0,169520,134796,73721,1,Yes,2023,8,1,234,34,3,0,1,1,0.0,4852.0,4610.0,2115.0,4205.0,0,0,1,0
2023-08-23,Wednesday,12000,500,1852.0,1272.0,947.0,4571.0,7429,184162,154984,87915,61,No,2023,8,2,235,34,3,0,2,0,0.6191,4820.0,4240.0,0.0,3945.0,1,0,1,0
2023-08-24,Thursday,7429,506,1627.0,1437.0,870.0,4440.0,2989,172933,126860,83126,24,No,2023,8,3,236,34,3,0,3,0,0.2491,4835.0,4319.0,7429.0,4571.0,2,0,1,0
2023-08-25,Friday,2989,621,2077.0,1620.0,1131.0,5449.0,0,235764,166242,136790,1,Yes,2023,8,4,237,34,3,0,4,1,0.0,4932.0,4820.0,2989.0,4440.0,0,0,1,0
2023-08-26,Saturday,12000,581,2087.0,1765.0,1369.0,5802.0,6198,234654,182468,109504,51,No,2023,8,5,238,34,3,1,5,0,0.5165,4870.0,5230.0,0.0,5449.0,1,0,1,0
2023-08-27,Sunday,6198,736,2132.0,1619.0,864.0,5351.0,847,206443,144733,125646,7,Yes,2023,8,6,239,34,3,1,6,1,0.0706,4823.0,5534.0,6198.0,5802.0,0,0,1,0
2023-08-28,Monday,12000,433,1508.0,1061.0,868.0,3870.0,8130,155945,123756,76292,67,No,2023,8,0,240,35,3,0,0,0,0.6775,4775.0,5008.0,847.0,5351.0,1,0,1,0
2023-08-29,Tuesday,8130,580,1616.0,1199.0,878.0,4273.0,3857,196964,124281,84464,32,No,2023,8,1,241,35,3,0,1,0,0.3214,4822.0,4498.0,8130.0,3870.0,2,0,1,0
2023-08-30,Wednesday,3857,490,1737.0,1289.0,1101.0,4617.0,0,196985,159092,98456,1,Yes,2023,8,2,242,35,3,0,2,1,0.0,4829.0,4253.0,3857.0,4273.0,0,0,1,0
2023-08-31,Thursday,12000,568,1809.0,1384.0,815.0,4576.0,7424,178615,150337,80159,61,No,2023,8,3,243,35,3,0,3,0,0.6187,4848.0,4489.0,0.0,4617.0,1,0,1,0
2023-09-01,Friday,7424,627,2081.0,1454.0,1003.0,5165.0,2259,203387,157310,98983,18,No,2023,9,4,244,35,3,0,4,0,0.1882,4808.0,4786.0,7424.0,4576.0,2,0,0,0
2023-09-02,Saturday,2259,857,2426.0,1983.0,1097.0,6363.0,0,268797,184776,139295,1,Yes,2023,9,5,245,35,3,1,5,1,0.0,4888.0,5368.0,2259.0,5165.0,0,0,0,0
2023-09-03,Sunday,12000,667,2313.0,1757.0,1362.0,6099.0,5901,263130,171325,146368,49,No,2023,9,6,246,35,3,1,6,0,0.4918,4995.0,5876.0,0.0,6363.0,1,0,0,0
2023-09-04,Monday,5901,497,1777.0,1397.0,1173.0,4844.0,1057,205853,145006,105099,8,Yes,2023,9,0,247,36,3,0,0,1,0.0881,5134.0,5769.0,5901.0,6099.0,0,0,0,0
2023-09-05,Tuesday,12000,699,1771.0,1421.0,1136.0,5027.0,6973,209736,172850,112625,58,No,2023,9,1,248,36,3,0,1,0,0.5811,5242.0,5323.0,1057.0,4844.0,1,0,0,0
2023-09-06,Wednesday,6973,537,2062.0,1458.0,1052.0,5109.0,1864,223817,166250,130467,15,Yes,2023,9,2,249,36,3,0,2,1,0.1553,5312.0,4993.0,6973.0,5027.0,0,0,0,0
2023-09-07,Thursday,12000,697,2125.0,1638.0,1115.0,5575.0,6425,242280,197732,128566,53,No,2023,9,3,250,36,3,0,3,0,0.5354,5455.0,5237.0,1864.0,5109.0,1,0,0,0
2023-09-08,Friday,6425,823,2266.0,1935.0,885.0,5909.0,516,251128,163802,118294,4,Yes,2023,9,4,251,36,3,0,4,1,0.043,5561.0,5531.0,6425.0,5575.0,0,0,0,0
2023-09-09,Saturday,12000,826,2514.0,2148.0,1106.0,6594.0,5406,290592,213172,150027,45,No,2023,9,5,252,36,3,1,5,0,0.4505,5594.0,6026.0,516.0,5909.0,1,0,0,0
2023-09-10,Sunday,5406,742,2611.0,2153.0,1552.0,7058.0,0,292482,218256,155785,1,Yes,2023,9,6,253,36,3,1,6,1,0.0,5731.0,6520.0,5406.0,6594.0,0,0,0,0
2023-09-11,Monday,12000,527,1617.0,1218.0,1077.0,4439.0,7561,204875,131585,99437,63,No,2023,9,0,254,37,3,0,0,0,0.6301,5673.0,6030.0,0.0,7058.0,1,0,0,0
2023-09-12,Tuesday,7561,655,1867.0,1429.0,1082.0,5033.0,2528,206415,167496,105027,21,No,2023,9,1,255,37,3,0,1,0,0.2107,5674.0,5510.0,7561.0,4439.0,2,0,0,0
2023-09-13,Wednesday,2528,550,1824.0,1575.0,1033.0,4982.0,0,201474,149682,101783,1,Yes,2023,9,2,256,37,3,0,2,1,0.0,5656.0,4818.0,2528.0,5033.0,0,0,0,0
2023-09-14,Thursday,12000,638,1907.0,1422.0,1262.0,5229.0,6771,244915,161637,98094,56,No,2023,9,3,257,37,3,0,3,0,0.5642,5606.0,5081.0,0.0,4982.0,1,0,0,0
2023-09-15,Friday,6771,557,2162.0,1681.0,1025.0,5425.0,1346,231117,175756,113910,11,Yes,2023,9,4,258,37,3,0,4,1,0.1122,5537.0,5212.0,6771.0,5229.0,0,0,0,0
2023-09-16,Saturday,12000,944,2548.0,1906.0,1540.0,6950.0,5050,320507,205093,163484,42,No,2023,9,5,259,37,3,1,5,0,0.4208,5588.0,5868.0,1346.0,5425.0,1,0,0,0
2023-09-17,Sunday,5050,810,2454.0,1736.0,1097.0,6097.0,0,248917,172496,130012,1,Yes,2023,9,6,260,37,3,1,6,1,0.0,5451.0,6157.0,5050.0,6950.0,0,0,0,0
2023-09-18,Monday,12000,536,1810.0,1519.0,1161.0,5026.0,6974,222555,148025,110291,58,No,2023,9,0,261,38,3,0,0,0,0.5812,5535.0,6024.0,0.0,6097.0,1,0,0,0
2023-09-19,Tuesday,6974,555,1967.0,1418.0,1233.0,5173.0,1801,223322,178329,111801,15,Yes,2023,9,1,262,38,3,0,1,1,0.1501,5555.0,5432.0,6974.0,5026.0,0,0,0,0
2023-09-20,Wednesday,12000,639,1869.0,1543.0,915.0,4966.0,7034,207011,162462,107302,58,No,2023,9,2,263,38,3,0,2,0,0.5862,5552.0,5055.0,1801.0,5173.0,1,0,0,0
2023-09-21,Thursday,7034,646,1822.0,1463.0,1184.0,5115.0,1919,210576,171012,99398,15,Yes,2023,9,3,264,38,3,0,3,1,0.1599,5536.0,5085.0,7034.0,4966.0,0,0,0,0
2023-09-22,Friday,12000,644,2448.0,1927.0,961.0,5980.0,6020,242642,172216,113663,50,No,2023,9,4,265,38,3,0,4,0,0.5017,5615.0,5354.0,1919.0,5115.0,1,0,0,0
2023-09-23,Saturday,6020,898,2317.0,1972.0,1256.0,6443.0,0,285223,202504,152234,1,Yes,2023,9,5,266,38,3,1,5,1,0.0,5543.0,5846.0,6020.0,5980.0,0,0,0,0
2023-09-24,Sunday,12000,892,2316.0,1893.0,1294.0,6395.0,5605,281867,202815,126023,46,No,2023,9,6,267,38,3,1,6,0,0.4671,5585.0,6273.0,0.0,6443.0,1,0,0,0
2023-09-25,Monday,5605,552,1966.0,1324.0,992.0,4834.0,771,211537,134800,97191,6,Yes,2023,9,0,268,39,3,0,0,1,0.0642,5558.0,5891.0,5605.0,6395.0,0,0,0,0
2023-09-26,Tuesday,12000,683,2005.0,1661.0,996.0,5345.0,6655,240033,156878,126612,55,No,2023,9,1,269,39,3,0,1,0,0.5546,5583.0,5525.0,771.0,4834.0,1,0,0,0
2023-09-27,Wednesday,6655,500,1810.0,1543.0,1117.0,4970.0,1685,216962,141531,107489,14,Yes,2023,9,2,270,39,3,0,2,1,0.1404,5583.0,5050.0,6655.0,5345.0,0,0,0,0
2023-09-28,Thursday,12000,698,1871.0,1592.0,973.0,5134.0,6866,220136,159674,109332,57,No,2023,9,3,271,39,3,0,3,0,0.5722,5586.0,5150.0,1685.0,4970.0,1,0,0,0
2023-09-29,Friday,6866,696,1964.0,1561.0,1267.0,5488.0,1378,223834,183865,122365,11,Yes,2023,9,4,272,39,3,0,4,1,0.1148,5516.0,5197.0,6866.0,5134.0,0,0,0,0
2023-09-30,Saturday,12000,672,2030.0,1744.0,1201.0,5647.0,6353,234922,172594,133598,52,No,2023,9,5,273,39,3,1,5,0,0.5294,5402.0,5423.0,1378.0,5488.0,1,0,0,0
2023-10-01,Sunday,6353,866,2519.0,2093.0,1564.0,7042.0,0,317813,234120,144264,1,Yes,2023,10,6,274,39,4,1,6,1,0.0,5494.0,6059.0,6353.0,5647.0,0,1,0,0
2023-10-02,Monday,12000,750,2428.0,1853.0,1059.0,6090.0,5910,252885,218697,106131,49,No,2023,10,0,275,40,4,0,0,0,0.4925,5674.0,6260.0,0.0,7042.0,1,1,0,0
2023-10-03,Tuesday,5910,817,2315.0,1969.0,1112.0,6213.0,0,271622,171529,112820,1,Yes,2023,10,1,276,40,4,0,1,1,0.0,5798.0,6448.0,5910.0,6090.0,0,1,0,0
2023-10-04,Wednesday,12000,711,2188.0,1673.0,970.0,5542.0,6458,255139,178805,101371,53,No,2023,10,2,277,40,4,0,2,0,0.5382,5879.0,5948.0,0.0,6213.0,1,1,0,0
2023-10-05,Thursday,6458,588,2027.0,1678.0,1210.0,5503.0,955,230402,175451,128465,7,Yes,2023,10,3,278,40,4,0,3,1,0.0796,5932.0,5753.0,6458.0,5542.0,0,1,0,0
2023-10-06,Friday,12000,795,2279.0,1752.0,1633.0,6459.0,5541,263805,189429,117237,46,No,2023,10,4,279,40,4,0,4,0,0.4618,6071.0,5835.0,955.0,5503.0,1,1,0,0
2023-10-07,Saturday,5541,888,2683.0,2169.0,1649.0,7500.0,0,324949,257856,166161,1,Yes,2023,10,5,280,40,4,1,5,1,0.0,6336.0,6487.0,5541.0,6459.0,0,1,0,0
2023-10-08,Sunday,12000,840,2691.0,2059.0,1543.0,7133.0,4867,284697,213634,154444,40,No,2023,10,6,281,40,4,1,6,0,0.4056,6349.0,7031.0,0.0,7500.0,1,1,0,0
2023-10-09,Monday,4867,686,2085.0,1612.0,1125.0,5508.0,0,229980,187945,103257,1,Yes,2023,10,0,282,41,4,0,0,1,0.0,6265.0,6714.0,4867.0,7133.0,0,1,0,0
2023-10-10,Tuesday,12000,829,2352.0,1927.0,1362.0,6470.0,5530,286095,178924,118300,46,No,2023,10,1,283,41,4,0,1,0,0.4608,6302.0,6370.0,0.0,5508.0,1,1,0,0
2023-10-11,Wednesday,5530,784,2213.0,1561.0,1088.0,5646.0,0,252564,199489,120320,1,Yes,2023,10,2,284,41,4,0,2,1,0.0,6317.0,5875.0,5530.0,6470.0,0,1,0,0
2023-10-12,Thursday,12000,732,2345.0,1939.0,937.0,5953.0,6047,238217,198430,116424,50,No,2023,10,3,285,41,4,0,3,0,0.5039,6381.0,6023.0,0.0,5646.0,1,1,0,0
2023-10-13,Friday,6047,780,2669.0,2040.0,1345.0,6834.0,0,291261,209671,159016,1,Yes,2023,10,4,286,41,4,0,4,1,0.0,6435.0,6144.0,6047.0,5953.0,0,1,0,0
2023-10-14,Saturday,12000,931,2644.0,2279.8399999999992,1592.0,7500.0,4500,313352,217091,134363,37,No,2023,10,5,287,41,4,1,5,0,0.375,6435.0,6762.0,0.0,6834.0,1,1,0,0
2023-10-15,Sunday,4500,861,2825.0,2112.0,1610.0,7408.0,0,347020,226060,155908,1,Yes,2023,10,6,288,41,4,1,6,1,0.0,6474.0,7247.0,4500.0,7500.0,0,1,0,0
2023-10-16,Monday,12000,728,2157.0,1848.0,972.0,5705.0,6295,241002,161287,115299,52,No,2023,10,0,289,42,4,0,0,0,0.5246,6502.0,6871.0,0.0,7408.0,1,1,0,0
2023-10-17,Tuesday,6295,616,2470.0,1939.0,1019.0,6044.0,251,245225,179014,148723,2,Yes,2023,10,1,290,42,4,0,1,1,0.0209,6441.0,6386.0,6295.0,5705.0,0,1,0,0
2023-10-18,Wednesday,12000,679,2262.0,1837.0,1270.0,6048.0,5952,256657,170494,113226,49,No,2023,10,2,291,42,4,0,2,0,0.496,6499.0,5932.0,251.0,6044.0,1,1,0,0
2023-10-19,Thursday,5952,782,2170.0,1569.0,1235.0,5756.0,196,240232,174572,107837,1,Yes,2023,10,3,292,42,4,0,3,1,0.0163,6471.0,5949.0,5952.0,6048.0,0,1,0,0
2023-10-20,Friday,12000,944,2854.0,2040.0,1310.0,7148.0,4852,323924,235060,160719,40,No,2023,10,4,293,42,4,0,4,0,0.4043,6516.0,6317.0,196.0,5756.0,1,1,0,0
2023-10-21,Saturday,4852,752,2860.12,2149.0,1623.0,7500.0,0,312778,257415,151615,1,Yes,2023,10,5,294,42,4,1,5,1,0.0,6516.0,6801.0,4852.0,7148.0,0,1,0,0
2023-10-22,Sunday,12000,908,2860.12,2279.8399999999992,1060.0,7244.0,4756,321887,203007,145089,39,No,2023,10,6,295,42,4,1,6,0,0.3963,6492.0,7297.0,0.0,7500.0,1,1,0,0
2023-10-23,Monday,4756,630,2116.0,1731.0,1437.0,5914.0,0,247042,206154,151363,1,Yes,2023,10,0,296,43,4,0,0,1,0.0,6522.0,6886.0,4756.0,7244.0,0,1,0,0
2023-10-24,Tuesday,12000,649,2128.0,1507.0,1211.0,5495.0,6505,238703,168188,99345,54,No,2023,10,1,297,43,4,0,1,0,0.5421,6444.0,6218.0,0.0,5914.0,1,1,0,0
2023-10-25,Wednesday,6505,796,2205.0,1713.0,997.0,5711.0,794,226453,172187,126184,6,Yes,2023,10,2,298,43,4,0,2,1,0.0662,6395.0,5707.0,6505.0,5495.0,0,1,0,0
2023-10-26,Thursday,12000,805,2266.0,1785.0,1350.0,6206.0,5794,261282,217237,143935,48,No,2023,10,3,299,43,4,0,3,0,0.4828,6460.0,5804.0,794.0,5711.0,1,1,0,0
2023-10-27,Friday,5794,773,2315.0,2103.0,1376.0,6567.0,0,297842,195551,127641,1,Yes,2023,10,4,300,43,4,0,4,1,0.0,6377.0,6161.0,5794.0,6206.0,0,1,0,0
2023-10-28,Saturday,12000,944,2765.0,2279.8399999999992,1392.0,7500.0,4500,337734,211463,170710,37,No,2023,10,5,301,43,4,1,5,0,0.375,6377.0,6758.0,0.0,6567.0,1,1,0,0
2023-10-29,Sunday,4500,914,2795.0,2203.0,1588.0,7500.0,0,310492,253121,167420,1,Yes,2023,10,6,302,43,4,1,6,1,0.0,6413.0,7189.0,4500.0,7500.0,0,1,0,0
2023-10-30,Monday,12000,666,2131.0,1700.0,1287.0,5784.0,6216,263502,165301,132440,51,No,2023,10,0,303,44,4,0,0,0,0.518,6395.0,6928.0,0.0,7500.0,1,1,0,0
2023-10-31,Tuesday,6216,604,2193.0,1702.0,1517.0,6016.0,200,257182,190320,142382,1,Yes,2023,10,1,304,44,4,0,1,1,0.0167,6469.0,6433.0,6216.0,5784.0,0,1,0,0
2023-11-01,Wednesday,12000,609,2134.0,1800.0,1113.0,5656.0,6344,231426,178722,110494,52,No,2023,11,2,305,44,4,0,2,0,0.5287,6461.0,5819.0,200.0,6016.0,1,1,0,0
2023-11-02,Thursday,6344,685,2454.0,1934.0,926.0,5999.0,345,246324,211286,138332,2,Yes,2023,11,3,306,44,4,0,3,1,0.0288,6432.0,5890.0,6344.0,5656.0,0,1,0,0
2023-11-03,Friday,12000,821,2295.0,1950.0,1352.0,6418.0,5582,255163,218657,130763,46,No,2023,11,4,307,44,4,0,4,0,0.4652,6410.0,6024.0,345.0,5999.0,1,1,0,0
2023-11-04,Saturday,5582,944,2649.0,2042.0,1649.0,7500.0,0,306020,250449,173629,1,Yes,2023,11,5,308,44,4,1,5,1,0.0,6410.0,6639.0,5582.0,6418.0,0,1,0,0
2023-11-05,Sunday,12000,698,2630.0,2082.0,1098.0,6508.0,5492,285498,200461,145144,45,No,2023,11,6,309,44,4,1,6,0,0.4577,6269.0,6809.0,0.0,7500.0,1,1,0,0
2023-11-06,Monday,5492,730,2203.0,1729.0,1252.0,5914.0,0,253547,186307,129829,1,Yes,2023,11,0,310,45,4,0,0,1,0.0,6287.0,6641.0,5492.0,6508.0,0,1,0,0
2023-11-07,Tuesday,12000,807,2201.0,2004.0,1086.0,6098.0,5902,263200,193540,113192,49,No,2023,11,1,311,45,4,0,1,0,0.4918,6299.0,6173.0,0.0,5914.0,1,1,0,0
2023-11-08,Wednesday,5902,677,2195.0,1858.0,1377.0,6107.0,0,267175,217917,115233,1,Yes,2023,11,2,312,45,4,0,2,1,0.0,6363.0,6040.0,5902.0,6098.0,0,1,0,0
2023-11-09,Thursday,12000,735,2283.0,1808.0,1169.0,5995.0,6005,258949,184614,125988,50,No,2023,11,3,313,45,4,0,3,0,0.5004,6363.0,6067.0,0.0,6107.0,1,1,0,0
2023-11-10,Friday,6005,822,2401.0,1952.0,1585.0,6760.0,0,297398,217714,151257,1,Yes,2023,11,4,314,45,4,0,4,1,0.0,6412.0,6287.0,6005.0,5995.0,0,1,0,0
2023-11-11,Saturday,12000,944,2860.12,2070.0,1572.0,7500.0,4500,340943,240432,159526,37,No,2023,11,5,315,45,4,1,5,0,0.375,6412.0,6752.0,0.0,6760.0,1,1,0,0
2023-11-12,Sunday,4500,872,2860.12,2279.8399999999992,1228.0,7500.0,0,334575,260256,144653,1,Yes,2023,11,6,316,45,4,1,6,1,0.0,6553.0,7253.0,4500.0,7500.0,0,1,0,0
2023-11-13,Monday,12000,569,1949.0,1632.0,1403.0,5553.0,6447,235635,164370,138051,53,No,2023,11,0,317,46,4,0,0,0,0.5372,6502.0,6851.0,0.0,7500.0,1,1,0,0
2023-11-14,Tuesday,6447,577,2226.0,1619.0,1037.0,5459.0,988,240693,170376,110684,8,Yes,2023,11,1,318,46,4,0,1,1,0.0823,6411.0,6171.0,6447.0,5553.0,0,1,0,0
2023-11-15,Wednesday,12000,783,2263.0,1672.0,1008.0,5726.0,6274,251138,172321,117791,52,No,2023,11,2,319,46,4,0,2,0,0.5228,6356.0,5579.0,988.0,5459.0,1,1,0,0
2023-11-16,Thursday,6274,794,2297.0,1775.0,943.0,5809.0,465,267531,188369,137779,3,Yes,2023,11,3,320,46,4,0,3,1,0.0388,6330.0,5665.0,6274.0,5726.0,0,1,0,0
2023-11-17,Friday,12000,641,2174.0,1772.0,1486.0,6073.0,5927,264066,183088,112510,49,No,2023,11,4,321,46,4,0,4,0,0.4939,6231.0,5869.0,465.0,5809.0,1,1,0,0
2023-11-18,Saturday,5927,841,2860.12,2279.8399999999992,1421.0,7500.0,0,300737,214146,181861,1,Yes,2023,11,5,322,46,4,1,5,1,0.0,6231.0,6461.0,5927.0,6073.0,0,1,0,0
2023-11-19,Sunday,12000,944,2816.0,2102.0,1287.0,7167.0,4833,298884,235933,172713,40,No,2023,11,6,323,46,4,1,6,0,0.4028,6184.0,6913.0,0.0,7500.0,1,1,0,0
2023-11-20,Monday,4833,609,2102.0,1514.0,1110.0,5335.0,0,216296,178007,104007,1,Yes,2023,11,0,324,47,4,0,0,1,0.0,6153.0,6667.0,4833.0,7167.0,0,1,0,0
2023-11-21,Tuesday,12000,750,2269.0,2037.0,1124.0,6180.0,5820,261338,191026,118164,48,No,2023,11,1,325,47,4,0,1,0,0.485,6256.0,6227.0,0.0,5335.0,1,1,0,0
2023-11-22,Wednesday,5820,784,2022.0,1547.0,1376.0,5729.0,91,228219,183934,129062,1,Yes,2023,11,2,326,47,4,0,2,1,0.0076,6256.0,5748.0,5820.0,6180.0,0,1,0,0
2023-11-23,Thursday,12000,801,2418.0,2014.0,1066.0,6299.0,5701,259052,176617,147502,47,No,2023,11,3,327,47,4,0,3,0,0.4751,6326.0,6069.0,91.0,5729.0,1,1,0,0
2023-11-24,Friday,5701,745,2613.0,2200.0,1148.0,6706.0,0,274619,227163,168391,1,Yes,2023,11,4,328,47,4,0,4,1,0.0,6417.0,6245.0,5701.0,6299.0,0,1,0,0
2023-11-25,Saturday,12000,807,2749.0,2279.8399999999992,1257.0,7180.0,4820,300689,226651,180464,40,No,2023,11,5,329,47,4,1,5,0,0.4017,6371.0,6728.0,0.0,6706.0,1,1,0,0
2023-11-26,Sunday,4820,913,2860.12,2063.0,1480.0,7378.0,0,338297,252277,149245,1,Yes,2023,11,6,330,47,4,1,6,1,0.0,6401.0,7088.0,4820.0,7180.0,0,1,0,0
2023-11-27,Monday,12000,635,2079.0,1642.0,1480.0,5836.0,6164,240914,178273,116074,51,No,2023,11,0,331,48,4,0,0,0,0.5137,6473.0,6798.0,0.0,7378.0,1,1,0,0
2023-11-28,Tuesday,6164,707,2185.0,1770.0,1153.0,5815.0,349,232469,180329,126553,2,Yes,2023,11,1,332,48,4,0,1,1,0.0291,6420.0,6343.0,6164.0,5836.0,0,1,0,0
2023-11-29,Wednesday,12000,661,2234.0,1520.0,1209.0,5624.0,6376,248732,192099,124219,53,No,2023,11,2,333,48,4,0,2,0,0.5313,6405.0,5758.0,349.0,5815.0,1,1,0,0
2023-11-30,Thursday,6376,641,2217.0,1644.0,1388.0,5890.0,486,259006,175655,134811,4,Yes,2023,11,3,334,48,4,0,3,1,0.0405,6347.0,5776.0,6376.0,5624.0,0,1,0,0
2023-12-01,Friday,12000,770,2268.0,1551.0,1041.0,5630.0,6370,219802,193718,107061,53,No,2023,12,4,335,48,4,0,4,0,0.5308,6193.0,5715.0,486.0,5890.0,1,0,0,0
2023-12-02,Saturday,6370,905,2347.0,1959.0,1266.0,6477.0,0,292698,231365,144374,1,Yes,2023,12,5,336,48,4,1,5,1,0.0,6093.0,5999.0,6370.0,5630.0,0,0,0,0
2023-12-03,Sunday,12000,669,2238.0,2061.0,1389.0,6357.0,5643,274056,198328,138903,47,No,2023,12,6,337,48,4,1,6,0,0.4702,5947.0,6155.0,0.0,6477.0,1,0,0,0
2023-12-04,Monday,5643,600,1915.0,1444.0,790.0,4749.0,894,193774,150042,105178,7,Yes,2023,12,0,338,49,4,0,0,1,0.0745,5792.0,5861.0,5643.0,6357.0,0,0,0,0
2023-12-05,Tuesday,12000,604,2099.0,1748.0,896.0,5347.0,6653,243517,181707,104716,55,No,2023,12,1,339,49,4,0,1,0,0.5544,5725.0,5484.0,894.0,4749.0,1,0,0,0
2023-12-06,Wednesday,6653,595,1856.0,1458.0,978.0,4887.0,1766,215342,176036,89282,14,Yes,2023,12,2,340,49,4,0,2,1,0.1472,5620.0,4994.0,6653.0,5347.0,0,0,0,0
2023-12-07,Thursday,12000,563,1958.0,1729.0,1055.0,5305.0,6695,239193,184533,105071,55,No,2023,12,3,341,49,4,0,3,0,0.5579,5536.0,5180.0,1766.0,4887.0,1,0,0,0
2023-12-08,Friday,6695,628,2196.0,1825.0,1365.0,6014.0,681,250113,206207,139434,5,Yes,2023,12,4,342,49,4,0,4,1,0.0568,5591.0,5402.0,6695.0,5305.0,0,0,0,0
2023-12-09,Saturday,12000,769,2474.0,1830.0,1002.0,6075.0,5925,252874,187408,137641,49,No,2023,12,5,343,49,4,1,5,0,0.4938,5533.0,5798.0,681.0,6014.0,1,0,0,0
2023-12-10,Sunday,5925,842,2360.0,1719.0,1346.0,6267.0,0,269208,183482,146583,1,Yes,2023,12,6,344,49,4,1,6,1,0.0,5521.0,6119.0,5925.0,6075.0,0,0,0,0
2023-12-11,Monday,12000,527,1793.0,1481.0,1178.0,4979.0,7021,207230,174795,108700,58,No,2023,12,0,345,50,4,0,0,0,0.5851,5553.0,5774.0,0.0,6267.0,1,0,0,0
2023-12-12,Tuesday,7021,487,1639.0,1500.0,937.0,4563.0,2458,199671,152318,114724,20,No,2023,12,1,346,50,4,0,1,0,0.2048,5441.0,5270.0,7021.0,4979.0,2,0,0,0
2023-12-13,Wednesday,2458,658,2155.0,1457.0,1017.0,5287.0,0,237548,165688,99185,1,Yes,2023,12,2,347,50,4,0,2,1,0.0,5499.0,4943.0,2458.0,4563.0,0,0,0,0
2023-12-14,Thursday,12000,579,2265.0,1795.0,954.0,5593.0,6407,253510,157265,107931,53,No,2023,12,3,348,50,4,0,3,0,0.5339,5540.0,5148.0,0.0,5287.0,1,0,0,0
2023-12-15,Friday,6407,815,2249.0,1930.0,1285.0,6279.0,128,290325,210069,143988,1,Yes,2023,12,4,349,50,4,0,4,1,0.0107,5578.0,5720.0,6407.0,5593.0,0,0,0,0
2023-12-16,Saturday,12000,695,2470.0,2001.0,1234.0,6400.0,5600,292971,218073,124691,46,No,2023,12,5,350,50,4,1,5,0,0.4667,5624.0,6091.0,128.0,6279.0,1,0,0,0
2023-12-17,Sunday,5600,855,2674.0,2152.0,1369.0,7050.0,0,281517,242115,162912,1,Yes,2023,12,6,351,50,4,1,6,1,0.0,5736.0,6576.0,5600.0,6400.0,0,0,0,0
2023-12-18,Monday,12000,615,1751.0,1323.0,1006.0,4695.0,7305,205850,135092,110382,60,No,2023,12,0,352,51,4,0,0,0,0.6088,5695.0,6048.0,0.0,7050.0,1,0,0,0
2023-12-19,Tuesday,7305,653,1934.0,1470.0,1321.0,5378.0,1927,220381,177977,96712,16,Yes,2023,12,1,353,51,4,0,1,1,0.1606,5812.0,5708.0,7305.0,4695.0,0,0,0,0
2023-12-20,Wednesday,12000,694,2104.0,1470.0,1121.0,5389.0,6611,242080,176266,99562,55,No,2023,12,2,354,51,4,0,2,0,0.5509,5826.0,5154.0,1927.0,5378.0,1,0,0,0
2023-12-21,Thursday,6611,625,1953.0,1666.0,806.0,5050.0,1561,234065,168010,94253,13,Yes,2023,12,3,355,51,4,0,3,1,0.1301,5749.0,5272.0,6611.0,5389.0,0,0,0,0
2023-12-22,Friday,12000,737,2223.0,1976.0,1154.0,6090.0,5910,239199,170025,108399,49,No,2023,12,4,356,51,4,0,4,0,0.4925,5722.0,5510.0,1561.0,5050.0,1,0,0,0
2023-12-23,Saturday,5910,829,2533.0,2183.0,1466.0,7011.0,0,294330,207418,164633,1,Yes,2023,12,5,357,51,4,1,5,1,0.0,5809.0,6050.0,5910.0,6090.0,0,0,0,0
2023-12-24,Sunday,12000,821,2282.0,1976.0,1092.0,6171.0,5829,282681,187284,117017,48,No,2023,12,6,358,51,4,1,6,0,0.4858,5683.0,6424.0,0.0,7011.0,1,0,0,0
2023-12-25,Monday,5829,585,1804.0,1418.0,1059.0,4866.0,963,203058,144997,114812,8,Yes,2023,12,0,359,52,4,0,0,1,0.0802,5708.0,6016.0,5829.0,6171.0,0,0,0,0
2023-12-26,Tuesday,12000,673,1991.0,1651.0,741.0,5056.0,6944,206909,163827,113309,57,No,2023,12,1,360,52,4,0,1,0,0.5787,5662.0,5364.0,963.0,4866.0,1,0,0,0
2023-12-27,Wednesday,6944,677,1824.0,1622.0,1046.0,5169.0,1775,225508,162148,114403,14,Yes,2023,12,2,361,52,4,0,2,1,0.1479,5630.0,5030.0,6944.0,5056.0,0,0,0,0
2023-12-28,Thursday,12000,688,2034.0,1650.0,799.0,5171.0,6829,211638,140577,123521,56,No,2023,12,3,362,52,4,0,3,0,0.5691,5648.0,5132.0,1775.0,5169.0,1,0,0,0
2023-12-29,Friday,6829,705,2510.0,1882.0,1276.0,6373.0,456,284918,228766,147008,3,Yes,2023,12,4,363,52,4,0,4,1,0.038,5688.0,5571.0,6829.0,5171.0,0,0,0,0
2023-12-30,Saturday,12000,719,2609.0,2219.0,1515.0,7062.0,4938,285102,231805,151045,41,No,2023,12,5,364,52,4,1,5,0,0.4115,5695.0,6202.0,456.0,6373.0,1,0,0,0
2023-12-31,Sunday,4938,803,2220.0,1834.0,1058.0,5915.0,0,239994,190602,152788,1,Yes,2023,12,6,365,52,4,1,6,1,0.0,5659.0,6450.0,4938.0,7062.0,0,0,0,0
2024-01-01,Monday,12000,533,1918.0,1603.0,1128.0,5182.0,6818,243158,170124,104200,56,No,2024,1,0,1,1,1,0,0,0,0.5682,5704.0,6053.0,0.0,5915.0,1,0,0,0
2024-01-02,Tuesday,6818,728,1982.0,1814.0,979.0,5503.0,1315,239938,172863,104872,10,Yes,2024,1,1,2,1,1,0,1,1,0.1096,5768.0,5533.0,6818.0,5182.0,0,0,0,0
2024-01-03,Wednesday,12000,501,1748.0,1264.0,1122.0,4635.0,7365,197708,149383,88491,61,No,2024,1,2,3,1,1,0,2,0,0.6138,5692.0,5107.0,1315.0,5503.0,1,0,0,0
2024-01-04,Thursday,7365,687,2131.0,1697.0,858.0,5373.0,1992,243688,179445,131353,16,Yes,2024,1,3,4,1,1,0,3,1,0.166,5720.0,5170.0,7365.0,4635.0,0,0,0,0
2024-01-05,Friday,12000,834,2367.0,1927.0,867.0,5995.0,6005,240474,189942,130250,50,No,2024,1,4,5,1,1,0,4,0,0.5004,5666.0,5334.0,1992.0,5373.0,1,0,0,0
2024-01-06,Saturday,6005,944,2784.0,1981.0,1383.0,7130.0,0,325473,221032,137995,1,Yes,2024,1,5,6,1,1,1,5,1,0.0,5676.0,6166.0,6005.0,5995.0,0,0,0,0
2024-01-07,Sunday,12000,790,2399.0,2092.0,1342.0,6623.0,5377,278920,192602,124884,44,No,2024,1,6,7,1,1,1,6,0,0.4481,5777.0,6583.0,0.0,7130.0,1,0,0,0
2024-01-08,Monday,5377,542,1898.0,1491.0,1026.0,4957.0,420,219678,150686,93577,3,Yes,2024,1,0,8,2,1,0,0,1,0.035,5745.0,6237.0,5377.0,6623.0,0,0,0,0
2024-01-09,Tuesday,12000,746,2035.0,1614.0,1305.0,5700.0,6300,230263,181884,138644,52,No,2024,1,1,9,2,1,0,1,0,0.525,5773.0,5760.0,420.0,4957.0,1,0,0,0
2024-01-10,Wednesday,6300,662,1976.0,1431.0,836.0,4905.0,1395,221428,161876,89029,11,Yes,2024,1,2,10,2,1,0,2,1,0.1162,5812.0,5187.0,6300.0,5700.0,0,0,0,0
2024-01-11,Thursday,12000,538,1907.0,1709.0,1133.0,5287.0,6713,248545,165746,116615,55,No,2024,1,3,11,2,1,0,3,0,0.5594,5800.0,5297.0,1395.0,4905.0,1,0,0,0
2024-01-12,Friday,6713,794,2050.0,1622.0,1222.0,5688.0,1025,242083,188551,135098,8,Yes,2024,1,4,12,2,1,0,4,1,0.0854,5756.0,5293.0,6713.0,5287.0,0,0,0,0
2024-01-13,Saturday,12000,826,2542.0,1935.0,1204.0,6507.0,5493,286284,216993,124932,45,No,2024,1,5,13,2,1,1,5,0,0.4578,5667.0,5827.0,1025.0,5688.0,1,0,0,0
2024-01-14,Sunday,5493,787,2257.0,1732.0,1588.0,6364.0,0,278141,186483,128098,1,Yes,2024,1,6,14,2,1,1,6,1,0.0,5630.0,6186.0,5493.0,6507.0,0,0,0,0
2024-01-15,Monday,12000,547,1913.0,1562.0,739.0,4761.0,7239,196410,159111,101506,60,No,2024,1,0,15,3,1,0,0,0,0.6032,5602.0,5877.0,0.0,6364.0,1,0,0,0
2024-01-16,Tuesday,7239,574,2179.0,1593.0,1045.0,5391.0,1848,250702,182046,106398,15,Yes,2024,1,1,16,3,1,0,1,1,0.154,5558.0,5505.0,7239.0,4761.0,0,0,0,0
2024-01-17,Wednesday,12000,678,1778.0,1573.0,823.0,4852.0,7148,224777,161121,119994,59,No,2024,1,2,17,3,1,0,2,0,0.5957,5550.0,5001.0,1848.0,5391.0,1,0,0,0
2024-01-18,Thursday,7148,567,1977.0,1598.0,1075.0,5217.0,1931,214085,154083,112048,16,Yes,2024,1,3,18,3,1,0,3,1,0.1609,5540.0,5153.0,7148.0,4852.0,0,0,0,0
2024-01-19,Friday,12000,592,2141.0,1800.0,1211.0,5744.0,6256,231746,177403,116072,52,No,2024,1,4,19,3,1,0,4,0,0.5213,5548.0,5271.0,1931.0,5217.0,1,0,0,0
2024-01-20,Saturday,6256,895,2548.0,1935.0,1322.0,6700.0,0,314556,200260,148195,1,Yes,2024,1,5,20,3,1,1,5,1,0.0,5576.0,5887.0,6256.0,5744.0,0,0,0,0
2024-01-21,Sunday,12000,816,2317.0,1998.0,1123.0,6254.0,5746,251572,203788,125263,47,No,2024,1,6,21,3,1,1,6,0,0.4788,5560.0,6233.0,0.0,6700.0,1,0,0,0
2024-01-22,Monday,5746,651,1937.0,1406.0,844.0,4838.0,908,203723,158079,99034,7,Yes,2024,1,0,22,4,1,0,0,1,0.0757,5571.0,5931.0,5746.0,6254.0,0,0,0,0
2024-01-23,Tuesday,12000,658,1962.0,1558.0,1250.0,5428.0,6572,246438,155161,117036,54,No,2024,1,1,23,4,1,0,1,0,0.5477,5576.0,5507.0,908.0,4838.0,1,0,0,0
2024-01-24,Wednesday,6572,472,1777.0,1433.0,780.0,4462.0,2110,187440,127398,95603,17,No,2024,1,2,24,4,1,0,2,0,0.1758,5520.0,4909.0,6572.0,5428.0,2,0,0,0
2024-01-25,Thursday,2110,590,2024.0,1630.0,987.0,5231.0,0,235948,164258,110352,1,Yes,2024,1,3,25,4,1,0,3,1,0.0,5522.0,5040.0,2110.0,4462.0,0,0,0,0
2024-01-26,Friday,12000,640,2110.0,1767.0,1037.0,5554.0,6446,250529,177746,116177,53,No,2024,1,4,26,4,1,0,4,0,0.5372,5495.0,5082.0,0.0,5231.0,1,0,0,0
2024-01-27,Saturday,6446,709,2491.0,1824.0,1463.0,6487.0,0,269766,201662,156839,1,Yes,2024,1,5,27,4,1,1,5,1,0.0,5465.0,5757.0,6446.0,5554.0,0,0,0,0
2024-01-28,Sunday,12000,693,2371.0,1976.0,1155.0,6195.0,5805,279324,175211,148036,48,No,2024,1,6,28,4,1,1,6,0,0.4838,5456.0,6079.0,0.0,6487.0,1,0,0,0
2024-01-29,Monday,5805,725,1919.0,1567.0,996.0,5207.0,598,220891,152869,116523,4,Yes,2024,1,0,29,5,1,0,0,1,0.0498,5509.0,5963.0,5805.0,6195.0,0,0,0,0
2024-01-30,Tuesday,12000,574,1981.0,1661.0,820.0,5036.0,6964,206557,149042,116994,58,No,2024,1,1,30,5,1,0,1,0,0.5803,5453.0,5479.0,598.0,5207.0,1,0,0,0
2024-01-31,Wednesday,6964,609,2027.0,1520.0,1440.0,5596.0,1368,252631,187754,117488,11,Yes,2024,1,2,31,5,1,0,2,1,0.114,5615.0,5280.0,6964.0,5036.0,0,0,0,0
2024-02-01,Thursday,12000,763,2074.0,1651.0,1125.0,5613.0,6387,223625,187432,112336,53,No,2024,2,3,32,5,1,0,3,0,0.5322,5670.0,5415.0,1368.0,5596.0,1,0,0,0
2024-02-02,Friday,6387,682,2340.0,1643.0,1263.0,5928.0,459,249210,187800,125488,3,Yes,2024,2,4,33,5,1,0,4,1,0.0382,5723.0,5712.0,6387.0,5613.0,0,0,0,0
2024-02-03,Saturday,12000,689,2387.0,1912.0,1031.0,6019.0,5981,249036,183180,122131,49,No,2024,2,5,34,5,1,1,5,0,0.4984,5656.0,5853.0,459.0,5928.0,1,0,0,0
2024-02-04,Sunday,5981,912,2369.0,2018.0,1261.0,6560.0,0,256472,223445,159610,1,Yes,2024,2,6,35,5,1,1,6,1,0.0,5708.0,6169.0,5981.0,6019.0,0,0,0,0
2024-02-05,Monday,12000,579,1932.0,1621.0,874.0,5006.0,6994,211353,143847,91852,58,No,2024,2,0,36,6,1,0,0,0,0.5828,5680.0,5862.0,0.0,6560.0,1,0,0,0
2024-02-06,Tuesday,6994,667,1827.0,1467.0,1009.0,4970.0,2024,219392,145343,99088,16,No,2024,2,1,37,6,1,0,1,0,0.1687,5670.0,5512.0,6994.0,5006.0,2,0,0,0
2024-02-07,Wednesday,2024,634,1889.0,1554.0,687.0,4764.0,0,197031,156006,101128,1,Yes,2024,2,2,38,6,1,0,2,1,0.0,5551.0,4913.0,2024.0,4970.0,0,0,0,0
2024-02-08,Thursday,12000,689,2296.0,1774.0,945.0,5704.0,6296,249148,167650,125816,52,No,2024,2,3,39,6,1,0,3,0,0.5247,5564.0,5146.0,0.0,4764.0,1,0,0,0
2024-02-09,Friday,6296,668,2361.0,1947.0,1074.0,6050.0,246,257280,187785,129957,2,Yes,2024,2,4,40,6,1,0,4,1,0.0205,5582.0,5506.0,6296.0,5704.0,0,0,0,0
2024-02-10,Saturday,12000,833,2747.0,1994.0,1327.0,6901.0,5099,277398,209149,129161,42,No,2024,2,5,41,6,1,1,5,0,0.4249,5708.0,6218.0,246.0,6050.0,1,0,0,0
2024-02-11,Sunday,5099,780,2450.0,1840.0,1373.0,6443.0,0,262199,192918,148502,1,Yes,2024,2,6,42,6,1,1,6,1,0.0,5691.0,6465.0,5099.0,6901.0,0,0,0,0
2024-02-12,Monday,12000,645,1702.0,1397.0,1063.0,4807.0,7193,212256,146329,105279,59,No,2024,2,0,43,7,1,0,0,0,0.5994,5663.0,6050.0,0.0,6443.0,1,0,0,0
2024-02-13,Tuesday,7193,705,1988.0,1482.0,1225.0,5400.0,1793,237945,194613,108778,14,Yes,2024,2,1,44,7,1,0,1,1,0.1494,5724.0,5550.0,7193.0,4807.0,0,0,0,0
2024-02-14,Wednesday,12000,667,1995.0,1539.0,999.0,5200.0,6800,229753,181939,93619,56,No,2024,2,2,45,7,1,0,2,0,0.5667,5786.0,5136.0,1793.0,5400.0,1,0,0,0
2024-02-15,Thursday,6800,513,1832.0,1500.0,1249.0,5094.0,1706,235465,172859,111100,14,Yes,2024,2,3,46,7,1,0,3,1,0.1422,5699.0,5231.0,6800.0,5200.0,0,0,0,0
2024-02-16,Friday,12000,611,2269.0,1881.0,1043.0,5804.0,6196,246774,166772,132495,51,No,2024,2,4,47,7,1,0,4,0,0.5163,5664.0,5366.0,1706.0,5094.0,1,0,0,0
2024-02-17,Saturday,6196,735,2726.0,1982.0,1649.0,7186.0,0,316306,247719,149985,1,Yes,2024,2,5,48,7,1,1,5,1,0.0,5705.0,6028.0,6196.0,5804.0,0,0,0,0
2024-02-18,Sunday,12000,773,2603.0,1982.0,1170.0,6528.0,5472,284304,196749,132413,45,No,2024,2,6,49,7,1,1,6,0,0.456,5717.0,6506.0,0.0,7186.0,1,0,0,0
2024-02-19,Monday,5472,501,1998.0,1512.0,877.0,4888.0,584,203728,141392,101312,4,Yes,2024,2,0,50,8,1,0,0,1,0.0487,5729.0,6201.0,5472.0,6528.0,0,0,0,0
2024-02-20,Tuesday,12000,788,2348.0,1766.0,880.0,5782.0,6218,245009,193134,133570,51,No,2024,2,1,51,8,1,0,1,0,0.5182,5783.0,5733.0,584.0,4888.0,1,0,0,0
2024-02-21,Wednesday,6218,545,1990.0,1555.0,986.0,5076.0,1142,227645,164561,120671,9,Yes,2024,2,2,52,8,1,0,2,1,0.0952,5765.0,5249.0,6218.0,5782.0,0,0,0,0
2024-02-22,Thursday,12000,643,2040.0,1725.0,1270.0,5678.0,6322,235539,168472,117669,52,No,2024,2,3,53,8,1,0,3,0,0.5268,5849.0,5512.0,1142.0,5076.0,1,0,0,0
2024-02-23,Friday,6322,847,2343.0,1867.0,1046.0,6103.0,219,278510,201622,142668,1,Yes,2024,2,4,54,8,1,0,4,1,0.0182,5892.0,5619.0,6322.0,5678.0,0,0,0,0
2024-02-24,Saturday,12000,727,2860.12,2233.0,1354.0,7256.0,4744,286541,258037,180997,39,No,2024,2,5,55,8,1,1,5,0,0.3953,5902.0,6346.0,219.0,6103.0,1,0,0,0
2024-02-25,Sunday,4744,835,2308.0,2027.0,1135.0,6305.0,0,284557,214159,120909,1,Yes,2024,2,6,56,8,1,1,6,1,0.0,5870.0,6555.0,4744.0,7256.0,0,0,0,0
2024-02-26,Monday,12000,533,1898.0,1396.0,993.0,4820.0,7180,198531,140812,111640,59,No,2024,2,0,57,9,1,0,0,0,0.5983,5860.0,6127.0,0.0,6305.0,1,0,0,0
2024-02-27,Tuesday,7180,619,1878.0,1580.0,738.0,4815.0,2365,197583,156335,91824,19,No,2024,2,1,58,9,1,0,1,0,0.1971,5722.0,5313.0,7180.0,4820.0,2,0,0,0
2024-02-28,Wednesday,2365,658,1819.0,1431.0,1004.0,4912.0,0,209587,179909,119615,1,Yes,2024,2,2,59,9,1,0,2,1,0.0,5698.0,4849.0,2365.0,4815.0,0,0,0,0
2024-02-29,Thursday,12000,671,2041.0,1522.0,1153.0,5387.0,6613,228020,169697,120981,55,No,2024,2,3,60,9,1,0,3,0,0.5511,5657.0,5038.0,0.0,4912.0,1,0,0,0
2024-03-01,Friday,6613,702,2280.0,1941.0,1133.0,6056.0,557,261778,197348,109383,4,Yes,2024,3,4,61,9,1,0,4,1,0.0464,5650.0,5452.0,6613.0,5387.0,0,0,0,1
2024-03-02,Saturday,12000,944,2665.0,2279.8399999999992,1199.0,7146.0,4854,287941,228684,149986,40,No,2024,3,5,62,9,1,1,5,0,0.4045,5634.0,6196.0,557.0,6056.0,1,0,0,1
2024-03-03,Sunday,4854,906,2616.0,2007.0,1570.0,7099.0,0,333233,199787,158526,1,Yes,2024,3,6,63,9,1,1,6,1,0.0,5748.0,6767.0,4854.0,7146.0,0,0,0,1
2024-03-04,Monday,12000,548,1806.0,1389.0,1360.0,5103.0,6897,232530,162690,94556,57,No,2024,3,0,64,10,1,0,0,0,0.5748,5788.0,6449.0,0.0,7099.0,1,0,0,1
2024-03-05,Tuesday,6897,706,2178.0,1781.0,787.0,5452.0,1445,228821,188755,135151,12,Yes,2024,3,1,65,10,1,0,1,1,0.1204,5879.0,5885.0,6897.0,5103.0,0,0,0,1
2024-03-06,Wednesday,12000,778,2130.0,1633.0,1189.0,5730.0,6270,266022,180420,128735,52,No,2024,3,2,66,10,1,0,2,0,0.5225,5996.0,5428.0,1445.0,5452.0,1,0,0,1
2024-03-07,Thursday,6270,654,2246.0,1761.0,855.0,5516.0,754,226375,154871,123188,6,Yes,2024,3,3,67,10,1,0,3,1,0.0628,6015.0,5566.0,6270.0,5730.0,0,0,0,1
2024-03-08,Friday,12000,747,2517.0,1912.0,1100.0,6276.0,5724,267860,193806,120014,47,No,2024,3,4,68,10,1,0,4,0,0.477,6046.0,5841.0,754.0,5516.0,1,0,0,1
2024-03-09,Saturday,5724,944,2860.12,2235.0,1230.0,7500.0,0,321317,236950,139639,1,Yes,2024,3,5,69,10,1,1,5,1,0.0,6097.0,6431.0,5724.0,6276.0,0,0,0,1
2024-03-10,Sunday,12000,921,2469.0,2061.0,1596.0,7047.0,4953,284316,209182,131583,41,No,2024,3,6,70,10,1,1,6,0,0.4128,6089.0,6941.0,0.0,7500.0,1,0,0,1
2024-03-11,Monday,4953,632,1647.0,1456.0,855.0,4590.0,363,208648,156074,101177,3,Yes,2024,3,0,71,11,1,0,0,1,0.0302,6016.0,6379.0,4953.0,7047.0,0,0,0,1
2024-03-12,Tuesday,12000,681,2081.0,1651.0,1007.0,5420.0,6580,236172,169301,104653,54,No,2024,3,1,72,11,1,0,1,0,0.5483,6011.0,5686.0,363.0,4590.0,1,0,0,1
2024-03-13,Wednesday,6580,604,2317.0,1666.0,1278.0,5865.0,715,254219,178850,120582,5,Yes,2024,3,2,73,11,1,0,2,1,0.0596,6031.0,5292.0,6580.0,5420.0,0,0,0,1
2024-03-14,Thursday,12000,676,2229.0,1622.0,1411.0,5938.0,6062,227256,203833,120534,50,No,2024,3,3,74,11,1,0,3,0,0.5052,6091.0,5741.0,715.0,5865.0,1,0,0,1
2024-03-15,Friday,6062,913,2646.0,2022.0,1043.0,6624.0,0,284320,222345,151604,1,Yes,2024,3,4,75,11,1,0,4,1,0.0,6141.0,6142.0,6062.0,5938.0,0,0,0,1
2024-03-16,Saturday,12000,722,2498.0,1908.0,1649.0,6967.0,5033,305211,201027,133524,41,No,2024,3,5,76,11,1,1,5,0,0.4194,6064.0,6510.0,0.0,6624.0,1,0,0,1
2024-03-17,Sunday,5033,944,2800.0,2195.0,928.0,6882.0,0,308315,227366,140045,1,Yes,2024,3,6,77,11,1,1,6,1,0.0,6041.0,6824.0,5033.0,6967.0,0,0,0,1
2024-03-18,Monday,12000,618,1882.0,1492.0,1346.0,5338.0,6662,245037,187846,103046,55,No,2024,3,0,78,12,1,0,0,0,0.5552,6148.0,6396.0,0.0,6882.0,1,0,0,1
2024-03-19,Tuesday,6662,795,2072.0,1833.0,1203.0,5903.0,759,259756,169423,125790,6,Yes,2024,3,1,79,12,1,0,1,1,0.0632,6217.0,6041.0,6662.0,5338.0,0,0,0,1
2024-03-20,Wednesday,12000,659,2202.0,1520.0,1159.0,5540.0,6460,230881,187953,120938,53,No,2024,3,2,80,12,1,0,2,0,0.5383,6170.0,5594.0,759.0,5903.0,1,0,0,1
2024-03-21,Thursday,6460,684,1993.0,1751.0,1182.0,5610.0,850,260697,175796,127946,7,Yes,2024,3,3,81,12,1,0,3,1,0.0708,6123.0,5684.0,6460.0,5540.0,0,0,0,1
2024-03-22,Friday,12000,716,2389.0,2112.0,1451.0,6668.0,5332,315164,196824,127846,44,No,2024,3,4,82,12,1,0,4,0,0.4443,6130.0,5939.0,850.0,5610.0,1,0,0,1
2024-03-23,Saturday,5332,833,2537.0,2279.8399999999992,1470.0,7193.0,0,306529,235756,138555,1,Yes,2024,3,5,83,12,1,1,5,1,0.0,6162.0,6490.0,5332.0,6668.0,0,0,0,1
2024-03-24,Sunday,12000,931,2518.0,2182.0,1564.0,7195.0,4805,309097,261466,174721,40,No,2024,3,6,84,12,1,1,6,0,0.4004,6207.0,7019.0,0.0,7193.0,1,0,0,1
2024-03-25,Monday,4805,505,1706.0,1430.0,913.0,4554.0,251,200030,150035,117059,2,Yes,2024,3,0,85,13,1,0,0,1,0.0209,6095.0,6314.0,4805.0,7195.0,0,0,0,1
2024-03-26,Tuesday,12000,818,2172.0,1919.0,1137.0,6046.0,5954,275842,203987,107504,49,No,2024,3,1,86,13,1,0,1,0,0.4962,6115.0,5932.0,251.0,4554.0,1,0,0,1
2024-03-27,Wednesday,5954,717,2402.0,1840.0,943.0,5902.0,52,263683,188036,115709,1,Yes,2024,3,2,87,13,1,0,2,1,0.0043,6167.0,5501.0,5954.0,6046.0,0,0,0,1
2024-03-28,Thursday,12000,615,2287.0,1623.0,1209.0,5734.0,6266,227277,175880,118097,52,No,2024,3,3,88,13,1,0,3,0,0.5222,6185.0,5894.0,52.0,5902.0,1,0,0,1
2024-03-29,Friday,6266,886,2572.0,2279.8399999999992,1517.0,7323.0,0,346638,244117,158225,1,Yes,2024,3,4,89,13,1,0,4,1,0.0,6278.0,6320.0,6266.0,5734.0,0,0,0,1
2024-03-30,Saturday,12000,912,2631.0,1973.0,1616.0,7132.0,4868,322609,215378,150973,40,No,2024,3,5,90,13,1,1,5,0,0.4057,6269.0,6730.0,0.0,7323.0,1,0,0,1
2024-03-31,Sunday,4868,799,2538.0,1741.0,1326.0,6404.0,0,286366,196690,140325,1,Yes,2024,3,6,91,13,1,1,6,1,0.0,6156.0,6953.0,4868.0,7132.0,0,0,0,1
2024-04-01,Monday,12000,624,1895.0,1484.0,1068.0,5071.0,6929,227987,146840,93464,57,No,2024,4,0,92,14,2,0,0,0,0.5774,6230.0,6202.0,0.0,6404.0,1,0,0,1
2024-04-02,Tuesday,6929,735,1949.0,1668.0,1089.0,5441.0,1488,237439,166147,128235,12,Yes,2024,4,1,93,14,2,0,1,1,0.124,6144.0,5639.0,6929.0,5071.0,0,0,0,1
2024-04-03,Wednesday,12000,642,2020.0,1796.0,1260.0,5718.0,6282,253498,173464,109618,52,No,2024,4,2,94,14,2,0,2,0,0.5235,6118.0,5410.0,1488.0,5441.0,1,0,0,1
2024-04-04,Thursday,6282,747,2189.0,1730.0,1274.0,5940.0,342,264901,163626,129691,2,Yes,2024,4,3,95,14,2,0,3,1,0.0285,6147.0,5700.0,6282.0,5718.0,0,0,0,1
2024-04-05,Friday,12000,650,2298.0,1760.0,1455.0,6163.0,5837,264884,194474,108157,48,No,2024,4,4,96,14,2,0,4,0,0.4864,5981.0,5940.0,342.0,5940.0,1,0,0,1
2024-04-06,Saturday,5837,902,2820.0,2079.0,1383.0,7184.0,0,285245,202295,163086,1,Yes,2024,4,5,97,14,2,1,5,1,0.0,5989.0,6429.0,5837.0,6163.0,0,0,0,1
2024-04-07,Sunday,12000,771,2392.0,2161.0,1345.0,6669.0,5331,266449,206817,155673,44,No,2024,4,6,98,14,2,1,6,0,0.4442,6027.0,6672.0,0.0,7184.0,1,0,0,1
2024-04-08,Monday,5331,548,2045.0,1590.0,1213.0,5396.0,0,217211,177642,104504,1,Yes,2024,4,0,99,15,2,0,0,1,0.0,6073.0,6416.0,5331.0,6669.0,0,0,0,1
2024-04-09,Tuesday,12000,542,1953.0,1626.0,1121.0,5242.0,6758,211174,149920,119294,56,No,2024,4,1,100,15,2,0,1,0,0.5632,6045.0,5769.0,0.0,5396.0,1,0,0,1
2024-04-10,Wednesday,6758,758,2215.0,1744.0,1190.0,5907.0,851,254938,209185,137197,7,Yes,2024,4,2,101,15,2,0,2,1,0.0709,6072.0,5515.0,6758.0,5242.0,0,0,0,1
2024-04-11,Thursday,12000,712,2221.0,1973.0,1096.0,6002.0,5998,252537,193757,127022,49,No,2024,4,3,102,15,2,0,3,0,0.4998,6080.0,5717.0,851.0,5907.0,1,0,0,1
2024-04-12,Friday,5998,838,2451.0,1871.0,1561.0,6721.0,0,293697,192364,124444,1,Yes,2024,4,4,103,15,2,0,4,1,0.0,6160.0,6210.0,5998.0,6002.0,0,0,0,1
2024-04-13,Saturday,12000,842,2741.0,2245.0,1492.0,7320.0,4680,300145,206683,151596,39,No,2024,4,5,104,15,2,1,5,0,0.39,6180.0,6681.0,0.0,6721.0,1,0,0,1
2024-04-14,Sunday,4680,749,2572.0,2238.0,1622.0,7181.0,0,315702,217987,159433,1,Yes,2024,4,6,105,15,2,1,6,1,0.0,6253.0,7074.0,4680.0,7320.0,0,0,0,1
2024-04-15,Monday,12000,662,2284.0,1722.0,1088.0,5756.0,6244,238480,185798,137912,52,No,2024,4,0,106,16,2,0,0,0,0.5203,6304.0,6752.0,0.0,7181.0,1,0,0,1
2024-04-16,Tuesday,6244,576,2300.0,1589.0,1286.0,5751.0,493,260766,199235,109310,4,Yes,2024,4,1,107,16,2,0,1,1,0.0411,6377.0,6229.0,6244.0,5756.0,0,0,0,1
2024-04-17,Wednesday,12000,780,2058.0,1716.0,1271.0,5825.0,6175,264036,188788,118303,51,No,2024,4,2,108,16,2,0,2,0,0.5146,6365.0,5777.0,493.0,5751.0,1,0,0,1
2024-04-18,Thursday,6175,877,2282.0,2067.0,1138.0,6364.0,0,272526,210387,148781,1,Yes,2024,4,3,109,16,2,0,3,1,0.0,6417.0,5980.0,6175.0,5825.0,0,0,0,1
2024-04-19,Friday,12000,784,2527.0,1956.0,1348.0,6615.0,5385,263568,220629,130479,44,No,2024,4,4,110,16,2,0,4,0,0.4488,6402.0,6268.0,0.0,6364.0,1,0,0,1
2024-04-20,Saturday,5385,917,2860.12,2243.0,1372.0,7500.0,0,310179,227630,177464,1,Yes,2024,4,5,111,16,2,1,5,1,0.0,6427.0,6826.0,5385.0,6615.0,0,0,0,1
2024-04-21,Sunday,12000,726,2332.0,1863.0,1649.0,6575.0,5425,306052,191214,135074,45,No,2024,4,6,112,16,2,1,6,0,0.4521,6341.0,6897.0,0.0,7500.0,1,0,0,1
2024-04-22,Monday,5425,687,2034.0,1616.0,960.0,5297.0,128,221335,175814,118292,1,Yes,2024,4,0,113,17,2,0,0,1,0.0107,6275.0,6457.0,5425.0,6575.0,0,0,0,1
2024-04-23,Tuesday,12000,800,2309.0,1915.0,1034.0,6058.0,5942,263277,183982,126655,49,No,2024,4,1,114,17,2,0,1,0,0.4952,6319.0,5977.0,128.0,5297.0,1,0,0,1
2024-04-24,Wednesday,5942,643,2283.0,1769.0,1009.0,5704.0,238,256243,183742,130392,1,Yes,2024,4,2,115,17,2,0,2,1,0.0198,6302.0,5686.0,5942.0,6058.0,0,0,0,1
2024-04-25,Thursday,12000,773,2418.0,1799.0,1434.0,6424.0,5576,278206,205009,122805,46,No,2024,4,3,116,17,2,0,3,0,0.4647,6310.0,6062.0,238.0,5704.0,1,0,0,1
2024-04-26,Friday,5576,834,2160.0,1931.0,1055.0,5980.0,0,259870,186884,113463,1,Yes,2024,4,4,117,17,2,0,4,1,0.0,6220.0,6036.0,5576.0,6424.0,0,0,0,1
2024-04-27,Saturday,12000,944,2601.0,2151.0,1319.0,7051.0,4949,321856,241596,152345,41,No,2024,4,5,118,17,2,1,5,0,0.4124,6156.0,6485.0,0.0,5980.0,1,0,0,1
2024-04-28,Sunday,4949,918,2838.0,1945.0,1304.0,7005.0,0,310385,200883,140037,1,Yes,2024,4,6,119,17,2,1,6,1,0.0,6217.0,6679.0,4949.0,7051.0,0,0,0,1
2024-04-29,Monday,12000,789,2159.0,1753.0,946.0,5647.0,6353,232249,158697,110925,52,No,2024,4,0,120,18,2,0,0,0,0.5294,6267.0,6568.0,0.0,7005.0,1,0,0,1
2024-04-30,Tuesday,6353,607,1949.0,1550.0,1410.0,5516.0,837,230168,190589,107265,6,Yes,2024,4,1,121,18,2,0,1,1,0.0698,6190.0,6056.0,6353.0,5647.0,0,0,0,1
2024-05-01,Wednesday,12000,628,2252.0,1635.0,1480.0,5995.0,6005,276261,178148,114771,50,No,2024,5,2,122,18,2,0,2,0,0.5004,6231.0,5719.0,837.0,5516.0,1,0,0,1
2024-05-02,Thursday,6005,683,2391.0,1716.0,1567.0,6357.0,0,276151,188462,136241,1,Yes,2024,5,3,123,18,2,0,3,1,0.0,6222.0,5956.0,6005.0,5995.0,0,0,0,1
2024-05-03,Friday,12000,647,2487.0,1874.0,1246.0,6254.0,5746,285400,181059,130642,47,No,2024,5,4,124,18,2,0,4,0,0.4788,6261.0,6202.0,0.0,6357.0,1,0,0,1
2024-05-04,Saturday,5746,896,2795.0,2117.0,1649.0,7500.0,0,322722,242282,168045,1,Yes,2024,5,5,125,18,2,1,5,1,0.0,6325.0,6704.0,5746.0,6254.0,0,0,0,1
2024-05-05,Sunday,12000,944,2860.12,2110.0,1345.0,7420.0,4580,323530,241415,163229,38,No,2024,5,6,126,18,2,1,6,0,0.3817,6384.0,7058.0,0.0,7500.0,1,0,0,1
2024-05-06,Monday,4580,732,2082.0,1759.0,894.0,5467.0,0,236808,187954,118104,1,Yes,2024,5,0,127,19,2,0,0,1,0.0,6358.0,6796.0,4580.0,7420.0,0,0,0,1
2024-05-07,Tuesday,12000,714,2369.0,2006.0,998.0,6087.0,5913,249000,202094,147877,49,No,2024,5,1,128,19,2,0,1,0,0.4928,6440.0,6325.0,0.0,5467.0,1,0,0,1
2024-05-08,Wednesday,5913,780,2530.0,1684.0,1233.0,6227.0,0,271808,179380,140447,1,Yes,2024,5,2,129,19,2,0,2,1,0.0,6473.0,5927.0,5913.0,6087.0,0,0,0,1
2024-05-09,Thursday,12000,585,2137.0,1684.0,1315.0,5721.0,6279,241945,168978,113635,52,No,2024,5,3,130,19,2,0,3,0,0.5232,6382.0,6012.0,0.0,6227.0,1,0,0,1
2024-05-10,Friday,6279,649,2642.0,1883.0,1302.0,6476.0,0,298931,225834,154339,1,Yes,2024,5,4,131,19,2,0,4,1,0.0,6414.0,6141.0,6279.0,5721.0,0,0,0,1
2024-05-11,Saturday,12000,897,2860.0,2231.0,1046.0,7034.0,4966,311877,214591,147635,41,No,2024,5,5,132,19,2,1,5,0,0.4138,6347.0,6410.0,0.0,6476.0,1,0,0,1
2024-05-12,Sunday,4966,763,2628.0,1811.0,1238.0,6440.0,0,266029,181674,117575,1,Yes,2024,5,6,133,19,2,1,6,1,0.0,6207.0,6650.0,4966.0,7034.0,0,0,0,1
2024-05-13,Monday,12000,775,2352.0,1712.0,906.0,5745.0,6255,245054,176116,115700,52,No,2024,5,0,134,20,2,0,0,0,0.5212,6247.0,6406.0,0.0,6440.0,1,0,0,1
2024-05-14,Tuesday,6255,871,2575.0,1975.0,1012.0,6433.0,0,251090,203130,139142,1,Yes,2024,5,1,135,20,2,0,1,1,0.0,6297.0,6206.0,6255.0,5745.0,0,0,0,1
2024-05-15,Wednesday,12000,691,2374.0,1606.0,1122.0,5793.0,6207,248896,199187,123263,51,No,2024,5,2,136,20,2,0,2,0,0.5172,6235.0,5990.0,0.0,6433.0,1,0,0,1
2024-05-16,Thursday,6207,858,2243.0,1748.0,1447.0,6296.0,0,288492,180827,155864,1,Yes,2024,5,3,137,20,2,0,3,1,0.0,6317.0,6174.0,6207.0,5793.0,0,0,0,1
2024-05-17,Friday,12000,847,2719.0,1982.0,1234.0,6782.0,5218,271679,199385,133895,43,No,2024,5,4,138,20,2,0,4,0,0.4348,6360.0,6290.0,0.0,6296.0,1,0,0,1
2024-05-18,Saturday,5218,714,2530.0,1963.0,1532.0,6739.0,0,307890,217553,124267,1,Yes,2024,5,5,139,20,2,1,5,1,0.0,6318.0,6606.0,5218.0,6782.0,0,0,0,1
2024-05-19,Sunday,12000,861,2464.0,2193.0,1439.0,6957.0,5043,298220,212234,175229,42,No,2024,5,6,140,20,2,1,6,0,0.4202,6392.0,6826.0,0.0,6739.0,1,0,0,1
2024-05-20,Monday,5043,661,2239.0,1661.0,1105.0,5666.0,0,245329,169197,110007,1,Yes,2024,5,0,141,21,2,0,0,1,0.0,6381.0,6454.0,5043.0,6957.0,0,0,0,1
2024-05-21,Tuesday,12000,701,2395.0,1909.0,851.0,5856.0,6144,245860,167943,114450,51,No,2024,5,1,142,21,2,0,1,0,0.512,6298.0,6160.0,0.0,5666.0,1,0,0,1
2024-05-22,Wednesday,6144,630,2201.0,1884.0,1148.0,5863.0,281,273098,197487,127107,2,Yes,2024,5,2,143,21,2,0,2,1,0.0234,6308.0,5795.0,6144.0,5856.0,0,0,0,1
2024-05-23,Thursday,12000,625,2308.0,1628.0,1421.0,5982.0,6018,256313,179994,150328,50,No,2024,5,3,144,21,2,0,3,0,0.5015,6264.0,5900.0,281.0,5863.0,1,0,0,1
2024-05-24,Friday,6018,731,2748.0,2141.0,1134.0,6754.0,0,306237,235375,121592,1,Yes,2024,5,4,145,21,2,0,4,1,0.0,6260.0,6200.0,6018.0,5982.0,0,0,0,1
2024-05-25,Saturday,12000,907,2860.12,2270.0,1420.0,7500.0,4500,304611,253876,139096,37,No,2024,5,5,146,21,2,1,5,0,0.375,6368.0,6745.0,0.0,6754.0,1,0,0,1
2024-05-26,Sunday,4500,878,2786.0,2155.0,1243.0,7062.0,0,303013,251315,143188,1,Yes,2024,5,6,147,21,2,1,6,1,0.0,6383.0,7105.0,4500.0,7500.0,0,0,0,1
2024-05-27,Monday,12000,557,1914.0,1518.0,1427.0,5416.0,6584,255140,159961,99104,54,No,2024,5,0,148,22,2,0,0,0,0.5487,6348.0,6659.0,0.0,7062.0,1,0,0,1
2024-05-28,Tuesday,6584,671,2129.0,1790.0,1211.0,5801.0,783,261573,187387,128267,6,Yes,2024,5,1,149,22,2,0,1,1,0.0652,6340.0,6093.0,6584.0,5416.0,0,0,0,1
2024-05-29,Wednesday,12000,657,2106.0,1472.0,1177.0,5412.0,6588,242262,190234,118481,54,No,2024,5,2,150,22,2,0,2,0,0.549,6275.0,5543.0,783.0,5801.0,1,0,0,1
2024-05-30,Thursday,6588,627,1918.0,1606.0,1085.0,5236.0,1352,230582,160307,106765,11,Yes,2024,5,3,151,22,2,0,3,1,0.1127,6169.0,5483.0,6588.0,5412.0,0,0,0,1
2024-05-31,Friday,12000,702,2353.0,1729.0,1239.0,6023.0,5977,261266,191956,142828,49,No,2024,5,4,152,22,2,0,4,0,0.4981,6064.0,5557.0,1352.0,5236.0,1,0,0,1
2024-06-01,Saturday,5977,805,2146.0,1898.0,984.0,5833.0,144,238456,188548,114500,1,Yes,2024,6,5,153,22,2,1,5,1,0.012,5826.0,5697.0,5977.0,6023.0,0,0,1,0
2024-06-02,Sunday,12000,632,2016.0,1540.0,808.0,4996.0,7004,230751,143775,101821,58,No,2024,6,6,154,22,2,1,6,0,0.5837,5531.0,5617.0,144.0,5833.0,1,0,1,0
2024-06-03,Monday,7004,620,1589.0,1393.0,874.0,4476.0,2528,186942,131059,104245,21,No,2024,6,0,155,23,2,0,0,0,0.2107,5397.0,5102.0,7004.0,4996.0,2,0,1,0
2024-06-04,Tuesday,2528,452,1580.0,1187.0,1130.0,4349.0,0,175844,134296,85754,1,Yes,2024,6,1,156,23,2,0,1,1,0.0,5189.0,4607.0,2528.0,4476.0,0,0,1,0
2024-06-05,Wednesday,12000,561,1907.0,1368.0,1051.0,4887.0,7113,208139,168169,100955,59,No,2024,6,2,157,23,2,0,2,0,0.5928,5114.0,4571.0,0.0,4349.0,1,0,1,0
2024-06-06,Thursday,7113,536,1565.0,1193.0,1086.0,4380.0,2733,191908,153120,100509,22,No,2024,6,3,158,23,2,0,3,0,0.2278,4992.0,4539.0,7113.0,4887.0,2,0,1,0
2024-06-07,Friday,2733,567,1733.0,1537.0,865.0,4702.0,0,208203,153615,92673,1,Yes,2024,6,4,159,23,2,0,4,1,0.0,4803.0,4656.0,2733.0,4380.0,0,0,1,0
2024-06-08,Saturday,12000,704,2511.0,1970.0,1021.0,6206.0,5794,282458,213522,115355,48,No,2024,6,5,160,23,2,1,5,0,0.4828,4857.0,5096.0,0.0,4702.0,1,0,1,0
2024-06-09,Sunday,5794,709,2368.0,1891.0,958.0,5926.0,0,266731,185984,113512,1,Yes,2024,6,6,161,23,2,1,6,1,0.0,4989.0,5611.0,5794.0,6206.0,0,0,1,0
2024-06-10,Monday,12000,609,1704.0,1317.0,834.0,4464.0,7536,188124,145273,84461,62,No,2024,6,0,162,24,2,0,0,0,0.628,4988.0,5532.0,0.0,5926.0,1,0,1,0
2024-06-11,Tuesday,7536,618,1678.0,1436.0,889.0,4621.0,2915,203551,139161,113320,24,No,2024,6,1,163,24,2,0,1,0,0.2429,5027.0,5004.0,7536.0,4464.0,2,0,1,0
2024-06-12,Wednesday,2915,546,1783.0,1506.0,792.0,4627.0,0,196182,128490,110029,1,Yes,2024,6,2,164,24,2,0,2,1,0.0,4989.0,4571.0,2915.0,4621.0,0,0,1,0
2024-06-13,Thursday,12000,466,1793.0,1481.0,899.0,4639.0,7361,198647,149582,86490,61,No,2024,6,3,165,24,2,0,3,0,0.6134,5026.0,4629.0,0.0,4627.0,1,0,1,0
2024-06-14,Friday,7361,590,2087.0,1588.0,1064.0,5329.0,2032,223382,180022,105373,16,No,2024,6,4,166,24,2,0,4,0,0.1693,5116.0,4865.0,7361.0,4639.0,2,0,1,0
2024-06-15,Saturday,2032,621,2436.0,1744.0,1369.0,6170.0,0,252679,179241,141182,1,Yes,2024,6,5,167,24,2,1,5,1,0.0,5111.0,5379.0,2032.0,5329.0,0,0,1,0
2024-06-16,Sunday,12000,721,2097.0,1757.0,1123.0,5698.0,6302,231372,186883,120067,52,No,2024,6,6,168,24,2,1,6,0,0.5252,5078.0,5732.0,0.0,6170.0,1,0,1,0
2024-06-17,Monday,6302,552,1617.0,1303.0,626.0,4098.0,2204,179330,120469,87972,18,No,2024,6,0,169,25,2,0,0,0,0.1837,5026.0,5322.0,6302.0,5698.0,2,0,1,0
2024-06-18,Tuesday,2204,529,1674.0,1457.0,917.0,4577.0,0,193802,155449,113403,1,Yes,2024,6,1,170,25,2,0,1,1,0.0,5020.0,4791.0,2204.0,4098.0,0,0,1,0
2024-06-19,Wednesday,12000,598,1749.0,1284.0,954.0,4585.0,7415,191833,139043,82957,61,No,2024,6,2,171,25,2,0,2,0,0.6179,5014.0,4420.0,0.0,4577.0,1,0,1,0
2024-06-20,Thursday,7415,610,1980.0,1519.0,868.0,4977.0,2438,213489,171778,100317,20,No,2024,6,3,172,25,2,0,3,0,0.2032,5062.0,4713.0,7415.0,4585.0,2,0,1,0
2024-06-21,Friday,2438,678,2073.0,1585.0,736.0,5072.0,0,225626,148491,95289,1,Yes,2024,6,4,173,25,2,0,4,1,0.0,5025.0,4878.0,2438.0,4977.0,0,0,1,0
2024-06-22,Saturday,12000,825,2189.0,1894.0,1233.0,6141.0,5859,253189,207603,111067,48,No,2024,6,5,174,25,2,1,5,0,0.4882,5021.0,5397.0,0.0,5072.0,1,0,1,0
2024-06-23,Sunday,5859,584,2129.0,1517.0,1081.0,5311.0,548,224328,187810,123722,4,Yes,2024,6,6,175,25,2,1,6,1,0.0457,4966.0,5508.0,5859.0,6141.0,0,0,1,0
2024-06-24,Monday,12000,567,1574.0,1355.0,712.0,4208.0,7792,170464,116106,97121,64,No,2024,6,0,176,26,2,0,0,0,0.6493,4982.0,5220.0,548.0,5311.0,1,0,1,0
2024-06-25,Tuesday,7792,571,1713.0,1302.0,1050.0,4636.0,3156,194332,168548,91057,26,No,2024,6,1,177,26,2,0,1,0,0.263,4990.0,4718.0,7792.0,4208.0,2,0,1,0
2024-06-26,Wednesday,3156,614,1948.0,1466.0,1005.0,5033.0,0,211707,173516,110350,1,Yes,2024,6,2,178,26,2,0,2,1,0.0,5054.0,4626.0,3156.0,4636.0,0,0,1,0
2024-06-27,Thursday,12000,576,1698.0,1520.0,901.0,4695.0,7305,210849,139486,99395,60,No,2024,6,3,179,26,2,0,3,0,0.6088,5014.0,4788.0,0.0,5033.0,1,0,1,0
2024-06-28,Friday,7305,708,1882.0,1689.0,853.0,5132.0,2173,233914,170527,105531,18,No,2024,6,4,180,26,2,0,4,0,0.1811,5022.0,4953.0,7305.0,4695.0,2,0,1,0
2024-06-29,Saturday,2173,893,2637.0,1856.0,1185.0,6571.0,0,264495,197953,149472,1,Yes,2024,6,5,181,26,2,1,5,1,0.0,5084.0,5466.0,2173.0,5132.0,0,0,1,0
2024-06-30,Sunday,12000,662,1994.0,1785.0,1130.0,5571.0,6429,242981,167285,136152,53,No,2024,6,6,182,26,2,1,6,0,0.5357,5121.0,5758.0,0.0,6571.0,1,0,1,0
2024-07-01,Monday,6429,448,1700.0,1281.0,972.0,4401.0,2028,172728,122977,106208,16,No,2024,7,0,183,27,3,0,0,0,0.169,5148.0,5514.0,6429.0,5571.0,2,0,1,0
2024-07-02,Tuesday,2028,673,2042.0,1578.0,1335.0,5628.0,0,270167,169324,102854,1,Yes,2024,7,1,184,27,3,0,1,1,0.0,5290.0,5200.0,2028.0,4401.0,0,0,1,0
2024-07-03,Wednesday,12000,527,1577.0,1297.0,1093.0,4494.0,7506,177871,140914,80080,62,No,2024,7,2,185,27,3,0,2,0,0.6255,5213.0,4841.0,0.0,5628.0,1,0,1,0
2024-07-04,Thursday,7506,506,1693.0,1358.0,774.0,4331.0,3175,172412,134291,109373,26,No,2024,7,3,186,27,3,0,3,0,0.2646,5161.0,4818.0,7506.0,4494.0,2,0,1,0
2024-07-05,Friday,3175,741,2026.0,1846.0,1082.0,5695.0,0,251642,179458,98809,1,Yes,2024,7,4,187,27,3,0,4,1,0.0,5242.0,4840.0,3175.0,4331.0,0,0,1,0
2024-07-06,Saturday,12000,721,2447.0,1848.0,1093.0,6109.0,5891,275146,170049,120186,49,No,2024,7,5,188,27,3,1,5,0,0.4909,5176.0,5378.0,0.0,5695.0,1,0,1,0
2024-07-07,Sunday,5891,713,2018.0,1535.0,1258.0,5524.0,367,243650,163798,119578,3,Yes,2024,7,6,189,27,3,1,6,1,0.0306,5169.0,5776.0,5891.0,6109.0,0,0,1,0
2024-07-08,Monday,12000,507,1520.0,1380.0,884.0,4291.0,7709,177181,128554,86226,64,No,2024,7,0,190,28,3,0,0,0,0.6424,5153.0,5308.0,367.0,5524.0,1,0,1,0
2024-07-09,Tuesday,7709,580,1790.0,1370.0,880.0,4620.0,3089,199599,140298,97155,25,No,2024,7,1,191,28,3,0,1,0,0.2574,5009.0,4812.0,7709.0,4291.0,2,0,1,0
2024-07-10,Wednesday,3089,561,1653.0,1150.0,863.0,4227.0,0,186757,122963,98039,1,Yes,2024,7,2,192,28,3,0,2,1,0.0,4971.0,4379.0,3089.0,4620.0,0,0,1,0
2024-07-11,Thursday,12000,663,2021.0,1634.0,647.0,4965.0,7035,208131,141821,94795,58,No,2024,7,3,193,28,3,0,3,0,0.5863,5062.0,4604.0,0.0,4227.0,1,0,1,0
2024-07-12,Friday,7035,675,2170.0,1673.0,882.0,5400.0,1635,211547,177172,125970,13,Yes,2024,7,4,194,28,3,0,4,1,0.1362,5019.0,4864.0,7035.0,4965.0,0,0,1,0
2024-07-13,Saturday,12000,621,2186.0,1656.0,1101.0,5564.0,6436,226642,187184,98950,53,No,2024,7,5,195,28,3,1,5,0,0.5363,4942.0,5310.0,1635.0,5400.0,1,0,1,0
2024-07-14,Sunday,6436,759,2290.0,1650.0,1285.0,5984.0,452,269897,191099,112681,3,Yes,2024,7,6,196,28,3,1,6,1,0.0377,5007.0,5649.0,6436.0,5564.0,0,0,1,0
2024-07-15,Monday,12000,478,1730.0,1445.0,763.0,4416.0,7584,197942,129734,84284,63,No,2024,7,0,197,29,3,0,0,0,0.632,5025.0,5321.0,452.0,5984.0,1,0,1,0
2024-07-16,Tuesday,7584,542,1872.0,1471.0,972.0,4857.0,2727,213330,143098,111335,22,No,2024,7,1,198,29,3,0,1,0,0.2272,5059.0,5086.0,7584.0,4416.0,2,0,1,0
2024-07-17,Wednesday,2727,457,1682.0,1318.0,859.0,4316.0,0,189305,121971,97941,1,Yes,2024,7,2,199,29,3,0,2,1,0.0,5072.0,4530.0,2727.0,4857.0,0,0,1,0
2024-07-18,Thursday,12000,658,1926.0,1592.0,933.0,5109.0,6891,204976,161481,109594,57,No,2024,7,3,200,29,3,0,3,0,0.5742,5092.0,4761.0,0.0,4316.0,1,0,1,0
2024-07-19,Friday,6891,640,2319.0,1839.0,953.0,5751.0,1140,241945,188245,126139,9,Yes,2024,7,4,201,29,3,0,4,1,0.095,5142.0,5059.0,6891.0,5109.0,0,0,1,0
2024-07-20,Saturday,12000,686,1931.0,1456.0,1296.0,5369.0,6631,223428,183331,94367,55,No,2024,7,5,202,29,3,1,5,0,0.5526,5115.0,5410.0,1140.0,5751.0,1,0,1,0
2024-07-21,Sunday,6631,597,2166.0,1709.0,1176.0,5648.0,983,225230,181114,138607,8,Yes,2024,7,6,203,29,3,1,6,1,0.0819,5067.0,5589.0,6631.0,5369.0,0,0,1,0
2024-07-22,Monday,12000,572,1509.0,1205.0,920.0,4206.0,7794,174315,125372,75702,64,No,2024,7,0,204,30,3,0,0,0,0.6495,5037.0,5074.0,983.0,5648.0,1,0,1,0
2024-07-23,Tuesday,7794,627,1833.0,1490.0,778.0,4728.0,3066,203852,145479,91297,25,No,2024,7,1,205,30,3,0,1,0,0.2555,5018.0,4861.0,7794.0,4206.0,2,0,1,0
2024-07-24,Wednesday,3066,596,1723.0,1298.0,762.0,4379.0,0,188878,137150,88375,1,Yes,2024,7,2,206,30,3,0,2,1,0.0,5027.0,4438.0,3066.0,4728.0,0,0,1,0
2024-07-25,Thursday,12000,608,1802.0,1373.0,1157.0,4940.0,7060,215101,142561,108123,58,No,2024,7,3,207,30,3,0,3,0,0.5883,5003.0,4682.0,0.0,4379.0,1,0,1,0
2024-07-26,Friday,7060,696,2318.0,1940.0,979.0,5933.0,1127,284046,159040,109889,9,Yes,2024,7,4,208,30,3,0,4,1,0.0939,5029.0,5084.0,7060.0,4940.0,0,0,1,0
2024-07-27,Saturday,12000,845,2386.0,1938.0,922.0,6091.0,5909,267507,189256,130886,49,No,2024,7,5,209,30,3,1,5,0,0.4924,5132.0,5655.0,1127.0,5933.0,1,0,1,0
2024-07-28,Sunday,5909,713,2190.0,1646.0,1094.0,5643.0,266,229812,179267,101981,2,Yes,2024,7,6,210,30,3,1,6,1,0.0222,5131.0,5889.0,5909.0,6091.0,0,0,1,0
2024-07-29,Monday,12000,612,1946.0,1495.0,724.0,4777.0,7223,225348,148791,107979,60,No,2024,7,0,211,31,3,0,0,0,0.6019,5213.0,5504.0,266.0,5643.0,1,0,1,0
2024-07-30,Tuesday,7223,480,1725.0,1196.0,901.0,4302.0,2921,181571,127898,76799,24,No,2024,7,1,212,31,3,0,1,0,0.2434,5152.0,4907.0,7223.0,4777.0,2,0,1,0
2024-07-31,Wednesday,2921,593,1946.0,1378.0,1132.0,5049.0,0,205939,145090,108053,1,Yes,2024,7,2,213,31,3,0,2,1,0.0,5248.0,4709.0,2921.0,4302.0,0,0,1,0
2024-08-01,Thursday,12000,586,1828.0,1270.0,856.0,4540.0,7460,192676,143223,108287,62,No,2024,8,3,214,31,3,0,3,0,0.6217,5191.0,4630.0,0.0,5049.0,1,0,1,0
2024-08-02,Friday,7460,558,1928.0,1389.0,1258.0,5133.0,2327,219691,143290,93529,19,No,2024,8,4,215,31,3,0,4,0,0.1939,5076.0,4907.0,7460.0,4540.0,2,0,1,0
2024-08-03,Saturday,2327,569,1827.0,1607.0,981.0,4984.0,0,217998,160659,108368,1,Yes,2024,8,5,216,31,3,1,5,1,0.0,4918.0,4886.0,2327.0,5133.0,0,0,1,0
2024-08-04,Sunday,12000,746,1987.0,1494.0,1237.0,5464.0,6536,236786,174287,127046,54,No,2024,8,6,217,31,3,1,6,0,0.5447,4893.0,5194.0,0.0,4984.0,1,0,1,0
2024-08-05,Monday,6536,452,1404.0,1306.0,843.0,4005.0,2531,181358,139114,82528,21,No,2024,8,0,218,32,3,0,0,0,0.2109,4782.0,4818.0,6536.0,5464.0,2,0,1,0
2024-08-06,Tuesday,2531,445,1558.0,1209.0,1018.0,4230.0,0,180766,124396,108128,1,Yes,2024,8,1,219,32,3,0,1,1,0.0,4772.0,4566.0,2531.0,4005.0,0,0,1,0
2024-08-07,Wednesday,12000,592,1730.0,1305.0,702.0,4329.0,7671,179694,139698,108098,63,No,2024,8,2,220,32,3,0,2,0,0.6392,4669.0,4188.0,0.0,4230.0,1,0,1,0
2024-08-08,Thursday,7671,582,1741.0,1392.0,647.0,4362.0,3309,194499,126732,93367,27,No,2024,8,3,221,32,3,0,3,0,0.2758,4644.0,4307.0,7671.0,4329.0,2,0,1,0
2024-08-09,Friday,3309,748,2166.0,1670.0,766.0,5350.0,0,218954,173843,105951,1,Yes,2024,8,4,222,32,3,0,4,1,0.0,4675.0,4680.0,3309.0,4362.0,0,0,1,0
2024-08-10,Saturday,12000,618,2239.0,1739.0,1284.0,5880.0,6120,267491,200928,136449,51,No,2024,8,5,223,32,3,1,5,0,0.51,4803.0,5197.0,0.0,5350.0,1,0,1,0
2024-08-11,Sunday,6120,735,2188.0,1864.0,1039.0,5826.0,294,238437,174452,131890,2,Yes,2024,8,6,224,32,3,1,6,1,0.0245,4855.0,5685.0,6120.0,5880.0,0,0,1,0
2024-08-12,Monday,12000,534,1588.0,1342.0,679.0,4143.0,7857,191893,126514,80933,65,No,2024,8,0,225,33,3,0,0,0,0.6548,4874.0,5283.0,294.0,5826.0,1,0,1,0
2024-08-13,Tuesday,7857,533,1635.0,1431.0,749.0,4348.0,3509,176554,117738,99125,29,No,2024,8,1,226,33,3,0,1,0,0.2924,4891.0,4772.0,7857.0,4143.0,2,0,1,0
2024-08-14,Wednesday,3509,590,1711.0,1335.0,1126.0,4762.0,0,193810,158339,99121,1,Yes,2024,8,2,227,33,3,0,2,1,0.0,4953.0,4418.0,3509.0,4348.0,0,0,1,0
2024-08-15,Thursday,12000,594,1805.0,1470.0,647.0,4516.0,7484,185057,153190,88941,62,No,2024,8,3,228,33,3,0,3,0,0.6237,4975.0,4542.0,0.0,4762.0,1,0,1,0
2024-08-16,Friday,7484,729,2198.0,1619.0,937.0,5483.0,2001,223409,171966,114317,16,No,2024,8,4,229,33,3,0,4,0,0.1668,4994.0,4920.0,7484.0,4516.0,2,0,1,0
2024-08-17,Saturday,2001,672,2531.0,1741.0,1276.0,6220.0,0,290105,203050,144104,1,Yes,2024,8,5,230,33,3,1,5,1,0.0,5043.0,5406.0,2001.0,5483.0,0,0,1,0
2024-08-18,Sunday,12000,684,2389.0,1701.0,1072.0,5846.0,6154,244043,181887,115349,51,No,2024,8,6,231,33,3,1,6,0,0.5128,5045.0,5850.0,0.0,6220.0,1,0,1,0
2024-08-19,Monday,6154,583,1835.0,1392.0,812.0,4622.0,1532,201698,150780,100286,12,Yes,2024,8,0,232,34,3,0,0,1,0.1277,5114.0,5563.0,6154.0,5846.0,0,0,1,0
2024-08-20,Tuesday,12000,507,1866.0,1376.0,897.0,4646.0,7354,207487,143767,107701,61,No,2024,8,1,233,34,3,0,1,0,0.6128,5156.0,5038.0,1532.0,4622.0,1,0,1,0
2024-08-21,Wednesday,7354,518,1838.0,1416.0,717.0,4489.0,2865,179156,140312,101568,23,No,2024,8,2,234,34,3,0,2,0,0.2388,5117.0,4586.0,7354.0,4646.0,2,0,1,0
2024-08-22,Thursday,2865,646,1880.0,1490.0,1071.0,5087.0,0,232258,160122,99759,1,Yes,2024,8,3,235,34,3,0,3,1,0.0,5199.0,4741.0,2865.0,4489.0,0,0,1,0
2024-08-23,Friday,12000,553,1938.0,1623.0,1233.0,5347.0,6653,224599,193408,118180,55,No,2024,8,4,236,34,3,0,4,0,0.5544,5180.0,4974.0,0.0,5087.0,1,0,1,0
2024-08-24,Saturday,6653,742,2406.0,2058.0,1359.0,6565.0,88,283390,185975,159735,1,Yes,2024,8,5,237,34,3,1,5,1,0.0073,5229.0,5666.0,6653.0,5347.0,0,0,1,0
2024-08-25,Sunday,12000,568,2190.0,1797.0,1066.0,5621.0,6379,231272,195634,104915,53,No,2024,8,6,238,34,3,1,6,0,0.5316,5197.0,5844.0,88.0,6565.0,1,0,1,0
2024-08-26,Monday,6379,534,1729.0,1326.0,693.0,4282.0,2097,179706,126697,98005,17,No,2024,8,0,239,35,3,0,0,0,0.1748,5148.0,5489.0,6379.0,5621.0,2,0,1,0
2024-08-27,Tuesday,2097,642,1765.0,1497.0,731.0,4635.0,0,179686,138247,107782,1,Yes,2024,8,1,240,35,3,0,1,1,0.0,5147.0,4846.0,2097.0,4282.0,0,0,1,0
2024-08-28,Wednesday,12000,432,1759.0,1402.0,705.0,4298.0,7702,177507,132510,81993,64,No,2024,8,2,241,35,3,0,2,0,0.6418,5119.0,4405.0,0.0,4635.0,1,0,1,0
2024-08-29,Thursday,7702,602,1680.0,1318.0,898.0,4498.0,3204,188095,126782,93271,26,No,2024,8,3,242,35,3,0,3,0,0.267,5035.0,4477.0,7702.0,4298.0,2,0,1,0
2024-08-30,Friday,3204,627,2250.0,1706.0,1274.0,5857.0,0,260521,192139,120386,1,Yes,2024,8,4,243,35,3,0,4,1,0.0,5108.0,4884.0,3204.0,4498.0,0,0,1,0
2024-08-31,Saturday,12000,806,2405.0,2008.0,1078.0,6297.0,5703,286840,204607,152276,47,No,2024,8,5,244,35,3,1,5,0,0.4752,5070.0,5551.0,0.0,5857.0,1,0,1,0
2024-09-01,Sunday,5703,739,2269.0,1756.0,1456.0,6220.0,0,255796,189655,152198,1,Yes,2024,9,6,245,35,3,1,6,1,0.0,5155.0,6125.0,5703.0,6297.0,0,0,0,0
2024-09-02,Monday,12000,515,1790.0,1578.0,924.0,4807.0,7193,220296,150687,90932,59,No,2024,9,0,246,36,3,0,0,0,0.5994,5230.0,5775.0,0.0,6220.0,1,0,0,0
2024-09-03,Tuesday,7193,555,2002.0,1447.0,1328.0,5332.0,1861,234549,164198,103547,15,Yes,2024,9,1,247,36,3,0,1,1,0.1551,5330.0,5453.0,7193.0,4807.0,0,0,0,0
2024-09-04,Wednesday,12000,672,1847.0,1589.0,916.0,5024.0,6976,202285,162872,118758,58,No,2024,9,2,248,36,3,0,2,0,0.5813,5434.0,5054.0,1861.0,5332.0,1,0,0,0
2024-09-05,Thursday,6976,668,1924.0,1610.0,1083.0,5285.0,1691,224639,150178,105471,14,Yes,2024,9,3,249,36,3,0,3,1,0.1409,5546.0,5214.0,6976.0,5024.0,0,0,0,0
2024-09-06,Friday,12000,646,2017.0,1730.0,1252.0,5645.0,6355,226009,191145,105690,52,No,2024,9,4,250,36,3,0,4,0,0.5296,5516.0,5318.0,1691.0,5285.0,1,0,0,0
2024-09-07,Saturday,6355,944,2860.12,1978.0,1280.0,7102.0,0,279786,237324,130639,1,Yes,2024,9,5,251,36,3,1,5,1,0.0,5631.0,6011.0,6355.0,5645.0,0,0,0,0
2024-09-08,Sunday,12000,743,2254.0,1889.0,1251.0,6137.0,5863,248050,199716,137543,48,No,2024,9,6,252,36,3,1,6,0,0.4886,5619.0,6295.0,0.0,7102.0,1,0,0,0
2024-09-09,Monday,5863,742,2106.0,1523.0,1152.0,5523.0,340,259434,157136,107532,2,Yes,2024,9,0,253,37,3,0,0,1,0.0283,5721.0,6254.0,5863.0,6137.0,0,0,0,0
2024-09-10,Tuesday,12000,674,2048.0,1680.0,731.0,5133.0,6867,219474,179515,115249,57,No,2024,9,1,254,37,3,0,1,0,0.5722,5693.0,5598.0,340.0,5523.0,1,0,0,0
2024-09-11,Wednesday,6867,550,1823.0,1614.0,1017.0,5004.0,1863,233349,151877,103420,15,Yes,2024,9,2,255,37,3,0,2,1,0.1552,5690.0,5220.0,6867.0,5133.0,0,0,0,0
2024-09-12,Thursday,12000,567,1950.0,1665.0,1198.0,5380.0,6620,244796,174013,113770,55,No,2024,9,3,256,37,3,0,3,0,0.5517,5703.0,5172.0,1863.0,5004.0,1,0,0,0
2024-09-13,Friday,6620,801,2233.0,1774.0,1087.0,5895.0,725,244774,182731,108212,6,Yes,2024,9,4,257,37,3,0,4,1,0.0604,5739.0,5426.0,6620.0,5380.0,0,0,0,0
2024-09-14,Saturday,12000,726,2429.0,1932.0,1569.0,6656.0,5344,295744,181175,120332,44,No,2024,9,5,258,37,3,1,5,0,0.4453,5675.0,5977.0,725.0,5895.0,1,0,0,0
2024-09-15,Sunday,5344,812,2223.0,1823.0,1417.0,6275.0,0,298335,182460,160865,1,Yes,2024,9,6,259,37,3,1,6,1,0.0,5695.0,6275.0,5344.0,6656.0,0,0,0,0
2024-09-16,Monday,12000,553,1697.0,1430.0,1116.0,4796.0,7204,206205,149173,91709,60,No,2024,9,0,260,38,3,0,0,0,0.6003,5591.0,5909.0,0.0,6275.0,1,0,0,0
2024-09-17,Tuesday,7204,700,2063.0,1743.0,796.0,5302.0,1902,232700,169923,125627,15,Yes,2024,9,1,261,38,3,0,1,1,0.1585,5615.0,5458.0,7204.0,4796.0,0,0,0,0
2024-09-18,Wednesday,12000,652,2017.0,1368.0,898.0,4935.0,7065,200697,178611,114339,58,No,2024,9,2,262,38,3,0,2,0,0.5888,5606.0,5011.0,1902.0,5302.0,1,0,0,0
2024-09-19,Thursday,7065,730,2076.0,1735.0,816.0,5357.0,1708,237111,161921,114227,14,Yes,2024,9,3,263,38,3,0,3,1,0.1423,5602.0,5198.0,7065.0,4935.0,0,0,0,0
2024-09-20,Friday,12000,697,2131.0,1886.0,1159.0,5873.0,6127,247785,195516,105947,51,No,2024,9,4,264,38,3,0,4,0,0.5106,5599.0,5388.0,1708.0,5357.0,1,0,0,0
2024-09-21,Saturday,6127,701,2280.0,1934.0,1318.0,6233.0,0,269556,202762,135693,1,Yes,2024,9,5,265,38,3,1,5,1,0.0,5539.0,5821.0,6127.0,5873.0,0,0,0,0
2024-09-22,Sunday,12000,808,2249.0,1780.0,1373.0,6210.0,5790,252225,195128,131693,48,No,2024,9,6,266,38,3,1,6,0,0.4825,5529.0,6105.0,0.0,6233.0,1,0,0,0
2024-09-23,Monday,5790,655,2004.0,1629.0,700.0,4988.0,802,209659,180522,112415,6,Yes,2024,9,0,267,39,3,0,0,1,0.0668,5557.0,5810.0,5790.0,6210.0,0,0,0,0
2024-09-24,Tuesday,12000,547,2006.0,1705.0,997.0,5255.0,6745,214209,163246,119017,56,No,2024,9,1,268,39,3,0,1,0,0.5621,5550.0,5484.0,802.0,4988.0,1,0,0,0
2024-09-25,Wednesday,6745,632,2229.0,1593.0,1083.0,5537.0,1208,220108,166133,114397,10,Yes,2024,9,2,269,39,3,0,2,1,0.1007,5636.0,5260.0,6745.0,5255.0,0,0,0,0
2024-09-26,Thursday,12000,620,2062.0,1712.0,1351.0,5745.0,6255,267339,196289,119527,52,No,2024,9,3,270,39,3,0,3,0,0.5212,5692.0,5512.0,1208.0,5537.0,1,0,0,0
2024-09-27,Friday,6255,631,2316.0,1823.0,1247.0,6017.0,238,277069,197886,142109,1,Yes,2024,9,4,271,39,3,0,4,1,0.0198,5712.0,5766.0,6255.0,5745.0,0,0,0,0
2024-09-28,Saturday,12000,944,2661.0,2279.8399999999992,1242.0,7136.0,4864,328793,217497,151309,40,No,2024,9,5,272,39,3,1,5,0,0.4053,5841.0,6299.0,238.0,6017.0,1,0,0,0
2024-09-29,Sunday,4864,930,2715.0,2020.0,1171.0,6836.0,0,312280,197054,160474,1,Yes,2024,9,6,273,39,3,1,6,1,0.0,5931.0,6663.0,4864.0,7136.0,0,0,0,0
2024-09-30,Monday,12000,573,1825.0,1607.0,992.0,4997.0,7003,210784,149679,123747,58,No,2024,9,0,274,40,3,0,0,0,0.5836,5932.0,6323.0,0.0,6836.0,1,0,0,0
2024-10-01,Tuesday,7003,735,2439.0,2043.0,1319.0,6536.0,467,274610,210453,137694,3,Yes,2024,10,1,275,40,4,0,1,1,0.0389,6115.0,6123.0,7003.0,4997.0,0,1,0,0
2024-10-02,Wednesday,12000,684,2239.0,1874.0,1134.0,5931.0,6069,262636,183254,130250,50,No,2024,10,2,276,40,4,0,2,0,0.5058,6171.0,5821.0,467.0,6536.0,1,1,0,0
2024-10-03,Thursday,6069,703,2422.0,2074.0,1117.0,6316.0,0,286566,205772,126142,1,Yes,2024,10,3,277,40,4,0,3,1,0.0,6253.0,6261.0,6069.0,5931.0,0,1,0,0
2024-10-04,Friday,12000,727,2507.0,2041.0,1484.0,6759.0,5241,271639,195973,120875,43,No,2024,10,4,278,40,4,0,4,0,0.4368,6359.0,6335.0,0.0,6316.0,1,1,0,0
2024-10-05,Saturday,5241,884,2860.12,2175.0,1413.0,7500.0,0,330272,262932,142674,1,Yes,2024,10,5,279,40,4,1,5,1,0.0,6411.0,6858.0,5241.0,6759.0,0,1,0,0
2024-10-06,Sunday,12000,804,2860.12,2279.8399999999992,1243.0,7500.0,4500,313973,242010,151382,37,No,2024,10,6,280,40,4,1,6,0,0.375,6506.0,7253.0,0.0,7500.0,1,1,0,0
2024-10-07,Monday,4500,744,2164.0,1833.0,1045.0,5786.0,0,264404,159295,144680,1,Yes,2024,10,0,281,41,4,0,0,1,0.0,6618.0,6929.0,4500.0,7500.0,0,1,0,0
2024-10-08,Tuesday,12000,713,2144.0,1621.0,1427.0,5905.0,6095,245331,211274,142706,50,No,2024,10,1,282,41,4,0,1,0,0.5079,6528.0,6397.0,0.0,5786.0,1,1,0,0
2024-10-09,Wednesday,6095,720,2219.0,1652.0,1486.0,6077.0,18,258334,191364,132812,1,Yes,2024,10,2,283,41,4,0,2,1,0.0015,6549.0,5923.0,6095.0,5905.0,0,1,0,0
2024-10-10,Thursday,12000,833,2503.0,1708.0,1223.0,6267.0,5733,271481,209502,158255,47,No,2024,10,3,284,41,4,0,3,0,0.4778,6542.0,6083.0,18.0,6077.0,1,1,0,0
2024-10-11,Friday,5733,826,2780.0,2146.0,1325.0,7077.0,0,300275,227603,157680,1,Yes,2024,10,4,285,41,4,0,4,1,0.0,6587.0,6474.0,5733.0,6267.0,0,1,0,0
2024-10-12,Saturday,12000,818,2860.12,2188.0,1476.0,7500.0,4500,330534,258458,185300,37,No,2024,10,5,286,41,4,1,5,0,0.375,6587.0,6948.0,0.0,7077.0,1,1,0,0
2024-10-13,Sunday,4500,796,2860.12,2046.0,1649.0,7500.0,0,336548,243239,136131,1,Yes,2024,10,6,287,41,4,1,6,1,0.0,6587.0,7359.0,4500.0,7500.0,0,1,0,0
2024-10-14,Monday,12000,668,2195.0,1900.0,1040.0,5803.0,6197,226276,170621,120033,51,No,2024,10,0,288,42,4,0,0,0,0.5164,6590.0,6934.0,0.0,7500.0,1,1,0,0
2024-10-15,Tuesday,6197,797,2327.0,1911.0,1109.0,6144.0,53,266301,190360,120200,1,Yes,2024,10,1,289,42,4,0,1,1,0.0044,6624.0,6482.0,6197.0,5803.0,0,1,0,0
2024-10-16,Wednesday,12000,619,2160.0,1619.0,1448.0,5846.0,6154,261580,163933,140251,51,No,2024,10,2,290,42,4,0,2,0,0.5128,6591.0,5931.0,53.0,6144.0,1,1,0,0
2024-10-17,Thursday,6154,944,2758.0,2145.0,1173.0,7043.0,0,309108,205182,145548,1,Yes,2024,10,3,291,42,4,0,3,1,0.0,6702.0,6344.0,6154.0,5846.0,0,1,0,0
2024-10-18,Friday,12000,811,2776.0,2155.0,1325.0,7067.0,4933,297461,249565,152340,41,No,2024,10,4,292,42,4,0,4,0,0.4111,6700.0,6652.0,0.0,7043.0,1,1,0,0
2024-10-19,Saturday,4933,841,2839.0,2025.0,1649.0,7500.0,0,303656,245043,149554,1,Yes,2024,10,5,293,42,4,1,5,1,0.0,6700.0,7203.0,4933.0,7067.0,0,1,0,0
2024-10-20,Sunday,12000,852,2648.0,2225.0,1623.0,7348.0,4652,301837,234732,158683,38,No,2024,10,6,294,42,4,1,6,0,0.3877,6679.0,7305.0,0.0,7500.0,1,1,0,0
2024-10-21,Monday,4652,611,2326.0,1883.0,935.0,5755.0,0,250385,197965,125645,1,Yes,2024,10,0,295,43,4,0,0,1,0.0,6672.0,6868.0,4652.0,7348.0,0,1,0,0
2024-10-22,Tuesday,12000,876,2530.0,2080.0,1093.0,6579.0,5421,288271,223016,165887,45,No,2024,10,1,296,43,4,0,1,0,0.4518,6734.0,6561.0,0.0,5755.0,1,1,0,0
2024-10-23,Wednesday,5421,671,2206.0,1810.0,1566.0,6253.0,0,256203,210106,146159,1,Yes,2024,10,2,297,43,4,0,2,1,0.0,6792.0,6196.0,5421.0,6579.0,0,1,0,0
2024-10-24,Thursday,12000,753,2094.0,1644.0,1362.0,5853.0,6147,235641,179903,113364,51,No,2024,10,3,298,43,4,0,3,0,0.5122,6622.0,6228.0,0.0,6253.0,1,1,0,0
2024-10-25,Friday,6147,700,2537.0,1846.0,1278.0,6361.0,0,270808,183832,143369,1,Yes,2024,10,4,299,43,4,0,4,1,0.0,6521.0,6156.0,6147.0,5853.0,0,1,0,0
2024-10-26,Saturday,12000,881,2780.0,2279.8399999999992,1412.0,7449.0,4551,308382,215437,179239,37,No,2024,10,5,300,43,4,1,5,0,0.3792,6514.0,6554.0,0.0,6361.0,1,1,0,0
2024-10-27,Sunday,4551,836,2812.0,2243.0,1609.0,7500.0,0,330045,256661,160340,1,Yes,2024,10,6,301,43,4,1,6,1,0.0,6536.0,7103.0,4551.0,7449.0,0,1,0,0
2024-10-28,Monday,12000,785,2304.0,1709.0,831.0,5629.0,6371,251948,155581,123592,53,No,2024,10,0,302,44,4,0,0,0,0.5309,6518.0,6859.0,0.0,7500.0,1,1,0,0
2024-10-29,Tuesday,6371,607,2231.0,1538.0,1311.0,5687.0,684,258037,163554,104749,5,Yes,2024,10,1,303,44,4,0,1,1,0.057,6390.0,6272.0,6371.0,5629.0,0,1,0,0
2024-10-30,Wednesday,12000,709,2327.0,1761.0,1020.0,5817.0,6183,245480,182756,107825,51,No,2024,10,2,304,44,4,0,2,0,0.5152,6328.0,5711.0,684.0,5687.0,1,1,0,0
2024-10-31,Thursday,6183,775,2365.0,1929.0,1040.0,6109.0,74,243678,213615,133119,1,Yes,2024,10,3,305,44,4,0,3,1,0.0062,6365.0,5871.0,6183.0,5817.0,0,1,0,0
2024-11-01,Friday,12000,761,2687.0,2068.0,1082.0,6598.0,5402,277328,220440,128951,45,No,2024,11,4,306,44,4,0,4,0,0.4502,6398.0,6175.0,74.0,6109.0,1,1,0,0
2024-11-02,Saturday,5402,769,2860.12,2172.0,1584.0,7500.0,0,306380,216855,144760,1,Yes,2024,11,5,307,44,4,1,5,1,0.0,6406.0,6736.0,5402.0,6598.0,0,1,0,0
2024-11-03,Sunday,12000,812,2629.0,2279.8399999999992,1649.0,7500.0,4500,329266,229618,151306,37,No,2024,11,6,308,44,4,1,6,0,0.375,6406.0,7199.0,0.0,7500.0,1,1,0,0
2024-11-04,Monday,4500,653,2554.0,1985.0,1151.0,6343.0,0,282348,173447,126063,1,Yes,2024,11,0,309,45,4,0,0,1,0.0,6508.0,7114.0,4500.0,7500.0,0,1,0,0
2024-11-05,Tuesday,12000,748,2280.0,1703.0,1166.0,5897.0,6103,277136,205019,148023,50,No,2024,11,1,310,45,4,0,1,0,0.5086,6538.0,6580.0,0.0,6343.0,1,1,0,0
2024-11-06,Wednesday,6103,712,2094.0,1685.0,1332.0,5823.0,280,241030,174047,128787,2,Yes,2024,11,2,311,45,4,0,2,1,0.0233,6539.0,6021.0,6103.0,5897.0,0,1,0,0
2024-11-07,Thursday,12000,685,2357.0,1816.0,1424.0,6282.0,5718,253999,188889,133227,47,No,2024,11,3,312,45,4,0,3,0,0.4765,6563.0,6001.0,280.0,5823.0,1,1,0,0
2024-11-08,Friday,5718,924,2611.0,2009.0,1368.0,6912.0,0,284892,205941,140091,1,Yes,2024,11,4,313,45,4,0,4,1,0.0,6608.0,6339.0,5718.0,6282.0,0,1,0,0
2024-11-09,Saturday,12000,760,2860.12,2275.0,1546.0,7500.0,4500,318850,209446,144702,37,No,2024,11,5,314,45,4,1,5,0,0.375,6608.0,6898.0,0.0,6912.0,1,1,0,0
2024-11-10,Sunday,4500,902,2682.0,2279.8399999999992,1429.0,7375.0,0,328062,245958,145071,1,Yes,2024,11,6,315,45,4,1,6,1,0.0,6590.0,7262.0,4500.0,7500.0,0,1,0,0
2024-11-11,Monday,12000,675,2520.0,2003.0,1139.0,6337.0,5663,253128,203564,118857,47,No,2024,11,0,316,46,4,0,0,0,0.4719,6589.0,7071.0,0.0,7375.0,1,1,0,0
2024-11-12,Tuesday,5663,785,2442.0,1843.0,1362.0,6432.0,0,283086,199154,142527,1,Yes,2024,11,1,317,46,4,0,1,1,0.0,6666.0,6715.0,5663.0,6337.0,0,1,0,0
2024-11-13,Wednesday,12000,800,2252.0,1824.0,1122.0,5998.0,6002,272259,213732,124057,50,No,2024,11,2,318,46,4,0,2,0,0.5002,6691.0,6256.0,0.0,6432.0,1,1,0,0
2024-11-14,Thursday,6002,876,2420.0,1832.0,1196.0,6324.0,0,273608,177602,157471,1,Yes,2024,11,3,319,46,4,0,3,1,0.0,6697.0,6251.0,6002.0,5998.0,0,1,0,0
2024-11-15,Friday,12000,919,2508.0,2279.8399999999992,1245.0,6970.0,5030,293988,238389,158431,41,No,2024,11,4,320,46,4,0,4,0,0.4192,6705.0,6431.0,0.0,6324.0,1,1,0,0
2024-11-16,Saturday,5030,874,2671.0,2279.8399999999992,1619.0,7500.0,0,317991,253125,151756,1,Yes,2024,11,5,321,46,4,1,5,1,0.0,6705.0,6931.0,5030.0,6970.0,0,1,0,0
2024-11-17,Sunday,12000,771,2669.0,2120.0,1649.0,7450.0,4550,326214,212518,181905,37,No,2024,11,6,322,46,4,1,6,0,0.3792,6716.0,7307.0,0.0,7500.0,1,1,0,0
2024-11-18,Monday,4550,700,2294.0,1745.0,1121.0,5860.0,0,241062,187016,140343,1,Yes,2024,11,0,323,47,4,0,0,1,0.0,6648.0,6937.0,4550.0,7450.0,0,1,0,0
2024-11-19,Tuesday,12000,743,2400.0,1879.0,857.0,5879.0,6121,250187,157258,122950,51,No,2024,11,1,324,47,4,0,1,0,0.5101,6569.0,6396.0,0.0,5860.0,1,1,0,0
2024-11-20,Wednesday,6121,726,2210.0,1649.0,1441.0,6026.0,95,257059,193350,131649,1,Yes,2024,11,2,325,47,4,0,2,1,0.0079,6573.0,5922.0,6121.0,5879.0,0,1,0,0
2024-11-21,Thursday,12000,853,2237.0,1781.0,1458.0,6329.0,5671,294712,219540,137052,47,No,2024,11,3,326,47,4,0,3,0,0.4726,6573.0,6078.0,95.0,6026.0,1,1,0,0
2024-11-22,Friday,5671,853,2330.0,1841.0,1408.0,6432.0,0,306883,214402,156784,1,Yes,2024,11,4,327,47,4,0,4,1,0.0,6497.0,6262.0,5671.0,6329.0,0,1,0,0
2024-11-23,Saturday,12000,763,2592.0,2002.0,1649.0,7315.0,4685,310398,246386,144769,39,No,2024,11,5,328,47,4,1,5,0,0.3904,6470.0,6692.0,0.0,6432.0,1,1,0,0
2024-11-24,Sunday,4685,910,2860.12,2279.8399999999992,1297.0,7500.0,0,328040,272001,143037,1,Yes,2024,11,6,329,47,4,1,6,1,0.0,6477.0,7082.0,4685.0,7315.0,0,1,0,0
2024-11-25,Monday,12000,780,2104.0,1578.0,1260.0,5722.0,6278,253655,161842,100577,52,No,2024,11,0,330,48,4,0,0,0,0.5232,6458.0,6846.0,0.0,7500.0,1,1,0,0
2024-11-26,Tuesday,6278,622,2213.0,1857.0,1188.0,5880.0,398,271388,191213,125867,3,Yes,2024,11,1,331,48,4,0,1,1,0.0332,6458.0,6367.0,6278.0,5722.0,0,1,0,0
2024-11-27,Wednesday,12000,778,2567.0,2007.0,940.0,6292.0,5708,274871,215700,151453,47,No,2024,11,2,332,48,4,0,2,0,0.4757,6496.0,5965.0,398.0,5880.0,1,1,0,0
2024-11-28,Thursday,5708,652,2349.0,1596.0,1191.0,5788.0,0,250809,171429,131929,1,Yes,2024,11,3,333,48,4,0,3,1,0.0,6418.0,5987.0,5708.0,6292.0,0,1,0,0
2024-11-29,Friday,12000,918,2619.0,2065.0,1313.0,6915.0,5085,316664,196181,133874,42,No,2024,11,4,334,48,4,0,4,0,0.4238,6487.0,6332.0,0.0,5788.0,1,1,0,0
2024-11-30,Saturday,5085,944,2743.0,2109.0,1624.0,7500.0,0,322409,257083,165328,1,Yes,2024,11,5,335,48,4,1,5,1,0.0,6514.0,6734.0,5085.0,6915.0,0,1,0,0
2024-12-01,Sunday,12000,832,2483.0,1761.0,1178.0,6254.0,5746,261378,202496,133081,47,No,2024,12,6,336,48,4,1,6,0,0.4788,6336.0,6890.0,0.0,7500.0,1,0,0,0
2024-12-02,Monday,5746,604,1673.0,1237.0,985.0,4499.0,1247,199690,133662,88111,10,Yes,2024,12,0,337,49,4,0,0,1,0.1039,6161.0,6084.0,5746.0,6254.0,0,0,0,0
2024-12-03,Tuesday,12000,723,1947.0,1690.0,1071.0,5431.0,6569,248047,158143,116903,54,No,2024,12,1,338,49,4,0,1,0,0.5474,6097.0,5395.0,1247.0,4499.0,1,0,0,0
2024-12-04,Wednesday,6569,583,2073.0,1616.0,1386.0,5658.0,911,245150,178424,118529,7,Yes,2024,12,2,339,49,4,0,2,1,0.0759,6006.0,5196.0,6569.0,5431.0,0,0,0,0
2024-12-05,Thursday,12000,559,1964.0,1469.0,1064.0,5056.0,6944,211734,143680,106836,57,No,2024,12,3,340,49,4,0,3,0,0.5787,5902.0,5382.0,911.0,5658.0,1,0,0,0
2024-12-06,Friday,6944,646,2398.0,1713.0,1162.0,5919.0,1025,246770,204339,123475,8,Yes,2024,12,4,341,49,4,0,4,1,0.0854,5760.0,5544.0,6944.0,5056.0,0,0,0,0
2024-12-07,Saturday,12000,856,2758.0,2279.8399999999992,1330.0,7273.0,4727,302154,234984,167934,39,No,2024,12,5,342,49,4,1,5,0,0.3939,5727.0,6083.0,1025.0,5919.0,1,0,0,0
2024-12-08,Sunday,4727,680,2323.0,1817.0,1649.0,6469.0,0,252330,186838,116581,1,Yes,2024,12,6,343,49,4,1,6,1,0.0,5758.0,6554.0,4727.0,7273.0,0,0,0,0
2024-12-09,Monday,12000,567,1770.0,1482.0,922.0,4741.0,7259,207039,143777,87978,60,No,2024,12,0,344,50,4,0,0,0,0.6049,5792.0,6161.0,0.0,6469.0,1,0,0,0
2024-12-10,Tuesday,7259,613,1837.0,1548.0,1036.0,5034.0,2225,214487,157915,104572,18,No,2024,12,1,345,50,4,0,1,0,0.1854,5736.0,5415.0,7259.0,4741.0,2,0,0,0
2024-12-11,Wednesday,2225,643,1839.0,1563.0,1068.0,5113.0,0,218453,148558,112507,1,Yes,2024,12,2,346,50,4,0,2,1,0.0,5658.0,4963.0,2225.0,5034.0,0,0,0,0
2024-12-12,Thursday,12000,589,2258.0,1629.0,1392.0,5868.0,6132,245612,195997,144285,51,No,2024,12,3,347,50,4,0,3,0,0.511,5774.0,5338.0,0.0,5113.0,1,0,0,0
2024-12-13,Friday,6132,832,2517.0,1855.0,1102.0,6306.0,0,257938,173426,154023,1,Yes,2024,12,4,348,50,4,0,4,1,0.0,5829.0,5762.0,6132.0,5868.0,0,0,0,0
2024-12-14,Saturday,12000,944,2817.0,2148.0,1326.0,7308.0,4692,332948,234233,150155,39,No,2024,12,5,349,50,4,1,5,0,0.391,5834.0,6494.0,0.0,6306.0,1,0,0,0
2024-12-15,Sunday,4692,811,2441.0,1777.0,1185.0,6214.0,0,292585,210476,123065,1,Yes,2024,12,6,350,50,4,1,6,1,0.0,5798.0,6609.0,4692.0,7308.0,0,0,0,0
2024-12-16,Monday,12000,647,1866.0,1547.0,1207.0,5267.0,6733,237298,161475,107095,56,No,2024,12,0,351,51,4,0,0,0,0.5611,5873.0,6263.0,0.0,6214.0,1,0,0,0
2024-12-17,Tuesday,6733,827,2087.0,1931.0,1097.0,5942.0,791,233267,163901,123429,6,Yes,2024,12,1,352,51,4,0,1,1,0.0659,6003.0,5808.0,6733.0,5267.0,0,0,0,0
2024-12-18,Wednesday,12000,581,1976.0,1704.0,1078.0,5339.0,6661,213400,187094,116131,55,No,2024,12,2,353,51,4,0,2,0,0.5551,6035.0,5516.0,791.0,5942.0,1,0,0,0
2024-12-19,Thursday,6661,566,1966.0,1763.0,1074.0,5369.0,1292,216464,191715,122244,10,Yes,2024,12,3,354,51,4,0,3,1,0.1077,5964.0,5550.0,6661.0,5339.0,0,0,0,0
2024-12-20,Friday,12000,829,2298.0,2017.0,1350.0,6494.0,5506,289865,201123,127281,45,No,2024,12,4,355,51,4,0,4,0,0.4588,5990.0,5734.0,1292.0,5369.0,1,0,0,0
2024-12-21,Saturday,5506,808,2563.0,1904.0,1649.0,6953.0,0,279215,208604,153403,1,Yes,2024,12,5,356,51,4,1,5,1,0.0,5940.0,6272.0,5506.0,6494.0,0,0,0,0
2024-12-22,Sunday,12000,880,2296.0,1842.0,1404.0,6422.0,5578,254227,205123,147171,46,No,2024,12,6,357,51,4,1,6,0,0.4648,5969.0,6623.0,0.0,6953.0,1,0,0,0
2024-12-23,Monday,5578,589,2182.0,1826.0,1001.0,5598.0,0,224513,164847,138160,1,Yes,2024,12,0,358,52,4,0,0,1,0.0,6017.0,6324.0,5578.0,6422.0,0,0,0,0
2024-12-24,Tuesday,12000,592,1920.0,1579.0,1119.0,5210.0,6790,219762,181559,105296,56,No,2024,12,1,359,52,4,0,1,0,0.5658,5912.0,5743.0,0.0,5598.0,1,0,0,0
2024-12-25,Wednesday,6790,736,2056.0,1850.0,1154.0,5796.0,994,233976,169783,108764,8,Yes,2024,12,2,360,52,4,0,2,1,0.0828,5977.0,5535.0,6790.0,5210.0,0,0,0,0
2024-12-26,Thursday,12000,584,1972.0,1633.0,852.0,5041.0,6959,212867,150097,108222,57,No,2024,12,3,361,52,4,0,3,0,0.5799,5931.0,5349.0,994.0,5796.0,1,0,0,0
2024-12-27,Friday,6959,626,2411.0,1863.0,1091.0,5991.0,968,237334,172463,122969,8,Yes,2024,12,4,362,52,4,0,4,1,0.0807,5859.0,5609.0,6959.0,5041.0,0,0,0,0
2024-12-28,Saturday,12000,708,2442.0,1795.0,1624.0,6569.0,5431,268651,190456,158677,45,No,2024,12,5,363,52,4,1,5,0,0.4526,5804.0,5867.0,968.0,5991.0,1,0,0,0
2024-12-29,Sunday,5431,815,2237.0,1635.0,1148.0,5835.0,0,266409,179486,106190,1,Yes,2024,12,6,364,52,4,1,6,1,0.0,5720.0,6132.0,5431.0,6569.0,0,0,0,0
2024-12-30,Monday,12000,707,1958.0,1507.0,882.0,5054.0,6946,213888,152202,89879,57,No,2024,12,0,365,1,4,0,0,0,0.5788,5642.0,5819.0,0.0,5835.0,1,0,0,0
2024-12-31,Tuesday,6946,669,1980.0,1702.0,1031.0,5382.0,1564,236428,152818,113769,13,Yes,2024,12,1,366,1,4,0,1,1,0.1303,5667.0,5424.0,6946.0,5054.0,0,0,0,0
2025-01-01,Wednesday,12000,756,2070.0,1508.0,1185.0,5519.0,6481,244100,170410,117527,54,No,2025,1,2,1,1,1,0,2,0,0.5401,5627.0,5318.0,1564.0,5382.0,1,0,0,0
2025-01-02,Thursday,6481,553,2061.0,1470.0,1283.0,5367.0,1114,217907,166055,107089,9,Yes,2025,1,3,2,1,1,0,3,1,0.0928,5674.0,5423.0,6481.0,5519.0,0,0,0,0
2025-01-03,Friday,12000,837,2271.0,1861.0,1481.0,6450.0,5550,273696,208862,138258,46,No,2025,1,4,3,1,1,0,4,0,0.4625,5739.0,5779.0,1114.0,5367.0,1,0,0,0
2025-01-04,Saturday,5550,814,2701.0,2091.0,1649.0,7260.0,0,307446,223221,158505,1,Yes,2025,1,5,4,1,1,1,5,1,0.0,5838.0,6359.0,5550.0,6450.0,0,0,0,0
2025-01-05,Sunday,12000,595,2188.0,1793.0,1223.0,5799.0,6201,238415,198814,116663,51,No,2025,1,6,5,1,1,1,6,0,0.5168,5833.0,6503.0,0.0,7260.0,1,0,0,0
2025-01-06,Monday,6201,666,1982.0,1627.0,675.0,4950.0,1251,218358,163576,111645,10,Yes,2025,1,0,6,2,1,0,0,1,0.1042,5818.0,6003.0,6201.0,5799.0,0,0,0,0
2025-01-07,Tuesday,12000,647,1790.0,1416.0,823.0,4676.0,7324,213888,154541,86534,61,No,2025,1,1,7,2,1,0,1,0,0.6103,5717.0,5142.0,1251.0,4950.0,1,0,0,0
2025-01-08,Wednesday,7324,570,2108.0,1565.0,904.0,5147.0,2177,242452,141500,115555,18,No,2025,1,2,8,2,1,0,2,0,0.1814,5664.0,4924.0,7324.0,4676.0,2,0,0,0
2025-01-09,Thursday,2177,691,2005.0,1709.0,952.0,5357.0,0,205044,147150,119738,1,Yes,2025,1,3,9,2,1,0,3,1,0.0,5663.0,5060.0,2177.0,5147.0,0,0,0,0
2025-01-10,Friday,12000,864,2272.0,1716.0,1505.0,6357.0,5643,275780,179286,111224,47,No,2025,1,4,10,2,1,0,4,0,0.4702,5649.0,5620.0,0.0,5357.0,1,0,0,0
2025-01-11,Saturday,5643,734,2506.0,1925.0,1060.0,6225.0,0,265209,218706,143965,1,Yes,2025,1,5,11,2,1,1,5,1,0.0,5502.0,5980.0,5643.0,6357.0,0,0,0,0
2025-01-12,Sunday,12000,718,2345.0,1997.0,1400.0,6460.0,5540,288913,190495,142374,46,No,2025,1,6,12,2,1,1,6,0,0.4617,5596.0,6347.0,0.0,6225.0,1,0,0,0
2025-01-13,Monday,5540,605,2118.0,1488.0,1212.0,5423.0,117,223461,173544,123404,1,Yes,2025,1,0,13,3,1,0,0,1,0.0098,5664.0,6036.0,5540.0,6460.0,0,0,0,0
2025-01-14,Tuesday,12000,673,1868.0,1482.0,1186.0,5209.0,6791,235672,155073,108129,56,No,2025,1,1,14,3,1,0,1,0,0.5659,5740.0,5697.0,117.0,5423.0,1,0,0,0
2025-01-15,Wednesday,6791,622,2095.0,1453.0,1200.0,5370.0,1421,235594,150748,109446,11,Yes,2025,1,2,15,3,1,0,2,1,0.1184,5772.0,5334.0,6791.0,5209.0,0,0,0,0
2025-01-16,Thursday,12000,570,1920.0,1412.0,1201.0,5103.0,6897,212389,170866,115288,57,No,2025,1,3,16,3,1,0,3,0,0.5748,5735.0,5227.0,1421.0,5370.0,1,0,0,0
2025-01-17,Friday,6897,716,2494.0,1794.0,1104.0,6108.0,789,248310,180319,113422,6,Yes,2025,1,4,17,3,1,0,4,1,0.0658,5700.0,5527.0,6897.0,5103.0,0,0,0,0
2025-01-18,Saturday,12000,738,2541.0,2165.0,1320.0,6764.0,5236,312431,214675,130886,43,No,2025,1,5,18,3,1,1,5,0,0.4363,5777.0,5992.0,789.0,6108.0,1,0,0,0
2025-01-19,Sunday,5236,766,2416.0,1898.0,1649.0,6736.0,0,292673,188106,137806,1,Yes,2025,1,6,19,3,1,1,6,1,0.0,5816.0,6536.0,5236.0,6764.0,0,0,0,0
2025-01-20,Monday,12000,496,1939.0,1458.0,1010.0,4903.0,7097,232201,173142,117336,59,No,2025,1,0,20,4,1,0,0,0,0.5914,5742.0,6134.0,0.0,6736.0,1,0,0,0
2025-01-21,Tuesday,7097,602,2037.0,1442.0,1204.0,5285.0,1812,222608,175196,136011,15,Yes,2025,1,1,21,4,1,0,1,1,0.151,5753.0,5641.0,7097.0,4903.0,0,0,0,0
2025-01-22,Wednesday,12000,589,1993.0,1497.0,1309.0,5388.0,6612,230875,160139,101842,55,No,2025,1,2,22,4,1,0,2,0,0.551,5755.0,5192.0,1812.0,5285.0,1,0,0,0
2025-01-23,Thursday,6612,745,2217.0,1493.0,1061.0,5516.0,1096,218290,178561,102129,9,Yes,2025,1,3,23,4,1,0,3,1,0.0913,5814.0,5396.0,6612.0,5388.0,0,0,0,0
2025-01-24,Friday,12000,703,2436.0,1903.0,1058.0,6100.0,5900,281382,177372,118105,49,No,2025,1,4,24,4,1,0,4,0,0.4917,5813.0,5668.0,1096.0,5516.0,1,0,0,0
2025-01-25,Saturday,5900,832,2744.0,1894.0,1317.0,6787.0,0,302960,242260,165282,1,Yes,2025,1,5,25,4,1,1,5,1,0.0,5816.0,6134.0,5900.0,6100.0,0,0,0,0
2025-01-26,Sunday,12000,710,2461.0,1919.0,1563.0,6653.0,5347,317144,233038,155144,44,No,2025,1,6,26,4,1,1,6,0,0.4456,5805.0,6513.0,0.0,6787.0,1,0,0,0
2025-01-27,Monday,5347,549,1682.0,1310.0,1072.0,4613.0,734,182529,156325,108775,6,Yes,2025,1,0,27,5,1,0,0,1,0.0612,5763.0,6018.0,5347.0,6653.0,0,0,0,0
2025-01-28,Tuesday,12000,589,2264.0,1863.0,932.0,5648.0,6352,238341,198144,132440,52,No,2025,1,1,28,5,1,0,1,0,0.5293,5815.0,5638.0,734.0,4613.0,1,0,0,0
2025-01-29,Wednesday,6352,562,2002.0,1652.0,933.0,5149.0,1203,216443,144187,120746,10,Yes,2025,1,2,29,5,1,0,2,1,0.1003,5781.0,5137.0,6352.0,5648.0,0,0,0,0
2025-01-30,Thursday,12000,702,1950.0,1650.0,794.0,5096.0,6904,214488,163948,118072,57,No,2025,1,3,30,5,1,0,3,0,0.5753,5721.0,5298.0,1203.0,5149.0,1,0,0,0
2025-01-31,Friday,6904,718,2200.0,1882.0,1271.0,6071.0,833,248050,216039,136987,6,Yes,2025,1,4,31,5,1,0,4,1,0.0694,5717.0,5439.0,6904.0,5096.0,0,0,0,0
2025-02-01,Saturday,12000,944,2593.0,2000.0,1536.0,7073.0,4927,295897,211020,141594,41,No,2025,2,5,32,5,1,1,5,0,0.4106,5758.0,6080.0,833.0,6071.0,1,0,0,0
2025-02-02,Sunday,4927,740,2373.0,1926.0,1228.0,6267.0,0,267490,189731,147305,1,Yes,2025,2,6,33,5,1,1,6,1,0.0,5702.0,6470.0,4927.0,7073.0,0,0,0,0
2025-02-03,Monday,12000,630,1810.0,1555.0,1107.0,5102.0,6898,227732,153450,103784,57,No,2025,2,0,34,6,1,0,0,0,0.5748,5772.0,6147.0,0.0,6267.0,1,0,0,0
2025-02-04,Tuesday,6898,759,2086.0,1710.0,1102.0,5657.0,1241,228686,181221,122552,10,Yes,2025,2,1,35,6,1,0,1,1,0.1034,5774.0,5675.0,6898.0,5102.0,0,0,0,0
2025-02-05,Wednesday,12000,597,2307.0,1552.0,1189.0,5645.0,6355,231198,169406,143942,52,No,2025,2,2,36,6,1,0,2,0,0.5296,5844.0,5468.0,1241.0,5657.0,1,0,0,0
2025-02-06,Thursday,6355,664,2229.0,1478.0,1097.0,5468.0,887,245596,152195,126450,7,Yes,2025,2,3,37,6,1,0,3,1,0.0739,5898.0,5590.0,6355.0,5645.0,0,0,0,0
2025-02-07,Friday,12000,596,2347.0,1560.0,1234.0,5737.0,6263,242668,179096,124638,52,No,2025,2,4,38,6,1,0,4,0,0.5219,5850.0,5617.0,887.0,5468.0,1,0,0,0
2025-02-08,Saturday,6263,931,2577.0,2041.0,1419.0,6968.0,0,276298,227980,138207,1,Yes,2025,2,5,39,6,1,1,5,1,0.0,5835.0,6058.0,6263.0,5737.0,0,0,0,0
2025-02-09,Sunday,12000,676,2252.0,1665.0,1101.0,5694.0,6306,258315,193195,110331,52,No,2025,2,6,40,6,1,1,6,0,0.5255,5753.0,6133.0,0.0,6968.0,1,0,0,0
2025-02-10,Monday,6306,543,1805.0,1394.0,1160.0,4902.0,1404,211330,165062,96995,11,Yes,2025,2,0,41,7,1,0,0,1,0.117,5724.0,5855.0,6306.0,5694.0,0,0,0,0
2025-02-11,Tuesday,12000,512,1891.0,1472.0,977.0,4852.0,7148,223330,151222,110899,59,No,2025,2,1,42,7,1,0,1,0,0.5957,5609.0,5149.0,1404.0,4902.0,1,0,0,0
2025-02-12,Wednesday,7148,591,1839.0,1417.0,1140.0,4987.0,2161,204032,146178,109349,18,No,2025,2,2,43,7,1,0,2,0,0.1801,5515.0,4914.0,7148.0,4852.0,2,0,0,0
2025-02-13,Thursday,2161,617,2107.0,1786.0,1210.0,5720.0,0,223659,194303,129221,1,Yes,2025,2,3,44,7,1,0,3,1,0.0,5551.0,5186.0,2161.0,4987.0,0,0,0,0
2025-02-14,Friday,12000,640,2459.0,1897.0,1118.0,6114.0,5886,265358,180420,124704,49,No,2025,2,4,45,7,1,0,4,0,0.4905,5605.0,5607.0,0.0,5720.0,1,0,0,0
2025-02-15,Saturday,5886,665,2409.0,1908.0,1649.0,6637.0,0,266689,204127,140373,1,Yes,2025,2,5,46,7,1,1,5,1,0.0,5558.0,6157.0,5886.0,6114.0,0,0,0,0
2025-02-16,Sunday,12000,843,2219.0,1654.0,1395.0,6111.0,5889,261633,182704,139496,49,No,2025,2,6,47,7,1,1,6,0,0.4908,5618.0,6287.0,0.0,6637.0,1,0,0,0
2025-02-17,Monday,5889,673,2154.0,1788.0,926.0,5541.0,348,265824,163283,103644,2,Yes,2025,2,0,48,8,1,0,0,1,0.029,5709.0,6096.0,5889.0,6111.0,0,0,0,0
2025-02-18,Tuesday,12000,554,1928.0,1791.0,1165.0,5438.0,6562,241643,154841,119798,54,No,2025,2,1,49,8,1,0,1,0,0.5468,5793.0,5697.0,348.0,5541.0,1,0,0,0
2025-02-19,Wednesday,6562,526,2090.0,1496.0,1036.0,5148.0,1414,217054,151845,96013,11,Yes,2025,2,2,50,8,1,0,2,1,0.1178,5816.0,5376.0,6562.0,5438.0,0,0,0,0
2025-02-20,Thursday,12000,703,2348.0,1903.0,858.0,5812.0,6188,247854,167078,137024,51,No,2025,2,3,51,8,1,0,3,0,0.5157,5829.0,5466.0,1414.0,5148.0,1,0,0,0
2025-02-21,Friday,6188,827,2275.0,1867.0,1284.0,6253.0,0,261144,210428,137825,1,Yes,2025,2,4,52,8,1,0,4,1,0.0,5849.0,5738.0,6188.0,5812.0,0,0,0,0
2025-02-22,Saturday,12000,910,2793.0,2249.0,946.0,6898.0,5102,315018,223552,168212,42,No,2025,2,5,53,8,1,1,5,0,0.4252,5886.0,6321.0,0.0,6253.0,1,0,0,0
2025-02-23,Sunday,5102,795,2375.0,2064.0,1248.0,6482.0,0,287451,188707,137827,1,Yes,2025,2,6,54,8,1,1,6,1,0.0,5939.0,6544.0,5102.0,6898.0,0,0,0,0
2025-02-24,Monday,12000,581,1951.0,1600.0,901.0,5033.0,6967,217985,147531,99106,58,No,2025,2,0,55,9,1,0,0,0,0.5806,5866.0,6138.0,0.0,6482.0,1,0,0,0
2025-02-25,Tuesday,6967,695,2183.0,1730.0,783.0,5391.0,1576,225793,188055,120242,13,Yes,2025,2,1,56,9,1,0,1,1,0.1313,5860.0,5635.0,6967.0,5033.0,0,0,0,0
2025-02-26,Wednesday,12000,678,2147.0,1500.0,996.0,5321.0,6679,218779,164728,119403,55,No,2025,2,2,57,9,1,0,2,0,0.5566,5884.0,5248.0,1576.0,5391.0,1,0,0,0
2025-02-27,Thursday,6679,663,2061.0,1714.0,1270.0,5708.0,971,257430,163540,133674,8,Yes,2025,2,3,58,9,1,0,3,1,0.0809,5869.0,5473.0,6679.0,5321.0,0,0,0,0
2025-02-28,Friday,12000,661,2338.0,1967.0,1384.0,6350.0,5650,246832,193464,113934,47,No,2025,2,4,59,9,1,0,4,0,0.4708,5883.0,5793.0,971.0,5708.0,1,0,0,0
2025-03-01,Saturday,5650,927,2730.0,1966.0,1329.0,6952.0,0,265352,225311,147627,1,Yes,2025,3,5,60,9,1,1,5,1,0.0,5891.0,6337.0,5650.0,6350.0,0,0,0,1
2025-03-02,Sunday,12000,810,2424.0,1923.0,1635.0,6792.0,5208,263693,221286,137350,43,No,2025,3,6,61,9,1,1,6,0,0.434,5935.0,6698.0,0.0,6952.0,1,0,0,1
2025-03-03,Monday,5208,738,2047.0,1815.0,1242.0,5842.0,0,243565,196322,109160,1,Yes,2025,3,0,62,10,1,0,0,1,0.0,6051.0,6529.0,5208.0,6792.0,0,0,0,1
2025-03-04,Tuesday,12000,556,2150.0,1499.0,1290.0,5495.0,6505,243619,173728,119044,54,No,2025,3,1,63,10,1,0,1,0,0.5421,6066.0,6043.0,0.0,5842.0,1,0,0,1
2025-03-05,Wednesday,6505,743,2134.0,1755.0,1198.0,5830.0,675,253691,206925,134357,5,Yes,2025,3,2,64,10,1,0,2,1,0.0562,6138.0,5722.0,6505.0,5495.0,0,0,0,1
2025-03-06,Thursday,12000,862,2238.0,1875.0,1352.0,6327.0,5673,266572,170348,142667,47,No,2025,3,3,65,10,1,0,3,0,0.4728,6227.0,5884.0,675.0,5830.0,1,0,0,1
2025-03-07,Friday,5673,792,2399.0,1769.0,1449.0,6409.0,0,283272,209487,117137,1,Yes,2025,3,4,66,10,1,0,4,1,0.0,6235.0,6189.0,5673.0,6327.0,0,0,0,1
2025-03-08,Saturday,12000,944,2741.0,2279.8399999999992,1393.0,7500.0,4500,290209,232671,160279,37,No,2025,3,5,67,10,1,1,5,0,0.375,6314.0,6745.0,0.0,6409.0,1,0,0,1
2025-03-09,Sunday,4500,747,2836.0,2211.0,1649.0,7449.0,0,340521,210154,168840,1,Yes,2025,3,6,68,10,1,1,6,1,0.0,6407.0,7119.0,4500.0,7500.0,0,0,0,1
2025-03-10,Monday,12000,684,2217.0,1891.0,1114.0,5906.0,6094,257953,177867,132872,50,No,2025,3,0,69,11,1,0,0,0,0.5078,6417.0,6952.0,0.0,7449.0,1,0,0,1
2025-03-11,Tuesday,6094,663,2081.0,1686.0,1291.0,5721.0,373,238706,193163,111173,3,Yes,2025,3,1,70,11,1,0,1,1,0.0311,6449.0,6359.0,6094.0,5906.0,0,0,0,1
2025-03-12,Wednesday,12000,635,2191.0,1661.0,1062.0,5549.0,6451,255246,175454,102321,53,No,2025,3,2,71,11,1,0,2,0,0.5376,6409.0,5725.0,373.0,5721.0,1,0,0,1
2025-03-13,Thursday,6451,600,1981.0,1625.0,1172.0,5378.0,1073,215288,160310,119115,8,Yes,2025,3,3,72,11,1,0,3,1,0.0894,6273.0,5549.0,6451.0,5549.0,0,0,0,1
2025-03-14,Friday,12000,670,2340.0,1876.0,1649.0,6639.0,5361,303816,232242,126229,44,No,2025,3,4,73,11,1,0,4,0,0.4468,6306.0,5855.0,1073.0,5378.0,1,0,0,1
2025-03-15,Saturday,5361,944,2860.12,2279.8399999999992,1078.0,7440.0,0,328541,244918,177243,1,Yes,2025,3,5,74,11,1,1,5,1,0.0,6297.0,6486.0,5361.0,6639.0,0,0,0,1
2025-03-16,Sunday,12000,852,2782.0,2104.0,1418.0,7156.0,4844,312525,201247,146375,40,No,2025,3,6,75,11,1,1,6,0,0.4037,6256.0,7078.0,0.0,7440.0,1,0,0,1
